{"sources":[{"type":"single","resource":"block/black_concrete"},{"type":"single","resource":"block/black_concrete"},{"type":"single","resource":"block/black_wool"},{"type":"single","resource":"block/black_wool"},{"type":"single","resource":"block/black_wool"},{"type":"single","resource":"block/black_wool"},{"type":"single","resource":"block/cobblestone"},{"type":"single","resource":"block/cobblestone"},{"type":"single","resource":"block/dark_oak_planks"},{"type":"single","resource":"block/mossy_cobblestone"},{"type":"single","resource":"block/mossy_cobblestone"},{"type":"single","resource":"block/white_concrete"},{"type":"single","resource":"block/white_concrete"},{"type":"single","resource":"block/white_concrete"},{"type":"single","resource":"block/white_concrete"},{"type":"single","resource":"fec86c61-be98-4f9d-9891-7ddcc39178d5:c9a0d0a5-fe0e-4c6b-bdfa-a002e365dd63"},{"type":"single","resource":"fec86c61-be98-4f9d-9891-7ddcc39178d5:c9a0d0a5-fe0e-4c6b-bdfa-a002e365dd63"},{"type":"single","resource":"fec86c61-be98-4f9d-9891-7ddcc39178d5:627789e5-2649-41eb-b99d-50fc0c372e52"},{"type":"single","resource":"fec86c61-be98-4f9d-9891-7ddcc39178d5:627789e5-2649-41eb-b99d-50fc0c372e52"},{"type":"single","resource":"fec86c61-be98-4f9d-9891-7ddcc39178d5:981176fd-a7dc-46d1-8d03-7bdf05c2c4c4"},{"type":"single","resource":"fec86c61-be98-4f9d-9891-7ddcc39178d5:981176fd-a7dc-46d1-8d03-7bdf05c2c4c4"},{"type":"single","resource":"fec86c61-be98-4f9d-9891-7ddcc39178d5:74feea57-c369-4c36-abda-d01b2496efcc"},{"type":"single","resource":"fec86c61-be98-4f9d-9891-7ddcc39178d5:74feea57-c369-4c36-abda-d01b2496efcc"},{"type":"single","resource":"fec86c61-be98-4f9d-9891-7ddcc39178d5:f4ce0de2-aafe-4b88-8f7c-edfdcffe168e"},{"type":"single","resource":"fec86c61-be98-4f9d-9891-7ddcc39178d5:f4ce0de2-aafe-4b88-8f7c-edfdcffe168e"},{"type":"single","resource":"fec86c61-be98-4f9d-9891-7ddcc39178d5:c3def0bb-a694-4504-b13b-2697f839892f"},{"type":"single","resource":"fec86c61-be98-4f9d-9891-7ddcc39178d5:c3def0bb-a694-4504-b13b-2697f839892f"},{"type":"single","resource":"fec86c61-be98-4f9d-9891-7ddcc39178d5:95839817-96da-4d22-be58-fb4a363e147b"},{"type":"single","resource":"fec86c61-be98-4f9d-9891-7ddcc39178d5:6698aa36-b22b-4064-bcfb-cc20b0e4cd6b"},{"type":"single","resource":"fec86c61-be98-4f9d-9891-7ddcc39178d5:09362949-07d3-4ca7-a53b-a2371e75f33a"},{"type":"single","resource":"fec86c61-be98-4f9d-9891-7ddcc39178d5:02b5dfd7-b0a3-4d9d-90ef-a71ea6798cd6"},{"type":"single","resource":"fec86c61-be98-4f9d-9891-7ddcc39178d5:2fb54c59-9945-44fb-89ee-15c2a55723d7"},{"type":"single","resource":"fec86c61-be98-4f9d-9891-7ddcc39178d5:a89b5f32-253b-4466-8a32-5e139aa4b824"},{"type":"single","resource":"fec86c61-be98-4f9d-9891-7ddcc39178d5:f06ac139-557f-4eb6-84dc-872cfc7df78d"},{"type":"single","resource":"fec86c61-be98-4f9d-9891-7ddcc39178d5:f06ac139-557f-4eb6-84dc-872cfc7df78d"},{"type":"single","resource":"fec86c61-be98-4f9d-9891-7ddcc39178d5:d0fb4e1d-a3c3-4e65-b29b-73ce8141bfbe"},{"type":"single","resource":"fec86c61-be98-4f9d-9891-7ddcc39178d5:3111bd96-d147-4013-9002-9bb7db9c63ce"},{"type":"single","resource":"fec86c61-be98-4f9d-9891-7ddcc39178d5:3111bd96-d147-4013-9002-9bb7db9c63ce"},{"type":"single","resource":"fec86c61-be98-4f9d-9891-7ddcc39178d5:1daf4a70-ce4c-4702-ab33-e340e007f9cd"},{"type":"single","resource":"fec86c61-be98-4f9d-9891-7ddcc39178d5:cfb82b9a-8ea4-48eb-bdda-b38cd0639e72"},{"type":"single","resource":"fec86c61-be98-4f9d-9891-7ddcc39178d5:648510ce-4f4f-4225-8ed8-4ac40e8d6e55"},{"type":"single","resource":"fec86c61-be98-4f9d-9891-7ddcc39178d5:f6c8a4a0-5991-44a8-8072-0f5b7fd7a9f0"},{"type":"single","resource":"fec86c61-be98-4f9d-9891-7ddcc39178d5:f6c8a4a0-5991-44a8-8072-0f5b7fd7a9f0"},{"type":"single","resource":"fec86c61-be98-4f9d-9891-7ddcc39178d5:ef6401af-3aa0-4022-88de-82af85592983"},{"type":"single","resource":"fec86c61-be98-4f9d-9891-7ddcc39178d5:ef6401af-3aa0-4022-88de-82af85592983"},{"type":"single","resource":"fec86c61-be98-4f9d-9891-7ddcc39178d5:e23e5922-9d7e-4041-93d8-120229fee86c"},{"type":"single","resource":"fec86c61-be98-4f9d-9891-7ddcc39178d5:7617c07d-65b7-44d8-9ff5-05321db728d6"},{"type":"single","resource":"fec86c61-be98-4f9d-9891-7ddcc39178d5:626ad373-444f-4126-bb14-9e086ed7e4e3"},{"type":"single","resource":"fec86c61-be98-4f9d-9891-7ddcc39178d5:85da61e1-0098-404e-91fb-eb88cb120a2a"},{"type":"single","resource":"fec86c61-be98-4f9d-9891-7ddcc39178d5:188a5e27-8f1f-4060-aab3-4829814796f7"},{"type":"single","resource":"fec86c61-be98-4f9d-9891-7ddcc39178d5:10675bdb-a400-4062-8566-0809cd51f6a8"},{"type":"single","resource":"fec86c61-be98-4f9d-9891-7ddcc39178d5:09fee2c2-9cf6-447b-8162-a3a90ac7cecb"},{"type":"single","resource":"fec86c61-be98-4f9d-9891-7ddcc39178d5:966f538a-e79d-4f47-bb3e-04ccb36f9d1e"},{"type":"single","resource":"fec86c61-be98-4f9d-9891-7ddcc39178d5:0a8deabe-41b7-4945-959c-4ff04775b8a7"},{"type":"single","resource":"fec86c61-be98-4f9d-9891-7ddcc39178d5:c4b4270a-456c-4f48-b6aa-e325ecbe939a"},{"type":"single","resource":"fec86c61-be98-4f9d-9891-7ddcc39178d5:ebe7a48a-942b-4050-902f-910827484b69"},{"type":"single","resource":"fec86c61-be98-4f9d-9891-7ddcc39178d5:cc4e930d-03f6-4917-9773-c3ffea38ebe4"},{"type":"single","resource":"fec86c61-be98-4f9d-9891-7ddcc39178d5:06066cba-e61a-405b-b76d-04a5c788aedb"},{"type":"single","resource":"fec86c61-be98-4f9d-9891-7ddcc39178d5:18a986f0-8885-443c-a36e-22e68c58113f"},{"type":"single","resource":"fec86c61-be98-4f9d-9891-7ddcc39178d5:64b46d4a-4056-42cb-aa75-94898611ed4f"},{"type":"single","resource":"fec86c61-be98-4f9d-9891-7ddcc39178d5:125d2a5d-88e2-4fa6-8d35-3e8d6a1227ec"},{"type":"single","resource":"fec86c61-be98-4f9d-9891-7ddcc39178d5:be63f9ae-dc81-428d-abd0-6d06c7a97029"},{"type":"single","resource":"fec86c61-be98-4f9d-9891-7ddcc39178d5:a8f9de4e-3061-4b99-8733-2eda501d49bf"},{"type":"single","resource":"fec86c61-be98-4f9d-9891-7ddcc39178d5:58151553-ed11-4776-b6d2-9e935019521d"},{"type":"single","resource":"fec86c61-be98-4f9d-9891-7ddcc39178d5:d3d703b6-3771-4145-9183-571bbf08e7f5"},{"type":"single","resource":"fec86c61-be98-4f9d-9891-7ddcc39178d5:0b287190-1333-4b49-b420-88b25108e2fd"},{"type":"single","resource":"fec86c61-be98-4f9d-9891-7ddcc39178d5:e69dfb4d-b2a5-459d-ab3e-62ec5cfa798b"},{"type":"single","resource":"fec86c61-be98-4f9d-9891-7ddcc39178d5:ca7be13c-a4d4-45f8-804a-c1d35b29b530"},{"type":"single","resource":"item/chainmail_boots"},{"type":"single","resource":"item/chainmail_chestplate"},{"type":"single","resource":"item/chainmail_helmet"},{"type":"single","resource":"item/chainmail_leggings"},{"type":"single","resource":"fec86c61-be98-4f9d-9891-7ddcc39178d5:de52c88a-c308-4601-bd2d-9ea3369ee677"},{"type":"single","resource":"fec86c61-be98-4f9d-9891-7ddcc39178d5:802e162c-abfc-4f79-af58-916097f7e709"},{"type":"single","resource":"fec86c61-be98-4f9d-9891-7ddcc39178d5:ba196704-cdcd-4c9a-8ed7-fc0992b90c28"},{"type":"single","resource":"fec86c61-be98-4f9d-9891-7ddcc39178d5:d8235889-56dc-46b7-b4fe-7599435b7926"},{"type":"single","resource":"fec86c61-be98-4f9d-9891-7ddcc39178d5:a84816dc-168e-406a-a8a7-34d49ca8850f"},{"type":"single","resource":"fec86c61-be98-4f9d-9891-7ddcc39178d5:3e8def1f-6d84-456d-87f7-9b3ab04c406c"},{"type":"single","resource":"fec86c61-be98-4f9d-9891-7ddcc39178d5:d186b6cb-e345-4ea2-92e3-b52705ac09f4"},{"type":"single","resource":"fec86c61-be98-4f9d-9891-7ddcc39178d5:3c5303e7-adc1-44d9-be7b-4502d370a6fe"},{"type":"single","resource":"fec86c61-be98-4f9d-9891-7ddcc39178d5:ba1398f3-fe14-412f-8698-fe7248f3d3db"},{"type":"single","resource":"fec86c61-be98-4f9d-9891-7ddcc39178d5:ffd92611-9c5a-4496-9043-695fd9f86d2a"},{"type":"single","resource":"fec86c61-be98-4f9d-9891-7ddcc39178d5:4e756260-4c49-46bb-9e32-fe85eac62834"},{"type":"single","resource":"fec86c61-be98-4f9d-9891-7ddcc39178d5:51cd99b3-0a3b-4843-93ff-96166f509f37"},{"type":"single","resource":"fec86c61-be98-4f9d-9891-7ddcc39178d5:41506ece-2860-42d5-a865-3d439930dfa0"},{"type":"single","resource":"fec86c61-be98-4f9d-9891-7ddcc39178d5:42d35b18-8209-4060-8afe-1c658d4d5c3a"},{"type":"single","resource":"fec86c61-be98-4f9d-9891-7ddcc39178d5:1e3c8534-ee3b-4f36-82e1-b1fc9e76891d"},{"type":"single","resource":"fec86c61-be98-4f9d-9891-7ddcc39178d5:8ec01ad2-4023-4ea9-9ffd-8ed8ddc5367d"},{"type":"single","resource":"fec86c61-be98-4f9d-9891-7ddcc39178d5:4a1fc91a-c8fd-4633-b004-47dc53781c8d"},{"type":"single","resource":"fec86c61-be98-4f9d-9891-7ddcc39178d5:fde2dd3d-8c85-4a06-958d-f3efdb93689c"},{"type":"single","resource":"fec86c61-be98-4f9d-9891-7ddcc39178d5:9a062f1e-f507-4e3f-bd72-b9c762ad1646"},{"type":"single","resource":"fec86c61-be98-4f9d-9891-7ddcc39178d5:9a062f1e-f507-4e3f-bd72-b9c762ad1646"},{"type":"single","resource":"fec86c61-be98-4f9d-9891-7ddcc39178d5:f6101bc7-7232-4f35-b9a7-fefa8dd8f7be"},{"type":"single","resource":"fec86c61-be98-4f9d-9891-7ddcc39178d5:28139fc7-36ce-4a7d-9f82-1b3c31979373"},{"type":"single","resource":"fec86c61-be98-4f9d-9891-7ddcc39178d5:1a024647-798e-47cc-b98d-641d26ed82a9"},{"type":"single","resource":"fec86c61-be98-4f9d-9891-7ddcc39178d5:0c2a0741-6f8b-421d-96a2-94972bfd25c1"},{"type":"single","resource":"fec86c61-be98-4f9d-9891-7ddcc39178d5:a17f9c6d-78e0-460f-955a-644b776f6ad2"},{"type":"single","resource":"fec86c61-be98-4f9d-9891-7ddcc39178d5:55125821-3ab2-4f8b-a383-a6f860622fe4"},{"type":"single","resource":"fec86c61-be98-4f9d-9891-7ddcc39178d5:47c5a258-f6bb-4b30-b62c-b9c51540a9c9"},{"type":"single","resource":"fec86c61-be98-4f9d-9891-7ddcc39178d5:ea5122a3-70bf-4ec9-91ef-4b8a37638a60"},{"type":"single","resource":"fec86c61-be98-4f9d-9891-7ddcc39178d5:f59db04a-e9da-4687-9f51-2ef0d44b72d7"},{"type":"single","resource":"fec86c61-be98-4f9d-9891-7ddcc39178d5:e5323588-4398-41d0-a3ad-8241c5ef7cb4"},{"type":"single","resource":"fec86c61-be98-4f9d-9891-7ddcc39178d5:8cf0851f-de84-4f11-a384-5db3b0a6bef5"},{"type":"single","resource":"fec86c61-be98-4f9d-9891-7ddcc39178d5:1c869d23-0219-4c7b-938a-513490937669"},{"type":"single","resource":"fec86c61-be98-4f9d-9891-7ddcc39178d5:7e4b89ed-c682-4d22-8939-8dd8d79f6f82"},{"type":"single","resource":"fec86c61-be98-4f9d-9891-7ddcc39178d5:d6f2f6de-bc0f-4b5e-a58c-c0c2e461810e"},{"type":"single","resource":"fec86c61-be98-4f9d-9891-7ddcc39178d5:701eeae0-b9a4-4edc-bd47-3df27d677de1"},{"type":"single","resource":"fec86c61-be98-4f9d-9891-7ddcc39178d5:17389350-a84a-4787-b200-f378a43e02b4"},{"type":"single","resource":"fec86c61-be98-4f9d-9891-7ddcc39178d5:418f074a-6952-46fe-8430-fcc2f02b0c77"},{"type":"single","resource":"fec86c61-be98-4f9d-9891-7ddcc39178d5:255e9638-9308-4405-b8db-9f8673602b81"},{"type":"single","resource":"fec86c61-be98-4f9d-9891-7ddcc39178d5:5e599e81-a3a2-4bbe-bb06-46740cf980fa"},{"type":"single","resource":"fec86c61-be98-4f9d-9891-7ddcc39178d5:cb955932-879b-41ed-830c-61403c51f6ea"},{"type":"single","resource":"fec86c61-be98-4f9d-9891-7ddcc39178d5:6e16c880-0c1f-4e80-b098-85e961630647"},{"type":"single","resource":"fec86c61-be98-4f9d-9891-7ddcc39178d5:c801073c-a1fd-4466-9249-0065b9ba974c"},{"type":"single","resource":"fec86c61-be98-4f9d-9891-7ddcc39178d5:cf36a5a2-b146-4a96-80c8-de706a518a8d"},{"type":"single","resource":"fec86c61-be98-4f9d-9891-7ddcc39178d5:ebf87318-ea24-4941-89fc-8f02cc70697d"},{"type":"single","resource":"fec86c61-be98-4f9d-9891-7ddcc39178d5:602fa617-5360-4d9f-ac8d-afb6ec1a8916"},{"type":"single","resource":"fec86c61-be98-4f9d-9891-7ddcc39178d5:643698a8-1abe-4878-99e9-8021bd948604"},{"type":"single","resource":"fec86c61-be98-4f9d-9891-7ddcc39178d5:4978f590-7cde-48f7-b587-f2b353dcaa3c"},{"type":"single","resource":"fec86c61-be98-4f9d-9891-7ddcc39178d5:4b2da6bb-807c-481e-a58b-9a05dcac3757"},{"type":"single","resource":"fec86c61-be98-4f9d-9891-7ddcc39178d5:67f882dd-ed5d-4afe-b6ee-18af65f4cdd7"},{"type":"single","resource":"fec86c61-be98-4f9d-9891-7ddcc39178d5:597f85ef-1a13-4bbb-a402-49edbdffae07"},{"type":"single","resource":"fec86c61-be98-4f9d-9891-7ddcc39178d5:2c277364-308a-463e-a4f0-5e843f4fc73e"},{"type":"single","resource":"fec86c61-be98-4f9d-9891-7ddcc39178d5:3c741d9e-09fd-43be-a90b-3c25c45c2a87"},{"type":"single","resource":"fec86c61-be98-4f9d-9891-7ddcc39178d5:1226999e-d43c-4d65-81fc-8eec00e31b7d"},{"type":"single","resource":"fec86c61-be98-4f9d-9891-7ddcc39178d5:5e48f1a9-444c-4c49-9564-c12e78b1cd52"},{"type":"single","resource":"fec86c61-be98-4f9d-9891-7ddcc39178d5:d5397a66-400c-4e42-a140-90907cf1589b"},{"type":"single","resource":"fec86c61-be98-4f9d-9891-7ddcc39178d5:6b2a1e1c-b571-4f8a-9cff-4ac44127fcdf"},{"type":"single","resource":"fec86c61-be98-4f9d-9891-7ddcc39178d5:f398c5da-e124-4f93-86a9-5e9ffb65a1d2"},{"type":"single","resource":"fec86c61-be98-4f9d-9891-7ddcc39178d5:03ceece8-9042-47be-8063-99242e708725"},{"type":"single","resource":"fec86c61-be98-4f9d-9891-7ddcc39178d5:172050f8-3788-4e16-9aaf-0fdf430067cb"},{"type":"single","resource":"fec86c61-be98-4f9d-9891-7ddcc39178d5:22e6346f-7aad-4282-897d-9a280cca93b1"},{"type":"single","resource":"fec86c61-be98-4f9d-9891-7ddcc39178d5:9ad129bb-79e0-4643-8bb9-129b279a6aff"},{"type":"single","resource":"fec86c61-be98-4f9d-9891-7ddcc39178d5:f2cf0ee7-3418-4cdf-ad54-cf35ca6405dd"},{"type":"single","resource":"fec86c61-be98-4f9d-9891-7ddcc39178d5:40244f72-f2f6-473a-a858-0789b622d51b"},{"type":"single","resource":"fec86c61-be98-4f9d-9891-7ddcc39178d5:05f75979-cdb9-4001-9efc-4631c8abf5f0"},{"type":"single","resource":"fec86c61-be98-4f9d-9891-7ddcc39178d5:15990354-c04f-4bfb-abb0-c4689e4f6fed"},{"type":"single","resource":"fec86c61-be98-4f9d-9891-7ddcc39178d5:2b106a8c-0dec-4d3b-9666-5bbd0772370a"},{"type":"single","resource":"fec86c61-be98-4f9d-9891-7ddcc39178d5:efdcf9ec-8faa-40fc-b834-aacea4c6f50f"},{"type":"single","resource":"fec86c61-be98-4f9d-9891-7ddcc39178d5:f4f483cd-f1e1-4dc6-9b2d-6b440548e64b"},{"type":"single","resource":"fec86c61-be98-4f9d-9891-7ddcc39178d5:d2e14278-301f-4938-952d-157434c4e805"},{"type":"single","resource":"fec86c61-be98-4f9d-9891-7ddcc39178d5:cb6d940a-5472-46c5-b66f-159ba67d6ebd"},{"type":"single","resource":"fec86c61-be98-4f9d-9891-7ddcc39178d5:5aeebc37-db14-421c-9ce7-df377f7576f9"},{"type":"single","resource":"fec86c61-be98-4f9d-9891-7ddcc39178d5:842d6ba2-c1f0-4f8c-ab8f-d48865756907"},{"type":"single","resource":"fec86c61-be98-4f9d-9891-7ddcc39178d5:81ad0160-8771-406e-8a98-41f87de45146"},{"type":"single","resource":"fec86c61-be98-4f9d-9891-7ddcc39178d5:20a6c37b-6ef6-4983-ac29-1598372b8e56"},{"type":"single","resource":"fec86c61-be98-4f9d-9891-7ddcc39178d5:2b7a1397-7c0d-4c70-ad92-fcbc238140bf"},{"type":"single","resource":"fec86c61-be98-4f9d-9891-7ddcc39178d5:a943055c-9e16-45a7-a0d4-1648c04cd9be"},{"type":"single","resource":"fec86c61-be98-4f9d-9891-7ddcc39178d5:000b46fb-a656-4c14-9ceb-5fa1ebdd10d1"},{"type":"single","resource":"fec86c61-be98-4f9d-9891-7ddcc39178d5:fe09e63c-f945-4ffe-9437-bfe40d0836dd"},{"type":"single","resource":"fec86c61-be98-4f9d-9891-7ddcc39178d5:71bf2f03-2d6c-450d-9355-29cf88a72503"},{"type":"single","resource":"fec86c61-be98-4f9d-9891-7ddcc39178d5:af7fbdb9-8ef9-4054-908b-f76079b7eea5"},{"type":"single","resource":"fec86c61-be98-4f9d-9891-7ddcc39178d5:08b49aac-acf5-4e96-bd4d-666881ce9656"},{"type":"single","resource":"fec86c61-be98-4f9d-9891-7ddcc39178d5:10cb7960-f6bb-45a2-9549-1491ee2f9b83"},{"type":"single","resource":"fec86c61-be98-4f9d-9891-7ddcc39178d5:7d0f2f21-62b0-4f28-a1e3-244e836c1c3a"},{"type":"single","resource":"fec86c61-be98-4f9d-9891-7ddcc39178d5:36d31221-d29e-436d-94fa-acf87794ecb0"},{"type":"single","resource":"fec86c61-be98-4f9d-9891-7ddcc39178d5:56d56cf3-496a-4c9b-977f-e3a927da2a82"},{"type":"single","resource":"fec86c61-be98-4f9d-9891-7ddcc39178d5:e3131b4e-d582-4790-8d9d-06aa64627f9b"},{"type":"single","resource":"fec86c61-be98-4f9d-9891-7ddcc39178d5:492891eb-ba18-42e9-b9d0-0646ee02299d"},{"type":"single","resource":"fec86c61-be98-4f9d-9891-7ddcc39178d5:98f77aa5-e093-4696-9677-9f86a02816c3"},{"type":"single","resource":"fec86c61-be98-4f9d-9891-7ddcc39178d5:1579c4b9-3925-4057-a9a6-1aea632256a4"},{"type":"single","resource":"fec86c61-be98-4f9d-9891-7ddcc39178d5:f0cdaf80-5815-4a02-85bf-d0dddac6bc46"},{"type":"single","resource":"fec86c61-be98-4f9d-9891-7ddcc39178d5:b5845cca-4825-4242-99a2-915fe63784c7"},{"type":"single","resource":"fec86c61-be98-4f9d-9891-7ddcc39178d5:d2058743-5d83-48f0-a01a-a316501663ac"},{"type":"single","resource":"fec86c61-be98-4f9d-9891-7ddcc39178d5:e681bbb5-9b69-408d-ab39-8cdabe67919f"},{"type":"single","resource":"fec86c61-be98-4f9d-9891-7ddcc39178d5:448b0466-b9ec-4608-99c4-d9fba8312582"},{"type":"single","resource":"fec86c61-be98-4f9d-9891-7ddcc39178d5:ace6677f-98b5-48c2-a55e-666941b5358d"},{"type":"single","resource":"fec86c61-be98-4f9d-9891-7ddcc39178d5:a252ca2d-cbfe-4564-b27f-7f4267f4edff"},{"type":"single","resource":"fec86c61-be98-4f9d-9891-7ddcc39178d5:7ae213b6-e6c6-4dea-8278-a321c8453ea9"},{"type":"single","resource":"fec86c61-be98-4f9d-9891-7ddcc39178d5:0d9bdead-ebf0-4ac0-afdb-7fb67d719501"},{"type":"single","resource":"fec86c61-be98-4f9d-9891-7ddcc39178d5:d80a6497-6e14-4ff1-a53c-5a1a80dbf004"},{"type":"single","resource":"fec86c61-be98-4f9d-9891-7ddcc39178d5:95b88bb4-2401-4c4e-bff3-1d23072c243f"},{"type":"single","resource":"fec86c61-be98-4f9d-9891-7ddcc39178d5:0d38a7a4-31df-4ee5-90af-57c55baedd15"},{"type":"single","resource":"fec86c61-be98-4f9d-9891-7ddcc39178d5:f1d7f981-6a25-4a46-aee6-db56b60d303b"},{"type":"single","resource":"fec86c61-be98-4f9d-9891-7ddcc39178d5:46225fde-5244-4aeb-ae5a-0473ef28e8d6"},{"type":"single","resource":"fec86c61-be98-4f9d-9891-7ddcc39178d5:9faaec56-e3ec-49ec-9c64-4dcba5e636b7"},{"type":"single","resource":"fec86c61-be98-4f9d-9891-7ddcc39178d5:875abab4-e9e7-4812-ab6d-f754a4e9dded"},{"type":"single","resource":"fec86c61-be98-4f9d-9891-7ddcc39178d5:d99dfc15-8b01-47a7-930c-cf0cf71e2301"},{"type":"single","resource":"fec86c61-be98-4f9d-9891-7ddcc39178d5:5821ffc1-90ce-474d-8b7f-9a7b48a79526"},{"type":"single","resource":"fec86c61-be98-4f9d-9891-7ddcc39178d5:3376a9ee-e3e4-4118-abf3-44759148aff9"},{"type":"single","resource":"fec86c61-be98-4f9d-9891-7ddcc39178d5:cabaa280-515d-481f-b16b-4078ca28bab4"},{"type":"single","resource":"fec86c61-be98-4f9d-9891-7ddcc39178d5:7251106b-e4e3-408e-9d86-bdc6ca08ab6e"},{"type":"single","resource":"fec86c61-be98-4f9d-9891-7ddcc39178d5:f5e92a6f-1bc6-4ddf-892b-5de9da91d160"},{"type":"single","resource":"fec86c61-be98-4f9d-9891-7ddcc39178d5:784cda36-7d54-4385-a3ec-c6abdd4f73b7"},{"type":"single","resource":"fec86c61-be98-4f9d-9891-7ddcc39178d5:d6a57baf-5a9a-4420-9f40-aa5bd91b87ee"},{"type":"single","resource":"fec86c61-be98-4f9d-9891-7ddcc39178d5:5bf1b9ae-d251-4fd4-b2ad-252b76ec9922"},{"type":"single","resource":"fec86c61-be98-4f9d-9891-7ddcc39178d5:c54478df-0597-4208-8f98-965aaff0a601"},{"type":"single","resource":"fec86c61-be98-4f9d-9891-7ddcc39178d5:e8bcd277-80fd-4037-a9e7-658f6130f3bb"},{"type":"single","resource":"fec86c61-be98-4f9d-9891-7ddcc39178d5:29f32095-d7c4-472c-bec2-f3e435a66398"},{"type":"single","resource":"fec86c61-be98-4f9d-9891-7ddcc39178d5:4ae349d3-31a6-4065-bdfb-7d8153803541"},{"type":"single","resource":"fec86c61-be98-4f9d-9891-7ddcc39178d5:af48a316-d01f-4bf0-9f32-90f3cba888b6"},{"type":"single","resource":"fec86c61-be98-4f9d-9891-7ddcc39178d5:79538e6a-2c6c-40b6-92c5-920a3e9c9bef"},{"type":"single","resource":"fec86c61-be98-4f9d-9891-7ddcc39178d5:0f278e61-7795-4753-892f-fdbe6232e84a"},{"type":"single","resource":"item/leather_horse_armor"},{"type":"single","resource":"fec86c61-be98-4f9d-9891-7ddcc39178d5:a7ef69f8-74b2-4883-b920-3baa83799ca3"},{"type":"single","resource":"fec86c61-be98-4f9d-9891-7ddcc39178d5:54f3b8bf-0108-433a-8b2a-aff8b7877441"},{"type":"single","resource":"fec86c61-be98-4f9d-9891-7ddcc39178d5:5c9c0bac-da87-4fab-a29b-ea9a4b6bfcea"},{"type":"single","resource":"fec86c61-be98-4f9d-9891-7ddcc39178d5:cba17a36-c793-4005-93e4-a2e3a70547e1"},{"type":"single","resource":"fec86c61-be98-4f9d-9891-7ddcc39178d5:bc017c5c-d66c-4492-8233-44cb1a076421"},{"type":"single","resource":"fec86c61-be98-4f9d-9891-7ddcc39178d5:4a950a41-9fd1-474d-83ca-fb03d2fb0fb6"},{"type":"single","resource":"fec86c61-be98-4f9d-9891-7ddcc39178d5:86a09ddb-8645-4708-b659-7daef2ee448e"},{"type":"single","resource":"fec86c61-be98-4f9d-9891-7ddcc39178d5:08913b88-8ecd-4021-9cbe-db95e69f729d"},{"type":"single","resource":"fec86c61-be98-4f9d-9891-7ddcc39178d5:9b770311-4cc7-4476-980c-9af83c5726b6"},{"type":"single","resource":"fec86c61-be98-4f9d-9891-7ddcc39178d5:48391556-4c32-41a2-83fa-2b73e2ac795e"},{"type":"single","resource":"fec86c61-be98-4f9d-9891-7ddcc39178d5:8a448cd2-a4b5-45da-a2be-c6ba9e3692ca"},{"type":"single","resource":"fec86c61-be98-4f9d-9891-7ddcc39178d5:d942a62e-c63f-42be-abf8-5f1cbcbc3ec0"},{"type":"single","resource":"fec86c61-be98-4f9d-9891-7ddcc39178d5:216873a3-5c37-49ff-9a77-0bd0a46f1ae6"},{"type":"single","resource":"fec86c61-be98-4f9d-9891-7ddcc39178d5:b830ca19-8a2f-459e-8471-b0aef1c52371"},{"type":"single","resource":"fec86c61-be98-4f9d-9891-7ddcc39178d5:77045a33-e7a9-423e-a815-a64d1a79ab4f"},{"type":"single","resource":"fec86c61-be98-4f9d-9891-7ddcc39178d5:9bb6f520-1113-4ac2-8381-f965f5b05c0d"},{"type":"single","resource":"fec86c61-be98-4f9d-9891-7ddcc39178d5:7034b42c-5cbf-4969-9f4a-c50be1fed8e4"},{"type":"single","resource":"fec86c61-be98-4f9d-9891-7ddcc39178d5:51260604-f3f9-484b-ad76-e5b9c767ccaf"},{"type":"single","resource":"fec86c61-be98-4f9d-9891-7ddcc39178d5:ff388d4a-b394-43e0-b1be-043b4da404ee"},{"type":"single","resource":"fec86c61-be98-4f9d-9891-7ddcc39178d5:321b22e0-8c80-4c71-811f-afc9e7f433ce"},{"type":"single","resource":"fec86c61-be98-4f9d-9891-7ddcc39178d5:f22ddb2c-c110-4ef8-ad8e-50b9c703e144"},{"type":"single","resource":"fec86c61-be98-4f9d-9891-7ddcc39178d5:40d76aac-df39-4177-834b-5c413370f193"},{"type":"single","resource":"fec86c61-be98-4f9d-9891-7ddcc39178d5:c8051bb2-3f56-4d3b-80a5-4559753b6623"},{"type":"single","resource":"fec86c61-be98-4f9d-9891-7ddcc39178d5:8d4f86ff-ad69-42e9-918d-0150e86656a8"},{"type":"single","resource":"fec86c61-be98-4f9d-9891-7ddcc39178d5:11eaeec0-181e-48bd-b829-1fbc519b9f6e"},{"type":"single","resource":"fec86c61-be98-4f9d-9891-7ddcc39178d5:fa5f7bc3-3792-437b-b045-b6f1ab4b5b18"},{"type":"single","resource":"fec86c61-be98-4f9d-9891-7ddcc39178d5:bc5add0e-10ed-487d-ab6d-4281777fc24f"},{"type":"single","resource":"fec86c61-be98-4f9d-9891-7ddcc39178d5:94221a8e-fb71-415b-8bc8-9b8882422094"},{"type":"single","resource":"fec86c61-be98-4f9d-9891-7ddcc39178d5:5a4f991c-48f0-48fd-98b1-e85f6b76a66c"},{"type":"single","resource":"fec86c61-be98-4f9d-9891-7ddcc39178d5:45d2c56d-876a-421d-8256-dadc95981875"},{"type":"single","resource":"fec86c61-be98-4f9d-9891-7ddcc39178d5:5fb786f2-f2fe-49e6-986c-8918bcbcb8f4"},{"type":"single","resource":"fec86c61-be98-4f9d-9891-7ddcc39178d5:be70d14d-aa8f-400f-87a1-801b68ad80fe"},{"type":"single","resource":"fec86c61-be98-4f9d-9891-7ddcc39178d5:9fc28819-080a-4c46-a602-87fab6585388"},{"type":"single","resource":"fec86c61-be98-4f9d-9891-7ddcc39178d5:ba314e26-0373-4125-9293-f35ceec129d9"},{"type":"single","resource":"fec86c61-be98-4f9d-9891-7ddcc39178d5:c060f623-d31c-4cbe-8aeb-f9a295887559"},{"type":"single","resource":"fec86c61-be98-4f9d-9891-7ddcc39178d5:62bcf426-6235-4724-ae1b-9171fe17819b"},{"type":"single","resource":"fec86c61-be98-4f9d-9891-7ddcc39178d5:87d20d0c-fd47-4e17-8b31-674761092d43"},{"type":"single","resource":"fec86c61-be98-4f9d-9891-7ddcc39178d5:3e557fff-87c9-49fe-b2b8-7c2568b35e4f"},{"type":"single","resource":"fec86c61-be98-4f9d-9891-7ddcc39178d5:831d1fa1-c0c4-4f09-9ec2-278a824b3db0"},{"type":"single","resource":"fec86c61-be98-4f9d-9891-7ddcc39178d5:4e5e6a85-9d46-4123-bf04-78e697b1569b"},{"type":"single","resource":"fec86c61-be98-4f9d-9891-7ddcc39178d5:4edbc30c-bf62-4735-8b45-c599e39edbe0"},{"type":"single","resource":"fec86c61-be98-4f9d-9891-7ddcc39178d5:90a1400b-9778-43da-9d6d-dd62cd8e9894"},{"type":"single","resource":"fec86c61-be98-4f9d-9891-7ddcc39178d5:1757775d-f4b2-4aab-a664-d8e97efa5913"},{"type":"single","resource":"fec86c61-be98-4f9d-9891-7ddcc39178d5:7ddffc38-062f-4265-a016-d03f0d712ad3"},{"type":"single","resource":"fec86c61-be98-4f9d-9891-7ddcc39178d5:1b7289a5-3e3c-462b-a72c-dc98e2cf343f"},{"type":"single","resource":"fec86c61-be98-4f9d-9891-7ddcc39178d5:d6da2199-a0c9-4872-9293-52c8c09562b0"},{"type":"single","resource":"fec86c61-be98-4f9d-9891-7ddcc39178d5:edd8d4fe-ef51-4a77-8589-7fbfc5c8720f"},{"type":"single","resource":"fec86c61-be98-4f9d-9891-7ddcc39178d5:f9bc21e2-e38c-406b-bc0b-7501f60bfcc8"},{"type":"single","resource":"item/netherite_axe"},{"type":"single","resource":"item/netherite_hoe"},{"type":"single","resource":"item/netherite_pickaxe"},{"type":"single","resource":"item/netherite_shovel"},{"type":"single","resource":"item/netherite_sword"},{"type":"single","resource":"a966757d-4284-49e3-8961-66ea349a56a0:63b1a693-93fe-4609-99f5-e7b9d17bbccf"},{"type":"single","resource":"a966757d-4284-49e3-8961-66ea349a56a0:63b1a693-93fe-4609-99f5-e7b9d17bbccf"},{"type":"single","resource":"a966757d-4284-49e3-8961-66ea349a56a0:cd2043bc-e271-46e7-9093-056d712e2df9"},{"type":"single","resource":"a966757d-4284-49e3-8961-66ea349a56a0:cd2043bc-e271-46e7-9093-056d712e2df9"},{"type":"single","resource":"a966757d-4284-49e3-8961-66ea349a56a0:864a30c1-134d-45cb-a1f6-fa75ad6241c2"},{"type":"single","resource":"a966757d-4284-49e3-8961-66ea349a56a0:9e30caed-36dd-47bf-b989-c03c40e73998"},{"type":"single","resource":"a966757d-4284-49e3-8961-66ea349a56a0:9e30caed-36dd-47bf-b989-c03c40e73998"},{"type":"single","resource":"a966757d-4284-49e3-8961-66ea349a56a0:18263c6b-4b32-4ed2-b6a1-2011ee4fd026"},{"type":"single","resource":"a966757d-4284-49e3-8961-66ea349a56a0:5a71f958-946c-4867-9229-bf93634203fa"},{"type":"single","resource":"a966757d-4284-49e3-8961-66ea349a56a0:3378ac5c-68cf-4b2b-a1ef-d26d823b422c"},{"type":"single","resource":"a966757d-4284-49e3-8961-66ea349a56a0:77b0f68e-80e6-4455-8fe4-900166baa3e3"},{"type":"single","resource":"a966757d-4284-49e3-8961-66ea349a56a0:0ebe4dfe-f595-4678-8c2e-9322e7786966"},{"type":"single","resource":"a966757d-4284-49e3-8961-66ea349a56a0:0ebe4dfe-f595-4678-8c2e-9322e7786966"},{"type":"single","resource":"a966757d-4284-49e3-8961-66ea349a56a0:c19a6e40-33f6-4592-b739-3b9109a1bf56"},{"type":"single","resource":"a966757d-4284-49e3-8961-66ea349a56a0:c19a6e40-33f6-4592-b739-3b9109a1bf56"},{"type":"single","resource":"a966757d-4284-49e3-8961-66ea349a56a0:ffd74a21-4074-4783-8882-00e98b43acc2"},{"type":"single","resource":"a966757d-4284-49e3-8961-66ea349a56a0:7e27c3d5-b2d5-4c9e-953d-070241df845c"},{"type":"single","resource":"a966757d-4284-49e3-8961-66ea349a56a0:fe48fba7-fd8c-487d-940c-cda91840bf99"},{"type":"single","resource":"a966757d-4284-49e3-8961-66ea349a56a0:fe48fba7-fd8c-487d-940c-cda91840bf99"},{"type":"single","resource":"a966757d-4284-49e3-8961-66ea349a56a0:e5f83ac9-0ad4-4f10-91a0-6bd53e5ebbe2"},{"type":"single","resource":"a966757d-4284-49e3-8961-66ea349a56a0:e5f83ac9-0ad4-4f10-91a0-6bd53e5ebbe2"},{"type":"single","resource":"a966757d-4284-49e3-8961-66ea349a56a0:e5f83ac9-0ad4-4f10-91a0-6bd53e5ebbe2"},{"type":"single","resource":"a966757d-4284-49e3-8961-66ea349a56a0:e5041059-7f96-4efe-b5ea-1d43c263e44b"},{"type":"single","resource":"a966757d-4284-49e3-8961-66ea349a56a0:ccb09add-d621-4455-965e-9f88474889bd"},{"type":"single","resource":"a966757d-4284-49e3-8961-66ea349a56a0:10e5d76f-03f8-4db5-9cf8-856113413f18"},{"type":"single","resource":"a966757d-4284-49e3-8961-66ea349a56a0:3fff5971-3bee-44c8-ad45-d589cc9c26ab"},{"type":"single","resource":"a966757d-4284-49e3-8961-66ea349a56a0:d99fb813-dafe-4030-9106-84577be64301"},{"type":"single","resource":"a966757d-4284-49e3-8961-66ea349a56a0:20eb4aa3-4ad6-4f74-beca-a056a004cd94"},{"type":"single","resource":"a966757d-4284-49e3-8961-66ea349a56a0:05f70707-c89c-466a-86cb-e871d3307bcb"},{"type":"single","resource":"a966757d-4284-49e3-8961-66ea349a56a0:05f70707-c89c-466a-86cb-e871d3307bcb"},{"type":"single","resource":"a966757d-4284-49e3-8961-66ea349a56a0:11af215e-d14a-43ff-8d18-f74330dc311d"},{"type":"single","resource":"a966757d-4284-49e3-8961-66ea349a56a0:2c2cf3c4-9036-4eba-8dc8-b9e06c2b93db"},{"type":"single","resource":"a966757d-4284-49e3-8961-66ea349a56a0:3f65ceeb-01b2-40d0-813f-3441a6a84e5c"},{"type":"single","resource":"a966757d-4284-49e3-8961-66ea349a56a0:d473dd89-0480-4ce7-bd07-b9cd4cb0527d"},{"type":"single","resource":"a966757d-4284-49e3-8961-66ea349a56a0:d473dd89-0480-4ce7-bd07-b9cd4cb0527d"},{"type":"single","resource":"a966757d-4284-49e3-8961-66ea349a56a0:1d1c35ce-252a-4583-99e0-efe10d782d37"},{"type":"single","resource":"a966757d-4284-49e3-8961-66ea349a56a0:1d1c35ce-252a-4583-99e0-efe10d782d37"},{"type":"single","resource":"a966757d-4284-49e3-8961-66ea349a56a0:08751216-642c-4668-8fe9-be1b5c5b9d60"},{"type":"single","resource":"a966757d-4284-49e3-8961-66ea349a56a0:08751216-642c-4668-8fe9-be1b5c5b9d60"},{"type":"single","resource":"a966757d-4284-49e3-8961-66ea349a56a0:327aab29-7e30-463f-899b-cde0b897f17f"},{"type":"single","resource":"a966757d-4284-49e3-8961-66ea349a56a0:b62b9ae1-af54-46c1-beb7-a52a5679f04d"},{"type":"single","resource":"a966757d-4284-49e3-8961-66ea349a56a0:cfc076b5-2ea1-47cb-aef8-e99a9e3c5ca0"},{"type":"single","resource":"a966757d-4284-49e3-8961-66ea349a56a0:cfc076b5-2ea1-47cb-aef8-e99a9e3c5ca0"},{"type":"single","resource":"a966757d-4284-49e3-8961-66ea349a56a0:dfdc581b-b122-4cd3-984a-8e82910164e1"},{"type":"single","resource":"a966757d-4284-49e3-8961-66ea349a56a0:3dc07a02-422a-42d9-91d5-4f47059e7eb1"},{"type":"single","resource":"a966757d-4284-49e3-8961-66ea349a56a0:f631cd56-8649-4b8d-9390-3c3c6e1e7ee3"},{"type":"single","resource":"a966757d-4284-49e3-8961-66ea349a56a0:f631cd56-8649-4b8d-9390-3c3c6e1e7ee3"},{"type":"single","resource":"item/paper"},{"type":"single","resource":"fec86c61-be98-4f9d-9891-7ddcc39178d5:d97ebc51-414a-4137-9b66-579b9f436b09"},{"type":"single","resource":"fec86c61-be98-4f9d-9891-7ddcc39178d5:d97ebc51-414a-4137-9b66-579b9f436b09"},{"type":"single","resource":"fec86c61-be98-4f9d-9891-7ddcc39178d5:ba93624c-a796-4baf-aac5-ac4ed2dae4eb"},{"type":"single","resource":"fec86c61-be98-4f9d-9891-7ddcc39178d5:3d5a485e-7c69-4d05-9b60-b245766e4214"},{"type":"single","resource":"fec86c61-be98-4f9d-9891-7ddcc39178d5:3d5a485e-7c69-4d05-9b60-b245766e4214"},{"type":"single","resource":"fec86c61-be98-4f9d-9891-7ddcc39178d5:c5c42b1f-c1fa-4e60-b711-e2242d83e054"},{"type":"single","resource":"fec86c61-be98-4f9d-9891-7ddcc39178d5:f0f5c997-ad38-421e-8fa0-bf3f97b2aa1a"},{"type":"single","resource":"fec86c61-be98-4f9d-9891-7ddcc39178d5:f0f5c997-ad38-421e-8fa0-bf3f97b2aa1a"},{"type":"single","resource":"fec86c61-be98-4f9d-9891-7ddcc39178d5:e542179c-320e-41d8-8b99-410674a6caa6"},{"type":"single","resource":"fec86c61-be98-4f9d-9891-7ddcc39178d5:e542179c-320e-41d8-8b99-410674a6caa6"},{"type":"single","resource":"fec86c61-be98-4f9d-9891-7ddcc39178d5:e542179c-320e-41d8-8b99-410674a6caa6"},{"type":"single","resource":"fec86c61-be98-4f9d-9891-7ddcc39178d5:e542179c-320e-41d8-8b99-410674a6caa6"},{"type":"single","resource":"fec86c61-be98-4f9d-9891-7ddcc39178d5:113a1e9e-f395-44f9-ab9e-f10e60cff4b4"},{"type":"single","resource":"fec86c61-be98-4f9d-9891-7ddcc39178d5:fa2b4fda-1f98-45ab-888f-dfa1148257c3"},{"type":"single","resource":"fec86c61-be98-4f9d-9891-7ddcc39178d5:00e115d9-261f-4e70-9ac9-fd899e632f03"},{"type":"single","resource":"fec86c61-be98-4f9d-9891-7ddcc39178d5:c5c64549-c64e-4381-888b-b3bb7b18c993"},{"type":"single","resource":"fec86c61-be98-4f9d-9891-7ddcc39178d5:28285e9b-75be-4693-b5d1-435dbacddd25"},{"type":"single","resource":"fec86c61-be98-4f9d-9891-7ddcc39178d5:1a50f009-c3e0-4405-a097-95333495a606"},{"type":"single","resource":"fec86c61-be98-4f9d-9891-7ddcc39178d5:b5ae8405-e278-436c-a0a8-0f83437304bb"},{"type":"single","resource":"fec86c61-be98-4f9d-9891-7ddcc39178d5:f1071dd4-830d-4be5-ab76-e6c751beccf2"},{"type":"single","resource":"fec86c61-be98-4f9d-9891-7ddcc39178d5:c0f25118-e7cb-48e1-b410-2347b3fa62ff"},{"type":"single","resource":"fec86c61-be98-4f9d-9891-7ddcc39178d5:fa8b668a-55d3-4978-b2f6-d05a0a38ca4f"},{"type":"single","resource":"fec86c61-be98-4f9d-9891-7ddcc39178d5:a05f6cce-a73a-4a55-ab41-ba825d1774c5"},{"type":"single","resource":"fec86c61-be98-4f9d-9891-7ddcc39178d5:8fd920e8-56df-4edc-97a9-f4e9fc8a0ada"},{"type":"single","resource":"fec86c61-be98-4f9d-9891-7ddcc39178d5:7260ea50-9ff0-4d43-8f32-a070f77eca68"},{"type":"single","resource":"fec86c61-be98-4f9d-9891-7ddcc39178d5:c63ac758-995d-4dc3-bef8-5a86afb9b220"},{"type":"single","resource":"fec86c61-be98-4f9d-9891-7ddcc39178d5:71bbe736-4be1-441a-8a29-2ad134b48cba"},{"type":"single","resource":"fec86c61-be98-4f9d-9891-7ddcc39178d5:86fc0bcd-0ee4-4e0b-af7d-07cd2db495ef"},{"type":"single","resource":"fec86c61-be98-4f9d-9891-7ddcc39178d5:c19280b2-2613-45b9-98c3-0386486b29b5"},{"type":"single","resource":"fec86c61-be98-4f9d-9891-7ddcc39178d5:847eb841-2a90-4ec4-a6bd-e013bb4a6149"},{"type":"single","resource":"fec86c61-be98-4f9d-9891-7ddcc39178d5:d9c6fd2a-2afe-4d1a-a768-81658e220913"},{"type":"single","resource":"fec86c61-be98-4f9d-9891-7ddcc39178d5:a2318b89-322d-416d-8136-8f8094184f58"},{"type":"single","resource":"fec86c61-be98-4f9d-9891-7ddcc39178d5:48b043a8-a2fa-4b31-987e-9d8204285da8"},{"type":"single","resource":"fec86c61-be98-4f9d-9891-7ddcc39178d5:0104a322-3382-42d2-8301-5577a7be66bc"},{"type":"single","resource":"fec86c61-be98-4f9d-9891-7ddcc39178d5:6d687ad7-b67b-4399-90d7-18366b880c1c"},{"type":"single","resource":"fec86c61-be98-4f9d-9891-7ddcc39178d5:b49221f8-5be2-47db-9524-c2a3059c994d"},{"type":"single","resource":"fec86c61-be98-4f9d-9891-7ddcc39178d5:ed8013d5-29bc-457c-8dab-1be9f541272a"},{"type":"single","resource":"fec86c61-be98-4f9d-9891-7ddcc39178d5:7a1c773d-3122-4676-b31a-43d83eed33b1"},{"type":"single","resource":"fec86c61-be98-4f9d-9891-7ddcc39178d5:b002d646-ac2d-4c26-b3c4-24052b79b57b"},{"type":"single","resource":"fec86c61-be98-4f9d-9891-7ddcc39178d5:aa079a16-6261-4a82-9152-10b244ae327d"},{"type":"single","resource":"fec86c61-be98-4f9d-9891-7ddcc39178d5:dab9b8b2-4787-445a-9cdb-3f09ba98f783"},{"type":"single","resource":"fec86c61-be98-4f9d-9891-7ddcc39178d5:fceb091e-b07b-45a0-850c-33fd1fee1267"},{"type":"single","resource":"fec86c61-be98-4f9d-9891-7ddcc39178d5:16bc93a4-2c5a-4a83-94c2-7e961232cb8e"},{"type":"single","resource":"fec86c61-be98-4f9d-9891-7ddcc39178d5:39ea6354-4c4c-4350-bcd6-3ca09c6b8767"},{"type":"single","resource":"fec86c61-be98-4f9d-9891-7ddcc39178d5:985d0620-bfb6-4df4-9ea7-1e8ef84b37a5"},{"type":"single","resource":"fec86c61-be98-4f9d-9891-7ddcc39178d5:dce16999-03a8-4a32-8888-e14c464dc4fc"},{"type":"single","resource":"fec86c61-be98-4f9d-9891-7ddcc39178d5:dbc97b35-02fe-4fcc-8b7d-cd8dac01ea44"},{"type":"single","resource":"fec86c61-be98-4f9d-9891-7ddcc39178d5:7b7c23d6-43b6-45f0-a66e-11439f853ad6"},{"type":"single","resource":"fec86c61-be98-4f9d-9891-7ddcc39178d5:6a4d763d-f22f-4554-a3e6-80daee987c2c"},{"type":"single","resource":"fec86c61-be98-4f9d-9891-7ddcc39178d5:c48b3a4b-b5c7-4aef-94f4-880f257f0f88"},{"type":"single","resource":"fec86c61-be98-4f9d-9891-7ddcc39178d5:4617a790-9925-46f6-9772-5cef1bc373a8"},{"type":"single","resource":"fec86c61-be98-4f9d-9891-7ddcc39178d5:39397b5b-a6d9-4da5-90da-2377905993de"},{"type":"single","resource":"fec86c61-be98-4f9d-9891-7ddcc39178d5:c175931b-d456-4fe8-831c-9455524ab140"},{"type":"single","resource":"fec86c61-be98-4f9d-9891-7ddcc39178d5:99284f05-7268-49c2-bd89-695eb1fa83f4"},{"type":"single","resource":"fec86c61-be98-4f9d-9891-7ddcc39178d5:ad498520-87b9-446f-9a1c-d8ddd8ad9bd8"},{"type":"single","resource":"fec86c61-be98-4f9d-9891-7ddcc39178d5:f0ee154c-bf28-40d6-8355-6ec953b29ad4"},{"type":"single","resource":"fec86c61-be98-4f9d-9891-7ddcc39178d5:8eea62d0-547e-4a28-877a-e097a0020800"},{"type":"single","resource":"fec86c61-be98-4f9d-9891-7ddcc39178d5:923a0c21-e58a-46ac-a215-1f290737ae1c"},{"type":"single","resource":"fec86c61-be98-4f9d-9891-7ddcc39178d5:a1ace780-438c-41cf-85b5-fb21a24381d7"},{"type":"single","resource":"fec86c61-be98-4f9d-9891-7ddcc39178d5:9024418c-ce82-41f7-8450-687cec3e905e"},{"type":"single","resource":"fec86c61-be98-4f9d-9891-7ddcc39178d5:e8c07f9d-d565-4311-b616-713b2965e6d1"},{"type":"single","resource":"fec86c61-be98-4f9d-9891-7ddcc39178d5:78d37cc8-f1fb-4b24-9037-991eb7637a3a"},{"type":"single","resource":"fec86c61-be98-4f9d-9891-7ddcc39178d5:6b8697e7-5855-4ec2-9ef9-6dbf35a7963a"},{"type":"single","resource":"fec86c61-be98-4f9d-9891-7ddcc39178d5:bdaf548c-7746-4c33-9955-7f415d888bff"},{"type":"single","resource":"fec86c61-be98-4f9d-9891-7ddcc39178d5:59e798f1-ab34-4b64-be5b-554d5c553ede"},{"type":"single","resource":"fec86c61-be98-4f9d-9891-7ddcc39178d5:3b32b107-0baa-4845-aa05-730e9e60504e"},{"type":"single","resource":"fec86c61-be98-4f9d-9891-7ddcc39178d5:5edf12cd-1fdc-40ec-a3e5-0a2367b5289c"},{"type":"single","resource":"fec86c61-be98-4f9d-9891-7ddcc39178d5:9e54cf2d-2edc-42e9-a0cb-5ad3e11a91c5"},{"type":"single","resource":"fec86c61-be98-4f9d-9891-7ddcc39178d5:4e878d47-8050-42a8-bfb3-27617926088f"},{"type":"single","resource":"fec86c61-be98-4f9d-9891-7ddcc39178d5:1ab59a48-fe77-4bb0-b8f2-bcd7d0e24573"},{"type":"single","resource":"fec86c61-be98-4f9d-9891-7ddcc39178d5:9278c1d2-c9e4-477f-b0c1-56c607a03082"},{"type":"single","resource":"fec86c61-be98-4f9d-9891-7ddcc39178d5:59f28b75-60ef-4ec9-bcbe-114e20cb7aae"},{"type":"single","resource":"fec86c61-be98-4f9d-9891-7ddcc39178d5:a9707810-eb9d-4e10-a37f-57617c53e15b"},{"type":"single","resource":"fec86c61-be98-4f9d-9891-7ddcc39178d5:ed1a50c3-b424-449a-a9ae-f4e1095316d1"},{"type":"single","resource":"fec86c61-be98-4f9d-9891-7ddcc39178d5:f27a30a5-3a11-4c47-9821-c504fe1e46c8"},{"type":"single","resource":"fec86c61-be98-4f9d-9891-7ddcc39178d5:8c0d3841-3be7-4932-bf65-dfc292220e28"},{"type":"single","resource":"fec86c61-be98-4f9d-9891-7ddcc39178d5:00e7564b-3eb2-4648-a028-bd2ab0335bf2"},{"type":"single","resource":"fec86c61-be98-4f9d-9891-7ddcc39178d5:9bb42bdb-be36-418c-86ee-7aae69cd4b12"},{"type":"single","resource":"fec86c61-be98-4f9d-9891-7ddcc39178d5:5491cfa3-9124-4fbc-a6ed-3010927ace91"},{"type":"single","resource":"fec86c61-be98-4f9d-9891-7ddcc39178d5:7065dc86-d524-499a-9d16-14653d0666ce"},{"type":"single","resource":"fec86c61-be98-4f9d-9891-7ddcc39178d5:0bda13c7-731a-4a46-bcba-5dc126443d05"},{"type":"single","resource":"fec86c61-be98-4f9d-9891-7ddcc39178d5:86c28c0c-b20d-4354-9c20-a2d2a1ec046f"},{"type":"single","resource":"fec86c61-be98-4f9d-9891-7ddcc39178d5:ad8a7a96-6f81-4874-961f-eb6d5e1ec733"},{"type":"single","resource":"fec86c61-be98-4f9d-9891-7ddcc39178d5:40288acd-8465-40e3-9aaf-e44d26955eea"},{"type":"single","resource":"fec86c61-be98-4f9d-9891-7ddcc39178d5:045adcd8-b3d4-410e-8395-58fe0935098a"},{"type":"single","resource":"fec86c61-be98-4f9d-9891-7ddcc39178d5:be4f1813-7ae0-46fc-9d2c-21c0ea1401ce"},{"type":"single","resource":"fec86c61-be98-4f9d-9891-7ddcc39178d5:b3070e12-c61b-4fc3-904f-dbee952409de"},{"type":"single","resource":"fec86c61-be98-4f9d-9891-7ddcc39178d5:e67a29c9-9d6b-4c0e-af1a-cc7b0f476f0e"},{"type":"single","resource":"fec86c61-be98-4f9d-9891-7ddcc39178d5:66931434-7dd9-4be5-b6be-bfbbeab6d699"},{"type":"single","resource":"fec86c61-be98-4f9d-9891-7ddcc39178d5:bfd00d7a-6865-491f-b269-b0f937397a6f"},{"type":"single","resource":"fec86c61-be98-4f9d-9891-7ddcc39178d5:b804c785-f3eb-4f04-84ac-6e060ef6a165"},{"type":"single","resource":"fec86c61-be98-4f9d-9891-7ddcc39178d5:bf4f1e66-c500-4344-9ecc-12373bd97fda"},{"type":"single","resource":"fec86c61-be98-4f9d-9891-7ddcc39178d5:19f7196d-5977-4017-9cd0-c606facd04d1"},{"type":"single","resource":"fec86c61-be98-4f9d-9891-7ddcc39178d5:1ba30123-01a5-49bf-846c-7546d1bd0b2d"},{"type":"single","resource":"fec86c61-be98-4f9d-9891-7ddcc39178d5:040d007d-c203-40aa-9e4e-6623a7aa9222"},{"type":"single","resource":"fec86c61-be98-4f9d-9891-7ddcc39178d5:c2771f2f-2cf1-4be0-8aeb-a10aff62ad48"},{"type":"single","resource":"fec86c61-be98-4f9d-9891-7ddcc39178d5:0f1bdb07-97aa-4bb6-a2d3-454f7228d136"},{"type":"single","resource":"fec86c61-be98-4f9d-9891-7ddcc39178d5:0f1bdb07-97aa-4bb6-a2d3-454f7228d136"},{"type":"single","resource":"fec86c61-be98-4f9d-9891-7ddcc39178d5:e87f77b7-c57a-461a-996a-b0915c167ec9"},{"type":"single","resource":"fec86c61-be98-4f9d-9891-7ddcc39178d5:4b84f745-d694-4b9c-af3c-671d525fde24"},{"type":"single","resource":"fec86c61-be98-4f9d-9891-7ddcc39178d5:f9c5f875-cb44-494f-b4b7-96dfc2cdda97"},{"type":"single","resource":"fec86c61-be98-4f9d-9891-7ddcc39178d5:d256f8cd-d379-4a7a-a7ab-f6ccad4a12ea"},{"type":"single","resource":"fec86c61-be98-4f9d-9891-7ddcc39178d5:8e99a17b-3e63-441a-9645-ef4688dfcc89"},{"type":"single","resource":"fec86c61-be98-4f9d-9891-7ddcc39178d5:c75c44bc-b18d-405e-9c92-a7a388b3c205"},{"type":"single","resource":"fec86c61-be98-4f9d-9891-7ddcc39178d5:c75c44bc-b18d-405e-9c92-a7a388b3c205"},{"type":"single","resource":"fec86c61-be98-4f9d-9891-7ddcc39178d5:51e75c1e-effb-4c83-8ccf-48f01d85f878"},{"type":"single","resource":"fec86c61-be98-4f9d-9891-7ddcc39178d5:51e75c1e-effb-4c83-8ccf-48f01d85f878"},{"type":"single","resource":"fec86c61-be98-4f9d-9891-7ddcc39178d5:2c88a05b-218d-4497-9f33-0b6dbe58bcab"},{"type":"single","resource":"fec86c61-be98-4f9d-9891-7ddcc39178d5:2c88a05b-218d-4497-9f33-0b6dbe58bcab"},{"type":"single","resource":"fec86c61-be98-4f9d-9891-7ddcc39178d5:8376044f-a896-415f-a2d4-b3e1a2938eb2"},{"type":"single","resource":"fec86c61-be98-4f9d-9891-7ddcc39178d5:8376044f-a896-415f-a2d4-b3e1a2938eb2"},{"type":"single","resource":"fec86c61-be98-4f9d-9891-7ddcc39178d5:e148bcab-9e46-46bd-801d-514cd703a3b2"},{"type":"single","resource":"fec86c61-be98-4f9d-9891-7ddcc39178d5:e148bcab-9e46-46bd-801d-514cd703a3b2"},{"type":"single","resource":"fec86c61-be98-4f9d-9891-7ddcc39178d5:e5066ccc-0aab-421e-b5aa-137aefa3a9a1"},{"type":"single","resource":"fec86c61-be98-4f9d-9891-7ddcc39178d5:e5066ccc-0aab-421e-b5aa-137aefa3a9a1"},{"type":"single","resource":"fec86c61-be98-4f9d-9891-7ddcc39178d5:441d423b-ee49-4ea2-b006-b9392a48977a"},{"type":"single","resource":"fec86c61-be98-4f9d-9891-7ddcc39178d5:490850f6-472c-4e54-88af-38d7ba662570"},{"type":"single","resource":"fec86c61-be98-4f9d-9891-7ddcc39178d5:490850f6-472c-4e54-88af-38d7ba662570"},{"type":"single","resource":"fec86c61-be98-4f9d-9891-7ddcc39178d5:3feaa306-0938-4ff3-a579-e9d249d01045"},{"type":"single","resource":"fec86c61-be98-4f9d-9891-7ddcc39178d5:3feaa306-0938-4ff3-a579-e9d249d01045"},{"type":"single","resource":"fec86c61-be98-4f9d-9891-7ddcc39178d5:12b8307d-824c-4fde-a3df-811a16f5f9a5"},{"type":"single","resource":"fec86c61-be98-4f9d-9891-7ddcc39178d5:12b8307d-824c-4fde-a3df-811a16f5f9a5"},{"type":"single","resource":"fec86c61-be98-4f9d-9891-7ddcc39178d5:afb8972e-b8cc-4bee-92d0-59d2d8e9ecd8"},{"type":"single","resource":"fec86c61-be98-4f9d-9891-7ddcc39178d5:afb8972e-b8cc-4bee-92d0-59d2d8e9ecd8"},{"type":"single","resource":"fec86c61-be98-4f9d-9891-7ddcc39178d5:ee3cb9b8-f543-4621-bee6-5ea5248a0c9c"},{"type":"single","resource":"fec86c61-be98-4f9d-9891-7ddcc39178d5:ee3cb9b8-f543-4621-bee6-5ea5248a0c9c"},{"type":"single","resource":"fec86c61-be98-4f9d-9891-7ddcc39178d5:88ecc15b-f0fc-4b5d-901e-45233741137c"},{"type":"single","resource":"fec86c61-be98-4f9d-9891-7ddcc39178d5:88ecc15b-f0fc-4b5d-901e-45233741137c"},{"type":"single","resource":"fec86c61-be98-4f9d-9891-7ddcc39178d5:3432b7da-90bc-494f-8028-789487e890ce"},{"type":"single","resource":"fec86c61-be98-4f9d-9891-7ddcc39178d5:2b2bcf88-822b-40b8-9fe0-ae35284a097f"},{"type":"single","resource":"fec86c61-be98-4f9d-9891-7ddcc39178d5:2b2bcf88-822b-40b8-9fe0-ae35284a097f"},{"type":"single","resource":"fec86c61-be98-4f9d-9891-7ddcc39178d5:f2511855-1a34-4c01-bef8-aec2f858adbe"},{"type":"single","resource":"fec86c61-be98-4f9d-9891-7ddcc39178d5:f2511855-1a34-4c01-bef8-aec2f858adbe"},{"type":"single","resource":"fec86c61-be98-4f9d-9891-7ddcc39178d5:2d605e78-ccb4-4a68-a0b3-a037d9c44b82"},{"type":"single","resource":"fec86c61-be98-4f9d-9891-7ddcc39178d5:2d605e78-ccb4-4a68-a0b3-a037d9c44b82"},{"type":"single","resource":"fec86c61-be98-4f9d-9891-7ddcc39178d5:9e2123d4-5a37-436b-95c0-878434b88774"},{"type":"single","resource":"fec86c61-be98-4f9d-9891-7ddcc39178d5:9e2123d4-5a37-436b-95c0-878434b88774"},{"type":"single","resource":"fec86c61-be98-4f9d-9891-7ddcc39178d5:486bc7eb-efa6-440e-900e-f7c0d0f803a4"},{"type":"single","resource":"fec86c61-be98-4f9d-9891-7ddcc39178d5:486bc7eb-efa6-440e-900e-f7c0d0f803a4"},{"type":"single","resource":"fec86c61-be98-4f9d-9891-7ddcc39178d5:f76dd94f-5127-4709-86b4-237de7e4e221"},{"type":"single","resource":"fec86c61-be98-4f9d-9891-7ddcc39178d5:f76dd94f-5127-4709-86b4-237de7e4e221"},{"type":"single","resource":"fec86c61-be98-4f9d-9891-7ddcc39178d5:eee112c6-6efa-4731-90b0-8f3bb454c0e5"},{"type":"single","resource":"fec86c61-be98-4f9d-9891-7ddcc39178d5:5e59ecad-23f6-4d61-bbcc-96b3494bc6df"},{"type":"single","resource":"fec86c61-be98-4f9d-9891-7ddcc39178d5:5e59ecad-23f6-4d61-bbcc-96b3494bc6df"},{"type":"single","resource":"fec86c61-be98-4f9d-9891-7ddcc39178d5:c42a188a-26e9-4c1d-93b3-a2b3101896a5"},{"type":"single","resource":"fec86c61-be98-4f9d-9891-7ddcc39178d5:c42a188a-26e9-4c1d-93b3-a2b3101896a5"},{"type":"single","resource":"fec86c61-be98-4f9d-9891-7ddcc39178d5:76d948f7-4447-48dc-8de4-e29b9791d07f"},{"type":"single","resource":"fec86c61-be98-4f9d-9891-7ddcc39178d5:76d948f7-4447-48dc-8de4-e29b9791d07f"},{"type":"single","resource":"fec86c61-be98-4f9d-9891-7ddcc39178d5:db8de2cd-e193-4b97-a120-e6dfd5cddb30"},{"type":"single","resource":"fec86c61-be98-4f9d-9891-7ddcc39178d5:db8de2cd-e193-4b97-a120-e6dfd5cddb30"},{"type":"single","resource":"fec86c61-be98-4f9d-9891-7ddcc39178d5:a464acdb-07e9-4500-99dd-50a9f9e27f3b"},{"type":"single","resource":"fec86c61-be98-4f9d-9891-7ddcc39178d5:a464acdb-07e9-4500-99dd-50a9f9e27f3b"},{"type":"single","resource":"fec86c61-be98-4f9d-9891-7ddcc39178d5:10481829-b7d7-43c9-9fe8-62433b0302ba"},{"type":"single","resource":"fec86c61-be98-4f9d-9891-7ddcc39178d5:10481829-b7d7-43c9-9fe8-62433b0302ba"},{"type":"single","resource":"fec86c61-be98-4f9d-9891-7ddcc39178d5:657efa73-6bdf-4459-85d9-5b49701372f3"},{"type":"single","resource":"fec86c61-be98-4f9d-9891-7ddcc39178d5:0c7867b5-6ae9-4f9e-8608-a664ee1405ab"},{"type":"single","resource":"fec86c61-be98-4f9d-9891-7ddcc39178d5:0c7867b5-6ae9-4f9e-8608-a664ee1405ab"},{"type":"single","resource":"fec86c61-be98-4f9d-9891-7ddcc39178d5:f9ec9591-1264-4db2-89ee-47719603469d"},{"type":"single","resource":"fec86c61-be98-4f9d-9891-7ddcc39178d5:f9ec9591-1264-4db2-89ee-47719603469d"},{"type":"single","resource":"fec86c61-be98-4f9d-9891-7ddcc39178d5:db7f2b83-47b1-4a0b-b6f6-ce8fa0024ba1"},{"type":"single","resource":"fec86c61-be98-4f9d-9891-7ddcc39178d5:db7f2b83-47b1-4a0b-b6f6-ce8fa0024ba1"},{"type":"single","resource":"fec86c61-be98-4f9d-9891-7ddcc39178d5:a22b7bc3-253d-4407-ac85-ffaa4af3d4d7"},{"type":"single","resource":"fec86c61-be98-4f9d-9891-7ddcc39178d5:a22b7bc3-253d-4407-ac85-ffaa4af3d4d7"},{"type":"single","resource":"fec86c61-be98-4f9d-9891-7ddcc39178d5:58e4de9c-be00-41d4-acc8-0d07b3375f71"},{"type":"single","resource":"fec86c61-be98-4f9d-9891-7ddcc39178d5:58e4de9c-be00-41d4-acc8-0d07b3375f71"},{"type":"single","resource":"fec86c61-be98-4f9d-9891-7ddcc39178d5:f9708375-85af-4f3e-be04-2f75df8ec5e7"},{"type":"single","resource":"fec86c61-be98-4f9d-9891-7ddcc39178d5:f9708375-85af-4f3e-be04-2f75df8ec5e7"},{"type":"single","resource":"fec86c61-be98-4f9d-9891-7ddcc39178d5:b8e65d7f-59eb-4e23-8a26-a5639043de80"},{"type":"single","resource":"fec86c61-be98-4f9d-9891-7ddcc39178d5:b53211e5-77c0-4473-b2e9-4585855b0254"},{"type":"single","resource":"fec86c61-be98-4f9d-9891-7ddcc39178d5:b53211e5-77c0-4473-b2e9-4585855b0254"},{"type":"single","resource":"fec86c61-be98-4f9d-9891-7ddcc39178d5:52a2a809-e520-4ce5-a274-1e42389a8b27"},{"type":"single","resource":"fec86c61-be98-4f9d-9891-7ddcc39178d5:52a2a809-e520-4ce5-a274-1e42389a8b27"},{"type":"single","resource":"fec86c61-be98-4f9d-9891-7ddcc39178d5:3890c68f-bd82-43c8-8c00-80f86d1bf5af"},{"type":"single","resource":"fec86c61-be98-4f9d-9891-7ddcc39178d5:3890c68f-bd82-43c8-8c00-80f86d1bf5af"},{"type":"single","resource":"fec86c61-be98-4f9d-9891-7ddcc39178d5:fd095679-08cc-43e4-bc10-abf95cabd3d0"},{"type":"single","resource":"fec86c61-be98-4f9d-9891-7ddcc39178d5:fd095679-08cc-43e4-bc10-abf95cabd3d0"},{"type":"single","resource":"fec86c61-be98-4f9d-9891-7ddcc39178d5:4fa5cfd6-c1d6-41c8-b637-6d145b1a75c6"},{"type":"single","resource":"fec86c61-be98-4f9d-9891-7ddcc39178d5:4fa5cfd6-c1d6-41c8-b637-6d145b1a75c6"},{"type":"single","resource":"fec86c61-be98-4f9d-9891-7ddcc39178d5:2a9c33c5-dad7-4c2d-b877-9c62d889a00d"},{"type":"single","resource":"fec86c61-be98-4f9d-9891-7ddcc39178d5:2a9c33c5-dad7-4c2d-b877-9c62d889a00d"},{"type":"single","resource":"fec86c61-be98-4f9d-9891-7ddcc39178d5:65b08f2f-0b48-4582-98f3-f17237e7bd48"},{"type":"single","resource":"item/wooden_sword"},{"type":"single","resource":"item/wooden_sword"},{"type":"single","resource":"item/wooden_sword"},{"type":"single","resource":"item/wooden_sword"},{"type":"single","resource":"item/wooden_sword"},{"type":"single","resource":"item/wooden_sword"},{"type":"single","resource":"fec86c61-be98-4f9d-9891-7ddcc39178d5:2291847b-e42c-4553-9154-76a0f961dca6"},{"type":"single","resource":"fec86c61-be98-4f9d-9891-7ddcc39178d5:2291847b-e42c-4553-9154-76a0f961dca6"},{"type":"single","resource":"fec86c61-be98-4f9d-9891-7ddcc39178d5:2291847b-e42c-4553-9154-76a0f961dca6"},{"type":"single","resource":"fec86c61-be98-4f9d-9891-7ddcc39178d5:2291847b-e42c-4553-9154-76a0f961dca6"},{"type":"single","resource":"fec86c61-be98-4f9d-9891-7ddcc39178d5:d3319f16-fe76-4854-897b-aa7c64d8e155"},{"type":"single","resource":"fec86c61-be98-4f9d-9891-7ddcc39178d5:d3319f16-fe76-4854-897b-aa7c64d8e155"},{"type":"single","resource":"fec86c61-be98-4f9d-9891-7ddcc39178d5:d3319f16-fe76-4854-897b-aa7c64d8e155"},{"type":"single","resource":"fec86c61-be98-4f9d-9891-7ddcc39178d5:d3319f16-fe76-4854-897b-aa7c64d8e155"},{"type":"single","resource":"fec86c61-be98-4f9d-9891-7ddcc39178d5:3955b9a3-dcb3-4845-a6d6-a7df74bc8d53"},{"type":"single","resource":"fec86c61-be98-4f9d-9891-7ddcc39178d5:3955b9a3-dcb3-4845-a6d6-a7df74bc8d53"},{"type":"single","resource":"fec86c61-be98-4f9d-9891-7ddcc39178d5:fcd9744b-1376-4d99-b05d-67e7b00d0570"},{"type":"single","resource":"fec86c61-be98-4f9d-9891-7ddcc39178d5:fcd9744b-1376-4d99-b05d-67e7b00d0570"}]}