{"display":{"thirdperson_righthand":{"rotation":[75.0,45.0,0.0],"translation":[0.0,0.5,0.0],"scale":[0.2,0.2,0.2]},"thirdperson_lefthand":{"rotation":[75.0,45.0,0.0],"translation":[0.0,0.5,0.0],"scale":[0.2,0.2,0.2]},"firstperson_righthand":{"rotation":[0.0,125.0,0.0],"translation":[2.25,1.25,-0.75],"scale":[0.2,0.2,0.2]},"firstperson_lefthand":{"rotation":[0.0,125.0,0.0],"translation":[2.25,1.25,-0.75],"scale":[0.2,0.2,0.2]},"ground":{"translation":[0.0,3.0,0.0],"scale":[0.25,0.25,0.25]},"gui":{"rotation":[30.0,225.0,0.0],"translation":[0.0,-1.0,0.0],"scale":[0.4,0.4,0.4]},"fixed":{"rotation":[-90.0,0.0,0.0],"translation":[-16.0,0.0,-16.0],"scale":[2.0,2.0,2.0]}},"elements":[{"from":[22.0,0.0,0.0],"to":[24.0,10.0,2.0],"faces":{"north":{"uv":[7.5,3.0,8.0,5.5],"texture":"#0"},"east":{"uv":[6.5,7.5,7.0,10.0],"texture":"#0"},"south":{"uv":[7.0,7.5,7.5,10.0],"texture":"#0"},"west":{"uv":[7.5,7.5,8.0,10.0],"texture":"#0"},"up":{"uv":[7.5,7.0,7.0,6.5],"texture":"#0"},"down":{"uv":[8.0,6.5,7.5,7.0],"texture":"#0"}}},{"from":[23.0,0.0,0.0],"to":[23.0,15.0,14.0],"faces":{"east":{"uv":[0.0,7.0,3.5,10.75],"texture":"#0"},"west":{"uv":[3.5,7.0,0.0,10.75],"texture":"#0"}}},{"from":[22.0,8.0,2.0],"to":[24.0,10.0,14.0],"faces":{"north":{"uv":[8.0,0.0,8.5,0.5],"texture":"#0"},"east":{"uv":[7.0,5.5,10.0,6.0],"texture":"#0"},"south":{"uv":[8.0,0.5,8.5,1.0],"texture":"#0"},"west":{"uv":[6.0,7.0,9.0,7.5],"texture":"#0"},"up":{"uv":[8.0,3.0,7.5,0.0],"texture":"#0"},"down":{"uv":[6.5,7.5,6.0,10.5],"texture":"#0"}}},{"from":[22.0,15.0,0.0],"to":[24.0,16.0,14.0],"faces":{"north":{"uv":[8.0,2.0,8.5,2.25],"texture":"#0"},"east":{"uv":[7.0,6.0,10.5,6.25],"texture":"#0"},"south":{"uv":[8.0,2.25,8.5,2.5],"texture":"#0"},"west":{"uv":[7.0,6.25,10.5,6.5],"texture":"#0"},"up":{"uv":[5.5,10.5,5.0,7.0],"texture":"#0"},"down":{"uv":[6.0,7.0,5.5,10.5],"texture":"#0"}}},{"from":[-6.0,9.0,0.0],"to":[22.0,9.0,15.0],"faces":{"up":{"uv":[7.0,3.75,0.0,0.0],"texture":"#0","tintindex":0},"down":{"uv":[0.0,3.75,7.0,0.0],"texture":"#0","tintindex":0}}},{"from":[-6.0,9.0,15.0],"to":[22.0,22.0,15.0],"faces":{"north":{"uv":[0.0,3.75,7.0,7.0],"texture":"#0","tintindex":0},"south":{"uv":[7.0,3.75,0.0,7.0],"texture":"#0","tintindex":0}}},{"from":[22.0,0.0,14.0],"to":[24.0,22.0,16.0],"faces":{"north":{"uv":[7.0,0.0,7.5,5.5],"texture":"#0"},"east":{"uv":[3.5,7.0,4.0,12.5],"texture":"#0"},"south":{"uv":[4.0,7.0,4.5,12.5],"texture":"#0"},"west":{"uv":[4.0,7.0,3.5,12.5],"texture":"#0"},"up":{"uv":[8.5,1.5,8.0,1.0],"texture":"#0"},"down":{"uv":[8.5,1.5,8.0,2.0],"texture":"#0"}}},{"from":[-8.0,0.0,0.0],"to":[-6.0,10.0,2.0],"faces":{"north":{"uv":[7.5,3.0,8.0,5.5],"texture":"#0"},"east":{"uv":[6.5,7.5,7.0,10.0],"texture":"#0"},"south":{"uv":[7.0,7.5,7.5,10.0],"texture":"#0"},"west":{"uv":[7.5,7.5,8.0,10.0],"texture":"#0"},"up":{"uv":[7.5,7.0,7.0,6.5],"texture":"#0"},"down":{"uv":[8.0,6.5,7.5,7.0],"texture":"#0"}}},{"from":[-7.0,0.0,0.0],"to":[-7.0,15.0,14.0],"faces":{"east":{"uv":[0.0,7.0,3.5,10.75],"texture":"#0"},"west":{"uv":[3.5,7.0,0.0,10.75],"texture":"#0"}}},{"from":[-8.0,8.0,2.0],"to":[-6.0,10.0,14.0],"faces":{"north":{"uv":[8.0,0.0,8.5,0.5],"texture":"#0"},"east":{"uv":[7.0,5.5,10.0,6.0],"texture":"#0"},"south":{"uv":[8.0,0.5,8.5,1.0],"texture":"#0"},"west":{"uv":[6.0,7.0,9.0,7.5],"texture":"#0"},"up":{"uv":[8.0,3.0,7.5,0.0],"texture":"#0"},"down":{"uv":[6.5,7.5,6.0,10.5],"texture":"#0"}}},{"from":[-8.0,15.0,0.0],"to":[-6.0,16.0,14.0],"faces":{"north":{"uv":[8.0,2.0,8.5,2.25],"texture":"#0"},"east":{"uv":[7.0,6.0,10.5,6.25],"texture":"#0"},"south":{"uv":[8.0,2.25,8.5,2.5],"texture":"#0"},"west":{"uv":[7.0,6.25,10.5,6.5],"texture":"#0"},"up":{"uv":[5.5,10.5,5.0,7.0],"texture":"#0"},"down":{"uv":[6.0,7.0,5.5,10.5],"texture":"#0"}}},{"from":[-8.0,0.0,14.0],"to":[-6.0,22.0,16.0],"faces":{"north":{"uv":[7.0,0.0,7.5,5.5],"texture":"#0"},"east":{"uv":[3.5,7.0,4.0,12.5],"texture":"#0"},"south":{"uv":[4.0,7.0,4.5,12.5],"texture":"#0"},"west":{"uv":[4.0,7.0,3.5,12.5],"texture":"#0"},"up":{"uv":[8.5,1.5,8.0,1.0],"texture":"#0"},"down":{"uv":[8.5,1.5,8.0,2.0],"texture":"#0"}}}],"textures":{"0":"f1d472f1-a8c3-4fc4-87e5-359c2e5884bd"},"gui_light":"front"}