{"parent":"item/generated","textures":{"layer0":"item/leather_horse_armor"},"overrides":[{"predicate":{"custom_model_data":1000},"model":"138c2dde-4f84-4197-945e-f52cab7498ed:8b2a1c45-8780-4afa-8b1e-9f1c0d22b173"},{"predicate":{"custom_model_data":1001},"model":"138c2dde-4f84-4197-945e-f52cab7498ed:f69f4353-401b-41f0-b228-a3485edab269"},{"predicate":{"custom_model_data":1002},"model":"138c2dde-4f84-4197-945e-f52cab7498ed:be59981c-32cd-49e2-a526-0ec486561cd6"},{"predicate":{"custom_model_data":1003},"model":"138c2dde-4f84-4197-945e-f52cab7498ed:2560376f-7df2-4847-ad28-77207ebfb164"}]}