{"sources":[{"type":"single","resource":"block/black_concrete"},{"type":"single","resource":"block/black_concrete"},{"type":"single","resource":"block/black_wool"},{"type":"single","resource":"block/black_wool"},{"type":"single","resource":"block/black_wool"},{"type":"single","resource":"block/black_wool"},{"type":"single","resource":"block/cobblestone"},{"type":"single","resource":"block/cobblestone"},{"type":"single","resource":"block/dark_oak_planks"},{"type":"single","resource":"block/mossy_cobblestone"},{"type":"single","resource":"block/mossy_cobblestone"},{"type":"single","resource":"block/white_concrete"},{"type":"single","resource":"block/white_concrete"},{"type":"single","resource":"block/white_concrete"},{"type":"single","resource":"block/white_concrete"},{"type":"single","resource":"d5c7c220-1180-4814-aab7-83f905ddb3dd:c3641a3e-2e50-46bf-af44-0fca0d319f82"},{"type":"single","resource":"d5c7c220-1180-4814-aab7-83f905ddb3dd:c3641a3e-2e50-46bf-af44-0fca0d319f82"},{"type":"single","resource":"d5c7c220-1180-4814-aab7-83f905ddb3dd:4d302011-cccd-4ff5-9cfe-9a94191a17fd"},{"type":"single","resource":"d5c7c220-1180-4814-aab7-83f905ddb3dd:4d302011-cccd-4ff5-9cfe-9a94191a17fd"},{"type":"single","resource":"d5c7c220-1180-4814-aab7-83f905ddb3dd:4a25013c-b65e-46b0-9346-97d93af61025"},{"type":"single","resource":"d5c7c220-1180-4814-aab7-83f905ddb3dd:4a25013c-b65e-46b0-9346-97d93af61025"},{"type":"single","resource":"d5c7c220-1180-4814-aab7-83f905ddb3dd:7e23eb23-7769-4b12-ad55-5ae62440cf49"},{"type":"single","resource":"d5c7c220-1180-4814-aab7-83f905ddb3dd:7e23eb23-7769-4b12-ad55-5ae62440cf49"},{"type":"single","resource":"d5c7c220-1180-4814-aab7-83f905ddb3dd:e001ece8-4067-401a-96e9-8f72076b2285"},{"type":"single","resource":"d5c7c220-1180-4814-aab7-83f905ddb3dd:e001ece8-4067-401a-96e9-8f72076b2285"},{"type":"single","resource":"d5c7c220-1180-4814-aab7-83f905ddb3dd:0011e50f-e09a-4f6c-a65d-f6f4bd587ad4"},{"type":"single","resource":"d5c7c220-1180-4814-aab7-83f905ddb3dd:0011e50f-e09a-4f6c-a65d-f6f4bd587ad4"},{"type":"single","resource":"d5c7c220-1180-4814-aab7-83f905ddb3dd:34bf61cc-6fa7-4724-9eb3-24a966a067c3"},{"type":"single","resource":"d5c7c220-1180-4814-aab7-83f905ddb3dd:23071005-47ad-426d-84b0-ad48344df331"},{"type":"single","resource":"d5c7c220-1180-4814-aab7-83f905ddb3dd:de62c2f5-1d50-4341-a89c-ce0d599063ff"},{"type":"single","resource":"d5c7c220-1180-4814-aab7-83f905ddb3dd:62cdd3e2-d735-48fa-bcb6-b05ec5e80e4c"},{"type":"single","resource":"d5c7c220-1180-4814-aab7-83f905ddb3dd:ce5f33f0-e1cf-489e-a354-73eaad6c6d2b"},{"type":"single","resource":"d5c7c220-1180-4814-aab7-83f905ddb3dd:91917760-5e41-45b8-b820-8e8398d53c7c"},{"type":"single","resource":"d5c7c220-1180-4814-aab7-83f905ddb3dd:3401f116-5f73-4e7e-8546-228f19d5f5c6"},{"type":"single","resource":"d5c7c220-1180-4814-aab7-83f905ddb3dd:3401f116-5f73-4e7e-8546-228f19d5f5c6"},{"type":"single","resource":"d5c7c220-1180-4814-aab7-83f905ddb3dd:9b94d4ef-00b1-4d0a-865e-d6eaf4b0d542"},{"type":"single","resource":"d5c7c220-1180-4814-aab7-83f905ddb3dd:e6aa3391-1d52-4c2e-a02f-f433e0562877"},{"type":"single","resource":"d5c7c220-1180-4814-aab7-83f905ddb3dd:e6aa3391-1d52-4c2e-a02f-f433e0562877"},{"type":"single","resource":"d5c7c220-1180-4814-aab7-83f905ddb3dd:d7851ba3-789f-4ab8-8458-acf3658af9ac"},{"type":"single","resource":"d5c7c220-1180-4814-aab7-83f905ddb3dd:ebae3745-9f70-43dd-9ff9-59da109ba5cb"},{"type":"single","resource":"d5c7c220-1180-4814-aab7-83f905ddb3dd:eee1249b-bc1f-4784-946e-1a5f18c9f216"},{"type":"single","resource":"d5c7c220-1180-4814-aab7-83f905ddb3dd:99b212b5-edbf-462a-8343-a2a9e5cfec78"},{"type":"single","resource":"d5c7c220-1180-4814-aab7-83f905ddb3dd:99b212b5-edbf-462a-8343-a2a9e5cfec78"},{"type":"single","resource":"d5c7c220-1180-4814-aab7-83f905ddb3dd:3f2a8633-1263-4ef0-9ebe-8a976bccf5ad"},{"type":"single","resource":"d5c7c220-1180-4814-aab7-83f905ddb3dd:3f2a8633-1263-4ef0-9ebe-8a976bccf5ad"},{"type":"single","resource":"d5c7c220-1180-4814-aab7-83f905ddb3dd:e83e79af-d74a-46e4-956d-a2a51d757969"},{"type":"single","resource":"d5c7c220-1180-4814-aab7-83f905ddb3dd:06f71ed6-2d60-482c-9f12-5255ec5588e1"},{"type":"single","resource":"d5c7c220-1180-4814-aab7-83f905ddb3dd:f03c6ca0-383f-43c0-8e6e-120972d8b9b2"},{"type":"single","resource":"d5c7c220-1180-4814-aab7-83f905ddb3dd:c1ac7c53-930a-462d-ad9c-44a611994fcf"},{"type":"single","resource":"d5c7c220-1180-4814-aab7-83f905ddb3dd:eb0113e8-8c5a-414e-8512-43105c7a116b"},{"type":"single","resource":"013ea369-0419-418e-baeb-c76d527bba59:6904a95b-2d34-4485-8d6c-3d4d73b59d04"},{"type":"single","resource":"013ea369-0419-418e-baeb-c76d527bba59:5e99a62f-43c5-4724-8e78-095b5d53477f"},{"type":"single","resource":"013ea369-0419-418e-baeb-c76d527bba59:a31e5e70-84e9-4fcf-b86d-c3f8954c1910"},{"type":"single","resource":"d5c7c220-1180-4814-aab7-83f905ddb3dd:c0c364bd-0ccc-4493-841e-3d9186503272"},{"type":"single","resource":"d5c7c220-1180-4814-aab7-83f905ddb3dd:7f5ebaa7-0091-4172-825d-eb29a9d27122"},{"type":"single","resource":"d5c7c220-1180-4814-aab7-83f905ddb3dd:fb07a95d-50fd-40b7-80cb-5d8a353f8c82"},{"type":"single","resource":"d5c7c220-1180-4814-aab7-83f905ddb3dd:72aa1ab2-c380-423d-aece-89425d2b3f2d"},{"type":"single","resource":"d5c7c220-1180-4814-aab7-83f905ddb3dd:16f0f1b6-5327-43eb-82c7-e44ec55e1e26"},{"type":"single","resource":"d5c7c220-1180-4814-aab7-83f905ddb3dd:7d145bfc-da4d-4232-af23-d07b0b23a1ba"},{"type":"single","resource":"d5c7c220-1180-4814-aab7-83f905ddb3dd:80d5c6e4-5370-4d9d-bb0d-390f54e0063b"},{"type":"single","resource":"d5c7c220-1180-4814-aab7-83f905ddb3dd:97865824-b519-418f-906c-e7e53000585c"},{"type":"single","resource":"d5c7c220-1180-4814-aab7-83f905ddb3dd:909fd6a5-2dd7-470e-b0d8-cfaacc38be00"},{"type":"single","resource":"d5c7c220-1180-4814-aab7-83f905ddb3dd:a219900b-fc56-497c-8869-4de4a0ac3b91"},{"type":"single","resource":"d5c7c220-1180-4814-aab7-83f905ddb3dd:1fea2637-c801-4e20-89d2-4bfec5e7dc0e"},{"type":"single","resource":"d5c7c220-1180-4814-aab7-83f905ddb3dd:22992342-eb43-4f9c-81d8-e03f59343561"},{"type":"single","resource":"d5c7c220-1180-4814-aab7-83f905ddb3dd:6a69961a-b79c-47d7-8ce0-c663fb242a0c"},{"type":"single","resource":"d5c7c220-1180-4814-aab7-83f905ddb3dd:81850a21-1c4d-4e70-bec3-df1aa45c8e7f"},{"type":"single","resource":"d5c7c220-1180-4814-aab7-83f905ddb3dd:9eef49f9-2e25-488c-af0d-8b95be1ce328"},{"type":"single","resource":"d5c7c220-1180-4814-aab7-83f905ddb3dd:20172ca1-7219-4f61-a25b-b049daf8c119"},{"type":"single","resource":"d5c7c220-1180-4814-aab7-83f905ddb3dd:a7ce5b24-c2b9-4860-9f5d-c2f36957edc4"},{"type":"single","resource":"d5c7c220-1180-4814-aab7-83f905ddb3dd:6cdc0b74-9d1d-4d7e-9049-63f6ffc9c74e"},{"type":"single","resource":"51027344-1594-4fb5-b7c5-22972a2191c8:8827d924-8ce8-4b0a-94c7-f26832f4dcf9"},{"type":"single","resource":"item/chainmail_boots"},{"type":"single","resource":"item/chainmail_chestplate"},{"type":"single","resource":"item/chainmail_helmet"},{"type":"single","resource":"item/chainmail_leggings"},{"type":"single","resource":"51027344-1594-4fb5-b7c5-22972a2191c8:d157946a-f969-4a17-a7fa-8601c69467b1"},{"type":"single","resource":"51027344-1594-4fb5-b7c5-22972a2191c8:b253ddaa-502c-41c1-8be8-d0b6de3223ae"},{"type":"single","resource":"51027344-1594-4fb5-b7c5-22972a2191c8:f5f407d1-8ac0-4558-91a6-2ff6856eb3c4"},{"type":"single","resource":"013ea369-0419-418e-baeb-c76d527bba59:ce323107-92b6-4c87-8172-e030f6fb3b73"},{"type":"single","resource":"013ea369-0419-418e-baeb-c76d527bba59:58dc209b-5d54-4eba-919b-c0c959d94ae3"},{"type":"single","resource":"013ea369-0419-418e-baeb-c76d527bba59:febe3e46-b5a7-4f74-885e-0581c5a1346c"},{"type":"single","resource":"51027344-1594-4fb5-b7c5-22972a2191c8:78440146-5fb4-4a38-a88b-9c7e2638e336"},{"type":"single","resource":"d5c7c220-1180-4814-aab7-83f905ddb3dd:8ba395e0-33d3-4e3a-9a21-374bbeca254a"},{"type":"single","resource":"51027344-1594-4fb5-b7c5-22972a2191c8:9d44c5ba-e568-400c-be81-bf9b3aea47a9"},{"type":"single","resource":"d5c7c220-1180-4814-aab7-83f905ddb3dd:34e897f4-6821-40be-a7e9-cee2541af158"},{"type":"single","resource":"d5c7c220-1180-4814-aab7-83f905ddb3dd:55ce2753-1cdb-4e57-a338-462535978ddf"},{"type":"single","resource":"d5c7c220-1180-4814-aab7-83f905ddb3dd:388ed9d6-0cd6-4dff-90b8-ebc792e20cab"},{"type":"single","resource":"d5c7c220-1180-4814-aab7-83f905ddb3dd:7c99ba92-2051-48d1-87a6-7116bf1734e8"},{"type":"single","resource":"d5c7c220-1180-4814-aab7-83f905ddb3dd:61e9e137-ea24-416f-9781-d60f218b5c3a"},{"type":"single","resource":"d5c7c220-1180-4814-aab7-83f905ddb3dd:f42e3380-d854-4ef0-a38c-ac253ad2a8be"},{"type":"single","resource":"d5c7c220-1180-4814-aab7-83f905ddb3dd:2391a15d-16dd-42d7-ae18-3fbb47edd9ad"},{"type":"single","resource":"d5c7c220-1180-4814-aab7-83f905ddb3dd:2fba2ade-6b1f-4fc2-be89-a00a235e441f"},{"type":"single","resource":"d5c7c220-1180-4814-aab7-83f905ddb3dd:f08db695-6903-4a58-b0e3-36eacdfd2f02"},{"type":"single","resource":"d5c7c220-1180-4814-aab7-83f905ddb3dd:ebe5640f-9e00-4844-b02d-9952846feae5"},{"type":"single","resource":"d5c7c220-1180-4814-aab7-83f905ddb3dd:07825591-dab1-496c-835e-1152be464719"},{"type":"single","resource":"d5c7c220-1180-4814-aab7-83f905ddb3dd:9959d8f2-00b3-4f44-b154-8575609808d9"},{"type":"single","resource":"d5c7c220-1180-4814-aab7-83f905ddb3dd:dbcbca46-fb39-4f42-abb3-1fd1ee5cc38e"},{"type":"single","resource":"d5c7c220-1180-4814-aab7-83f905ddb3dd:b046a6b7-c6ca-411a-a7e1-7b786e6bfb63"},{"type":"single","resource":"d5c7c220-1180-4814-aab7-83f905ddb3dd:b3f234f5-b7e3-4e4d-8ae8-e5b5651a4a14"},{"type":"single","resource":"d5c7c220-1180-4814-aab7-83f905ddb3dd:06da8e97-1aa5-495d-9876-69949b5e3909"},{"type":"single","resource":"d5c7c220-1180-4814-aab7-83f905ddb3dd:a0f5a53b-172b-4a92-90eb-6eb0c062d8ef"},{"type":"single","resource":"d5c7c220-1180-4814-aab7-83f905ddb3dd:46354729-6ffc-4230-821d-9bbbb536a1e5"},{"type":"single","resource":"d5c7c220-1180-4814-aab7-83f905ddb3dd:46354729-6ffc-4230-821d-9bbbb536a1e5"},{"type":"single","resource":"d5c7c220-1180-4814-aab7-83f905ddb3dd:30009f5c-fefd-44d2-88ad-a4cfb0e88ef2"},{"type":"single","resource":"d5c7c220-1180-4814-aab7-83f905ddb3dd:b154415c-e1cd-4c2f-a12b-41bc74666dab"},{"type":"single","resource":"d5c7c220-1180-4814-aab7-83f905ddb3dd:030cd258-c90a-41b5-af3f-0c66064be55f"},{"type":"single","resource":"d5c7c220-1180-4814-aab7-83f905ddb3dd:8cf9704b-818d-4786-b229-bc4b5892a1ab"},{"type":"single","resource":"d5c7c220-1180-4814-aab7-83f905ddb3dd:4066a6db-0288-4b99-bf1f-84904241c1b2"},{"type":"single","resource":"d5c7c220-1180-4814-aab7-83f905ddb3dd:9c5ebb3e-9b99-4eb2-8cd1-e1f5a89e2b4a"},{"type":"single","resource":"d5c7c220-1180-4814-aab7-83f905ddb3dd:222c2a53-7be9-4576-825b-9127e35ab121"},{"type":"single","resource":"d5c7c220-1180-4814-aab7-83f905ddb3dd:d6e22f2f-19ad-4adf-aad3-7708a1fe0b27"},{"type":"single","resource":"d5c7c220-1180-4814-aab7-83f905ddb3dd:5fc84537-555b-4ed7-8c9e-5598b81b0f55"},{"type":"single","resource":"d5c7c220-1180-4814-aab7-83f905ddb3dd:40df6a1e-3e08-41fd-a56d-32dff784692c"},{"type":"single","resource":"d5c7c220-1180-4814-aab7-83f905ddb3dd:6a40163c-372c-4901-8142-c6f438926adc"},{"type":"single","resource":"d5c7c220-1180-4814-aab7-83f905ddb3dd:1730df32-999a-4fec-a116-3763774c6473"},{"type":"single","resource":"d5c7c220-1180-4814-aab7-83f905ddb3dd:801bc3d9-a474-4fc7-a3e1-372cd7442423"},{"type":"single","resource":"d5c7c220-1180-4814-aab7-83f905ddb3dd:db2f294c-0eed-4a5c-a662-be1e02e87bef"},{"type":"single","resource":"d5c7c220-1180-4814-aab7-83f905ddb3dd:4431f595-d900-4485-8971-0aee79cd1612"},{"type":"single","resource":"d5c7c220-1180-4814-aab7-83f905ddb3dd:6aaeeeb1-8eca-48e7-bf97-7e4cfb05d7f9"},{"type":"single","resource":"d5c7c220-1180-4814-aab7-83f905ddb3dd:a109d809-4875-457a-a115-3209e8de7bad"},{"type":"single","resource":"d5c7c220-1180-4814-aab7-83f905ddb3dd:bf0d6e1d-82b1-49e1-83f1-6897a9fbbfa6"},{"type":"single","resource":"d5c7c220-1180-4814-aab7-83f905ddb3dd:ba8e4210-5130-4a94-8955-f8fb8c9b65b6"},{"type":"single","resource":"d5c7c220-1180-4814-aab7-83f905ddb3dd:040c7177-8d8c-45b4-9eda-51c030a6b298"},{"type":"single","resource":"d5c7c220-1180-4814-aab7-83f905ddb3dd:45745f28-56e5-421d-9479-df4b9061c5e6"},{"type":"single","resource":"d5c7c220-1180-4814-aab7-83f905ddb3dd:9b3569ab-3b6b-4d10-a758-fb986317e675"},{"type":"single","resource":"d5c7c220-1180-4814-aab7-83f905ddb3dd:1635dc93-15e5-4f8a-a8bd-0a623eebe06d"},{"type":"single","resource":"d5c7c220-1180-4814-aab7-83f905ddb3dd:c877ba09-c236-4add-9130-8ae63b3dcce8"},{"type":"single","resource":"d5c7c220-1180-4814-aab7-83f905ddb3dd:08da76cc-0f65-4f23-a8e0-b217fda61c86"},{"type":"single","resource":"d5c7c220-1180-4814-aab7-83f905ddb3dd:f8b6c237-2ae0-4976-8fdf-7e5e8941e3ce"},{"type":"single","resource":"d5c7c220-1180-4814-aab7-83f905ddb3dd:cfe759c7-8538-4edf-81e2-b684da491916"},{"type":"single","resource":"d5c7c220-1180-4814-aab7-83f905ddb3dd:6d46f486-54b2-4653-be69-92b58f12f485"},{"type":"single","resource":"d5c7c220-1180-4814-aab7-83f905ddb3dd:7fa5a046-189c-4acd-bc8b-f4d4eb33c857"},{"type":"single","resource":"d5c7c220-1180-4814-aab7-83f905ddb3dd:63420955-8452-4a92-afb2-290879d54a17"},{"type":"single","resource":"d5c7c220-1180-4814-aab7-83f905ddb3dd:40c2aa39-38f0-4bec-869d-b42207b15979"},{"type":"single","resource":"d5c7c220-1180-4814-aab7-83f905ddb3dd:419f3cab-cae5-4883-82f1-1cffb74a8dea"},{"type":"single","resource":"d5c7c220-1180-4814-aab7-83f905ddb3dd:4e56f355-8335-4173-85b8-bb1e5ab1d25f"},{"type":"single","resource":"d5c7c220-1180-4814-aab7-83f905ddb3dd:544dd0f9-ac19-446d-bb07-f49b4c4b34ad"},{"type":"single","resource":"d5c7c220-1180-4814-aab7-83f905ddb3dd:de121df8-af10-4480-b86f-2f5cdff09c34"},{"type":"single","resource":"d5c7c220-1180-4814-aab7-83f905ddb3dd:a1293800-4fa7-4630-a38b-2d59bf800d4d"},{"type":"single","resource":"d5c7c220-1180-4814-aab7-83f905ddb3dd:7450839b-6873-4680-afb5-764c16fe4074"},{"type":"single","resource":"d5c7c220-1180-4814-aab7-83f905ddb3dd:6e2ab727-6ef8-406b-ac6a-fcbbe39746e1"},{"type":"single","resource":"d5c7c220-1180-4814-aab7-83f905ddb3dd:49d935d6-7199-4466-b441-38fd08fdc703"},{"type":"single","resource":"d5c7c220-1180-4814-aab7-83f905ddb3dd:cecd64fa-21f8-48e1-82e5-ec7723b67df0"},{"type":"single","resource":"d5c7c220-1180-4814-aab7-83f905ddb3dd:6508c2af-29c0-4019-99cf-54242800e1d6"},{"type":"single","resource":"d5c7c220-1180-4814-aab7-83f905ddb3dd:b9d07acf-c9b1-4336-acca-4bb61d4cba3d"},{"type":"single","resource":"d5c7c220-1180-4814-aab7-83f905ddb3dd:5b78a605-bdca-47ab-ae5d-3c1ddba7d98c"},{"type":"single","resource":"d5c7c220-1180-4814-aab7-83f905ddb3dd:7ad7547d-beb7-44e3-9a1d-96ab5fa0bdb6"},{"type":"single","resource":"d5c7c220-1180-4814-aab7-83f905ddb3dd:ae36c009-54c9-4db4-b377-01eb5f209df3"},{"type":"single","resource":"d5c7c220-1180-4814-aab7-83f905ddb3dd:0acd3595-914f-4df7-8caf-aa126a2a4812"},{"type":"single","resource":"d5c7c220-1180-4814-aab7-83f905ddb3dd:ac76f771-782e-4337-850d-56b62f64cc92"},{"type":"single","resource":"d5c7c220-1180-4814-aab7-83f905ddb3dd:5c31315f-9087-4fae-83d4-6e04fd9e8bd3"},{"type":"single","resource":"d5c7c220-1180-4814-aab7-83f905ddb3dd:18123d60-a621-4809-b534-4875eff2bbf2"},{"type":"single","resource":"d5c7c220-1180-4814-aab7-83f905ddb3dd:4b94ab7b-e675-4644-91cb-6d0845d18126"},{"type":"single","resource":"d5c7c220-1180-4814-aab7-83f905ddb3dd:02a32705-4022-4de4-ae62-c81b91bc4804"},{"type":"single","resource":"d5c7c220-1180-4814-aab7-83f905ddb3dd:52ffa2e8-3568-41bd-bf28-09a859a19a76"},{"type":"single","resource":"d5c7c220-1180-4814-aab7-83f905ddb3dd:22c5ab2d-36d7-4e1b-af24-d15f55b99265"},{"type":"single","resource":"d5c7c220-1180-4814-aab7-83f905ddb3dd:709400db-1632-42b6-a6be-ea8b8b38665d"},{"type":"single","resource":"d5c7c220-1180-4814-aab7-83f905ddb3dd:2d93de5f-d7cf-42c2-8650-7644f13c75b7"},{"type":"single","resource":"d5c7c220-1180-4814-aab7-83f905ddb3dd:2e1697c0-55ff-4512-aa3a-01353544eea6"},{"type":"single","resource":"d5c7c220-1180-4814-aab7-83f905ddb3dd:ab3325e7-8980-4bb6-bcc3-e549b00e60b4"},{"type":"single","resource":"d5c7c220-1180-4814-aab7-83f905ddb3dd:70e67518-87bb-4f5b-b376-26f71110721a"},{"type":"single","resource":"d5c7c220-1180-4814-aab7-83f905ddb3dd:ed348f20-fa2f-4395-9047-e8bf831546cc"},{"type":"single","resource":"d5c7c220-1180-4814-aab7-83f905ddb3dd:8f3d8c99-9975-44b2-809b-1c2bbf1ddc44"},{"type":"single","resource":"d5c7c220-1180-4814-aab7-83f905ddb3dd:ba7cb21b-4845-4608-9254-655e9595f962"},{"type":"single","resource":"d5c7c220-1180-4814-aab7-83f905ddb3dd:85eb7f8c-9d42-4c84-a1d9-8abc690df5ab"},{"type":"single","resource":"d5c7c220-1180-4814-aab7-83f905ddb3dd:0f10c309-cd39-4b23-ba10-a311f0e182b9"},{"type":"single","resource":"d5c7c220-1180-4814-aab7-83f905ddb3dd:2d91ded2-fe92-4dd5-a2bb-91984c5c081d"},{"type":"single","resource":"d5c7c220-1180-4814-aab7-83f905ddb3dd:cb640e28-37ee-4bba-8997-2e52e401d7f4"},{"type":"single","resource":"d5c7c220-1180-4814-aab7-83f905ddb3dd:863e5951-073b-4502-a4a1-0cca8ec637b1"},{"type":"single","resource":"d5c7c220-1180-4814-aab7-83f905ddb3dd:8814aba1-b600-4955-9d75-4915da0a00fe"},{"type":"single","resource":"d5c7c220-1180-4814-aab7-83f905ddb3dd:f78058d6-fb8c-418d-872d-15d57919ee58"},{"type":"single","resource":"d5c7c220-1180-4814-aab7-83f905ddb3dd:a98fc110-6399-4d73-a7d4-395aac8afa80"},{"type":"single","resource":"d5c7c220-1180-4814-aab7-83f905ddb3dd:04bdc22d-ddfa-44f9-bbd9-bbd9716df669"},{"type":"single","resource":"d5c7c220-1180-4814-aab7-83f905ddb3dd:a6d12219-0455-47cc-a050-10b52b35f05c"},{"type":"single","resource":"d5c7c220-1180-4814-aab7-83f905ddb3dd:5b832589-4678-40d7-86c5-551d2ae199af"},{"type":"single","resource":"d5c7c220-1180-4814-aab7-83f905ddb3dd:7cefd12f-4128-4b3c-9d0d-7f0a5f797aff"},{"type":"single","resource":"d5c7c220-1180-4814-aab7-83f905ddb3dd:26127edf-d75d-4f7b-b186-c9984c5a9b28"},{"type":"single","resource":"d5c7c220-1180-4814-aab7-83f905ddb3dd:d8f2a0f5-b669-4643-ae70-b95fed587390"},{"type":"single","resource":"d5c7c220-1180-4814-aab7-83f905ddb3dd:e79070da-8d4a-4b4b-8b95-bbaa6e914ee9"},{"type":"single","resource":"d5c7c220-1180-4814-aab7-83f905ddb3dd:540c53fb-2e31-4fd9-a327-ffa3ef4ae5a0"},{"type":"single","resource":"d5c7c220-1180-4814-aab7-83f905ddb3dd:99c1773b-68f5-462c-8cf9-40c4016059f2"},{"type":"single","resource":"d5c7c220-1180-4814-aab7-83f905ddb3dd:41b763a2-b5dd-4b0e-babf-4d8d28c9f08a"},{"type":"single","resource":"d5c7c220-1180-4814-aab7-83f905ddb3dd:1e307369-cad3-47be-b4a6-4396471355f9"},{"type":"single","resource":"d5c7c220-1180-4814-aab7-83f905ddb3dd:111a1f4b-dd13-48be-900a-68bfd5ce958f"},{"type":"single","resource":"d5c7c220-1180-4814-aab7-83f905ddb3dd:c857f336-4992-46aa-9ab0-e0536334bac9"},{"type":"single","resource":"d5c7c220-1180-4814-aab7-83f905ddb3dd:0bb85394-fc46-491b-8b94-f7c97d69f7cf"},{"type":"single","resource":"d5c7c220-1180-4814-aab7-83f905ddb3dd:833382da-77af-4131-a401-02cca14487cf"},{"type":"single","resource":"d5c7c220-1180-4814-aab7-83f905ddb3dd:030f2483-95f9-4b37-807e-009d65d11d4a"},{"type":"single","resource":"d5c7c220-1180-4814-aab7-83f905ddb3dd:5fc274bb-5f3b-4f63-99f9-9045f4433042"},{"type":"single","resource":"d5c7c220-1180-4814-aab7-83f905ddb3dd:abf9b517-5e2b-4310-af5d-e2d78c2ea784"},{"type":"single","resource":"d5c7c220-1180-4814-aab7-83f905ddb3dd:d72e22e0-cc40-4041-b41b-defb5172d094"},{"type":"single","resource":"d5c7c220-1180-4814-aab7-83f905ddb3dd:dc383461-e80b-4e9b-8891-5d4a4e4c4dbf"},{"type":"single","resource":"d5c7c220-1180-4814-aab7-83f905ddb3dd:66d8cb0b-4fc5-4fb5-9346-81f6093d6a85"},{"type":"single","resource":"d5c7c220-1180-4814-aab7-83f905ddb3dd:24d02167-3165-4e5f-aafe-04a85247cad6"},{"type":"single","resource":"d5c7c220-1180-4814-aab7-83f905ddb3dd:1dd85b73-3386-43ee-b011-2f0d381e48cb"},{"type":"single","resource":"d5c7c220-1180-4814-aab7-83f905ddb3dd:58d66f2c-9080-4b82-9099-5d00053f4d90"},{"type":"single","resource":"d5c7c220-1180-4814-aab7-83f905ddb3dd:bf03ea96-b228-4206-80d6-d3d0f1beff75"},{"type":"single","resource":"d5c7c220-1180-4814-aab7-83f905ddb3dd:3423f8cc-d15e-4a03-9b29-d7e8435e0809"},{"type":"single","resource":"d5c7c220-1180-4814-aab7-83f905ddb3dd:eae809a8-bdf6-49aa-bad4-909cadf6e4b8"},{"type":"single","resource":"d5c7c220-1180-4814-aab7-83f905ddb3dd:73bf2721-29c9-48c6-be11-a6f05a6c4820"},{"type":"single","resource":"d5c7c220-1180-4814-aab7-83f905ddb3dd:784fa359-4326-4965-8b45-587be0bf3fbb"},{"type":"single","resource":"d5c7c220-1180-4814-aab7-83f905ddb3dd:3e8518a8-aa9b-4b62-a6b0-2ba237fd400d"},{"type":"single","resource":"d5c7c220-1180-4814-aab7-83f905ddb3dd:ffd21e08-34cc-4b49-8ba3-a61778b4a271"},{"type":"single","resource":"d5c7c220-1180-4814-aab7-83f905ddb3dd:7eecce79-3811-4dad-a9da-4a4b13e4bda8"},{"type":"single","resource":"51027344-1594-4fb5-b7c5-22972a2191c8:218a92fc-229c-4204-9f37-1c4b2cbedff2"},{"type":"single","resource":"51027344-1594-4fb5-b7c5-22972a2191c8:e4ea3808-2ac4-4851-8b5a-ae4a30cb35eb"},{"type":"single","resource":"51027344-1594-4fb5-b7c5-22972a2191c8:9d7fc739-cd3f-4192-b44f-8702caef56ce"},{"type":"single","resource":"item/leather_horse_armor"},{"type":"single","resource":"51027344-1594-4fb5-b7c5-22972a2191c8:dc88845e-8e6f-4216-9258-81124e2de8ef"},{"type":"single","resource":"d5c7c220-1180-4814-aab7-83f905ddb3dd:591b29de-ef8a-4101-bba3-5a566a20b3c2"},{"type":"single","resource":"d5c7c220-1180-4814-aab7-83f905ddb3dd:693c96ae-2a8d-499e-bb01-a47ec9baf135"},{"type":"single","resource":"d5c7c220-1180-4814-aab7-83f905ddb3dd:51ad9650-401e-41e4-88bd-b5fd18c376b4"},{"type":"single","resource":"d5c7c220-1180-4814-aab7-83f905ddb3dd:1d8eb79d-7206-4b8d-b4dd-bc38d074a369"},{"type":"single","resource":"d5c7c220-1180-4814-aab7-83f905ddb3dd:be5dac57-8935-4f57-8ca9-dd0f24ae99c0"},{"type":"single","resource":"d5c7c220-1180-4814-aab7-83f905ddb3dd:ff605f74-f7e5-4510-8043-701e885e6684"},{"type":"single","resource":"d5c7c220-1180-4814-aab7-83f905ddb3dd:4ee40e54-4498-493e-b9bd-9fb9ff9ef152"},{"type":"single","resource":"d5c7c220-1180-4814-aab7-83f905ddb3dd:b8532a95-7ecd-42d7-b369-e34b99358ba8"},{"type":"single","resource":"d5c7c220-1180-4814-aab7-83f905ddb3dd:057a3140-a0e9-4d19-a82a-f6a4e4448207"},{"type":"single","resource":"d5c7c220-1180-4814-aab7-83f905ddb3dd:15e4a678-6a8e-4df2-8c69-65c98060af00"},{"type":"single","resource":"d5c7c220-1180-4814-aab7-83f905ddb3dd:fc65eb86-64e4-4d3d-98a6-7491221266c3"},{"type":"single","resource":"d5c7c220-1180-4814-aab7-83f905ddb3dd:a92ec946-cad1-4c56-9d0d-58314a32e89f"},{"type":"single","resource":"d5c7c220-1180-4814-aab7-83f905ddb3dd:ba3ef538-b725-4cf0-a253-85b7cfaa8b39"},{"type":"single","resource":"d5c7c220-1180-4814-aab7-83f905ddb3dd:07e091fb-ed88-4a82-ad58-458fdde94797"},{"type":"single","resource":"d5c7c220-1180-4814-aab7-83f905ddb3dd:7d078150-dc45-47cf-aaba-9ce36fb6ac06"},{"type":"single","resource":"d5c7c220-1180-4814-aab7-83f905ddb3dd:3690c600-2afe-4915-8ee4-a02f4dbffd90"},{"type":"single","resource":"d5c7c220-1180-4814-aab7-83f905ddb3dd:b287a021-224b-4cbc-96e3-5061732217b1"},{"type":"single","resource":"d5c7c220-1180-4814-aab7-83f905ddb3dd:0e9f11de-956e-40d9-963f-aaa71628b314"},{"type":"single","resource":"d5c7c220-1180-4814-aab7-83f905ddb3dd:70a3c818-a2a7-4a5a-8c1b-f081aa30eb0b"},{"type":"single","resource":"d5c7c220-1180-4814-aab7-83f905ddb3dd:81245ce7-b752-400f-8d2f-616932394302"},{"type":"single","resource":"d5c7c220-1180-4814-aab7-83f905ddb3dd:2e0108ef-82fe-413c-b02b-8b3ab0a620de"},{"type":"single","resource":"d5c7c220-1180-4814-aab7-83f905ddb3dd:66cfab98-69e1-4903-b82c-f4653cdbbf1e"},{"type":"single","resource":"d5c7c220-1180-4814-aab7-83f905ddb3dd:ed38f691-0d34-4ba3-87bd-e3be20f8eef3"},{"type":"single","resource":"d5c7c220-1180-4814-aab7-83f905ddb3dd:6a3c4a03-8d0e-4b73-9e57-36280152dddd"},{"type":"single","resource":"d5c7c220-1180-4814-aab7-83f905ddb3dd:d6dd73eb-d64e-49db-a8ad-d684f06893e8"},{"type":"single","resource":"d5c7c220-1180-4814-aab7-83f905ddb3dd:a947055a-dff2-4708-8575-ba195c07441c"},{"type":"single","resource":"d5c7c220-1180-4814-aab7-83f905ddb3dd:066cf4f9-6f9e-4059-9573-9d4831913e92"},{"type":"single","resource":"d5c7c220-1180-4814-aab7-83f905ddb3dd:c20c6b2c-0115-4fcc-9cce-8875098987e7"},{"type":"single","resource":"d5c7c220-1180-4814-aab7-83f905ddb3dd:55dfc9c5-0f64-43b7-a5dd-479195f87cd9"},{"type":"single","resource":"d5c7c220-1180-4814-aab7-83f905ddb3dd:67d0d134-a17f-43bc-a4be-e4729d40e1e4"},{"type":"single","resource":"d5c7c220-1180-4814-aab7-83f905ddb3dd:6f55d7cf-25c7-4e41-9e20-67cf0703a9ee"},{"type":"single","resource":"d5c7c220-1180-4814-aab7-83f905ddb3dd:51b79794-8c1e-4530-8ee0-2366eb075270"},{"type":"single","resource":"d5c7c220-1180-4814-aab7-83f905ddb3dd:bcde8407-b2af-4fb2-88cc-38ea6f1beafd"},{"type":"single","resource":"d5c7c220-1180-4814-aab7-83f905ddb3dd:f95ab778-b31d-489b-b534-63e79e067e19"},{"type":"single","resource":"d5c7c220-1180-4814-aab7-83f905ddb3dd:a14036ed-268b-49a6-bb0d-791fb223a01b"},{"type":"single","resource":"d5c7c220-1180-4814-aab7-83f905ddb3dd:34b950c7-5517-4911-8cdd-3f498c4af289"},{"type":"single","resource":"d5c7c220-1180-4814-aab7-83f905ddb3dd:2b0d6081-512e-4e78-91d9-11b78f79b8b8"},{"type":"single","resource":"d5c7c220-1180-4814-aab7-83f905ddb3dd:3834707f-168a-483e-80fe-4463f7f3321b"},{"type":"single","resource":"d5c7c220-1180-4814-aab7-83f905ddb3dd:057bb275-002c-4724-8758-de1fa03c0703"},{"type":"single","resource":"d5c7c220-1180-4814-aab7-83f905ddb3dd:2d28488e-f0eb-4b3e-8b68-182a4f045e8e"},{"type":"single","resource":"d5c7c220-1180-4814-aab7-83f905ddb3dd:3e17cc9c-5f24-42f7-8d13-49b451b3e0fd"},{"type":"single","resource":"d5c7c220-1180-4814-aab7-83f905ddb3dd:eba2d5bb-b1f4-4991-8c03-5e91c1d9847c"},{"type":"single","resource":"51027344-1594-4fb5-b7c5-22972a2191c8:4dd0ee1e-e6cb-4786-a2ed-1daa0ba1f90c"},{"type":"single","resource":"d5c7c220-1180-4814-aab7-83f905ddb3dd:c55b477f-912b-4a27-9f6b-ef7a3e203827"},{"type":"single","resource":"d5c7c220-1180-4814-aab7-83f905ddb3dd:09f9aca4-6676-4ce1-b951-ad4c1d838794"},{"type":"single","resource":"d5c7c220-1180-4814-aab7-83f905ddb3dd:2b90410f-5a51-4d14-9eb3-2e003aa25014"},{"type":"single","resource":"d5c7c220-1180-4814-aab7-83f905ddb3dd:b892f7be-1002-45b8-a3e2-5df97b48b110"},{"type":"single","resource":"d5c7c220-1180-4814-aab7-83f905ddb3dd:e57362c7-02bf-4d33-8529-0c8d42b16f8a"},{"type":"single","resource":"d5c7c220-1180-4814-aab7-83f905ddb3dd:eab9c3f6-bfc3-44be-a21d-d524a5ff66f2"},{"type":"single","resource":"item/netherite_axe"},{"type":"single","resource":"item/netherite_hoe"},{"type":"single","resource":"item/netherite_pickaxe"},{"type":"single","resource":"item/netherite_shovel"},{"type":"single","resource":"51027344-1594-4fb5-b7c5-22972a2191c8:d22852b1-576a-4d7f-b879-a15e504a6688"},{"type":"single","resource":"item/netherite_sword"},{"type":"single","resource":"5897fd60-b538-4a41-b238-5004be888425:4e7e9374-dbbf-41cb-8af8-372b9a344c94"},{"type":"single","resource":"5897fd60-b538-4a41-b238-5004be888425:4e7e9374-dbbf-41cb-8af8-372b9a344c94"},{"type":"single","resource":"5897fd60-b538-4a41-b238-5004be888425:5b3a3cc0-617c-46fb-8b16-6bdd7e17a933"},{"type":"single","resource":"5897fd60-b538-4a41-b238-5004be888425:5b3a3cc0-617c-46fb-8b16-6bdd7e17a933"},{"type":"single","resource":"5897fd60-b538-4a41-b238-5004be888425:dd84d37a-b93b-48c0-ae39-47980616b085"},{"type":"single","resource":"5897fd60-b538-4a41-b238-5004be888425:bf6d14c1-5f70-4210-b8e5-8114b43c8589"},{"type":"single","resource":"5897fd60-b538-4a41-b238-5004be888425:bf6d14c1-5f70-4210-b8e5-8114b43c8589"},{"type":"single","resource":"5897fd60-b538-4a41-b238-5004be888425:a30dee00-bec4-4fce-b4a5-7e94ace2a3bf"},{"type":"single","resource":"5897fd60-b538-4a41-b238-5004be888425:ad133557-20fd-4c82-b5d6-4c8353aa5418"},{"type":"single","resource":"5897fd60-b538-4a41-b238-5004be888425:48f0d67a-3cc2-4831-b55e-61ccc9d58490"},{"type":"single","resource":"5897fd60-b538-4a41-b238-5004be888425:f4b85ab7-2c9d-4a7d-beaf-f5830ef8a383"},{"type":"single","resource":"5897fd60-b538-4a41-b238-5004be888425:28b3815f-dcaf-4ea3-ae56-82bf36c8bcba"},{"type":"single","resource":"5897fd60-b538-4a41-b238-5004be888425:28b3815f-dcaf-4ea3-ae56-82bf36c8bcba"},{"type":"single","resource":"5897fd60-b538-4a41-b238-5004be888425:bbab48af-53fd-4de0-905d-8098e30d766b"},{"type":"single","resource":"5897fd60-b538-4a41-b238-5004be888425:bbab48af-53fd-4de0-905d-8098e30d766b"},{"type":"single","resource":"5897fd60-b538-4a41-b238-5004be888425:3e33b791-9688-434c-9ebe-71a7379dcba5"},{"type":"single","resource":"5897fd60-b538-4a41-b238-5004be888425:aaf11d1a-60c0-44af-8b95-1745ea296b69"},{"type":"single","resource":"5897fd60-b538-4a41-b238-5004be888425:8b233aa3-5aca-4c3d-a2d5-5452bd038333"},{"type":"single","resource":"5897fd60-b538-4a41-b238-5004be888425:8b233aa3-5aca-4c3d-a2d5-5452bd038333"},{"type":"single","resource":"5897fd60-b538-4a41-b238-5004be888425:56c60113-1e4b-4e7d-8d78-d1601aedb5a2"},{"type":"single","resource":"5897fd60-b538-4a41-b238-5004be888425:56c60113-1e4b-4e7d-8d78-d1601aedb5a2"},{"type":"single","resource":"5897fd60-b538-4a41-b238-5004be888425:56c60113-1e4b-4e7d-8d78-d1601aedb5a2"},{"type":"single","resource":"5897fd60-b538-4a41-b238-5004be888425:b7351bb3-1237-4263-b022-471bed3fbd2a"},{"type":"single","resource":"5897fd60-b538-4a41-b238-5004be888425:92d6dba8-dd4d-401f-a9f5-c81a6aec9592"},{"type":"single","resource":"5897fd60-b538-4a41-b238-5004be888425:b375017d-8670-406e-89ca-15225e09acfb"},{"type":"single","resource":"5897fd60-b538-4a41-b238-5004be888425:c512446d-e051-4673-a25a-58882e82cdf0"},{"type":"single","resource":"5897fd60-b538-4a41-b238-5004be888425:773bb99c-2f30-406c-a3e4-1adff27481bd"},{"type":"single","resource":"5897fd60-b538-4a41-b238-5004be888425:b4e3ddc6-d32f-40c4-935b-edcefd3e0941"},{"type":"single","resource":"5897fd60-b538-4a41-b238-5004be888425:1047c253-c9f8-415e-ab98-f8f9aee43395"},{"type":"single","resource":"5897fd60-b538-4a41-b238-5004be888425:1047c253-c9f8-415e-ab98-f8f9aee43395"},{"type":"single","resource":"5897fd60-b538-4a41-b238-5004be888425:39244ddd-1f1d-4d69-8811-48aa5d577b23"},{"type":"single","resource":"5897fd60-b538-4a41-b238-5004be888425:f8a0be58-9b6f-4973-844f-0106332952c7"},{"type":"single","resource":"5897fd60-b538-4a41-b238-5004be888425:2ed6d8d2-f311-45b2-b46a-df9447596c54"},{"type":"single","resource":"5897fd60-b538-4a41-b238-5004be888425:25bada96-1c92-4f0c-93ff-a8dcb96b4d30"},{"type":"single","resource":"5897fd60-b538-4a41-b238-5004be888425:25bada96-1c92-4f0c-93ff-a8dcb96b4d30"},{"type":"single","resource":"5897fd60-b538-4a41-b238-5004be888425:84e3c4a7-817c-4ba0-af84-8727e4819d78"},{"type":"single","resource":"5897fd60-b538-4a41-b238-5004be888425:84e3c4a7-817c-4ba0-af84-8727e4819d78"},{"type":"single","resource":"5897fd60-b538-4a41-b238-5004be888425:f76db688-b4e9-4259-a532-51c155da4023"},{"type":"single","resource":"5897fd60-b538-4a41-b238-5004be888425:f76db688-b4e9-4259-a532-51c155da4023"},{"type":"single","resource":"5897fd60-b538-4a41-b238-5004be888425:dd04d23b-be9c-4d66-b29c-4c438363fc70"},{"type":"single","resource":"5897fd60-b538-4a41-b238-5004be888425:fca049b3-76de-4ed3-b6fb-dc78c06dc45f"},{"type":"single","resource":"5897fd60-b538-4a41-b238-5004be888425:6503ffa5-eb84-4c6e-bfe2-10ba1f009c37"},{"type":"single","resource":"5897fd60-b538-4a41-b238-5004be888425:6503ffa5-eb84-4c6e-bfe2-10ba1f009c37"},{"type":"single","resource":"5897fd60-b538-4a41-b238-5004be888425:322e585a-af62-404d-83d8-2f5e1e9e33bf"},{"type":"single","resource":"5897fd60-b538-4a41-b238-5004be888425:2e9f19a0-a0f5-4dcd-98ca-d923340c06ad"},{"type":"single","resource":"5897fd60-b538-4a41-b238-5004be888425:bb6a8504-70eb-4a3f-a3ba-75daccb40174"},{"type":"single","resource":"5897fd60-b538-4a41-b238-5004be888425:bb6a8504-70eb-4a3f-a3ba-75daccb40174"},{"type":"single","resource":"51027344-1594-4fb5-b7c5-22972a2191c8:3aaed40e-38fa-43d4-9cf8-9ce18d01fa3f"},{"type":"single","resource":"51027344-1594-4fb5-b7c5-22972a2191c8:306cec62-abcc-4a15-997c-a0cc4ac8a7cc"},{"type":"single","resource":"51027344-1594-4fb5-b7c5-22972a2191c8:de3ff9b1-9a1f-48db-bc8f-56b38adcc573"},{"type":"single","resource":"51027344-1594-4fb5-b7c5-22972a2191c8:d71ced8b-ba41-4854-8e7f-5764aa8753f6"},{"type":"single","resource":"51027344-1594-4fb5-b7c5-22972a2191c8:41df3f1c-8be8-453c-8968-d7a03c834e86"},{"type":"single","resource":"51027344-1594-4fb5-b7c5-22972a2191c8:e8408248-6361-4389-ba44-ef26867d1039"},{"type":"single","resource":"51027344-1594-4fb5-b7c5-22972a2191c8:3d241bea-ad06-4079-b957-112e993ed8f8"},{"type":"single","resource":"51027344-1594-4fb5-b7c5-22972a2191c8:a97f8a05-ea6b-4c34-96ee-50586b93773e"},{"type":"single","resource":"51027344-1594-4fb5-b7c5-22972a2191c8:7a412146-1bbe-416f-8b47-2ccd3c77f33d"},{"type":"single","resource":"51027344-1594-4fb5-b7c5-22972a2191c8:d2854194-ebc7-4b9c-9e6c-f06e73cc9520"},{"type":"single","resource":"51027344-1594-4fb5-b7c5-22972a2191c8:06c9ed37-14fa-4e4b-adcb-d953fdb4a07b"},{"type":"single","resource":"51027344-1594-4fb5-b7c5-22972a2191c8:f2fb9558-5ccc-4ab4-88a3-1d43d82d181a"},{"type":"single","resource":"51027344-1594-4fb5-b7c5-22972a2191c8:168a1766-6ebb-4af0-a380-e30296d75e54"},{"type":"single","resource":"51027344-1594-4fb5-b7c5-22972a2191c8:07edfc63-a9bd-4e28-8f00-fb89208e3b95"},{"type":"single","resource":"51027344-1594-4fb5-b7c5-22972a2191c8:442b5b4e-ffd2-4a33-9e7e-d2d8b605953a"},{"type":"single","resource":"51027344-1594-4fb5-b7c5-22972a2191c8:3a9139bd-a801-4628-a2f9-a73b9c23f34f"},{"type":"single","resource":"51027344-1594-4fb5-b7c5-22972a2191c8:18b4b05e-e6bf-4a8b-904c-73ab290a79d8"},{"type":"single","resource":"51027344-1594-4fb5-b7c5-22972a2191c8:0a5db636-d610-4053-be8a-8ec1b86c1b7c"},{"type":"single","resource":"51027344-1594-4fb5-b7c5-22972a2191c8:bbf9fbf6-239d-47a6-b804-ec3eb065937f"},{"type":"single","resource":"51027344-1594-4fb5-b7c5-22972a2191c8:c1ff7ba8-cb53-42ba-8fca-d52effcd8693"},{"type":"single","resource":"51027344-1594-4fb5-b7c5-22972a2191c8:38c6a56d-0550-4fb7-9175-3fdb63ec1ff0"},{"type":"single","resource":"51027344-1594-4fb5-b7c5-22972a2191c8:473ff2f0-0cdd-4fec-9251-2e802ae39d51"},{"type":"single","resource":"51027344-1594-4fb5-b7c5-22972a2191c8:cefdb40d-183b-4c41-b4c9-003478c25626"},{"type":"single","resource":"51027344-1594-4fb5-b7c5-22972a2191c8:c480961d-9b9e-4a29-9352-2dd9b561196b"},{"type":"single","resource":"51027344-1594-4fb5-b7c5-22972a2191c8:06c47eea-da43-488b-af7a-a1d328825328"},{"type":"single","resource":"51027344-1594-4fb5-b7c5-22972a2191c8:aac86cdf-d797-4578-96cc-5cc4e900cdd2"},{"type":"single","resource":"51027344-1594-4fb5-b7c5-22972a2191c8:836d8724-3ae0-414c-bffe-012e7aa7a15b"},{"type":"single","resource":"51027344-1594-4fb5-b7c5-22972a2191c8:ece79e8e-d5d7-4bf9-afb9-9fcd2ed20d46"},{"type":"single","resource":"51027344-1594-4fb5-b7c5-22972a2191c8:d4d5879e-0ba2-4415-996f-b4b2df4af305"},{"type":"single","resource":"51027344-1594-4fb5-b7c5-22972a2191c8:6e3008aa-4f06-4de8-a4da-857086833111"},{"type":"single","resource":"51027344-1594-4fb5-b7c5-22972a2191c8:5dd4eaf5-d2f9-4ae7-8e44-2cc9c7ab7ef1"},{"type":"single","resource":"51027344-1594-4fb5-b7c5-22972a2191c8:9a424de1-ca84-4836-b92f-5df8526ca96c"},{"type":"single","resource":"item/paper"},{"type":"single","resource":"51027344-1594-4fb5-b7c5-22972a2191c8:eb909aa9-8f52-4c94-a217-5180e1057d28"},{"type":"single","resource":"51027344-1594-4fb5-b7c5-22972a2191c8:fb8a7405-becf-47c3-86a3-eb7898230491"},{"type":"single","resource":"51027344-1594-4fb5-b7c5-22972a2191c8:147e554f-1980-4636-a65d-ad8e19e54b7d"},{"type":"single","resource":"51027344-1594-4fb5-b7c5-22972a2191c8:12cc45b6-6538-41dd-84f1-8116f58ea0ea"},{"type":"single","resource":"51027344-1594-4fb5-b7c5-22972a2191c8:f2018e24-d1cf-4261-8de7-fd3b3fd339a8"},{"type":"single","resource":"51027344-1594-4fb5-b7c5-22972a2191c8:241ac239-643e-4e29-8d88-4d4ec3b66d3a"},{"type":"single","resource":"51027344-1594-4fb5-b7c5-22972a2191c8:7862d088-18c7-4c1a-b978-73419d68fd9c"},{"type":"single","resource":"51027344-1594-4fb5-b7c5-22972a2191c8:71bb5e83-c2d3-444b-be7b-723c25238943"},{"type":"single","resource":"51027344-1594-4fb5-b7c5-22972a2191c8:e59322ef-4e4f-45b7-bb3e-dbc83a4b6352"},{"type":"single","resource":"d5c7c220-1180-4814-aab7-83f905ddb3dd:3cf4fe46-af7d-4969-8aea-ce4299603b9f"},{"type":"single","resource":"d5c7c220-1180-4814-aab7-83f905ddb3dd:3cf4fe46-af7d-4969-8aea-ce4299603b9f"},{"type":"single","resource":"d5c7c220-1180-4814-aab7-83f905ddb3dd:3757aaaf-06c2-45e2-8f4b-2d1d9d5b8e74"},{"type":"single","resource":"d5c7c220-1180-4814-aab7-83f905ddb3dd:bee64434-edae-48b4-97cc-a0a0ce2b4c77"},{"type":"single","resource":"d5c7c220-1180-4814-aab7-83f905ddb3dd:bee64434-edae-48b4-97cc-a0a0ce2b4c77"},{"type":"single","resource":"d5c7c220-1180-4814-aab7-83f905ddb3dd:b3da4bf6-0986-4d3c-8462-6e90bb748a60"},{"type":"single","resource":"d5c7c220-1180-4814-aab7-83f905ddb3dd:872ea7b6-0363-4df8-963a-593626ca6858"},{"type":"single","resource":"d5c7c220-1180-4814-aab7-83f905ddb3dd:872ea7b6-0363-4df8-963a-593626ca6858"},{"type":"single","resource":"d5c7c220-1180-4814-aab7-83f905ddb3dd:3798d10f-0d58-489f-b15a-5770e4a01e59"},{"type":"single","resource":"d5c7c220-1180-4814-aab7-83f905ddb3dd:3798d10f-0d58-489f-b15a-5770e4a01e59"},{"type":"single","resource":"d5c7c220-1180-4814-aab7-83f905ddb3dd:3798d10f-0d58-489f-b15a-5770e4a01e59"},{"type":"single","resource":"d5c7c220-1180-4814-aab7-83f905ddb3dd:3798d10f-0d58-489f-b15a-5770e4a01e59"},{"type":"single","resource":"d5c7c220-1180-4814-aab7-83f905ddb3dd:3efd5af2-eea5-4b1a-ac53-023a7b25caeb"},{"type":"single","resource":"d5c7c220-1180-4814-aab7-83f905ddb3dd:89d84ad4-00f0-4a7c-a1ed-5e9d90cf8a06"},{"type":"single","resource":"d5c7c220-1180-4814-aab7-83f905ddb3dd:eb233713-d8a9-4fbb-9013-85922e97a493"},{"type":"single","resource":"d5c7c220-1180-4814-aab7-83f905ddb3dd:38f5caa2-9796-4152-853b-aa143e51bdba"},{"type":"single","resource":"d5c7c220-1180-4814-aab7-83f905ddb3dd:8133987c-309e-4e4d-87d9-353f38bb8608"},{"type":"single","resource":"d5c7c220-1180-4814-aab7-83f905ddb3dd:a0348327-2dcd-4aeb-8eb5-9bbfe853cfcb"},{"type":"single","resource":"d5c7c220-1180-4814-aab7-83f905ddb3dd:64280134-425f-4129-b05b-34d72745bde1"},{"type":"single","resource":"d5c7c220-1180-4814-aab7-83f905ddb3dd:8d419181-69c5-44d5-92a7-7667ed7b1bfc"},{"type":"single","resource":"d5c7c220-1180-4814-aab7-83f905ddb3dd:951f6a21-873d-4573-b966-1db3b966854b"},{"type":"single","resource":"d5c7c220-1180-4814-aab7-83f905ddb3dd:94088e06-8ba1-46e6-93bd-4dc5b1f7828e"},{"type":"single","resource":"d5c7c220-1180-4814-aab7-83f905ddb3dd:e7184c7b-60b2-4fbf-8a78-54dd3139baaf"},{"type":"single","resource":"d5c7c220-1180-4814-aab7-83f905ddb3dd:d08f74fd-c0f5-4a7a-839a-2c814f81b660"},{"type":"single","resource":"d5c7c220-1180-4814-aab7-83f905ddb3dd:e094521b-4c8f-49b7-8533-6b3c5d84de00"},{"type":"single","resource":"d5c7c220-1180-4814-aab7-83f905ddb3dd:040538e8-d455-48a5-85be-2cb608d4703b"},{"type":"single","resource":"d5c7c220-1180-4814-aab7-83f905ddb3dd:fc6f2d45-d313-49de-a7e6-a5fe91277689"},{"type":"single","resource":"d5c7c220-1180-4814-aab7-83f905ddb3dd:8c5bd719-cb19-414e-823d-e1421a164220"},{"type":"single","resource":"d5c7c220-1180-4814-aab7-83f905ddb3dd:6ac74fe8-254d-41ae-8922-7e90ec465697"},{"type":"single","resource":"d5c7c220-1180-4814-aab7-83f905ddb3dd:d0e3ab24-ed8e-43e5-b1b0-21254a661135"},{"type":"single","resource":"d5c7c220-1180-4814-aab7-83f905ddb3dd:b3533c59-8124-4111-b1f4-dd7b92d149cb"},{"type":"single","resource":"d5c7c220-1180-4814-aab7-83f905ddb3dd:d6517dc2-9ad1-4fe8-8471-234995839474"},{"type":"single","resource":"d5c7c220-1180-4814-aab7-83f905ddb3dd:3f397b1d-f0fe-49c2-9d2d-23ddd3503c86"},{"type":"single","resource":"d5c7c220-1180-4814-aab7-83f905ddb3dd:3e40b71e-0646-4a62-b19e-767a5b93a58b"},{"type":"single","resource":"d5c7c220-1180-4814-aab7-83f905ddb3dd:e1e875d5-2521-457f-821d-342ce0aeb445"},{"type":"single","resource":"d5c7c220-1180-4814-aab7-83f905ddb3dd:de234b5c-452c-4f95-8c5e-9ff6c08c5ec8"},{"type":"single","resource":"d5c7c220-1180-4814-aab7-83f905ddb3dd:6589860b-d1ff-4eb4-9701-734f396f3731"},{"type":"single","resource":"d5c7c220-1180-4814-aab7-83f905ddb3dd:505d61d9-9ba4-4a1b-9abd-86172b66bf90"},{"type":"single","resource":"d5c7c220-1180-4814-aab7-83f905ddb3dd:65a56e69-2d7b-4ac3-a785-181814d32bf1"},{"type":"single","resource":"d5c7c220-1180-4814-aab7-83f905ddb3dd:e71f35b6-2180-4427-8eb7-1259a1357bb5"},{"type":"single","resource":"d5c7c220-1180-4814-aab7-83f905ddb3dd:8092aece-9b6c-440b-a4f5-d8792bcadc25"},{"type":"single","resource":"d5c7c220-1180-4814-aab7-83f905ddb3dd:cd2b7973-9c9e-44d5-9672-05014aaced92"},{"type":"single","resource":"d5c7c220-1180-4814-aab7-83f905ddb3dd:a14384b7-92dd-468f-a12b-7b0bf90fff5a"},{"type":"single","resource":"d5c7c220-1180-4814-aab7-83f905ddb3dd:afcb2d7a-5ad4-4c14-aa6d-67659b060b15"},{"type":"single","resource":"d5c7c220-1180-4814-aab7-83f905ddb3dd:c430dde6-940b-4e18-b8e0-aae8eb25e0ee"},{"type":"single","resource":"d5c7c220-1180-4814-aab7-83f905ddb3dd:70df7367-73b3-44d9-98f2-6803a06bf6d0"},{"type":"single","resource":"d5c7c220-1180-4814-aab7-83f905ddb3dd:5676a123-1f26-4b1c-93b3-f0196e44c884"},{"type":"single","resource":"d5c7c220-1180-4814-aab7-83f905ddb3dd:7ff69e82-8f8d-4e2a-bc6e-1f52f2c88ffe"},{"type":"single","resource":"d5c7c220-1180-4814-aab7-83f905ddb3dd:4dd7a64b-c49f-4a23-be32-9762a44a636e"},{"type":"single","resource":"d5c7c220-1180-4814-aab7-83f905ddb3dd:99bbe563-32bf-42c5-9e50-5607ea775813"},{"type":"single","resource":"d5c7c220-1180-4814-aab7-83f905ddb3dd:de3d2a5c-924b-431d-86fa-3f4ca6e12820"},{"type":"single","resource":"d5c7c220-1180-4814-aab7-83f905ddb3dd:7f65f596-d2f5-4e28-8e63-cebe1c6b4c0a"},{"type":"single","resource":"d5c7c220-1180-4814-aab7-83f905ddb3dd:308cb345-ffca-453f-96b7-b06fd8dc59e6"},{"type":"single","resource":"d5c7c220-1180-4814-aab7-83f905ddb3dd:5acfaf8c-3e95-4c2f-b571-dcb94315afdc"},{"type":"single","resource":"d5c7c220-1180-4814-aab7-83f905ddb3dd:65f518bd-b63e-418f-a611-27dff9dd7f9c"},{"type":"single","resource":"d5c7c220-1180-4814-aab7-83f905ddb3dd:24d4c9b5-9734-4dbd-91b4-0aea0a54e7cf"},{"type":"single","resource":"d5c7c220-1180-4814-aab7-83f905ddb3dd:33f920d7-26ec-4db2-b2e7-c7b622dde029"},{"type":"single","resource":"d5c7c220-1180-4814-aab7-83f905ddb3dd:53086343-120e-49ce-964c-87287ee83f10"},{"type":"single","resource":"d5c7c220-1180-4814-aab7-83f905ddb3dd:7ccfce0d-19ac-431c-8bdb-5f40fccfa56a"},{"type":"single","resource":"d5c7c220-1180-4814-aab7-83f905ddb3dd:39401a02-be45-4e74-9dd7-fbac80653c6d"},{"type":"single","resource":"d5c7c220-1180-4814-aab7-83f905ddb3dd:0e13eff4-e512-4af0-9e25-1b18ee272147"},{"type":"single","resource":"d5c7c220-1180-4814-aab7-83f905ddb3dd:a7d74bfe-40a4-4506-8986-4175674154ad"},{"type":"single","resource":"d5c7c220-1180-4814-aab7-83f905ddb3dd:a07aacc2-8d0f-4548-893f-8347a997ec2c"},{"type":"single","resource":"d5c7c220-1180-4814-aab7-83f905ddb3dd:93211a10-6c41-44f4-bf76-c7bcf0ed5251"},{"type":"single","resource":"d5c7c220-1180-4814-aab7-83f905ddb3dd:6c031549-4a1f-41dc-b8ca-b8c1e0764e51"},{"type":"single","resource":"d5c7c220-1180-4814-aab7-83f905ddb3dd:8f2f5b40-4267-4272-a4de-9fadac6cd2a2"},{"type":"single","resource":"d5c7c220-1180-4814-aab7-83f905ddb3dd:04005bad-da55-4ae3-b8ee-11da718e70b7"},{"type":"single","resource":"d5c7c220-1180-4814-aab7-83f905ddb3dd:1e91ed36-9695-44b6-8d75-8c1b7c8dc9a9"},{"type":"single","resource":"d5c7c220-1180-4814-aab7-83f905ddb3dd:04fcee40-e41b-4e19-bc42-625e540f4199"},{"type":"single","resource":"d5c7c220-1180-4814-aab7-83f905ddb3dd:90de3ed6-1ae6-47a0-9e98-bccb7e5c7507"},{"type":"single","resource":"d5c7c220-1180-4814-aab7-83f905ddb3dd:66ebeba1-81d8-4b59-94b5-5ad825c6ab23"},{"type":"single","resource":"d5c7c220-1180-4814-aab7-83f905ddb3dd:2d13e2c4-7274-41c0-ba3f-337ff32b1e5b"},{"type":"single","resource":"d5c7c220-1180-4814-aab7-83f905ddb3dd:53337d7f-66d3-47e0-809d-665ee7c9e3e8"},{"type":"single","resource":"d5c7c220-1180-4814-aab7-83f905ddb3dd:77143221-dc94-4d12-b187-5fe30e3e69d3"},{"type":"single","resource":"d5c7c220-1180-4814-aab7-83f905ddb3dd:189cf757-0320-4136-870a-1c2aaef98c0b"},{"type":"single","resource":"d5c7c220-1180-4814-aab7-83f905ddb3dd:d7595587-4c4d-4d18-8238-f1fd00768370"},{"type":"single","resource":"d5c7c220-1180-4814-aab7-83f905ddb3dd:f78d5270-0acd-425c-a5ff-4ef7bc8764c8"},{"type":"single","resource":"d5c7c220-1180-4814-aab7-83f905ddb3dd:57502c56-a85c-45b3-8f91-ed9c44b8f706"},{"type":"single","resource":"d5c7c220-1180-4814-aab7-83f905ddb3dd:666fb8bf-dc49-4bd5-9f40-b098dc9d3d6e"},{"type":"single","resource":"d5c7c220-1180-4814-aab7-83f905ddb3dd:2b22da38-9f2d-48e5-be79-1b0b7d3241a6"},{"type":"single","resource":"d5c7c220-1180-4814-aab7-83f905ddb3dd:1fdca167-df10-467c-b7a0-406360ad9491"},{"type":"single","resource":"d5c7c220-1180-4814-aab7-83f905ddb3dd:4f583cbc-82a1-4986-915d-fc0c5f3ae5d4"},{"type":"single","resource":"d5c7c220-1180-4814-aab7-83f905ddb3dd:12739392-e81b-4bc5-a6c8-cd60c2f59b62"},{"type":"single","resource":"d5c7c220-1180-4814-aab7-83f905ddb3dd:5fe91dc8-6f71-4e78-9961-776e49308318"},{"type":"single","resource":"d5c7c220-1180-4814-aab7-83f905ddb3dd:7121b283-8cfe-40c7-9325-300cee9f6edb"},{"type":"single","resource":"d5c7c220-1180-4814-aab7-83f905ddb3dd:c468cc41-1e47-409b-9364-8a69784f9874"},{"type":"single","resource":"d5c7c220-1180-4814-aab7-83f905ddb3dd:9538616c-f723-40c5-a61b-6c1e4b5dbb2e"},{"type":"single","resource":"d5c7c220-1180-4814-aab7-83f905ddb3dd:ef282a19-8dd4-4cfd-ac65-28bf1f1062dc"},{"type":"single","resource":"d5c7c220-1180-4814-aab7-83f905ddb3dd:a9a6e866-a126-45ef-91b6-1e7e5c6b163f"},{"type":"single","resource":"d5c7c220-1180-4814-aab7-83f905ddb3dd:982250df-e573-4acf-8ce4-fe5013d1ae20"},{"type":"single","resource":"d5c7c220-1180-4814-aab7-83f905ddb3dd:f77c8864-876b-4149-ad1e-21995db9ee21"},{"type":"single","resource":"d5c7c220-1180-4814-aab7-83f905ddb3dd:d48427d0-fed1-479a-ab38-125aab4ed780"},{"type":"single","resource":"d5c7c220-1180-4814-aab7-83f905ddb3dd:2ef11bcc-4dde-4d83-a55d-c1043a7482ed"},{"type":"single","resource":"d5c7c220-1180-4814-aab7-83f905ddb3dd:142a9ca4-fc03-4a35-9a31-17588409e3d1"},{"type":"single","resource":"51027344-1594-4fb5-b7c5-22972a2191c8:3eaae060-994f-4b32-bd5c-f4c19fc0aa9a"},{"type":"single","resource":"51027344-1594-4fb5-b7c5-22972a2191c8:b92ac53b-b8a3-467c-8ac4-0da8d87527e7"},{"type":"single","resource":"d5c7c220-1180-4814-aab7-83f905ddb3dd:7d4048a5-1c4a-4cf6-9daa-f10c5fcdf4be"},{"type":"single","resource":"d5c7c220-1180-4814-aab7-83f905ddb3dd:58a26a32-a873-4cf4-9bb9-08a6edc52c52"},{"type":"single","resource":"d5c7c220-1180-4814-aab7-83f905ddb3dd:8715849e-21de-4a66-a218-2a4e9cbccec1"},{"type":"single","resource":"d5c7c220-1180-4814-aab7-83f905ddb3dd:8715849e-21de-4a66-a218-2a4e9cbccec1"},{"type":"single","resource":"d5c7c220-1180-4814-aab7-83f905ddb3dd:7d7f8950-b5f1-4f7c-b85a-cfd2e90cd70b"},{"type":"single","resource":"d5c7c220-1180-4814-aab7-83f905ddb3dd:5c99796d-55f9-4780-815c-eda0bea088d3"},{"type":"single","resource":"d5c7c220-1180-4814-aab7-83f905ddb3dd:37a6f777-df6b-4099-8a6a-542b4bdba62c"},{"type":"single","resource":"d5c7c220-1180-4814-aab7-83f905ddb3dd:4a5cf399-343b-4224-befe-147612918fb8"},{"type":"single","resource":"d5c7c220-1180-4814-aab7-83f905ddb3dd:0b5f68fc-6240-4e1f-b297-1c51895ce04c"},{"type":"single","resource":"d5c7c220-1180-4814-aab7-83f905ddb3dd:25076bee-00ba-4277-986b-e1916a598fa3"},{"type":"single","resource":"d5c7c220-1180-4814-aab7-83f905ddb3dd:25076bee-00ba-4277-986b-e1916a598fa3"},{"type":"single","resource":"d5c7c220-1180-4814-aab7-83f905ddb3dd:b7a8ce51-fae3-4a18-8567-2a67d61aaffb"},{"type":"single","resource":"d5c7c220-1180-4814-aab7-83f905ddb3dd:b7a8ce51-fae3-4a18-8567-2a67d61aaffb"},{"type":"single","resource":"d5c7c220-1180-4814-aab7-83f905ddb3dd:59082698-d3c6-4cff-bd41-e0c726112cf7"},{"type":"single","resource":"d5c7c220-1180-4814-aab7-83f905ddb3dd:59082698-d3c6-4cff-bd41-e0c726112cf7"},{"type":"single","resource":"d5c7c220-1180-4814-aab7-83f905ddb3dd:691f21e4-901a-4fb1-8113-32969f1ba824"},{"type":"single","resource":"d5c7c220-1180-4814-aab7-83f905ddb3dd:691f21e4-901a-4fb1-8113-32969f1ba824"},{"type":"single","resource":"d5c7c220-1180-4814-aab7-83f905ddb3dd:bf44b31b-9bd4-4691-aef9-4cff83a99809"},{"type":"single","resource":"d5c7c220-1180-4814-aab7-83f905ddb3dd:bf44b31b-9bd4-4691-aef9-4cff83a99809"},{"type":"single","resource":"d5c7c220-1180-4814-aab7-83f905ddb3dd:ecf447bf-6d96-4979-a446-41591855d5ea"},{"type":"single","resource":"d5c7c220-1180-4814-aab7-83f905ddb3dd:ecf447bf-6d96-4979-a446-41591855d5ea"},{"type":"single","resource":"d5c7c220-1180-4814-aab7-83f905ddb3dd:c9059350-8f52-494d-b973-bc151427b389"},{"type":"single","resource":"d5c7c220-1180-4814-aab7-83f905ddb3dd:7a6398e3-5bb1-4126-ae7b-34ba7a58c695"},{"type":"single","resource":"d5c7c220-1180-4814-aab7-83f905ddb3dd:7a6398e3-5bb1-4126-ae7b-34ba7a58c695"},{"type":"single","resource":"d5c7c220-1180-4814-aab7-83f905ddb3dd:64e88552-ab40-41a3-b7e4-348203597bff"},{"type":"single","resource":"d5c7c220-1180-4814-aab7-83f905ddb3dd:64e88552-ab40-41a3-b7e4-348203597bff"},{"type":"single","resource":"d5c7c220-1180-4814-aab7-83f905ddb3dd:8ca623cb-b81f-4716-81ef-7efea0fb07dc"},{"type":"single","resource":"d5c7c220-1180-4814-aab7-83f905ddb3dd:8ca623cb-b81f-4716-81ef-7efea0fb07dc"},{"type":"single","resource":"d5c7c220-1180-4814-aab7-83f905ddb3dd:b7489a31-1f2a-49be-b41b-c4e37273563e"},{"type":"single","resource":"d5c7c220-1180-4814-aab7-83f905ddb3dd:b7489a31-1f2a-49be-b41b-c4e37273563e"},{"type":"single","resource":"d5c7c220-1180-4814-aab7-83f905ddb3dd:d8ba0de9-3764-40d4-a180-39ac8691c625"},{"type":"single","resource":"d5c7c220-1180-4814-aab7-83f905ddb3dd:d8ba0de9-3764-40d4-a180-39ac8691c625"},{"type":"single","resource":"d5c7c220-1180-4814-aab7-83f905ddb3dd:71e61787-7887-4bb6-9888-47776b4a2caf"},{"type":"single","resource":"d5c7c220-1180-4814-aab7-83f905ddb3dd:71e61787-7887-4bb6-9888-47776b4a2caf"},{"type":"single","resource":"d5c7c220-1180-4814-aab7-83f905ddb3dd:387f784b-2edb-46e3-bd18-93325374096e"},{"type":"single","resource":"d5c7c220-1180-4814-aab7-83f905ddb3dd:06bb02fb-5b28-420c-88a9-0a409990e21e"},{"type":"single","resource":"d5c7c220-1180-4814-aab7-83f905ddb3dd:06bb02fb-5b28-420c-88a9-0a409990e21e"},{"type":"single","resource":"d5c7c220-1180-4814-aab7-83f905ddb3dd:a3fc86f8-38d4-4056-b01f-ef753cedff07"},{"type":"single","resource":"d5c7c220-1180-4814-aab7-83f905ddb3dd:a3fc86f8-38d4-4056-b01f-ef753cedff07"},{"type":"single","resource":"d5c7c220-1180-4814-aab7-83f905ddb3dd:30483c85-32ed-4cce-b204-d7024e52c576"},{"type":"single","resource":"d5c7c220-1180-4814-aab7-83f905ddb3dd:30483c85-32ed-4cce-b204-d7024e52c576"},{"type":"single","resource":"d5c7c220-1180-4814-aab7-83f905ddb3dd:92d41ab1-48d8-4f2b-a3d0-3870a262b4d3"},{"type":"single","resource":"d5c7c220-1180-4814-aab7-83f905ddb3dd:92d41ab1-48d8-4f2b-a3d0-3870a262b4d3"},{"type":"single","resource":"d5c7c220-1180-4814-aab7-83f905ddb3dd:29b8f25a-ee41-4e67-8a2c-843242e06ae5"},{"type":"single","resource":"d5c7c220-1180-4814-aab7-83f905ddb3dd:29b8f25a-ee41-4e67-8a2c-843242e06ae5"},{"type":"single","resource":"d5c7c220-1180-4814-aab7-83f905ddb3dd:94014bc9-82fc-4088-8ad1-e641dbf00a2c"},{"type":"single","resource":"d5c7c220-1180-4814-aab7-83f905ddb3dd:94014bc9-82fc-4088-8ad1-e641dbf00a2c"},{"type":"single","resource":"d5c7c220-1180-4814-aab7-83f905ddb3dd:ad5d5e3a-0e6c-4af3-b7e3-311e157c3113"},{"type":"single","resource":"d5c7c220-1180-4814-aab7-83f905ddb3dd:f45ab604-ef0f-4597-b849-1d805f7c8edc"},{"type":"single","resource":"d5c7c220-1180-4814-aab7-83f905ddb3dd:f45ab604-ef0f-4597-b849-1d805f7c8edc"},{"type":"single","resource":"d5c7c220-1180-4814-aab7-83f905ddb3dd:82f17618-b7d0-48f9-b629-99531f42a5c7"},{"type":"single","resource":"d5c7c220-1180-4814-aab7-83f905ddb3dd:82f17618-b7d0-48f9-b629-99531f42a5c7"},{"type":"single","resource":"d5c7c220-1180-4814-aab7-83f905ddb3dd:7fd076e4-2c8a-4902-b2c1-604e2d098a15"},{"type":"single","resource":"d5c7c220-1180-4814-aab7-83f905ddb3dd:7fd076e4-2c8a-4902-b2c1-604e2d098a15"},{"type":"single","resource":"d5c7c220-1180-4814-aab7-83f905ddb3dd:9b400386-56e7-4b0c-b22c-9faca6c877f5"},{"type":"single","resource":"d5c7c220-1180-4814-aab7-83f905ddb3dd:9b400386-56e7-4b0c-b22c-9faca6c877f5"},{"type":"single","resource":"d5c7c220-1180-4814-aab7-83f905ddb3dd:c4b3a3a8-3a8f-41a3-9960-651e423d3815"},{"type":"single","resource":"d5c7c220-1180-4814-aab7-83f905ddb3dd:c4b3a3a8-3a8f-41a3-9960-651e423d3815"},{"type":"single","resource":"d5c7c220-1180-4814-aab7-83f905ddb3dd:e7286c69-3435-49a7-bff1-adc0c0815141"},{"type":"single","resource":"d5c7c220-1180-4814-aab7-83f905ddb3dd:e7286c69-3435-49a7-bff1-adc0c0815141"},{"type":"single","resource":"d5c7c220-1180-4814-aab7-83f905ddb3dd:dffd8f2c-9890-4ebf-a9b2-e1a6c0bb0f98"},{"type":"single","resource":"d5c7c220-1180-4814-aab7-83f905ddb3dd:ab8205ee-0968-4a55-aed8-f424e0cae91f"},{"type":"single","resource":"d5c7c220-1180-4814-aab7-83f905ddb3dd:ab8205ee-0968-4a55-aed8-f424e0cae91f"},{"type":"single","resource":"d5c7c220-1180-4814-aab7-83f905ddb3dd:9ad9ac3f-b0bb-41e0-a434-8e45077116ec"},{"type":"single","resource":"d5c7c220-1180-4814-aab7-83f905ddb3dd:9ad9ac3f-b0bb-41e0-a434-8e45077116ec"},{"type":"single","resource":"d5c7c220-1180-4814-aab7-83f905ddb3dd:30baf61d-da0f-4979-b059-cd66762c03ae"},{"type":"single","resource":"d5c7c220-1180-4814-aab7-83f905ddb3dd:30baf61d-da0f-4979-b059-cd66762c03ae"},{"type":"single","resource":"d5c7c220-1180-4814-aab7-83f905ddb3dd:27e91599-fcb0-49f5-baf5-ad619e365c6f"},{"type":"single","resource":"d5c7c220-1180-4814-aab7-83f905ddb3dd:27e91599-fcb0-49f5-baf5-ad619e365c6f"},{"type":"single","resource":"d5c7c220-1180-4814-aab7-83f905ddb3dd:a7dc47a3-a8ad-415d-8a7c-258d3efa30e4"},{"type":"single","resource":"d5c7c220-1180-4814-aab7-83f905ddb3dd:a7dc47a3-a8ad-415d-8a7c-258d3efa30e4"},{"type":"single","resource":"d5c7c220-1180-4814-aab7-83f905ddb3dd:07ddb904-a796-4ba1-873a-d5ed1a1de826"},{"type":"single","resource":"d5c7c220-1180-4814-aab7-83f905ddb3dd:07ddb904-a796-4ba1-873a-d5ed1a1de826"},{"type":"single","resource":"d5c7c220-1180-4814-aab7-83f905ddb3dd:23373c42-1737-49b5-89b7-672f87160f6f"},{"type":"single","resource":"d5c7c220-1180-4814-aab7-83f905ddb3dd:a6816f45-2ded-471a-899a-e0948c3eabf8"},{"type":"single","resource":"d5c7c220-1180-4814-aab7-83f905ddb3dd:a6816f45-2ded-471a-899a-e0948c3eabf8"},{"type":"single","resource":"d5c7c220-1180-4814-aab7-83f905ddb3dd:48d6a591-969e-4bf2-a595-d5cf534bc9a0"},{"type":"single","resource":"d5c7c220-1180-4814-aab7-83f905ddb3dd:48d6a591-969e-4bf2-a595-d5cf534bc9a0"},{"type":"single","resource":"d5c7c220-1180-4814-aab7-83f905ddb3dd:a5713f4b-eb89-448b-9aa4-abe015579bd1"},{"type":"single","resource":"d5c7c220-1180-4814-aab7-83f905ddb3dd:a5713f4b-eb89-448b-9aa4-abe015579bd1"},{"type":"single","resource":"d5c7c220-1180-4814-aab7-83f905ddb3dd:0354f009-bedc-47ad-b800-8c48bebbb844"},{"type":"single","resource":"d5c7c220-1180-4814-aab7-83f905ddb3dd:0354f009-bedc-47ad-b800-8c48bebbb844"},{"type":"single","resource":"d5c7c220-1180-4814-aab7-83f905ddb3dd:e62d3d36-60dc-49c7-9ddc-f79118c3c891"},{"type":"single","resource":"d5c7c220-1180-4814-aab7-83f905ddb3dd:e62d3d36-60dc-49c7-9ddc-f79118c3c891"},{"type":"single","resource":"d5c7c220-1180-4814-aab7-83f905ddb3dd:fcfe57a9-ae7e-4090-9c6a-81864b444c46"},{"type":"single","resource":"d5c7c220-1180-4814-aab7-83f905ddb3dd:fcfe57a9-ae7e-4090-9c6a-81864b444c46"},{"type":"single","resource":"d5c7c220-1180-4814-aab7-83f905ddb3dd:65a31fe8-816d-4813-981c-bb20e1c2bfc8"},{"type":"single","resource":"51027344-1594-4fb5-b7c5-22972a2191c8:689b0da9-9f54-4203-a8b1-1142400a10f2"},{"type":"single","resource":"item/wooden_sword"},{"type":"single","resource":"item/wooden_sword"},{"type":"single","resource":"item/wooden_sword"},{"type":"single","resource":"item/wooden_sword"},{"type":"single","resource":"item/wooden_sword"},{"type":"single","resource":"item/wooden_sword"},{"type":"single","resource":"d5c7c220-1180-4814-aab7-83f905ddb3dd:e82a951a-efb3-4e9f-b646-f1b40f14ea6e"},{"type":"single","resource":"d5c7c220-1180-4814-aab7-83f905ddb3dd:e82a951a-efb3-4e9f-b646-f1b40f14ea6e"},{"type":"single","resource":"d5c7c220-1180-4814-aab7-83f905ddb3dd:e82a951a-efb3-4e9f-b646-f1b40f14ea6e"},{"type":"single","resource":"d5c7c220-1180-4814-aab7-83f905ddb3dd:e82a951a-efb3-4e9f-b646-f1b40f14ea6e"},{"type":"single","resource":"d5c7c220-1180-4814-aab7-83f905ddb3dd:b380c424-4fd8-4c03-8a7a-eb51d6d18465"},{"type":"single","resource":"d5c7c220-1180-4814-aab7-83f905ddb3dd:b380c424-4fd8-4c03-8a7a-eb51d6d18465"},{"type":"single","resource":"d5c7c220-1180-4814-aab7-83f905ddb3dd:b380c424-4fd8-4c03-8a7a-eb51d6d18465"},{"type":"single","resource":"d5c7c220-1180-4814-aab7-83f905ddb3dd:b380c424-4fd8-4c03-8a7a-eb51d6d18465"},{"type":"single","resource":"d5c7c220-1180-4814-aab7-83f905ddb3dd:669d0975-28f0-468d-9186-1a4727436bf3"},{"type":"single","resource":"d5c7c220-1180-4814-aab7-83f905ddb3dd:669d0975-28f0-468d-9186-1a4727436bf3"},{"type":"single","resource":"d5c7c220-1180-4814-aab7-83f905ddb3dd:3a29b32a-9061-4038-a138-4c6cdec90e08"},{"type":"single","resource":"d5c7c220-1180-4814-aab7-83f905ddb3dd:3a29b32a-9061-4038-a138-4c6cdec90e08"}]}