{"display":{"thirdperson_righthand":{"translation":[0.0,1.75,-1.0],"scale":[0.5,0.5,0.5]},"firstperson_righthand":{"rotation":[0.0,98.0,0.0],"translation":[-0.5,1.25,4.5],"scale":[0.7,0.7,0.7]},"ground":{"translation":[0.0,-0.75,0.0],"scale":[0.3,0.3,0.3]},"gui":{"rotation":[24.0,145.0,0.0],"translation":[0.0,1.0,0.0],"scale":[0.9,0.9,0.9]},"head":{"rotation":[0.0,180.0,0.0],"translation":[0.0,-14.75,0.0],"scale":[2.2,2.2,2.2]},"fixed":{"translation":[0.0,0.0,-1.0]}},"elements":[{"from":[0.0,12.0,7.8],"to":[16.0,13.0,8.6],"faces":{"north":{"uv":[0.0,0.0,16.0,1.0],"texture":"#0"},"east":{"uv":[0.0,0.0,16.0,1.0],"texture":"#0"},"south":{"uv":[0.0,0.0,16.0,1.0],"texture":"#0"},"west":{"uv":[0.0,0.0,16.0,1.0],"texture":"#0"},"up":{"uv":[0.0,0.0,16.0,1.0],"texture":"#0"},"down":{"uv":[0.0,0.0,16.0,1.0],"texture":"#0"}}},{"from":[0.0,5.0,7.8],"to":[16.0,6.0,8.6],"faces":{"north":{"uv":[0.0,0.0,16.0,1.0],"texture":"#0"},"east":{"uv":[0.0,0.0,16.0,1.0],"texture":"#0"},"south":{"uv":[0.0,0.0,16.0,1.0],"texture":"#0"},"west":{"uv":[0.0,0.0,16.0,1.0],"texture":"#0"},"up":{"uv":[0.0,0.0,16.0,1.0],"texture":"#0"},"down":{"uv":[0.0,0.0,16.0,1.0],"texture":"#0"}}},{"from":[15.0,6.0,7.8],"to":[16.0,12.0,8.6],"faces":{"north":{"uv":[0.0,0.0,1.0,6.0],"texture":"#0"},"east":{"uv":[0.0,0.0,1.0,6.0],"texture":"#0"},"south":{"uv":[0.0,0.0,1.0,6.0],"texture":"#0"},"west":{"uv":[0.0,0.0,1.0,6.0],"texture":"#0"},"up":{"uv":[0.0,0.0,1.0,6.0],"texture":"#0"},"down":{"uv":[0.0,0.0,1.0,6.0],"texture":"#0"}}},{"from":[0.0,6.0,7.8],"to":[1.0,12.0,8.6],"faces":{"north":{"uv":[0.0,0.0,1.0,6.0],"texture":"#0"},"east":{"uv":[0.0,0.0,1.0,6.0],"texture":"#0"},"south":{"uv":[0.0,0.0,1.0,6.0],"texture":"#0"},"west":{"uv":[0.0,0.0,1.0,6.0],"texture":"#0"},"up":{"uv":[0.0,0.0,1.0,6.0],"texture":"#0"},"down":{"uv":[0.0,0.0,1.0,6.0],"texture":"#0"}}},{"from":[1.0,6.0,8.0],"to":[15.0,12.0,8.6],"faces":{"north":{"uv":[0.0,0.0,14.0,6.0],"texture":"#3"},"east":{"uv":[0.0,0.0,14.0,6.0],"texture":"#3"},"south":{"uv":[0.0,0.0,14.0,6.0],"texture":"#0"},"west":{"uv":[0.0,0.0,14.0,6.0],"texture":"#3"},"up":{"uv":[0.0,0.0,14.0,6.0],"texture":"#3"},"down":{"uv":[0.0,0.0,14.0,6.0],"texture":"#3"}}},{"from":[7.0,0.0,8.5],"to":[9.0,8.0,9.0],"faces":{"north":{"uv":[0.0,0.0,2.0,8.0],"texture":"#1"},"east":{"uv":[0.0,0.0,1.0,8.0],"texture":"#1"},"south":{"uv":[0.0,0.0,2.0,8.0],"texture":"#1"},"west":{"uv":[0.0,0.0,1.0,8.0],"texture":"#1"},"up":{"uv":[0.0,0.0,2.0,1.0],"texture":"#1"},"down":{"uv":[0.0,0.0,2.0,1.0],"texture":"#1"}}},{"from":[4.0,0.0,7.7],"to":[12.0,0.5,9.0],"faces":{"north":{"uv":[0.0,0.0,1.0,1.0],"texture":"#2"},"east":{"uv":[0.0,0.0,1.0,1.0],"texture":"#2"},"south":{"uv":[0.0,0.0,1.0,1.0],"texture":"#2"},"west":{"uv":[0.0,0.0,1.0,1.0],"texture":"#2"},"up":{"uv":[0.0,0.0,1.0,1.0],"texture":"#2"},"down":{"uv":[0.0,0.0,1.0,1.0],"texture":"#2"}}},{"from":[11.97489,0.00371,7.81938],"to":[14.72489,0.50371,9.21938],"rotation":{"origin":[11.44989,0.25371,9.31938],"x":0.0,"y":22.5,"z":0.0},"faces":{"north":{"uv":[0.0,0.0,1.0,1.0],"texture":"#2"},"east":{"uv":[0.0,0.0,1.0,1.0],"texture":"#2"},"south":{"uv":[0.0,0.0,1.0,1.0],"texture":"#2"},"west":{"uv":[0.0,0.0,1.0,1.0],"texture":"#2"},"up":{"uv":[0.0,0.0,1.0,1.0],"texture":"#2"},"down":{"uv":[0.0,0.0,1.0,1.0],"texture":"#2"}}},{"from":[2.01797,-0.0076,6.84699],"to":[4.76797,0.4924,8.14699],"rotation":{"origin":[2.39297,0.2424,6.74699],"x":0.0,"y":-22.5,"z":0.0},"faces":{"north":{"uv":[0.0,0.0,1.0,1.0],"texture":"#2"},"east":{"uv":[0.0,0.0,1.0,1.0],"texture":"#2"},"south":{"uv":[0.0,0.0,1.0,1.0],"texture":"#2"},"west":{"uv":[0.0,0.0,1.0,1.0],"texture":"#2"},"up":{"uv":[0.0,0.0,1.0,1.0],"texture":"#2"},"down":{"uv":[0.0,0.0,1.0,1.0],"texture":"#2"}}}],"textures":{"0":"block/black_wool","1":"block/white_concrete","2":"block/white_concrete","3":"block/black_concrete","particle":"block/black_wool"}}