{"sources":[{"type":"single","resource":"block/birch_planks"},{"type":"single","resource":"block/birch_planks"},{"type":"single","resource":"block/black_concrete"},{"type":"single","resource":"block/black_concrete"},{"type":"single","resource":"block/black_concrete"},{"type":"single","resource":"block/black_concrete"},{"type":"single","resource":"block/black_concrete"},{"type":"single","resource":"block/black_concrete"},{"type":"single","resource":"block/black_concrete"},{"type":"single","resource":"block/black_concrete"},{"type":"single","resource":"block/black_stained_glass"},{"type":"single","resource":"block/black_wool"},{"type":"single","resource":"block/black_wool"},{"type":"single","resource":"block/black_wool"},{"type":"single","resource":"block/black_wool"},{"type":"single","resource":"block/black_wool"},{"type":"single","resource":"block/black_wool"},{"type":"single","resource":"block/black_wool"},{"type":"single","resource":"block/black_wool"},{"type":"single","resource":"block/black_wool"},{"type":"single","resource":"block/black_wool"},{"type":"single","resource":"block/black_wool"},{"type":"single","resource":"block/black_wool"},{"type":"single","resource":"block/black_wool"},{"type":"single","resource":"block/blue_wool"},{"type":"single","resource":"block/blue_wool"},{"type":"single","resource":"block/brown_wool"},{"type":"single","resource":"block/brown_wool"},{"type":"single","resource":"block/campfire_fire"},{"type":"single","resource":"block/campfire_log_lit"},{"type":"single","resource":"block/cartography_table_side3"},{"type":"single","resource":"block/cartography_table_side3"},{"type":"single","resource":"block/cauldron_inner"},{"type":"single","resource":"block/cauldron_side"},{"type":"single","resource":"block/clay"},{"type":"single","resource":"block/cobblestone"},{"type":"single","resource":"block/cobblestone"},{"type":"single","resource":"block/cobblestone"},{"type":"single","resource":"block/cyan_wool"},{"type":"single","resource":"block/cyan_wool"},{"type":"single","resource":"block/cyan_wool"},{"type":"single","resource":"block/dark_oak_planks"},{"type":"single","resource":"block/dark_oak_planks"},{"type":"single","resource":"block/furnace_top"},{"type":"single","resource":"block/glass"},{"type":"single","resource":"block/gold_block"},{"type":"single","resource":"block/gray_wool"},{"type":"single","resource":"block/gray_wool"},{"type":"single","resource":"block/gray_wool"},{"type":"single","resource":"block/green_wool"},{"type":"single","resource":"block/green_wool"},{"type":"single","resource":"block/iron_bars"},{"type":"single","resource":"block/iron_block"},{"type":"single","resource":"block/iron_block"},{"type":"single","resource":"block/lava_still"},{"type":"single","resource":"block/light_blue_wool"},{"type":"single","resource":"block/light_blue_wool"},{"type":"single","resource":"block/light_gray_concrete"},{"type":"single","resource":"block/light_gray_wool"},{"type":"single","resource":"block/light_gray_wool"},{"type":"single","resource":"block/light_gray_wool"},{"type":"single","resource":"block/lime_wool"},{"type":"single","resource":"block/lime_wool"},{"type":"single","resource":"block/magenta_wool"},{"type":"single","resource":"block/magenta_wool"},{"type":"single","resource":"block/mossy_cobblestone"},{"type":"single","resource":"block/mossy_cobblestone"},{"type":"single","resource":"block/oak_log"},{"type":"single","resource":"block/oak_log_top"},{"type":"single","resource":"block/oak_planks"},{"type":"single","resource":"block/oak_planks"},{"type":"single","resource":"block/oak_planks"},{"type":"single","resource":"block/orange_wool"},{"type":"single","resource":"block/orange_wool"},{"type":"single","resource":"block/pink_wool"},{"type":"single","resource":"block/pink_wool"},{"type":"single","resource":"block/purple_wool"},{"type":"single","resource":"block/purple_wool"},{"type":"single","resource":"block/quartz_block_side"},{"type":"single","resource":"block/quartz_block_top"},{"type":"single","resource":"block/red_concrete"},{"type":"single","resource":"block/red_wool"},{"type":"single","resource":"block/red_wool"},{"type":"single","resource":"block/sandstone"},{"type":"single","resource":"block/soul_torch"},{"type":"single","resource":"block/spruce_log"},{"type":"single","resource":"block/spruce_log"},{"type":"single","resource":"block/spruce_log_top"},{"type":"single","resource":"block/spruce_planks"},{"type":"single","resource":"block/spruce_planks"},{"type":"single","resource":"block/spruce_planks"},{"type":"single","resource":"block/spruce_planks"},{"type":"single","resource":"block/spruce_planks"},{"type":"single","resource":"block/spruce_planks"},{"type":"single","resource":"block/spruce_planks"},{"type":"single","resource":"block/spruce_planks"},{"type":"single","resource":"block/spruce_planks"},{"type":"single","resource":"block/spruce_planks"},{"type":"single","resource":"block/spruce_planks"},{"type":"single","resource":"block/spruce_planks"},{"type":"single","resource":"block/spruce_planks"},{"type":"single","resource":"block/spruce_planks"},{"type":"single","resource":"block/spruce_planks"},{"type":"single","resource":"block/spruce_planks"},{"type":"single","resource":"block/spruce_planks"},{"type":"single","resource":"block/spruce_planks"},{"type":"single","resource":"block/spruce_planks"},{"type":"single","resource":"block/spruce_planks"},{"type":"single","resource":"block/spruce_planks"},{"type":"single","resource":"block/spruce_planks"},{"type":"single","resource":"block/spruce_planks"},{"type":"single","resource":"block/spruce_planks"},{"type":"single","resource":"block/spruce_planks"},{"type":"single","resource":"block/spruce_planks"},{"type":"single","resource":"block/spruce_planks"},{"type":"single","resource":"block/spruce_planks"},{"type":"single","resource":"block/spruce_planks"},{"type":"single","resource":"block/spruce_planks"},{"type":"single","resource":"block/spruce_planks"},{"type":"single","resource":"block/spruce_planks"},{"type":"single","resource":"block/spruce_planks"},{"type":"single","resource":"block/spruce_planks"},{"type":"single","resource":"block/stone_bricks"},{"type":"single","resource":"block/stripped_spruce_log"},{"type":"single","resource":"block/white_concrete"},{"type":"single","resource":"block/white_concrete"},{"type":"single","resource":"block/white_concrete"},{"type":"single","resource":"block/white_concrete"},{"type":"single","resource":"block/white_concrete"},{"type":"single","resource":"block/white_concrete"},{"type":"single","resource":"block/white_concrete"},{"type":"single","resource":"block/white_concrete"},{"type":"single","resource":"block/white_concrete"},{"type":"single","resource":"block/white_concrete"},{"type":"single","resource":"block/white_concrete"},{"type":"single","resource":"block/white_concrete"},{"type":"single","resource":"block/white_concrete"},{"type":"single","resource":"block/white_concrete"},{"type":"single","resource":"block/white_concrete"},{"type":"single","resource":"block/white_concrete"},{"type":"single","resource":"block/white_concrete"},{"type":"single","resource":"block/white_concrete"},{"type":"single","resource":"block/white_concrete"},{"type":"single","resource":"block/white_concrete"},{"type":"single","resource":"block/white_concrete"},{"type":"single","resource":"block/white_concrete"},{"type":"single","resource":"block/white_concrete"},{"type":"single","resource":"block/white_concrete"},{"type":"single","resource":"block/white_concrete"},{"type":"single","resource":"block/white_concrete"},{"type":"single","resource":"block/white_concrete"},{"type":"single","resource":"block/white_concrete"},{"type":"single","resource":"block/white_concrete"},{"type":"single","resource":"block/white_concrete"},{"type":"single","resource":"block/white_concrete"},{"type":"single","resource":"block/white_concrete"},{"type":"single","resource":"block/white_concrete"},{"type":"single","resource":"block/white_concrete"},{"type":"single","resource":"block/white_concrete"},{"type":"single","resource":"block/white_concrete"},{"type":"single","resource":"block/white_concrete"},{"type":"single","resource":"block/white_concrete"},{"type":"single","resource":"block/white_concrete"},{"type":"single","resource":"block/white_concrete"},{"type":"single","resource":"block/white_wool"},{"type":"single","resource":"block/white_wool"},{"type":"single","resource":"block/white_wool"},{"type":"single","resource":"block/white_wool"},{"type":"single","resource":"block/yellow_wool"},{"type":"single","resource":"block/yellow_wool"},{"type":"single","resource":"9654138c-9f46-43d0-aa0c-f430c973f22b:c1927d77-3c36-4608-898d-238d054bc61e"},{"type":"single","resource":"9654138c-9f46-43d0-aa0c-f430c973f22b:c1927d77-3c36-4608-898d-238d054bc61e"},{"type":"single","resource":"9654138c-9f46-43d0-aa0c-f430c973f22b:52426460-5e2a-4447-a5c9-85b3911e2234"},{"type":"single","resource":"9654138c-9f46-43d0-aa0c-f430c973f22b:52426460-5e2a-4447-a5c9-85b3911e2234"},{"type":"single","resource":"9654138c-9f46-43d0-aa0c-f430c973f22b:cf247943-24ad-4f81-a3f4-55f9f0f8780d"},{"type":"single","resource":"9654138c-9f46-43d0-aa0c-f430c973f22b:cf247943-24ad-4f81-a3f4-55f9f0f8780d"},{"type":"single","resource":"9654138c-9f46-43d0-aa0c-f430c973f22b:6c004049-2c03-4ccf-a552-4723dde9f95f"},{"type":"single","resource":"9654138c-9f46-43d0-aa0c-f430c973f22b:6c004049-2c03-4ccf-a552-4723dde9f95f"},{"type":"single","resource":"9654138c-9f46-43d0-aa0c-f430c973f22b:3fb9add2-c83b-46a9-9760-f047ecf42da6"},{"type":"single","resource":"9654138c-9f46-43d0-aa0c-f430c973f22b:3fb9add2-c83b-46a9-9760-f047ecf42da6"},{"type":"single","resource":"entity/chest/normal"},{"type":"single","resource":"9654138c-9f46-43d0-aa0c-f430c973f22b:f9d1dae3-658c-408d-9ac7-df745a129095"},{"type":"single","resource":"9654138c-9f46-43d0-aa0c-f430c973f22b:f9d1dae3-658c-408d-9ac7-df745a129095"},{"type":"single","resource":"9654138c-9f46-43d0-aa0c-f430c973f22b:87a80091-4fd4-4a55-b07b-c870a93123ea"},{"type":"single","resource":"9654138c-9f46-43d0-aa0c-f430c973f22b:0a3de477-9d6b-4e39-ae11-1429086ccd16"},{"type":"single","resource":"9654138c-9f46-43d0-aa0c-f430c973f22b:c7c97e31-720b-4113-857d-a2c18c78c305"},{"type":"single","resource":"9654138c-9f46-43d0-aa0c-f430c973f22b:d6fab01b-1f7d-4718-86e9-92acaf8bf81f"},{"type":"single","resource":"9654138c-9f46-43d0-aa0c-f430c973f22b:f3f968f5-c6df-4a1e-8fdc-4f548cd1b9db"},{"type":"single","resource":"9654138c-9f46-43d0-aa0c-f430c973f22b:092aa8f0-9ac7-47e0-b999-8e91c78e546d"},{"type":"single","resource":"9654138c-9f46-43d0-aa0c-f430c973f22b:e19cf4c7-5a3d-480f-b388-902f007745f2"},{"type":"single","resource":"9654138c-9f46-43d0-aa0c-f430c973f22b:e19cf4c7-5a3d-480f-b388-902f007745f2"},{"type":"single","resource":"9654138c-9f46-43d0-aa0c-f430c973f22b:2b6b0547-c992-40f4-9af1-eaec328936cd"},{"type":"single","resource":"9654138c-9f46-43d0-aa0c-f430c973f22b:940015df-3f23-4a8d-974c-ce8f5a7cd520"},{"type":"single","resource":"9654138c-9f46-43d0-aa0c-f430c973f22b:940015df-3f23-4a8d-974c-ce8f5a7cd520"},{"type":"single","resource":"c5326ba6-524f-4dc8-b3af-cdeaf37f9e0f:afe8efc6-69f2-490a-8ad4-ae2d24466436"},{"type":"single","resource":"c5326ba6-524f-4dc8-b3af-cdeaf37f9e0f:1bf1e2ad-88f7-4f8f-9745-77cc8f5f61d4"},{"type":"single","resource":"c5326ba6-524f-4dc8-b3af-cdeaf37f9e0f:6d2e84c9-b165-413b-8740-7b8de9ac9063"},{"type":"single","resource":"c5326ba6-524f-4dc8-b3af-cdeaf37f9e0f:6d2e84c9-b165-413b-8740-7b8de9ac9063"},{"type":"single","resource":"9654138c-9f46-43d0-aa0c-f430c973f22b:60d58605-7be6-48a5-865c-3bb0fe6091de"},{"type":"single","resource":"9654138c-9f46-43d0-aa0c-f430c973f22b:cc9baa21-ba38-440f-9893-d0d8d2767203"},{"type":"single","resource":"9654138c-9f46-43d0-aa0c-f430c973f22b:eeedc3ce-3aad-4d1d-bc22-c0ec4b34462c"},{"type":"single","resource":"c5326ba6-524f-4dc8-b3af-cdeaf37f9e0f:131bc1a3-7f6a-4722-ac06-d9de8c0717ca"},{"type":"single","resource":"c5326ba6-524f-4dc8-b3af-cdeaf37f9e0f:eb1f50d7-65ba-422a-884f-85f6e6084f9c"},{"type":"single","resource":"9654138c-9f46-43d0-aa0c-f430c973f22b:1bc08567-aede-433b-93ac-dd73bee8877b"},{"type":"single","resource":"9654138c-9f46-43d0-aa0c-f430c973f22b:1bc08567-aede-433b-93ac-dd73bee8877b"},{"type":"single","resource":"9654138c-9f46-43d0-aa0c-f430c973f22b:6f227460-116a-45c5-89cd-90baf784efc0"},{"type":"single","resource":"9654138c-9f46-43d0-aa0c-f430c973f22b:6f227460-116a-45c5-89cd-90baf784efc0"},{"type":"single","resource":"9654138c-9f46-43d0-aa0c-f430c973f22b:a17cc926-8851-4cee-9cdb-82158cb61aff"},{"type":"single","resource":"9654138c-9f46-43d0-aa0c-f430c973f22b:0b4c7719-ecc1-492f-8e2f-691eee28e7dc"},{"type":"single","resource":"9654138c-9f46-43d0-aa0c-f430c973f22b:9791932f-4880-45a8-aae2-8f7423f466f3"},{"type":"single","resource":"9654138c-9f46-43d0-aa0c-f430c973f22b:61bc2cc5-35c1-4cd3-9aa8-cc3716bd49ef"},{"type":"single","resource":"9654138c-9f46-43d0-aa0c-f430c973f22b:f30895bc-5f46-4eb6-9cf8-843a62c59e33"},{"type":"single","resource":"e263e7d5-9305-42de-bf78-e0e515391e33:dc5c00d5-68c2-4e06-af70-57182cf1b65e"},{"type":"single","resource":"item/bow"},{"type":"single","resource":"item/chainmail_boots"},{"type":"single","resource":"item/chainmail_chestplate"},{"type":"single","resource":"item/chainmail_helmet"},{"type":"single","resource":"item/chainmail_leggings"},{"type":"single","resource":"e263e7d5-9305-42de-bf78-e0e515391e33:2a18ca32-816a-431c-b7a9-8f648a6d19cc"},{"type":"single","resource":"e263e7d5-9305-42de-bf78-e0e515391e33:67b7410b-29ec-4971-b3d9-047ab18801a2"},{"type":"single","resource":"item/crossbow_standby"},{"type":"single","resource":"9654138c-9f46-43d0-aa0c-f430c973f22b:c11a9d6d-853c-4808-8f16-266a88e3b01d"},{"type":"single","resource":"item/diamond_axe"},{"type":"single","resource":"item/diamond_pickaxe"},{"type":"single","resource":"item/diamond_sword"},{"type":"single","resource":"e263e7d5-9305-42de-bf78-e0e515391e33:fa9aa03e-086d-43e6-99ce-ca5f1ad055c3"},{"type":"single","resource":"e263e7d5-9305-42de-bf78-e0e515391e33:fa9aa03e-086d-43e6-99ce-ca5f1ad055c3"},{"type":"single","resource":"e263e7d5-9305-42de-bf78-e0e515391e33:778d6599-ed89-4131-ab09-b576c6f6d2ce"},{"type":"single","resource":"e263e7d5-9305-42de-bf78-e0e515391e33:5ddaa19b-9d4d-4991-afa6-2e635e6a7c90"},{"type":"single","resource":"e263e7d5-9305-42de-bf78-e0e515391e33:c574dc05-98cd-4c7a-a203-021bc88adce1"},{"type":"single","resource":"e263e7d5-9305-42de-bf78-e0e515391e33:21b7b831-1be8-438f-a021-79e30cad636f"},{"type":"single","resource":"e263e7d5-9305-42de-bf78-e0e515391e33:cf89fa67-2644-4bdd-8efb-ede065eef143"},{"type":"single","resource":"item/glowstone_dust"},{"type":"single","resource":"item/golden_sword"},{"type":"single","resource":"e263e7d5-9305-42de-bf78-e0e515391e33:4addc722-1580-4c6e-a168-4791239c813c"},{"type":"single","resource":"e263e7d5-9305-42de-bf78-e0e515391e33:341c825f-e4b4-458c-9383-7b4405bc2f3f"},{"type":"single","resource":"item/leather_horse_armor"},{"type":"single","resource":"e263e7d5-9305-42de-bf78-e0e515391e33:bde30c4f-99a1-4bdc-9aff-49f85d062c27"},{"type":"single","resource":"item/map"},{"type":"single","resource":"e263e7d5-9305-42de-bf78-e0e515391e33:264f50f7-02c3-45cd-beee-e37aaa89e091"},{"type":"single","resource":"e263e7d5-9305-42de-bf78-e0e515391e33:264f50f7-02c3-45cd-beee-e37aaa89e091"},{"type":"single","resource":"e263e7d5-9305-42de-bf78-e0e515391e33:fc2890de-b43f-486e-9ddc-26cd08ba5976"},{"type":"single","resource":"e263e7d5-9305-42de-bf78-e0e515391e33:4aad77ef-7b31-447e-b20b-75c16e4dca20"},{"type":"single","resource":"e263e7d5-9305-42de-bf78-e0e515391e33:73e114fa-d206-4ef5-8142-2b452920689a"},{"type":"single","resource":"e263e7d5-9305-42de-bf78-e0e515391e33:4b559af7-05b5-49ea-9249-830e6851513d"},{"type":"single","resource":"e263e7d5-9305-42de-bf78-e0e515391e33:d9d09148-4fe7-41c3-baf7-50df7bcb2b55"},{"type":"single","resource":"e263e7d5-9305-42de-bf78-e0e515391e33:03145a0f-fb0b-4d1f-8c07-d0c7220b08e7"},{"type":"single","resource":"item/netherite_axe"},{"type":"single","resource":"item/netherite_hoe"},{"type":"single","resource":"item/netherite_pickaxe"},{"type":"single","resource":"item/netherite_scrap"},{"type":"single","resource":"item/netherite_shovel"},{"type":"single","resource":"item/netherite_sword"},{"type":"single","resource":"2d6b81b4-cc41-43bc-88af-a671cec28396:0fcc54ce-e7e9-4811-95a1-1c574a2b0606"},{"type":"single","resource":"2d6b81b4-cc41-43bc-88af-a671cec28396:0fcc54ce-e7e9-4811-95a1-1c574a2b0606"},{"type":"single","resource":"2d6b81b4-cc41-43bc-88af-a671cec28396:2fa3b335-0f85-40dc-9e71-2813ebf384a3"},{"type":"single","resource":"2d6b81b4-cc41-43bc-88af-a671cec28396:2fa3b335-0f85-40dc-9e71-2813ebf384a3"},{"type":"single","resource":"2d6b81b4-cc41-43bc-88af-a671cec28396:f3ffbc4b-3cd7-46d9-8c5c-4f53eb8f4026"},{"type":"single","resource":"2d6b81b4-cc41-43bc-88af-a671cec28396:b75461c1-614d-4153-9b64-10d29e3b0e0e"},{"type":"single","resource":"2d6b81b4-cc41-43bc-88af-a671cec28396:b75461c1-614d-4153-9b64-10d29e3b0e0e"},{"type":"single","resource":"2d6b81b4-cc41-43bc-88af-a671cec28396:a5da26f6-0aa0-4d6f-a193-2fbbdb5d7f39"},{"type":"single","resource":"2d6b81b4-cc41-43bc-88af-a671cec28396:007f90ff-4c8b-4666-ab8b-cd8866541b4f"},{"type":"single","resource":"2d6b81b4-cc41-43bc-88af-a671cec28396:689ef275-b3de-4b8b-91db-98535db5a74d"},{"type":"single","resource":"2d6b81b4-cc41-43bc-88af-a671cec28396:83d8f0ac-e940-455a-b71c-da5d000dd397"},{"type":"single","resource":"2d6b81b4-cc41-43bc-88af-a671cec28396:6bf1852b-38c6-42bd-af77-f7cc054419e0"},{"type":"single","resource":"2d6b81b4-cc41-43bc-88af-a671cec28396:6bf1852b-38c6-42bd-af77-f7cc054419e0"},{"type":"single","resource":"2d6b81b4-cc41-43bc-88af-a671cec28396:98499afa-82c3-4b50-99b8-7881727ccb0b"},{"type":"single","resource":"2d6b81b4-cc41-43bc-88af-a671cec28396:98499afa-82c3-4b50-99b8-7881727ccb0b"},{"type":"single","resource":"2d6b81b4-cc41-43bc-88af-a671cec28396:b00c92f9-a0d7-4431-8ef5-11cf86943ad4"},{"type":"single","resource":"2d6b81b4-cc41-43bc-88af-a671cec28396:4f6d91e7-99b6-41bb-8eab-1d7a1d485777"},{"type":"single","resource":"2d6b81b4-cc41-43bc-88af-a671cec28396:0114b17f-61c5-42f0-aa25-032eaa9583af"},{"type":"single","resource":"2d6b81b4-cc41-43bc-88af-a671cec28396:0114b17f-61c5-42f0-aa25-032eaa9583af"},{"type":"single","resource":"2d6b81b4-cc41-43bc-88af-a671cec28396:cfe7b7a8-d499-4a69-85d2-cbf5ed5d203c"},{"type":"single","resource":"2d6b81b4-cc41-43bc-88af-a671cec28396:cfe7b7a8-d499-4a69-85d2-cbf5ed5d203c"},{"type":"single","resource":"2d6b81b4-cc41-43bc-88af-a671cec28396:cfe7b7a8-d499-4a69-85d2-cbf5ed5d203c"},{"type":"single","resource":"2d6b81b4-cc41-43bc-88af-a671cec28396:206b23fe-7266-4e28-a547-ceebff7ce38a"},{"type":"single","resource":"2d6b81b4-cc41-43bc-88af-a671cec28396:e64822fe-7f1d-4e2a-bcc1-1f84de28e94f"},{"type":"single","resource":"2d6b81b4-cc41-43bc-88af-a671cec28396:0ef82d4f-21eb-4071-9cbc-bb694f87ae29"},{"type":"single","resource":"2d6b81b4-cc41-43bc-88af-a671cec28396:7dcd1b4a-54e7-4ee1-9ae6-196f16a69626"},{"type":"single","resource":"2d6b81b4-cc41-43bc-88af-a671cec28396:66c1242a-7197-4b2c-a21a-33c050da1d34"},{"type":"single","resource":"2d6b81b4-cc41-43bc-88af-a671cec28396:8ab9806e-b23b-4f62-b98a-7d3fd5824e7a"},{"type":"single","resource":"2d6b81b4-cc41-43bc-88af-a671cec28396:fd7444ca-94a6-4b2b-bcf8-022d4c2d417a"},{"type":"single","resource":"2d6b81b4-cc41-43bc-88af-a671cec28396:fd7444ca-94a6-4b2b-bcf8-022d4c2d417a"},{"type":"single","resource":"2d6b81b4-cc41-43bc-88af-a671cec28396:f862407d-1c97-4100-b246-453f54023b57"},{"type":"single","resource":"2d6b81b4-cc41-43bc-88af-a671cec28396:e7abe218-dcdf-4090-902c-7fb6ff63b619"},{"type":"single","resource":"2d6b81b4-cc41-43bc-88af-a671cec28396:970bc681-9b9d-4b1c-82f8-2f068810f856"},{"type":"single","resource":"2d6b81b4-cc41-43bc-88af-a671cec28396:65cacf8f-c106-4adc-a897-d7e5fc5a8d47"},{"type":"single","resource":"2d6b81b4-cc41-43bc-88af-a671cec28396:f670fde0-924b-43eb-99a1-741ef87b7959"},{"type":"single","resource":"2d6b81b4-cc41-43bc-88af-a671cec28396:f670fde0-924b-43eb-99a1-741ef87b7959"},{"type":"single","resource":"2d6b81b4-cc41-43bc-88af-a671cec28396:ce2d0bc3-60f5-4647-964c-2279c2780099"},{"type":"single","resource":"2d6b81b4-cc41-43bc-88af-a671cec28396:ce2d0bc3-60f5-4647-964c-2279c2780099"},{"type":"single","resource":"2d6b81b4-cc41-43bc-88af-a671cec28396:b823524d-2cab-45d0-9031-4d413206b8f2"},{"type":"single","resource":"2d6b81b4-cc41-43bc-88af-a671cec28396:b823524d-2cab-45d0-9031-4d413206b8f2"},{"type":"single","resource":"2d6b81b4-cc41-43bc-88af-a671cec28396:ec3b4c0e-09ac-41a4-bacc-5a43863a48e6"},{"type":"single","resource":"2d6b81b4-cc41-43bc-88af-a671cec28396:99e8727e-1a12-42cc-a63c-3e01c042e2dd"},{"type":"single","resource":"2d6b81b4-cc41-43bc-88af-a671cec28396:ef74b880-4cd0-4dfa-9dd3-b7c36bec40b4"},{"type":"single","resource":"2d6b81b4-cc41-43bc-88af-a671cec28396:ef74b880-4cd0-4dfa-9dd3-b7c36bec40b4"},{"type":"single","resource":"2d6b81b4-cc41-43bc-88af-a671cec28396:b6791320-f652-4f4c-9f35-9828d17a692f"},{"type":"single","resource":"2d6b81b4-cc41-43bc-88af-a671cec28396:406695f7-522f-473f-82c2-17a551a1a652"},{"type":"single","resource":"2d6b81b4-cc41-43bc-88af-a671cec28396:2d030cae-9e60-4b10-ad7c-ab2256d2b2ff"},{"type":"single","resource":"2d6b81b4-cc41-43bc-88af-a671cec28396:2d030cae-9e60-4b10-ad7c-ab2256d2b2ff"},{"type":"single","resource":"item/paper"},{"type":"single","resource":"e263e7d5-9305-42de-bf78-e0e515391e33:b41f5cc3-d457-4f7d-b590-3ac893af4e06"},{"type":"single","resource":"e263e7d5-9305-42de-bf78-e0e515391e33:e6eaaad1-c8d3-4437-997e-c45617b7cf48"},{"type":"single","resource":"e263e7d5-9305-42de-bf78-e0e515391e33:e6eaaad1-c8d3-4437-997e-c45617b7cf48"},{"type":"single","resource":"e263e7d5-9305-42de-bf78-e0e515391e33:b61355a9-71ff-45ea-8535-37ba37a5145d"},{"type":"single","resource":"e263e7d5-9305-42de-bf78-e0e515391e33:86a595d9-acbb-4e29-8d3b-26c886e33f55"},{"type":"single","resource":"e263e7d5-9305-42de-bf78-e0e515391e33:d068d9b8-295d-4ab1-a269-34111be790c1"},{"type":"single","resource":"e263e7d5-9305-42de-bf78-e0e515391e33:994873a2-b4f8-4421-b163-62804dbb1849"},{"type":"single","resource":"e263e7d5-9305-42de-bf78-e0e515391e33:a6f87f56-a4b5-4906-aaea-9fcee7bb53d1"},{"type":"single","resource":"e263e7d5-9305-42de-bf78-e0e515391e33:6f15438f-7509-4150-85cd-cea20be3052f"},{"type":"single","resource":"e263e7d5-9305-42de-bf78-e0e515391e33:c6a99ab9-55f0-4d81-835a-5c0beb5ecdd0"},{"type":"single","resource":"e263e7d5-9305-42de-bf78-e0e515391e33:614573cb-50f6-472f-b60f-5c2d05e22c35"},{"type":"single","resource":"e263e7d5-9305-42de-bf78-e0e515391e33:b4cedfdd-3d28-4c96-a02f-f248307e77fd"},{"type":"single","resource":"e263e7d5-9305-42de-bf78-e0e515391e33:a2e7360a-446d-4c15-abb6-fbdd9d09a602"},{"type":"single","resource":"e263e7d5-9305-42de-bf78-e0e515391e33:a2e7360a-446d-4c15-abb6-fbdd9d09a602"},{"type":"single","resource":"e263e7d5-9305-42de-bf78-e0e515391e33:de1fbe47-7e25-4d38-a86b-78e467a705e2"},{"type":"single","resource":"e263e7d5-9305-42de-bf78-e0e515391e33:8a24925d-d616-4ac9-b495-7d4f21565ffc"},{"type":"single","resource":"e263e7d5-9305-42de-bf78-e0e515391e33:81cff479-9dd8-4a5c-bb1e-4d5660c9e813"},{"type":"single","resource":"e263e7d5-9305-42de-bf78-e0e515391e33:91422efb-d1e5-479c-9fdd-14be3a3c69f8"},{"type":"single","resource":"e263e7d5-9305-42de-bf78-e0e515391e33:3013612c-1327-476f-b5bc-37a943c72c83"},{"type":"single","resource":"e263e7d5-9305-42de-bf78-e0e515391e33:00c4265c-4ae2-4f03-8fe4-2edf65de56a3"},{"type":"single","resource":"e263e7d5-9305-42de-bf78-e0e515391e33:e25fdb30-2b14-403b-8d8b-ef02701dee5c"},{"type":"single","resource":"e263e7d5-9305-42de-bf78-e0e515391e33:56da3a46-cd09-4de2-a0c7-90f8b132cf2b"},{"type":"single","resource":"e263e7d5-9305-42de-bf78-e0e515391e33:c53c8942-4cce-4e17-8aa0-b624792e57f5"},{"type":"single","resource":"9654138c-9f46-43d0-aa0c-f430c973f22b:f7eddb02-ef59-4ebd-826c-3951f1b10e5b"},{"type":"single","resource":"e263e7d5-9305-42de-bf78-e0e515391e33:cb9b31c5-47de-450d-b640-87399aa4ab19"},{"type":"single","resource":"e263e7d5-9305-42de-bf78-e0e515391e33:9962f570-7737-4c4d-bd9e-e8beaf87a42f"},{"type":"single","resource":"e263e7d5-9305-42de-bf78-e0e515391e33:8593a7c6-7e56-4245-93c8-478a6287f753"},{"type":"single","resource":"e263e7d5-9305-42de-bf78-e0e515391e33:8593a7c6-7e56-4245-93c8-478a6287f753"},{"type":"single","resource":"e263e7d5-9305-42de-bf78-e0e515391e33:509a7729-df72-43eb-b1ed-8eb256fa7d17"},{"type":"single","resource":"e263e7d5-9305-42de-bf78-e0e515391e33:e3541942-3fe3-4ffa-a60f-fe4016b468fe"},{"type":"single","resource":"e263e7d5-9305-42de-bf78-e0e515391e33:c296c56b-ea32-4f05-ad11-8568e087942c"},{"type":"single","resource":"e263e7d5-9305-42de-bf78-e0e515391e33:a1d4ab78-5ef5-4a56-ab55-e2703a46b63c"},{"type":"single","resource":"e263e7d5-9305-42de-bf78-e0e515391e33:f54b638a-a295-47c8-aa13-c23f8b2be821"},{"type":"single","resource":"9654138c-9f46-43d0-aa0c-f430c973f22b:23d23556-8b18-4d83-9984-218adc5080cc"},{"type":"single","resource":"item/snowball"},{"type":"single","resource":"9654138c-9f46-43d0-aa0c-f430c973f22b:fbda61e8-4bda-403c-ba75-68280b73d216"},{"type":"single","resource":"e263e7d5-9305-42de-bf78-e0e515391e33:8e4f9de0-dc8e-4aff-854c-5172b79b6cfd"},{"type":"single","resource":"e263e7d5-9305-42de-bf78-e0e515391e33:8e4f9de0-dc8e-4aff-854c-5172b79b6cfd"},{"type":"single","resource":"e263e7d5-9305-42de-bf78-e0e515391e33:ce351dc7-722a-4f5e-aef1-b933cc71e4e1"},{"type":"single","resource":"e263e7d5-9305-42de-bf78-e0e515391e33:2220a078-8bed-4dfe-a92f-cfaa60cfbeb5"},{"type":"single","resource":"e263e7d5-9305-42de-bf78-e0e515391e33:fe347048-803f-437a-b7f3-ca5bc44120e2"},{"type":"single","resource":"e263e7d5-9305-42de-bf78-e0e515391e33:594d2ed1-c6d8-4a7d-91df-80899549c3a5"},{"type":"single","resource":"e263e7d5-9305-42de-bf78-e0e515391e33:829a8fe6-f4de-4b1c-82c0-bd0a9f62e2b4"},{"type":"single","resource":"e263e7d5-9305-42de-bf78-e0e515391e33:36049055-aba3-44cc-9111-6daf4177b4b0"},{"type":"single","resource":"e263e7d5-9305-42de-bf78-e0e515391e33:52b7b5c1-7e3d-4fba-8e7c-78f9c51c88f0"},{"type":"single","resource":"item/trident"},{"type":"single","resource":"9654138c-9f46-43d0-aa0c-f430c973f22b:7e110a6f-5b25-40e0-a50f-c4a1d503c960"},{"type":"single","resource":"e263e7d5-9305-42de-bf78-e0e515391e33:e25ccbbb-b94b-46d8-b1af-7d083605909f"},{"type":"single","resource":"9654138c-9f46-43d0-aa0c-f430c973f22b:590fee1e-0d28-42c2-81a7-14d1826047a7"},{"type":"single","resource":"e263e7d5-9305-42de-bf78-e0e515391e33:c0f94d85-6444-43ee-af0f-ed610d9e448d"},{"type":"single","resource":"9654138c-9f46-43d0-aa0c-f430c973f22b:f3208407-170b-453b-a4b1-735bf61134a9"},{"type":"single","resource":"9654138c-9f46-43d0-aa0c-f430c973f22b:5b1a354f-f6ac-4dae-9448-1380ab881e33"},{"type":"single","resource":"9654138c-9f46-43d0-aa0c-f430c973f22b:5b1a354f-f6ac-4dae-9448-1380ab881e33"},{"type":"single","resource":"9654138c-9f46-43d0-aa0c-f430c973f22b:5b1a354f-f6ac-4dae-9448-1380ab881e33"},{"type":"single","resource":"9654138c-9f46-43d0-aa0c-f430c973f22b:5b1a354f-f6ac-4dae-9448-1380ab881e33"},{"type":"single","resource":"9654138c-9f46-43d0-aa0c-f430c973f22b:0b3b091b-71eb-402a-832b-22205ed6874a"},{"type":"single","resource":"9654138c-9f46-43d0-aa0c-f430c973f22b:0b3b091b-71eb-402a-832b-22205ed6874a"},{"type":"single","resource":"9654138c-9f46-43d0-aa0c-f430c973f22b:0b3b091b-71eb-402a-832b-22205ed6874a"},{"type":"single","resource":"9654138c-9f46-43d0-aa0c-f430c973f22b:0b3b091b-71eb-402a-832b-22205ed6874a"},{"type":"single","resource":"9654138c-9f46-43d0-aa0c-f430c973f22b:a1bb44fd-660f-4d15-aa21-460cd37a8a8c"},{"type":"single","resource":"9654138c-9f46-43d0-aa0c-f430c973f22b:a1bb44fd-660f-4d15-aa21-460cd37a8a8c"},{"type":"single","resource":"9654138c-9f46-43d0-aa0c-f430c973f22b:629af698-fcdc-4a3f-b8e0-51e8bbc41cf0"},{"type":"single","resource":"9654138c-9f46-43d0-aa0c-f430c973f22b:629af698-fcdc-4a3f-b8e0-51e8bbc41cf0"}]}