{"textures":{"0":"block/yellow_terracotta","1":"block/coal_block","2":"block/snow","particle":"#0"},"elements":[{"name":"Cube","from":[0.0,0.0,0.0],"to":[16.0,16.0,1.0],"faces":{"north":{"texture":"#0","uv":[0.0,0.0,16.0,16.0]},"east":{"texture":"#0","uv":[0.0,0.0,1.0,16.0]},"south":{"texture":"#0","uv":[0.0,0.0,16.0,16.0]},"west":{"texture":"#0","uv":[0.0,0.0,1.0,16.0]},"up":{"texture":"#0","uv":[0.0,0.0,16.0,1.0]},"down":{"texture":"#0","uv":[0.0,0.0,16.0,1.0]}}},{"name":"Cube","from":[0.0,0.0,15.0],"to":[16.0,16.0,16.0],"faces":{"north":{"texture":"#0","uv":[0.0,0.0,16.0,16.0]},"east":{"texture":"#0","uv":[0.0,0.0,1.0,16.0]},"south":{"texture":"#0","uv":[0.0,0.0,16.0,16.0]},"west":{"texture":"#0","uv":[0.0,0.0,1.0,16.0]},"up":{"texture":"#0","uv":[0.0,0.0,16.0,1.0]},"down":{"texture":"#0","uv":[0.0,0.0,16.0,1.0]}}},{"name":"Cube","from":[0.0,0.0,1.0],"to":[1.0,16.0,15.0],"faces":{"north":{"texture":"#0","uv":[0.0,0.0,1.0,16.0]},"east":{"texture":"#0","uv":[0.0,0.0,14.0,16.0]},"south":{"texture":"#0","uv":[0.0,0.0,1.0,16.0]},"west":{"texture":"#0","uv":[1.0,0.0,15.0,16.0]},"up":{"texture":"#0","uv":[0.0,0.0,1.0,14.0]},"down":{"texture":"#0","uv":[0.0,0.0,1.0,14.0]}}},{"name":"Cube","from":[15.0,0.0,1.0],"to":[16.0,16.0,15.0],"faces":{"north":{"texture":"#0","uv":[0.0,0.0,1.0,16.0]},"east":{"texture":"#0","uv":[0.0,0.0,14.0,16.0]},"south":{"texture":"#0","uv":[0.0,0.0,1.0,16.0]},"west":{"texture":"#0","uv":[1.0,0.0,15.0,16.0]},"up":{"texture":"#0","uv":[0.0,0.0,1.0,14.0]},"down":{"texture":"#0","uv":[0.0,0.0,1.0,14.0]}}},{"name":"Cube","from":[1.0,15.0,1.0],"to":[15.0,16.0,15.0],"faces":{"north":{"texture":"#0","uv":[0.0,0.0,14.0,1.0]},"east":{"texture":"#0","uv":[0.0,0.0,14.0,1.0]},"south":{"texture":"#0","uv":[0.0,0.0,14.0,1.0]},"west":{"texture":"#0","uv":[1.0,0.0,15.0,1.0]},"up":{"texture":"#0","uv":[1.0,1.0,15.0,15.0]},"down":{"texture":"#0","uv":[0.0,0.0,14.0,14.0]}}},{"name":"Cube","from":[15.5,7.0,6.0],"to":[17.5,13.0,10.0],"faces":{"north":{"texture":"#0","uv":[0.0,0.0,2.0,6.0]},"east":{"texture":"#0","uv":[0.0,0.0,4.0,6.0]},"south":{"texture":"#0","uv":[0.0,0.0,2.0,6.0]},"west":{"texture":"#0","uv":[1.0,0.0,5.0,6.0]},"up":{"texture":"#0","uv":[0.0,0.0,2.0,4.0]},"down":{"texture":"#0","uv":[0.0,0.0,2.0,4.0]}}},{"name":"Cube","from":[-1.5,7.0,6.0],"to":[0.5,13.0,10.0],"faces":{"north":{"texture":"#0","uv":[0.0,0.0,2.0,6.0]},"east":{"texture":"#0","uv":[0.0,0.0,4.0,6.0]},"south":{"texture":"#0","uv":[0.0,0.0,2.0,6.0]},"west":{"texture":"#0","uv":[1.0,0.0,5.0,6.0]},"up":{"texture":"#0","uv":[0.0,0.0,2.0,4.0]},"down":{"texture":"#0","uv":[0.0,0.0,2.0,4.0]}}},{"name":"Cube","from":[2.0,7.0,-1.0],"to":[7.0,12.0,0.0],"faces":{"north":{"texture":"#1","uv":[0.0,0.0,5.0,5.0]},"east":{"texture":"#1","uv":[0.0,0.0,1.0,5.0]},"south":{"texture":"#1","uv":[0.0,0.0,5.0,5.0]},"west":{"texture":"#1","uv":[1.0,0.0,2.0,5.0]},"up":{"texture":"#1","uv":[0.0,0.0,5.0,1.0]},"down":{"texture":"#1","uv":[0.0,0.0,5.0,1.0]}}},{"name":"Cube","from":[9.0,7.0,-1.0],"to":[14.0,12.0,0.0],"faces":{"north":{"texture":"#1","uv":[0.0,0.0,5.0,5.0]},"east":{"texture":"#1","uv":[0.0,0.0,1.0,5.0]},"south":{"texture":"#1","uv":[0.0,0.0,5.0,5.0]},"west":{"texture":"#1","uv":[1.0,0.0,2.0,5.0]},"up":{"texture":"#1","uv":[0.0,0.0,5.0,1.0]},"down":{"texture":"#1","uv":[0.0,0.0,5.0,1.0]}}},{"name":"Cube","from":[8.9,8.1,-1.1],"to":[12.9,12.1,1.0],"faces":{"north":{"texture":"#2","uv":[0.0,0.0,4.0,4.0]},"east":{"texture":"#2","uv":[0.0,0.0,1.0,4.0]},"south":{"texture":"#2","uv":[0.0,0.0,4.0,4.0]},"west":{"texture":"#2","uv":[1.0,0.0,2.0,4.0]},"up":{"texture":"#2","uv":[0.0,0.0,4.0,1.0]},"down":{"texture":"#2","uv":[0.0,0.0,4.0,1.0]}}},{"name":"Cube","from":[1.9000000000000004,8.1,-1.1],"to":[5.9,12.1,1.0],"faces":{"north":{"texture":"#2","uv":[0.0,0.0,4.0,4.0]},"east":{"texture":"#2","uv":[0.0,0.0,1.0,4.0]},"south":{"texture":"#2","uv":[0.0,0.0,4.0,4.0]},"west":{"texture":"#2","uv":[1.0,0.0,2.0,4.0]},"up":{"texture":"#2","uv":[0.0,0.0,4.0,1.0]},"down":{"texture":"#2","uv":[0.0,0.0,4.0,1.0]}}},{"name":"Cube","from":[5.0,6.0,-2.0],"to":[11.0,8.0,0.0],"faces":{"north":{"texture":"#0","uv":[0.0,0.0,2.0,2.0]},"east":{"texture":"#0","uv":[0.0,0.0,2.0,2.0]},"south":{"texture":"#0","uv":[0.0,0.0,2.0,2.0]},"west":{"texture":"#0","uv":[0.0,0.0,2.0,2.0]},"up":{"texture":"#0","uv":[0.0,0.0,2.0,2.0]},"down":{"texture":"#0","uv":[0.0,0.0,2.0,2.0]}}},{"name":"Cube","from":[5.0,4.0,-2.0],"to":[7.0,6.0,0.0],"faces":{"north":{"texture":"#0","uv":[0.0,0.0,2.0,2.0]},"east":{"texture":"#0","uv":[0.0,0.0,2.0,2.0]},"south":{"texture":"#0","uv":[0.0,0.0,2.0,2.0]},"west":{"texture":"#0","uv":[0.0,0.0,2.0,2.0]},"up":{"texture":"#0","uv":[0.0,0.0,2.0,2.0]},"down":{"texture":"#0","uv":[0.0,0.0,2.0,2.0]}}},{"name":"Cube","from":[9.0,4.0,-2.0],"to":[11.0,6.0,0.0],"faces":{"north":{"texture":"#0","uv":[0.0,0.0,2.0,2.0]},"east":{"texture":"#0","uv":[0.0,0.0,2.0,2.0]},"south":{"texture":"#0","uv":[0.0,0.0,2.0,2.0]},"west":{"texture":"#0","uv":[0.0,0.0,2.0,2.0]},"up":{"texture":"#0","uv":[0.0,0.0,2.0,2.0]},"down":{"texture":"#0","uv":[0.0,0.0,2.0,2.0]}}},{"name":"Cube","from":[6.0,5.5,-2.4],"to":[10.0,7.5,-1.4],"faces":{"north":{"texture":"#1","uv":[0.0,0.0,3.0,2.0]},"east":{"texture":"#1","uv":[0.0,0.0,1.0,1.0]},"south":{"texture":"#1","uv":[0.0,0.0,3.0,3.0]},"west":{"texture":"#1","uv":[1.0,0.0,2.0,2.0]},"up":{"texture":"#1","uv":[0.0,0.0,2.0,2.0]},"down":{"texture":"#1","uv":[0.0,0.0,2.0,2.0]}}}],"display":{"gui":{"rotation":[30,225,0],"translation":[0,0,0],"scale":[0.5,0.5,0.5]},"fixed":{"rotation":[0,0,0],"translation":[0,0,0],"scale":[0.5,0.5,0.5]},"ground":{"rotation":[0,0,0],"translation":[0,3,0],"scale":[0.3,0.3,0.3]},"thirdperson_righthand":{"rotation":[45,45,0],"translation":[0,3,0],"scale":[0.3,0.3,0.3]},"firstperson_righthand":{"rotation":[0,0,0],"translation":[0,-1,0],"scale":[0.3,0.3,0.3]},"firstperson_lefthand":{"rotation":[0,0,0],"translation":[0,-1,0],"scale":[0.3,0.3,0.3]}}}