{"providers":[{"type":"bitmap","file":"font/skills_gui.png","height":137,"ascent":24,"chars":[""]},{"type":"bitmap","file":"font/immersive_recipe_selection.png","height":137,"ascent":24,"chars":[""]},{"type":"bitmap","file":"font/editor_gridrecipe_gui.png","height":137,"ascent":24,"chars":[""]},{"type":"bitmap","file":"font/editor_cookingrecipe_gui.png","height":137,"ascent":24,"chars":[""]},{"type":"bitmap","file":"font/editor_smithingrecipe_gui.png","height":137,"ascent":24,"chars":[""]},{"type":"bitmap","file":"font/editor_brewingrecipe_gui.png","height":137,"ascent":24,"chars":[""]},{"type":"bitmap","file":"font/editor_immersiverecipe_gui.png","height":137,"ascent":24,"chars":[""]},{"type":"bitmap","file":"font/editor_cauldronrecipe_gui.png","height":137,"ascent":24,"chars":[""]},{"type":"bitmap","file":"font/editor_alloyrecipe_gui.png","height":137,"ascent":24,"chars":[""]},{"type":"bitmap","file":"font/loot_table_free_selection.png","height":119,"ascent":24,"chars":[""]},{"type":"bitmap","file":"font/editor_ingredientselection_gui.png","height":137,"ascent":24,"chars":[""]},{"type":"bitmap","file":"font/editor_modifierselection_gui.png","height":137,"ascent":24,"chars":[""]},{"type":"bitmap","file":"font/editor_ingredientoptionselection_gui.png","height":137,"ascent":24,"chars":[""]},{"type":"bitmap","file":"font/editor_recipeoverview_gui.png","height":137,"ascent":24,"chars":[""]},{"type":"bitmap","file":"font/editor_recipeselection_craftingtable_gui.png","height":137,"ascent":24,"chars":[""]},{"type":"bitmap","file":"font/editor_recipeselection_brewing_gui.png","height":137,"ascent":24,"chars":[""]},{"type":"bitmap","file":"font/editor_recipeselection_smithing_gui.png","height":137,"ascent":24,"chars":[""]},{"type":"bitmap","file":"font/editor_recipeselection_furnace_gui.png","height":137,"ascent":24,"chars":[""]},{"type":"bitmap","file":"font/editor_recipeselection_blastfurnace_gui.png","height":137,"ascent":24,"chars":[""]},{"type":"bitmap","file":"font/editor_recipeselection_smoker_gui.png","height":137,"ascent":24,"chars":[""]},{"type":"bitmap","file":"font/editor_recipeselection_campfire_gui.png","height":137,"ascent":24,"chars":[""]},{"type":"bitmap","file":"font/editor_recipeselection_immersive_gui.png","height":137,"ascent":24,"chars":[""]},{"type":"bitmap","file":"font/editor_recipeselection_cauldron_gui.png","height":137,"ascent":24,"chars":[""]},{"type":"bitmap","file":"font/editor_recipeselection_alloy_gui.png","height":137,"ascent":24,"chars":[""]},{"type":"bitmap","file":"font/editor_recipeselection_disabled_gui.png","height":137,"ascent":24,"chars":[""]},{"type":"bitmap","file":"font/editor_validationselection_gui.png","height":137,"ascent":24,"chars":[""]},{"type":"bitmap","file":"font/editor_loot_table.png","height":137,"ascent":24,"chars":[""]},{"type":"bitmap","file":"font/editor_loottableoverview.png","height":137,"ascent":24,"chars":[""]},{"type":"bitmap","file":"font/editor_loottableselection.png","height":137,"ascent":24,"chars":[""]},{"type":"bitmap","file":"font/editor_loot_pool.png","height":137,"ascent":24,"chars":[""]},{"type":"bitmap","file":"font/editor_predicateselection_gui.png","height":137,"ascent":24,"chars":[""]},{"type":"bitmap","file":"font/editor_tableselection_blocks_gui.png","height":137,"ascent":24,"chars":[""]},{"type":"bitmap","file":"font/editor_tableselection_containers_gui.png","height":137,"ascent":24,"chars":[""]},{"type":"bitmap","file":"font/editor_tableselection_entities_gui.png","height":137,"ascent":24,"chars":[""]},{"type":"bitmap","file":"font/editor_tableselection_fishing_gui.png","height":137,"ascent":24,"chars":[""]},{"type":"bitmap","file":"font/editor_loot_entry.png","height":137,"ascent":24,"chars":[""]},{"type":"bitmap","file":"font/editor_armor_sets.png","height":137,"ascent":24,"chars":[""]},{"type":"bitmap","file":"font/editor_customitems.png","height":137,"ascent":24,"chars":[""]},{"type":"bitmap","file":"font/trinkets_gui_0r.png","height":137,"ascent":24,"chars":[""]},{"type":"bitmap","file":"font/book_page.png","height":139,"ascent":24,"chars":["廊"]},{"type":"bitmap","file":"space:font/space_split.png","height":-3,"ascent":-32768,"chars":[""]},{"type":"bitmap","file":"space:font/space_split.png","height":-4,"ascent":-32768,"chars":[""]},{"type":"bitmap","file":"space:font/space_split.png","height":-5,"ascent":-32768,"chars":[""]},{"type":"bitmap","file":"space:font/space_split.png","height":-6,"ascent":-32768,"chars":[""]},{"type":"bitmap","file":"space:font/space_split.png","height":-7,"ascent":-32768,"chars":[""]},{"type":"bitmap","file":"space:font/space_split.png","height":-8,"ascent":-32768,"chars":[""]},{"type":"bitmap","file":"space:font/space_split.png","height":-9,"ascent":-32768,"chars":[""]},{"type":"bitmap","file":"space:font/space_split.png","height":-10,"ascent":-32768,"chars":[""]},{"type":"bitmap","file":"space:font/space_split.png","height":-18,"ascent":-32768,"chars":[""]},{"type":"bitmap","file":"space:font/space_split.png","height":-34,"ascent":-32768,"chars":[""]},{"type":"bitmap","file":"space:font/space_split.png","height":-66,"ascent":-32768,"chars":[""]},{"type":"bitmap","file":"space:font/space_split.png","height":-130,"ascent":-32768,"chars":[""]},{"type":"bitmap","file":"space:font/space_split.png","height":-258,"ascent":-32768,"chars":[""]},{"type":"bitmap","file":"space:font/space_split.png","height":-514,"ascent":-32768,"chars":[""]},{"type":"bitmap","file":"space:font/space_split.png","height":-1026,"ascent":-32768,"chars":[""]},{"type":"bitmap","file":"space:font/space_split.png","height":-32770,"ascent":-65536,"chars":[""]},{"type":"bitmap","file":"space:font/space_split.png","height":0,"ascent":-32768,"chars":[""]},{"type":"bitmap","file":"space:font/space_split.png","height":1,"ascent":-32768,"chars":[""]},{"type":"bitmap","file":"space:font/space_split.png","height":2,"ascent":-32768,"chars":[""]},{"type":"bitmap","file":"space:font/space_split.png","height":3,"ascent":-32768,"chars":[""]},{"type":"bitmap","file":"space:font/space_split.png","height":4,"ascent":-32768,"chars":[""]},{"type":"bitmap","file":"space:font/space_split.png","height":5,"ascent":-32768,"chars":[""]},{"type":"bitmap","file":"space:font/space_split.png","height":6,"ascent":-32768,"chars":[""]},{"type":"bitmap","file":"space:font/space_split.png","height":7,"ascent":-32768,"chars":[""]},{"type":"bitmap","file":"space:font/space_split.png","height":15,"ascent":-32768,"chars":[""]},{"type":"bitmap","file":"space:font/space_split.png","height":31,"ascent":-32768,"chars":[""]},{"type":"bitmap","file":"space:font/space_split.png","height":63,"ascent":-32768,"chars":[""]},{"type":"bitmap","file":"space:font/space_split.png","height":127,"ascent":-32768,"chars":[""]},{"type":"bitmap","file":"space:font/space_split.png","height":255,"ascent":-32768,"chars":[""]},{"type":"bitmap","file":"space:font/space_split.png","height":511,"ascent":-32768,"chars":[""]},{"type":"bitmap","file":"space:font/space_split.png","height":1023,"ascent":-32768,"chars":[""]},{"type":"bitmap","file":"space:font/space_split.png","height":32767,"ascent":-65536,"chars":[""]},{"type":"bitmap","file":"space:font/space_nosplit.png","height":-3,"ascent":-32768,"chars":[""]},{"type":"bitmap","file":"space:font/space_nosplit.png","height":-4,"ascent":-32768,"chars":[""]},{"type":"bitmap","file":"space:font/space_nosplit.png","height":-5,"ascent":-32768,"chars":[""]},{"type":"bitmap","file":"space:font/space_nosplit.png","height":-6,"ascent":-32768,"chars":[""]},{"type":"bitmap","file":"space:font/space_nosplit.png","height":-7,"ascent":-32768,"chars":[""]},{"type":"bitmap","file":"space:font/space_nosplit.png","height":-8,"ascent":-32768,"chars":[""]},{"type":"bitmap","file":"space:font/space_nosplit.png","height":-9,"ascent":-32768,"chars":[""]},{"type":"bitmap","file":"space:font/space_nosplit.png","height":-10,"ascent":-32768,"chars":[""]},{"type":"bitmap","file":"space:font/space_nosplit.png","height":-18,"ascent":-32768,"chars":[""]},{"type":"bitmap","file":"space:font/space_nosplit.png","height":-34,"ascent":-32768,"chars":[""]},{"type":"bitmap","file":"space:font/space_nosplit.png","height":-66,"ascent":-32768,"chars":[""]},{"type":"bitmap","file":"space:font/space_nosplit.png","height":-130,"ascent":-32768,"chars":[""]},{"type":"bitmap","file":"space:font/space_nosplit.png","height":-258,"ascent":-32768,"chars":[""]},{"type":"bitmap","file":"space:font/space_nosplit.png","height":-514,"ascent":-32768,"chars":[""]},{"type":"bitmap","file":"space:font/space_nosplit.png","height":-1026,"ascent":-32768,"chars":[""]},{"type":"bitmap","file":"space:font/space_nosplit.png","height":-32770,"ascent":-65536,"chars":[""]},{"type":"bitmap","file":"space:font/space_nosplit.png","height":0,"ascent":-32768,"chars":[""]},{"type":"bitmap","file":"space:font/space_nosplit.png","height":1,"ascent":-32768,"chars":[""]},{"type":"bitmap","file":"space:font/space_nosplit.png","height":2,"ascent":-32768,"chars":[""]},{"type":"bitmap","file":"space:font/space_nosplit.png","height":3,"ascent":-32768,"chars":[""]},{"type":"bitmap","file":"space:font/space_nosplit.png","height":4,"ascent":-32768,"chars":[""]},{"type":"bitmap","file":"space:font/space_nosplit.png","height":5,"ascent":-32768,"chars":[""]},{"type":"bitmap","file":"space:font/space_nosplit.png","height":6,"ascent":-32768,"chars":[""]},{"type":"bitmap","file":"space:font/space_nosplit.png","height":7,"ascent":-32768,"chars":[""]},{"type":"bitmap","file":"space:font/space_nosplit.png","height":15,"ascent":-32768,"chars":[""]},{"type":"bitmap","file":"space:font/space_nosplit.png","height":31,"ascent":-32768,"chars":[""]},{"type":"bitmap","file":"space:font/space_nosplit.png","height":63,"ascent":-32768,"chars":[""]},{"type":"bitmap","file":"space:font/space_nosplit.png","height":127,"ascent":-32768,"chars":[""]},{"type":"bitmap","file":"space:font/space_nosplit.png","height":255,"ascent":-32768,"chars":[""]},{"type":"bitmap","file":"space:font/space_nosplit.png","height":511,"ascent":-32768,"chars":[""]},{"type":"bitmap","file":"space:font/space_nosplit.png","height":1023,"ascent":-32768,"chars":[""]},{"type":"bitmap","file":"space:font/space_nosplit.png","height":32767,"ascent":-65536,"chars":[""]},{"type":"bitmap","file":"font/effect_icons/speed.png","ascent":8,"chars":[""]},{"type":"bitmap","file":"font/effect_icons/slow.png","ascent":8,"chars":[""]},{"type":"bitmap","file":"font/effect_icons/fast_digging.png","ascent":8,"chars":[""]},{"type":"bitmap","file":"font/effect_icons/slow_digging.png","ascent":8,"chars":[""]},{"type":"bitmap","file":"font/effect_icons/increase_damage.png","ascent":8,"chars":[""]},{"type":"bitmap","file":"font/effect_icons/heal.png","ascent":8,"chars":[""]},{"type":"bitmap","file":"font/effect_icons/harm.png","ascent":8,"chars":[""]},{"type":"bitmap","file":"font/effect_icons/jump.png","ascent":8,"chars":[""]},{"type":"bitmap","file":"font/effect_icons/confusion.png","ascent":8,"chars":[""]},{"type":"bitmap","file":"font/effect_icons/regeneration.png","ascent":8,"chars":[""]},{"type":"bitmap","file":"font/effect_icons/damage_resistance.png","ascent":8,"chars":[""]},{"type":"bitmap","file":"font/effect_icons/fire_resistance.png","ascent":8,"chars":[""]},{"type":"bitmap","file":"font/effect_icons/water_breathing.png","ascent":8,"chars":[""]},{"type":"bitmap","file":"font/effect_icons/invisibility.png","ascent":8,"chars":[""]},{"type":"bitmap","file":"font/effect_icons/blindness.png","ascent":8,"chars":[""]},{"type":"bitmap","file":"font/effect_icons/darkness.png","ascent":8,"chars":[""]},{"type":"bitmap","file":"font/effect_icons/night_vision.png","ascent":8,"chars":[""]},{"type":"bitmap","file":"font/effect_icons/hunger.png","ascent":8,"chars":[""]},{"type":"bitmap","file":"font/effect_icons/weakness.png","ascent":8,"chars":[""]},{"type":"bitmap","file":"font/effect_icons/poison.png","ascent":8,"chars":[""]},{"type":"bitmap","file":"font/effect_icons/wither.png","ascent":8,"chars":[""]},{"type":"bitmap","file":"font/effect_icons/health_boost.png","ascent":8,"chars":[""]},{"type":"bitmap","file":"font/effect_icons/absorption.png","ascent":8,"chars":[""]},{"type":"bitmap","file":"font/effect_icons/saturation.png","ascent":8,"chars":[""]},{"type":"bitmap","file":"font/effect_icons/glowing.png","ascent":8,"chars":[""]},{"type":"bitmap","file":"font/effect_icons/levitation.png","ascent":8,"chars":[""]},{"type":"bitmap","file":"font/effect_icons/luck.png","ascent":8,"chars":[""]},{"type":"bitmap","file":"font/effect_icons/unluck.png","ascent":8,"chars":[""]},{"type":"bitmap","file":"font/effect_icons/slow_falling.png","ascent":8,"chars":[""]},{"type":"bitmap","file":"font/effect_icons/conduit_power.png","ascent":8,"chars":[""]},{"type":"bitmap","file":"font/effect_icons/dolphins_grace.png","ascent":8,"chars":[""]},{"type":"bitmap","file":"font/effect_icons/bad_omen.png","ascent":8,"chars":[""]},{"type":"bitmap","file":"font/effect_icons/hero_of_the_village.png","ascent":8,"chars":[""]},{"type":"bitmap","file":"font/effect_icons/infested.png","ascent":8,"chars":[""]},{"type":"bitmap","file":"font/effect_icons/oozing.png","ascent":8,"chars":[""]},{"type":"bitmap","file":"font/effect_icons/weaving.png","ascent":8,"chars":[""]},{"type":"bitmap","file":"font/effect_icons/wind_charged.png","ascent":8,"chars":[""]},{"type":"bitmap","file":"font/effect_icons/bow_strength.png","ascent":8,"chars":[""]},{"type":"bitmap","file":"font/effect_icons/arrow_damage.png","ascent":8,"chars":[""]},{"type":"bitmap","file":"font/effect_icons/ammo_consumption.png","ascent":8,"chars":[""]},{"type":"bitmap","file":"font/effect_icons/arrow_velocity.png","ascent":8,"chars":[""]},{"type":"bitmap","file":"font/effect_icons/arrow_accuracy.png","ascent":8,"chars":[""]},{"type":"bitmap","file":"font/effect_icons/arrow_piercing.png","ascent":8,"chars":[""]},{"type":"bitmap","file":"font/effect_icons/knockback.png","ascent":8,"chars":[""]},{"type":"bitmap","file":"font/effect_icons/stun_chance.png","ascent":8,"chars":[""]},{"type":"bitmap","file":"font/effect_icons/bleed_chance.png","ascent":8,"chars":[""]},{"type":"bitmap","file":"font/effect_icons/bleed_damage.png","ascent":8,"chars":[""]},{"type":"bitmap","file":"font/effect_icons/bleed_duration.png","ascent":8,"chars":[""]},{"type":"bitmap","file":"font/effect_icons/crit_chance.png","ascent":8,"chars":[""]},{"type":"bitmap","file":"font/effect_icons/crit_damage.png","ascent":8,"chars":[""]},{"type":"bitmap","file":"font/effect_icons/armor_penetration_flat.png","ascent":8,"chars":[""]},{"type":"bitmap","file":"font/effect_icons/light_armor_penetration_flat.png","ascent":8,"chars":[""]},{"type":"bitmap","file":"font/effect_icons/heavy_armor_penetration_flat.png","ascent":8,"chars":[""]},{"type":"bitmap","file":"font/effect_icons/armor_penetration_fraction.png","ascent":8,"chars":[""]},{"type":"bitmap","file":"font/effect_icons/light_armor_penetration_fraction.png","ascent":8,"chars":[""]},{"type":"bitmap","file":"font/effect_icons/heavy_armor_penetration_fraction.png","ascent":8,"chars":[""]},{"type":"bitmap","file":"font/effect_icons/heavy_armor_damage.png","ascent":8,"chars":[""]},{"type":"bitmap","file":"font/effect_icons/light_armor_damage.png","ascent":8,"chars":[""]},{"type":"bitmap","file":"font/effect_icons/immunity_bonus_fraction.png","ascent":8,"chars":[""]},{"type":"bitmap","file":"font/effect_icons/immunity_bonus_flat.png","ascent":8,"chars":[""]},{"type":"bitmap","file":"font/effect_icons/immunity_reduction.png","ascent":8,"chars":[""]},{"type":"bitmap","file":"font/effect_icons/damage_unarmed.png","ascent":8,"chars":[""]},{"type":"bitmap","file":"font/effect_icons/damage_melee.png","ascent":8,"chars":[""]},{"type":"bitmap","file":"font/effect_icons/damage_ranged.png","ascent":8,"chars":[""]},{"type":"bitmap","file":"font/effect_icons/damage_all.png","ascent":8,"chars":[""]},{"type":"bitmap","file":"font/effect_icons/attack_reach.png","ascent":8,"chars":[""]},{"type":"bitmap","file":"font/effect_icons/velocity_damage.png","ascent":8,"chars":[""]},{"type":"bitmap","file":"font/effect_icons/dismount_chance.png","ascent":8,"chars":[""]},{"type":"bitmap","file":"font/effect_icons/custom_damage_resistance.png","ascent":8,"chars":[""]},{"type":"bitmap","file":"font/effect_icons/explosion_resistance.png","ascent":8,"chars":[""]},{"type":"bitmap","file":"font/effect_icons/fall_damage_resistance.png","ascent":8,"chars":[""]},{"type":"bitmap","file":"font/effect_icons/custom_fire_resistance.png","ascent":8,"chars":[""]},{"type":"bitmap","file":"font/effect_icons/magic_resistance.png","ascent":8,"chars":[""]},{"type":"bitmap","file":"font/effect_icons/bleed_resistance.png","ascent":8,"chars":[""]},{"type":"bitmap","file":"font/effect_icons/stun_resistance.png","ascent":8,"chars":[""]},{"type":"bitmap","file":"font/effect_icons/poison_resistance.png","ascent":8,"chars":[""]},{"type":"bitmap","file":"font/effect_icons/projectile_resistance.png","ascent":8,"chars":[""]},{"type":"bitmap","file":"font/effect_icons/melee_resistance.png","ascent":8,"chars":[""]},{"type":"bitmap","file":"font/effect_icons/dodge_chance.png","ascent":8,"chars":[""]},{"type":"bitmap","file":"font/effect_icons/healing_bonus.png","ascent":8,"chars":[""]},{"type":"bitmap","file":"font/effect_icons/food_consumption.png","ascent":8,"chars":[""]},{"type":"bitmap","file":"font/effect_icons/cooldown_reduction.png","ascent":8,"chars":[""]},{"type":"bitmap","file":"font/effect_icons/explosion_power.png","ascent":8,"chars":[""]},{"type":"bitmap","file":"font/effect_icons/crafting_speed.png","ascent":8,"chars":[""]},{"type":"bitmap","file":"font/effect_icons/alchemy_quality.png","ascent":8,"chars":[""]},{"type":"bitmap","file":"font/effect_icons/alchemy_quality_fraction.png","ascent":8,"chars":[""]},{"type":"bitmap","file":"font/effect_icons/enchanting_quality.png","ascent":8,"chars":[""]},{"type":"bitmap","file":"font/effect_icons/enchanting_quality_fraction.png","ascent":8,"chars":[""]},{"type":"bitmap","file":"font/effect_icons/anvil_quality_flat.png","ascent":8,"chars":[""]},{"type":"bitmap","file":"font/effect_icons/anvil_quality_fraction.png","ascent":8,"chars":[""]},{"type":"bitmap","file":"font/effect_icons/brewing_ingredient_consumption.png","ascent":8,"chars":[""]},{"type":"bitmap","file":"font/effect_icons/brewing_speed.png","ascent":8,"chars":[""]},{"type":"bitmap","file":"font/effect_icons/potion_consumption.png","ascent":8,"chars":[""]},{"type":"bitmap","file":"font/effect_icons/throwing_velocity.png","ascent":8,"chars":[""]},{"type":"bitmap","file":"font/effect_icons/smithing_quality.png","ascent":8,"chars":[""]},{"type":"bitmap","file":"font/effect_icons/smithing_quality_fraction.png","ascent":8,"chars":[""]},{"type":"bitmap","file":"font/effect_icons/mining_rare_drops.png","ascent":8,"chars":[""]},{"type":"bitmap","file":"font/effect_icons/mining_drops.png","ascent":8,"chars":[""]},{"type":"bitmap","file":"font/effect_icons/woodcutting_rare_drops.png","ascent":8,"chars":[""]},{"type":"bitmap","file":"font/effect_icons/woodcutting_drops.png","ascent":8,"chars":[""]},{"type":"bitmap","file":"font/effect_icons/digging_rare_drops.png","ascent":8,"chars":[""]},{"type":"bitmap","file":"font/effect_icons/digging_drops.png","ascent":8,"chars":[""]},{"type":"bitmap","file":"font/effect_icons/farming_rare_drops.png","ascent":8,"chars":[""]},{"type":"bitmap","file":"font/effect_icons/farming_drops.png","ascent":8,"chars":[""]},{"type":"bitmap","file":"font/effect_icons/fishing_luck.png","ascent":8,"chars":[""]},{"type":"bitmap","file":"font/effect_icons/skill_exp_gain.png","ascent":8,"chars":[""]},{"type":"bitmap","file":"font/effect_icons/vanilla_exp_gain.png","ascent":8,"chars":[""]},{"type":"bitmap","file":"font/effect_icons/damage_taken.png","ascent":8,"chars":[""]},{"type":"bitmap","file":"font/effect_icons/reflect_chance.png","ascent":8,"chars":[""]},{"type":"bitmap","file":"font/effect_icons/reflect_fraction.png","ascent":8,"chars":[""]},{"type":"bitmap","file":"font/effect_icons/smithing_masterpiece_flat.png","ascent":8,"chars":[""]},{"type":"bitmap","file":"font/effect_icons/smithing_masterpiece_fraction.png","ascent":8,"chars":[""]},{"type":"bitmap","file":"font/effect_icons/enchanting_masterpiece_flat.png","ascent":8,"chars":[""]},{"type":"bitmap","file":"font/effect_icons/enchanting_masterpiece_fraction.png","ascent":8,"chars":[""]},{"type":"bitmap","file":"font/effect_icons/alchemy_masterpiece_flat.png","ascent":8,"chars":[""]},{"type":"bitmap","file":"font/effect_icons/alchemy_masterpiece_fraction.png","ascent":8,"chars":[""]},{"type":"bitmap","file":"font/effect_icons/custom_luck.png","ascent":8,"chars":[""]},{"type":"bitmap","file":"font/effect_icons/armor_flat.png","ascent":8,"chars":[""]},{"type":"bitmap","file":"font/effect_icons/armor_fraction.png","ascent":8,"chars":[""]},{"type":"bitmap","file":"font/effect_icons/armor_toughness_flat.png","ascent":8,"chars":[""]},{"type":"bitmap","file":"font/effect_icons/armor_toughness_fraction.png","ascent":8,"chars":[""]},{"type":"bitmap","file":"font/effect_icons/attack_damage.png","ascent":8,"chars":[""]},{"type":"bitmap","file":"font/effect_icons/attack_speed.png","ascent":8,"chars":[""]},{"type":"bitmap","file":"font/effect_icons/knockback_resistance.png","ascent":8,"chars":[""]},{"type":"bitmap","file":"font/effect_icons/max_health_flat.png","ascent":8,"chars":[""]},{"type":"bitmap","file":"font/effect_icons/max_health_fraction.png","ascent":8,"chars":[""]},{"type":"bitmap","file":"font/effect_icons/movement_speed.png","ascent":8,"chars":[""]},{"type":"bitmap","file":"font/effect_icons/chocolate_milk.png","ascent":8,"chars":[""]},{"type":"bitmap","file":"font/effect_icons/milk.png","ascent":8,"chars":[""]},{"type":"bitmap","file":"font/effect_icons/sneak_movement_speed.png","ascent":8,"chars":[""]},{"type":"bitmap","file":"font/effect_icons/sprint_movement_speed.png","ascent":8,"chars":[""]},{"type":"bitmap","file":"font/effect_icons/damage_explosion.png","ascent":8,"chars":[""]},{"type":"bitmap","file":"font/effect_icons/damage_fire.png","ascent":8,"chars":[""]},{"type":"bitmap","file":"font/effect_icons/damage_magic.png","ascent":8,"chars":[""]},{"type":"bitmap","file":"font/effect_icons/damage_poison.png","ascent":8,"chars":[""]},{"type":"bitmap","file":"font/effect_icons/damage_bludgeoning.png","ascent":8,"chars":[""]},{"type":"bitmap","file":"font/effect_icons/damage_lightning.png","ascent":8,"chars":[""]},{"type":"bitmap","file":"font/effect_icons/damage_freezing.png","ascent":8,"chars":[""]},{"type":"bitmap","file":"font/effect_icons/damage_radiant.png","ascent":8,"chars":[""]},{"type":"bitmap","file":"font/effect_icons/damage_necrotic.png","ascent":8,"chars":[""]},{"type":"bitmap","file":"font/effect_icons/cooking_speed.png","ascent":8,"chars":[""]},{"type":"bitmap","file":"font/effect_icons/jump_height.png","ascent":8,"chars":[""]},{"type":"bitmap","file":"font/effect_icons/jumps.png","ascent":8,"chars":[""]},{"type":"bitmap","file":"font/effect_icons/extra_explosion_damage.png","ascent":8,"chars":[""]},{"type":"bitmap","file":"font/effect_icons/extra_fire_damage.png","ascent":8,"chars":[""]},{"type":"bitmap","file":"font/effect_icons/extra_magic_damage.png","ascent":8,"chars":[""]},{"type":"bitmap","file":"font/effect_icons/extra_poison_damage.png","ascent":8,"chars":[""]},{"type":"bitmap","file":"font/effect_icons/extra_bludgeoning_damage.png","ascent":8,"chars":[""]},{"type":"bitmap","file":"font/effect_icons/extra_lightning_damage.png","ascent":8,"chars":[""]},{"type":"bitmap","file":"font/effect_icons/extra_freezing_damage.png","ascent":8,"chars":[""]},{"type":"bitmap","file":"font/effect_icons/extra_radiant_damage.png","ascent":8,"chars":[""]},{"type":"bitmap","file":"font/effect_icons/extra_necrotic_damage.png","ascent":8,"chars":[""]},{"type":"bitmap","file":"font/effect_icons/bludgeoning_resistance.png","ascent":8,"chars":[""]},{"type":"bitmap","file":"font/effect_icons/lightning_resistance.png","ascent":8,"chars":[""]},{"type":"bitmap","file":"font/effect_icons/freezing_resistance.png","ascent":8,"chars":[""]},{"type":"bitmap","file":"font/effect_icons/radiant_resistance.png","ascent":8,"chars":[""]},{"type":"bitmap","file":"font/effect_icons/necrotic_resistance.png","ascent":8,"chars":[""]},{"type":"bitmap","file":"font/effect_icons/stun.png","ascent":8,"chars":[""]},{"type":"bitmap","file":"font/effect_icons/durability.png","ascent":8,"chars":[""]},{"type":"bitmap","file":"font/effect_icons/entity_drops.png","ascent":8,"chars":[""]},{"type":"bitmap","file":"font/effect_icons/light_armor.png","ascent":8,"chars":[""]},{"type":"bitmap","file":"font/effect_icons/heavy_armor.png","ascent":8,"chars":[""]},{"type":"bitmap","file":"font/effect_icons/crit_chance_resistance.png","ascent":8,"chars":[""]},{"type":"bitmap","file":"font/effect_icons/crit_damage_resistance.png","ascent":8,"chars":[""]},{"type":"bitmap","file":"font/effect_icons/fire.png","ascent":8,"chars":[""]},{"type":"bitmap","file":"font/effect_icons/instant_explosion_damage.png","ascent":8,"chars":[""]},{"type":"bitmap","file":"font/effect_icons/instant_fire_damage.png","ascent":8,"chars":[""]},{"type":"bitmap","file":"font/effect_icons/instant_poison_damage.png","ascent":8,"chars":[""]},{"type":"bitmap","file":"font/effect_icons/instant_magic_damage.png","ascent":8,"chars":[""]},{"type":"bitmap","file":"font/effect_icons/instant_melee_damage.png","ascent":8,"chars":[""]},{"type":"bitmap","file":"font/effect_icons/instant_projectile_damage.png","ascent":8,"chars":[""]},{"type":"bitmap","file":"font/effect_icons/instant_bludgeoning_damage.png","ascent":8,"chars":[""]},{"type":"bitmap","file":"font/effect_icons/instant_lightning_damage.png","ascent":8,"chars":[""]},{"type":"bitmap","file":"font/effect_icons/instant_freezing_damage.png","ascent":8,"chars":[""]},{"type":"bitmap","file":"font/effect_icons/instant_radiant_damage.png","ascent":8,"chars":[""]},{"type":"bitmap","file":"font/effect_icons/instant_necrotic_damage.png","ascent":8,"chars":[""]},{"type":"bitmap","file":"font/effect_icons/bleed.png","ascent":8,"chars":[""]},{"type":"bitmap","file":"font/effect_icons/antibleed.png","ascent":8,"chars":[""]},{"type":"bitmap","file":"font/effect_icons/recall.png","ascent":8,"chars":[""]},{"type":"bitmap","file":"font/effect_icons/custom_heal.png","ascent":8,"chars":[""]},{"type":"bitmap","file":"font/effect_icons/lapis_save_chance.png","ascent":8,"chars":[""]},{"type":"bitmap","file":"font/effect_icons/exp_refund_chance.png","ascent":8,"chars":[""]},{"type":"bitmap","file":"font/effect_icons/exp_refund_fraction.png","ascent":8,"chars":[""]},{"type":"bitmap","file":"font/effect_icons/lingering_duration_multiplier.png","ascent":8,"chars":[""]},{"type":"bitmap","file":"font/effect_icons/lingering_radius_multiplier.png","ascent":8,"chars":[""]},{"type":"bitmap","file":"font/effect_icons/splash_intensity_minimum.png","ascent":8,"chars":[""]},{"type":"bitmap","file":"font/effect_icons/entity_rare_drops.png","ascent":8,"chars":[""]},{"type":"bitmap","file":"font/effect_icons/dig_speed.png","ascent":8,"chars":[""]},{"type":"bitmap","file":"font/effect_icons/mining_level.png","ascent":8,"chars":[""]},{"type":"bitmap","file":"font/effect_icons/fall_damage.png","ascent":8,"chars":[""]},{"type":"bitmap","file":"font/effect_icons/crossbow_magazine.png","ascent":8,"chars":[""]},{"type":"bitmap","file":"font/effect_icons/scale.png","ascent":8,"chars":[""]},{"type":"bitmap","file":"font/effect_icons/block_reach.png","ascent":8,"chars":[""]},{"type":"bitmap","file":"font/effect_icons/step_height.png","ascent":8,"chars":[""]},{"type":"bitmap","file":"font/effect_icons/attack_reach_multiplier.png","ascent":8,"chars":[""]},{"type":"bitmap","file":"font/effect_icons/shield_disarming.png","ascent":8,"chars":[""]},{"type":"bitmap","file":"font/effect_icons/lifesteal.png","ascent":8,"chars":[""]},{"type":"bitmap","file":"font/effect_icons/gravity.png","ascent":8,"chars":[""]},{"type":"bitmap","file":"font/effect_icons/safe_fall_distance.png","ascent":8,"chars":[""]},{"type":"bitmap","file":"font/effect_icons/fall_damage_multiplier.png","ascent":8,"chars":[""]},{"type":"bitmap","file":"font/effect_icons/pvp_resistance.png","ascent":8,"chars":[""]},{"type":"bitmap","file":"font/effect_icons/player_damage.png","ascent":8,"chars":[""]},{"type":"bitmap","file":"font/effect_icons/mounted_damage.png","ascent":8,"chars":[""]},{"type":"bitmap","file":"castle/systemicons/ping.png","height":9,"ascent":8,"chars":["ꑖ"]},{"type":"bitmap","file":"castle/systemicons/right_click.png","height":9,"ascent":8,"chars":["ꑛ"]},{"type":"bitmap","file":"castle/systemicons/friend.png","height":9,"ascent":8,"chars":["ꑂ"]},{"type":"bitmap","file":"castle/systemicons/locked.png","height":9,"ascent":8,"chars":["ꑔ"]},{"type":"bitmap","file":"castle/systemicons/local_chat.png","height":9,"ascent":8,"chars":["ꑓ"]},{"type":"bitmap","file":"castle/tags/flags/transgender.png","height":9,"ascent":8,"chars":["ꕏ"]},{"type":"bitmap","file":"castle/prefix/media.png","height":9,"ascent":8,"chars":["ꐼ"]},{"type":"bitmap","file":"castle/prefix/pro.png","height":9,"ascent":8,"chars":["ꐽ"]},{"type":"bitmap","file":"castle/tags/flags/aromantic.png","height":9,"ascent":8,"chars":["ꕐ"]},{"type":"bitmap","file":"castle/systemicons/warn_gray.png","height":9,"ascent":8,"chars":["ꑥ"]},{"type":"bitmap","file":"castle/systemicons/kills.png","height":9,"ascent":8,"chars":["ꐟ"]},{"type":"bitmap","file":"castle/systemicons/chat.png","height":9,"ascent":8,"chars":["ꐒ"]},{"type":"bitmap","file":"castle/systemicons/levels.png","height":9,"ascent":8,"chars":["ꑒ"]},{"type":"bitmap","file":"castle/systemicons/plot.png","height":9,"ascent":8,"chars":["ꑘ"]},{"type":"bitmap","file":"castle/systemicons/world.png","height":9,"ascent":8,"chars":["ꑪ"]},{"type":"bitmap","file":"castle/systemicons/heart.png","height":9,"ascent":8,"chars":["ꐘ"]},{"type":"bitmap","file":"castle/systemicons/voice_not_installed.png","height":9,"ascent":8,"chars":["ꐜ"]},{"type":"bitmap","file":"castle/systemicons/staff.png","height":9,"ascent":8,"chars":["ꑁ"]},{"type":"bitmap","file":"castle/systemicons/shift.png","height":9,"ascent":8,"chars":["ꑃ"]},{"type":"bitmap","file":"castle/systemicons/time.png","height":9,"ascent":8,"chars":["ꑞ"]},{"type":"bitmap","file":"fec86c61-be98-4f9d-9891-7ddcc39178d5:fcd9744b-1376-4d99-b05d-67e7b00d0570.png","ascent":8,"chars":["ꐏ"]},{"type":"bitmap","file":"castle/systemicons/global_chat.png","height":9,"ascent":8,"chars":["ꐖ"]},{"type":"bitmap","file":"castle/systemicons/rank.png","height":9,"ascent":8,"chars":["ꑚ"]},{"type":"bitmap","file":"castle/systemicons/voice_installed.png","height":9,"ascent":8,"chars":["ꑡ"]},{"type":"bitmap","file":"castle/prefix/dev.png","height":9,"ascent":8,"chars":["ꐸ"]},{"type":"bitmap","file":"castle/systemicons/voice_disabled.png","height":9,"ascent":8,"chars":["ꕉ"]},{"type":"bitmap","file":"castle/tags/flags/asexual.png","height":9,"ascent":8,"chars":["ꕑ"]},{"type":"bitmap","file":"castle/prefix/mod.png","height":9,"ascent":8,"chars":["ꐺ"]},{"type":"bitmap","file":"castle/prefix/terrorist.png","height":9,"ascent":8,"chars":["ꐞ"]},{"type":"bitmap","file":"castle/systemicons/warn_cyan.png","height":9,"ascent":8,"chars":["ꑤ"]},{"type":"bitmap","file":"castle/tags/flags/lesbian.png","height":9,"ascent":8,"chars":["ꕍ"]},{"type":"bitmap","file":"castle/systemicons/warn_red.png","height":9,"ascent":8,"chars":["ꑩ"]},{"type":"bitmap","file":"castle/prefix/discord.png","height":9,"ascent":8,"chars":["ꑀ"]},{"type":"bitmap","file":"castle/prefix/team.png","height":9,"ascent":8,"chars":["ꐹ"]},{"type":"bitmap","file":"castle/systemicons/power.png","height":9,"ascent":8,"chars":["ꑙ"]},{"type":"bitmap","file":"castle/prefix/plus.png","height":9,"ascent":8,"chars":["ꐾ"]},{"type":"bitmap","file":"castle/systemicons/coin.png","height":9,"ascent":8,"chars":["ꐔ"]},{"type":"bitmap","file":"castle/systemicons/online.png","height":9,"ascent":8,"chars":["ꑕ"]},{"type":"bitmap","file":"castle/systemicons/token.png","height":9,"ascent":8,"chars":["ꑟ"]},{"type":"bitmap","file":"castle/systemicons/afked1.png","height":9,"ascent":8,"chars":["ꐑ"]},{"type":"bitmap","file":"castle/tags/flags/aroace.png","height":9,"ascent":8,"chars":["ꕋ"]},{"type":"bitmap","file":"castle/systemicons/claims.png","height":9,"ascent":8,"chars":["ꐓ"]},{"type":"bitmap","file":"castle/prefix/owner.png","height":9,"ascent":8,"chars":["ꐶ"]},{"type":"bitmap","file":"castle/prefix/helper.png","height":9,"ascent":8,"chars":["ꐻ"]},{"type":"bitmap","file":"castle/prefix/admin.png","height":9,"ascent":8,"chars":["ꐷ"]},{"type":"bitmap","file":"castle/tags/flags/demisexual.png","height":9,"ascent":8,"chars":["ꕌ"]},{"type":"bitmap","file":"castle/prefix/cute.png","height":9,"ascent":8,"chars":["ꐝ"]},{"type":"bitmap","file":"castle/systemicons/skull.png","height":9,"ascent":8,"chars":["ꑜ"]},{"type":"bitmap","file":"castle/tags/flags/non_binary.png","height":9,"ascent":8,"chars":["ꕎ"]},{"type":"bitmap","file":"required/ui/pause_menu.png","height":227,"ascent":133,"chars":["ꐚ"]},{"type":"bitmap","file":"castle/prefix/player.png","height":9,"ascent":8,"chars":["ꐿ"]},{"type":"bitmap","file":"castle/systemicons/temperature.png","height":9,"ascent":8,"chars":["ꑬ"]},{"type":"bitmap","file":"castle/systemicons/playerhead.png","height":9,"ascent":8,"chars":["ꑗ"]},{"type":"bitmap","file":"castle/tags/flags/bisexual.png","height":9,"ascent":8,"chars":["ꑉ"]},{"type":"bitmap","file":"castle/systemicons/vanish.png","height":9,"ascent":8,"chars":["ꑠ"]},{"type":"bitmap","file":"required/logo.png","height":78,"ascent":78,"chars":["ꐙ"]},{"type":"bitmap","file":"castle/systemicons/game.png","height":9,"ascent":8,"chars":["ꐕ"]},{"type":"bitmap","file":"castle/systemicons/warn_aqua.png","height":9,"ascent":8,"chars":["ꑣ"]},{"type":"bitmap","file":"castle/systemicons/afked0.png","height":9,"ascent":8,"chars":["ꐐ"]},{"type":"bitmap","file":"castle/systemicons/warn_green.png","height":9,"ascent":8,"chars":["ꑦ"]},{"type":"bitmap","file":"castle/systemicons/warn_magenta.png","height":9,"ascent":8,"chars":["ꑧ"]},{"type":"bitmap","file":"castle/systemicons/info.png","height":9,"ascent":8,"chars":["ꐗ"]},{"type":"bitmap","file":"castle/systemicons/sus.png","height":9,"ascent":8,"chars":["ꑝ"]},{"type":"bitmap","file":"castle/systemicons/left_click.png","height":9,"ascent":8,"chars":["ꑑ"]},{"type":"bitmap","file":"castle/systemicons/warn_orange.png","height":9,"ascent":8,"chars":["ꑨ"]},{"type":"reference","id":"nexo:shift"}]}