{"variants":{"attached=false,east=false,north=false,south=false,disarmed=false,west=false,powered=false":{"model":"block/tripwire_attached_n"},"attached=false,east=false,north=false,south=true,disarmed=true,west=false,powered=false":{"model":"block/tripwire_attached_n"},"attached=false,east=false,north=false,south=true,disarmed=true,west=false,powered=true":{"model":"block/tripwire_attached_n"},"attached=false,east=false,north=false,south=true,disarmed=true,west=true,powered=true":{"model":"block/tripwire_attached_n"},"attached=false,east=false,north=true,south=false,disarmed=false,west=false,powered=false":{"model":"block/tripwire_attached_n"},"attached=false,east=false,north=true,south=false,disarmed=false,west=false,powered=true":{"model":"block/tripwire_attached_n"},"attached=false,east=false,north=true,south=false,disarmed=false,west=true,powered=false":{"model":"block/tripwire_attached_n"},"attached=false,east=false,north=true,south=false,disarmed=false,west=true,powered=true":{"model":"block/tripwire_attached_n"},"attached=false,east=false,north=true,south=false,disarmed=true,west=false,powered=false":{"model":"block/tripwire_attached_n"},"attached=false,east=false,north=true,south=false,disarmed=true,west=false,powered=true":{"model":"block/tripwire_attached_n"},"attached=false,east=false,north=true,south=false,disarmed=true,west=true,powered=false":{"model":"block/tripwire_attached_n"},"attached=false,east=false,north=true,south=false,disarmed=true,west=true,powered=true":{"model":"block/tripwire_attached_n"},"attached=false,east=false,north=true,south=true,disarmed=false,west=false,powered=false":{"model":"block/tripwire_attached_n"},"attached=false,east=false,north=true,south=true,disarmed=false,west=false,powered=true":{"model":"block/tripwire_attached_n"},"attached=false,east=false,north=true,south=true,disarmed=false,west=true,powered=false":{"model":"block/tripwire_attached_n"},"attached=false,east=false,north=true,south=true,disarmed=false,west=true,powered=true":{"model":"block/tripwire_attached_n"},"attached=false,east=false,north=true,south=true,disarmed=true,west=false,powered=false":{"model":"block/tripwire_attached_n"},"attached=false,east=false,north=true,south=true,disarmed=true,west=false,powered=true":{"model":"block/tripwire_attached_n"},"attached=false,east=false,north=true,south=true,disarmed=true,west=true,powered=false":{"model":"block/tripwire_attached_n"},"attached=false,east=false,north=true,south=true,disarmed=true,west=true,powered=true":{"model":"block/tripwire_attached_n"},"attached=false,east=true,north=false,south=false,disarmed=false,west=false,powered=false":{"model":"block/tripwire_attached_n"},"attached=false,east=true,north=false,south=false,disarmed=false,west=false,powered=true":{"model":"block/tripwire_attached_n"},"attached=false,east=true,north=false,south=false,disarmed=false,west=true,powered=false":{"model":"block/tripwire_attached_n"},"attached=false,east=true,north=false,south=false,disarmed=false,west=true,powered=true":{"model":"block/tripwire_attached_n"},"attached=false,east=true,north=false,south=false,disarmed=true,west=false,powered=false":{"model":"block/tripwire_attached_n"},"attached=false,east=true,north=false,south=false,disarmed=true,west=false,powered=true":{"model":"block/tripwire_attached_n"},"attached=false,east=true,north=false,south=false,disarmed=true,west=true,powered=false":{"model":"block/tripwire_attached_n"},"attached=false,east=true,north=false,south=false,disarmed=true,west=true,powered=true":{"model":"block/tripwire_attached_n"},"attached=false,east=true,north=false,south=true,disarmed=false,west=false,powered=false":{"model":"block/tripwire_attached_n"},"attached=false,east=true,north=false,south=true,disarmed=false,west=false,powered=true":{"model":"block/tripwire_attached_n"},"attached=false,east=true,north=false,south=true,disarmed=false,west=true,powered=false":{"model":"block/tripwire_attached_n"},"attached=false,east=true,north=false,south=true,disarmed=false,west=true,powered=true":{"model":"block/tripwire_attached_n"},"attached=false,east=true,north=false,south=true,disarmed=true,west=false,powered=false":{"model":"block/tripwire_attached_n"},"attached=false,east=true,north=false,south=true,disarmed=true,west=false,powered=true":{"model":"block/tripwire_attached_n"},"attached=false,east=true,north=false,south=true,disarmed=true,west=true,powered=false":{"model":"block/tripwire_attached_n"},"attached=false,east=true,north=false,south=true,disarmed=true,west=true,powered=true":{"model":"block/tripwire_attached_n"},"attached=false,east=true,north=true,south=false,disarmed=false,west=false,powered=false":{"model":"block/tripwire_attached_n"},"attached=false,east=true,north=true,south=false,disarmed=false,west=false,powered=true":{"model":"block/tripwire_attached_n"},"attached=false,east=true,north=true,south=false,disarmed=false,west=true,powered=false":{"model":"block/tripwire_attached_n"},"attached=false,east=true,north=true,south=false,disarmed=false,west=true,powered=true":{"model":"block/tripwire_attached_n"},"attached=false,east=true,north=true,south=false,disarmed=true,west=false,powered=false":{"model":"block/tripwire_attached_n"},"attached=false,east=true,north=true,south=false,disarmed=true,west=false,powered=true":{"model":"block/tripwire_attached_n"},"attached=false,east=true,north=true,south=false,disarmed=true,west=true,powered=false":{"model":"block/tripwire_attached_n"},"attached=false,east=true,north=true,south=false,disarmed=true,west=true,powered=true":{"model":"block/tripwire_attached_n"},"attached=false,east=true,north=true,south=true,disarmed=false,west=false,powered=false":{"model":"block/tripwire_attached_n"},"attached=false,east=true,north=true,south=true,disarmed=false,west=false,powered=true":{"model":"block/tripwire_attached_n"},"attached=false,east=true,north=true,south=true,disarmed=false,west=true,powered=false":{"model":"block/tripwire_attached_n"},"attached=false,east=true,north=true,south=true,disarmed=false,west=true,powered=true":{"model":"block/tripwire_attached_n"},"attached=false,east=true,north=true,south=true,disarmed=true,west=false,powered=false":{"model":"block/tripwire_attached_n"},"attached=false,east=true,north=true,south=true,disarmed=true,west=false,powered=true":{"model":"block/tripwire_attached_n"},"attached=false,east=true,north=true,south=true,disarmed=true,west=true,powered=false":{"model":"block/tripwire_attached_n"},"attached=false,east=true,north=true,south=true,disarmed=true,west=true,powered=true":{"model":"block/tripwire_attached_n"},"attached=true,east=false,north=false,south=false,disarmed=false,west=false,powered=false":{"model":"block/tripwire_attached_n"},"attached=true,east=false,north=false,south=false,disarmed=false,west=false,powered=true":{"model":"block/tripwire_attached_n"},"attached=true,east=false,north=false,south=false,disarmed=false,west=true,powered=false":{"model":"block/tripwire_attached_n"},"attached=true,east=false,north=false,south=false,disarmed=false,west=true,powered=true":{"model":"block/tripwire_attached_n"},"attached=true,east=false,north=false,south=false,disarmed=true,west=false,powered=false":{"model":"block/tripwire_attached_n"},"attached=true,east=false,north=false,south=false,disarmed=true,west=false,powered=true":{"model":"block/tripwire_attached_n"},"attached=true,east=false,north=false,south=false,disarmed=true,west=true,powered=false":{"model":"block/tripwire_attached_n"},"attached=true,east=false,north=false,south=false,disarmed=true,west=true,powered=true":{"model":"block/tripwire_attached_n"},"attached=true,east=false,north=false,south=true,disarmed=false,west=false,powered=false":{"model":"block/tripwire_attached_n"},"attached=true,east=false,north=false,south=true,disarmed=false,west=false,powered=true":{"model":"block/tripwire_attached_n"},"attached=true,east=false,north=false,south=true,disarmed=false,west=true,powered=false":{"model":"block/tripwire_attached_n"},"attached=true,east=false,north=false,south=true,disarmed=false,west=true,powered=true":{"model":"block/tripwire_attached_n"},"attached=true,east=false,north=false,south=true,disarmed=true,west=false,powered=false":{"model":"block/tripwire_attached_n"},"attached=true,east=false,north=false,south=true,disarmed=true,west=false,powered=true":{"model":"block/tripwire_attached_n"},"attached=true,east=false,north=false,south=true,disarmed=true,west=true,powered=false":{"model":"block/tripwire_attached_n"},"attached=true,east=false,north=false,south=true,disarmed=true,west=true,powered=true":{"model":"block/tripwire_attached_n"},"attached=true,east=false,north=true,south=false,disarmed=false,west=false,powered=false":{"model":"block/tripwire_attached_n"},"attached=true,east=false,north=true,south=false,disarmed=false,west=false,powered=true":{"model":"block/tripwire_attached_n"},"attached=true,east=false,north=true,south=false,disarmed=false,west=true,powered=false":{"model":"block/tripwire_attached_n"},"attached=true,east=false,north=true,south=false,disarmed=false,west=true,powered=true":{"model":"block/tripwire_attached_n"},"attached=true,east=false,north=true,south=false,disarmed=true,west=false,powered=false":{"model":"block/tripwire_attached_n"},"attached=true,east=false,north=true,south=false,disarmed=true,west=false,powered=true":{"model":"block/tripwire_attached_n"},"attached=true,east=false,north=true,south=false,disarmed=true,west=true,powered=false":{"model":"block/tripwire_attached_n"},"attached=true,east=false,north=true,south=false,disarmed=true,west=true,powered=true":{"model":"block/tripwire_attached_n"},"attached=true,east=false,north=true,south=true,disarmed=false,west=false,powered=false":{"model":"block/tripwire_attached_n"},"attached=true,east=false,north=true,south=true,disarmed=false,west=false,powered=true":{"model":"block/tripwire_attached_n"},"attached=true,east=false,north=true,south=true,disarmed=false,west=true,powered=false":{"model":"block/tripwire_attached_n"},"attached=true,east=false,north=true,south=true,disarmed=false,west=true,powered=true":{"model":"block/tripwire_attached_n"},"attached=true,east=false,north=true,south=true,disarmed=true,west=false,powered=false":{"model":"block/tripwire_attached_n"},"attached=true,east=false,north=true,south=true,disarmed=true,west=false,powered=true":{"model":"block/tripwire_attached_n"},"attached=true,east=false,north=true,south=true,disarmed=true,west=true,powered=false":{"model":"block/tripwire_attached_n"},"attached=true,east=false,north=true,south=true,disarmed=true,west=true,powered=true":{"model":"block/tripwire_attached_n"},"attached=true,east=true,north=false,south=false,disarmed=false,west=false,powered=false":{"model":"block/tripwire_attached_n"},"attached=true,east=true,north=false,south=false,disarmed=false,west=false,powered=true":{"model":"block/tripwire_attached_n"},"attached=true,east=true,north=false,south=false,disarmed=false,west=true,powered=false":{"model":"block/tripwire_attached_n"},"attached=true,east=true,north=false,south=false,disarmed=false,west=true,powered=true":{"model":"block/tripwire_attached_n"},"attached=true,east=true,north=false,south=false,disarmed=true,west=false,powered=false":{"model":"block/tripwire_attached_n"},"attached=true,east=true,north=false,south=false,disarmed=true,west=false,powered=true":{"model":"block/tripwire_attached_n"},"attached=true,east=true,north=false,south=false,disarmed=true,west=true,powered=false":{"model":"block/tripwire_attached_n"},"attached=true,east=true,north=false,south=false,disarmed=true,west=true,powered=true":{"model":"block/tripwire_attached_n"},"attached=true,east=true,north=false,south=true,disarmed=false,west=false,powered=false":{"model":"block/tripwire_attached_n"},"attached=true,east=true,north=false,south=true,disarmed=false,west=false,powered=true":{"model":"block/tripwire_attached_n"},"attached=true,east=true,north=false,south=true,disarmed=false,west=true,powered=false":{"model":"block/tripwire_attached_n"},"attached=true,east=true,north=false,south=true,disarmed=false,west=true,powered=true":{"model":"block/tripwire_attached_n"},"attached=true,east=true,north=false,south=true,disarmed=true,west=false,powered=false":{"model":"block/tripwire_attached_n"},"attached=true,east=true,north=false,south=true,disarmed=true,west=false,powered=true":{"model":"block/tripwire_attached_n"},"attached=true,east=true,north=false,south=true,disarmed=true,west=true,powered=false":{"model":"block/tripwire_attached_n"},"attached=true,east=true,north=false,south=true,disarmed=true,west=true,powered=true":{"model":"block/tripwire_attached_n"},"attached=true,east=true,north=true,south=false,disarmed=false,west=false,powered=false":{"model":"block/tripwire_attached_n"},"attached=true,east=true,north=true,south=false,disarmed=false,west=false,powered=true":{"model":"block/tripwire_attached_n"},"attached=true,east=true,north=true,south=false,disarmed=false,west=true,powered=false":{"model":"block/tripwire_attached_n"},"attached=true,east=true,north=true,south=false,disarmed=false,west=true,powered=true":{"model":"block/tripwire_attached_n"},"attached=true,east=true,north=true,south=false,disarmed=true,west=false,powered=false":{"model":"block/tripwire_attached_n"},"attached=true,east=true,north=true,south=false,disarmed=true,west=false,powered=true":{"model":"block/tripwire_attached_n"},"attached=true,east=true,north=true,south=false,disarmed=true,west=true,powered=false":{"model":"block/tripwire_attached_n"},"attached=true,east=true,north=true,south=false,disarmed=true,west=true,powered=true":{"model":"block/tripwire_attached_n"},"attached=true,east=true,north=true,south=true,disarmed=false,west=false,powered=false":{"model":"block/tripwire_attached_n"},"attached=true,east=true,north=true,south=true,disarmed=false,west=false,powered=true":{"model":"block/tripwire_attached_n"},"attached=true,east=true,north=true,south=true,disarmed=false,west=true,powered=false":{"model":"block/tripwire_attached_n"},"attached=true,east=true,north=true,south=true,disarmed=false,west=true,powered=true":{"model":"block/tripwire_attached_n"},"attached=true,east=true,north=true,south=true,disarmed=true,west=false,powered=false":{"model":"block/tripwire_attached_n"},"attached=true,east=true,north=true,south=true,disarmed=true,west=false,powered=true":{"model":"block/tripwire_attached_n"},"attached=true,east=true,north=true,south=true,disarmed=true,west=true,powered=false":{"model":"block/tripwire_attached_n"},"attached=true,east=true,north=true,south=true,disarmed=true,west=true,powered=true":{"model":"block/tripwire_attached_n"},"attached=false,east=false,north=false,south=true,disarmed=false,west=false,powered=true":[{"model":"worlddeco:small_rocks","y":90},{"model":"worlddeco:small_rocks","y":180},{"model":"worlddeco:small_rocks","y":270}],"attached=false,east=false,north=false,south=true,disarmed=false,west=true,powered=false":[{"model":"worlddeco:mossy_small_rocks","y":90},{"model":"worlddeco:mossy_small_rocks","y":180},{"model":"worlddeco:mossy_small_rocks","y":270}],"attached=false,east=false,north=false,south=false,disarmed=true,west=true,powered=false":[{"model":"worlddeco:desert_rose","y":90},{"model":"worlddeco:desert_rose","y":180},{"model":"worlddeco:desert_rose","y":270}],"attached=false,east=false,north=false,south=false,disarmed=true,west=true,powered=true":[{"model":"worlddeco:fallen_leaves","y":90},{"model":"worlddeco:fallen_leaves","y":180},{"model":"worlddeco:fallen_leaves","y":270}],"attached=false,east=false,north=false,south=true,disarmed=false,west=false,powered=false":[{"model":"worlddeco:dead_tall_grass","y":90},{"model":"worlddeco:dead_tall_grass","y":180},{"model":"worlddeco:dead_tall_grass","y":270}]}}