{"parent":"item/crossbow","display":{"thirdperson_righthand":{"rotation":[-90.0,0.0,-60.0],"translation":[2.0,0.1,-3.0],"scale":[0.9,0.9,0.9]},"thirdperson_lefthand":{"rotation":[-90.0,0.0,30.0],"translation":[2.0,0.1,-3.0],"scale":[0.9,0.9,0.9]},"firstperson_righthand":{"rotation":[-90.0,0.0,-55.0],"translation":[1.13,3.2,1.13],"scale":[0.68,0.68,0.68]},"firstperson_lefthand":{"rotation":[-90.0,0.0,35.0],"translation":[1.13,3.2,1.13],"scale":[0.68,0.68,0.68]}},"textures":{"layer0":"d1bd5627-bb7c-46a6-b42d-2d4aad20cad2:bc1cfeef-e26f-48c8-87e1-981b7a2776b4"},"overrides":[{"predicate":{"pulling":1},"model":"d1bd5627-bb7c-46a6-b42d-2d4aad20cad2:055bc8cb-e3af-44c4-b984-55a13336fe48"},{"predicate":{"pulling":1,"pull":0.58},"model":"d1bd5627-bb7c-46a6-b42d-2d4aad20cad2:b2c86a17-187e-487c-9d28-5f250e1c95bf"},{"predicate":{"pulling":1,"pull":1.0},"model":"d1bd5627-bb7c-46a6-b42d-2d4aad20cad2:431e4bd5-6ecb-497f-8261-7fea0d0d27f5"},{"predicate":{"charged":1},"model":"d1bd5627-bb7c-46a6-b42d-2d4aad20cad2:bd32e799-0751-4db3-9765-98fde08534ee"},{"predicate":{"charged":1,"firework":1},"model":"d1bd5627-bb7c-46a6-b42d-2d4aad20cad2:cf8d0cf4-53b9-4251-bcc2-98e587a131c6"}]}