{"parent":"item/bow","display":{"thirdperson_righthand":{"rotation":[-80.0,260.0,-40.0],"translation":[-1.0,-2.0,2.5],"scale":[0.9,0.9,0.9]},"thirdperson_lefthand":{"rotation":[-80.0,-280.0,40.0],"translation":[-1.0,-2.0,2.5],"scale":[0.9,0.9,0.9]},"firstperson_righthand":{"rotation":[0.0,-90.0,25.0],"translation":[1.13,3.2,1.13],"scale":[0.68,0.68,0.68]},"firstperson_lefthand":{"rotation":[0.0,90.0,-25.0],"translation":[1.13,3.2,1.13],"scale":[0.68,0.68,0.68]}},"textures":{"layer0":"d1bd5627-bb7c-46a6-b42d-2d4aad20cad2:f9301569-9eef-47c8-9f22-2f0d5076f4d6"},"overrides":[{"predicate":{"pulling":1},"model":"d1bd5627-bb7c-46a6-b42d-2d4aad20cad2:e7111c8a-9b03-4242-94df-9ca2fd51efd4"},{"predicate":{"pulling":1,"pull":0.65},"model":"d1bd5627-bb7c-46a6-b42d-2d4aad20cad2:ebdd118f-f8bd-4ad8-ab03-66fdb8dbc70c"},{"predicate":{"pulling":1,"pull":0.9},"model":"d1bd5627-bb7c-46a6-b42d-2d4aad20cad2:efd87b81-9ef3-4dde-8c57-25ec6d6e963b"},{"predicate":{"pulling":1,"pull":0.9},"model":"d1bd5627-bb7c-46a6-b42d-2d4aad20cad2:ac6241f6-e174-4654-89dc-f029aa2477ee"},{"predicate":{"pulling":1,"pull":0.9},"model":"d1bd5627-bb7c-46a6-b42d-2d4aad20cad2:c9a6dc88-719c-4d46-90e4-d7fc5ecd5d39"},{"predicate":{"pulling":1,"pull":0.9},"model":"d1bd5627-bb7c-46a6-b42d-2d4aad20cad2:ae92d918-0ec7-4d1e-ad9f-e621b3680c30"},{"predicate":{"pulling":1,"pull":0.9},"model":"d1bd5627-bb7c-46a6-b42d-2d4aad20cad2:b3eba94f-f305-404e-8dfa-bbf973c12c86"}]}