{"parent":"item/crossbow","display":{"thirdperson_righthand":{"rotation":[-90.0,0.0,-60.0],"translation":[2.0,0.1,-3.0],"scale":[0.9,0.9,0.9]},"thirdperson_lefthand":{"rotation":[-90.0,0.0,30.0],"translation":[2.0,0.1,-3.0],"scale":[0.9,0.9,0.9]},"firstperson_righthand":{"rotation":[-90.0,0.0,-55.0],"translation":[1.13,3.2,1.13],"scale":[0.68,0.68,0.68]},"firstperson_lefthand":{"rotation":[-90.0,0.0,35.0],"translation":[1.13,3.2,1.13],"scale":[0.68,0.68,0.68]}},"textures":{"layer0":"d1bd5627-bb7c-46a6-b42d-2d4aad20cad2:f1e3c99d-7716-44d3-b86f-7d87aa77d93e"},"overrides":[{"predicate":{"pulling":1},"model":"d1bd5627-bb7c-46a6-b42d-2d4aad20cad2:e5d7efa6-bb7b-4922-90cd-b337807b2112"},{"predicate":{"pulling":1,"pull":0.58},"model":"d1bd5627-bb7c-46a6-b42d-2d4aad20cad2:ff5f54de-66bf-4c20-a4ef-e8f456b84548"},{"predicate":{"pulling":1,"pull":1.0},"model":"d1bd5627-bb7c-46a6-b42d-2d4aad20cad2:a2f46180-cef0-43b4-a352-469e19ec2765"},{"predicate":{"charged":1},"model":"d1bd5627-bb7c-46a6-b42d-2d4aad20cad2:454036c9-7076-47aa-a8b1-682e61e11b05"},{"predicate":{"charged":1,"firework":1},"model":"d1bd5627-bb7c-46a6-b42d-2d4aad20cad2:44334f97-f3e3-4312-9b05-ef7b02af2907"}]}