{"parent":"item/bow","display":{"thirdperson_righthand":{"rotation":[-80.0,260.0,-40.0],"translation":[-1.0,-2.0,2.5],"scale":[0.9,0.9,0.9]},"thirdperson_lefthand":{"rotation":[-80.0,-280.0,40.0],"translation":[-1.0,-2.0,2.5],"scale":[0.9,0.9,0.9]},"firstperson_righthand":{"rotation":[0.0,-90.0,25.0],"translation":[1.13,3.2,1.13],"scale":[0.68,0.68,0.68]},"firstperson_lefthand":{"rotation":[0.0,90.0,-25.0],"translation":[1.13,3.2,1.13],"scale":[0.68,0.68,0.68]}},"textures":{"layer0":"d1bd5627-bb7c-46a6-b42d-2d4aad20cad2:86c960c6-1f83-4c5f-9b34-257ccce15442"},"overrides":[{"predicate":{"pulling":1},"model":"d1bd5627-bb7c-46a6-b42d-2d4aad20cad2:292416ef-70bc-48bf-86c0-f0e86db6576c"},{"predicate":{"pulling":1,"pull":0.65},"model":"d1bd5627-bb7c-46a6-b42d-2d4aad20cad2:9d34c707-89fe-4da2-b438-e09db57b40a6"},{"predicate":{"pulling":1,"pull":0.9},"model":"d1bd5627-bb7c-46a6-b42d-2d4aad20cad2:7bc52945-0a67-4c5a-a9ed-a7743b393ec2"},{"predicate":{"pulling":1,"pull":0.9},"model":"d1bd5627-bb7c-46a6-b42d-2d4aad20cad2:dd2caa53-1ff5-4408-80f5-3cd99e922173"},{"predicate":{"pulling":1,"pull":0.9},"model":"d1bd5627-bb7c-46a6-b42d-2d4aad20cad2:a218560d-0fde-4b52-ab77-df18018f6c30"},{"predicate":{"pulling":1,"pull":0.9},"model":"d1bd5627-bb7c-46a6-b42d-2d4aad20cad2:61042aa6-2a1a-4770-a774-d4e2b71e31ab"},{"predicate":{"pulling":1,"pull":0.9},"model":"d1bd5627-bb7c-46a6-b42d-2d4aad20cad2:20ffcb7d-8326-4e30-97d8-224a5a0c6fe1"}]}