{"parent":"item/netherite_sword","display":{"thirdperson_righthand":{"rotation":[0.0,-90.0,55.0],"translation":[0.0,4.0,0.5],"scale":[0.6,0.6,0.6]},"thirdperson_lefthand":{"rotation":[0.0,90.0,-55.0],"translation":[0.0,4.0,0.5],"scale":[0.6,0.6,0.6]},"firstperson_righthand":{"rotation":[0.0,-90.0,35.0],"translation":[1.13,3.2,1.13],"scale":[0.54,0.54,0.54]},"firstperson_lefthand":{"rotation":[0.0,90.0,-25.0],"translation":[1.13,3.2,1.13],"scale":[0.54,0.54,0.54]}},"textures":{"layer0":"d1bd5627-bb7c-46a6-b42d-2d4aad20cad2:8623434e-4c6a-4d0c-a0b8-13e6299b79c3"}}