{"parent":"item/crossbow","display":{"thirdperson_righthand":{"rotation":[-90.0,0.0,-60.0],"translation":[2.0,0.1,-3.0],"scale":[0.9,0.9,0.9]},"thirdperson_lefthand":{"rotation":[-90.0,0.0,30.0],"translation":[2.0,0.1,-3.0],"scale":[0.9,0.9,0.9]},"firstperson_righthand":{"rotation":[-90.0,0.0,-55.0],"translation":[1.13,3.2,1.13],"scale":[0.68,0.68,0.68]},"firstperson_lefthand":{"rotation":[-90.0,0.0,35.0],"translation":[1.13,3.2,1.13],"scale":[0.68,0.68,0.68]}},"textures":{"layer0":"d1bd5627-bb7c-46a6-b42d-2d4aad20cad2:2a800cba-668d-45ef-9fa0-a9d373c05353"},"overrides":[{"predicate":{"pulling":1},"model":"d1bd5627-bb7c-46a6-b42d-2d4aad20cad2:15826832-42e2-48f8-978b-2b6a4ed216a5"},{"predicate":{"pulling":1,"pull":0.58},"model":"d1bd5627-bb7c-46a6-b42d-2d4aad20cad2:0782a929-99e1-4898-b5f9-bbf87edd8016"},{"predicate":{"pulling":1,"pull":1.0},"model":"d1bd5627-bb7c-46a6-b42d-2d4aad20cad2:fb6ba28b-3908-4594-91b4-38cfb6d8ac05"},{"predicate":{"charged":1},"model":"d1bd5627-bb7c-46a6-b42d-2d4aad20cad2:ca44c812-d1a4-40f7-ab99-9450871a84ff"},{"predicate":{"charged":1,"firework":1},"model":"d1bd5627-bb7c-46a6-b42d-2d4aad20cad2:a4f71f5a-2648-4b90-9dc4-f8f5ff2c8d4f"}]}