{"parent":"item/netherite_sword","display":{"thirdperson_righthand":{"rotation":[0.0,-90.0,55.0],"translation":[0.0,7.0,1.0],"scale":[1.35,1.35,1.35]},"thirdperson_lefthand":{"rotation":[0.0,-90.0,-35.0],"translation":[0.0,7.0,1.0],"scale":[1.35,1.35,1.35]},"firstperson_righthand":{"rotation":[0.0,-90.0,40.0],"translation":[1.13,3.2,1.13],"scale":[1.1,1.1,1.1]},"firstperson_lefthand":{"rotation":[0.0,90.0,-25.0],"translation":[1.13,3.2,1.13],"scale":[1.1,1.1,1.1]}},"textures":{"layer0":"d1bd5627-bb7c-46a6-b42d-2d4aad20cad2:8bbf7fb9-9860-4d7f-89b8-d74f9cf1d0fc"}}