{"parent":"item/netherite_sword","display":{"thirdperson_righthand":{"rotation":[0.0,-90.0,55.0],"translation":[0.0,6.0,1.0],"scale":[1.25,1.25,1.25]},"thirdperson_lefthand":{"rotation":[0.0,-90.0,-35.0],"translation":[0.0,6.0,1.0],"scale":[1.25,1.25,1.25]},"firstperson_righthand":{"rotation":[0.0,-90.0,40.0],"translation":[1.13,3.2,1.13]},"firstperson_lefthand":{"rotation":[0.0,90.0,-25.0],"translation":[1.13,3.2,1.13]}},"textures":{"layer0":"d1bd5627-bb7c-46a6-b42d-2d4aad20cad2:3eb6e024-bbbb-443c-b2c4-2f5bb6de8bb6"}}