{"parent":"item/crossbow","display":{"thirdperson_righthand":{"rotation":[-90.0,0.0,-60.0],"translation":[2.0,0.1,-3.0],"scale":[0.9,0.9,0.9]},"thirdperson_lefthand":{"rotation":[-90.0,0.0,30.0],"translation":[2.0,0.1,-3.0],"scale":[0.9,0.9,0.9]},"firstperson_righthand":{"rotation":[-90.0,0.0,-55.0],"translation":[1.13,3.2,1.13],"scale":[0.68,0.68,0.68]},"firstperson_lefthand":{"rotation":[-90.0,0.0,35.0],"translation":[1.13,3.2,1.13],"scale":[0.68,0.68,0.68]}},"textures":{"layer0":"d1bd5627-bb7c-46a6-b42d-2d4aad20cad2:f3b509b0-8dc3-4c15-90e4-9c2d7e48e4c1"},"overrides":[{"predicate":{"pulling":1},"model":"d1bd5627-bb7c-46a6-b42d-2d4aad20cad2:638dadb2-85c8-480e-8cf6-319bc30bf808"},{"predicate":{"pulling":1,"pull":0.58},"model":"d1bd5627-bb7c-46a6-b42d-2d4aad20cad2:71925cd6-87a2-48a7-8156-32ea92c2af5e"},{"predicate":{"pulling":1,"pull":1.0},"model":"d1bd5627-bb7c-46a6-b42d-2d4aad20cad2:13c2ec6e-51d7-446a-bd17-05291b61941a"},{"predicate":{"charged":1},"model":"d1bd5627-bb7c-46a6-b42d-2d4aad20cad2:f766ea65-851c-45b8-8a67-75e0312cdbe4"},{"predicate":{"charged":1,"firework":1},"model":"d1bd5627-bb7c-46a6-b42d-2d4aad20cad2:d21328d5-1c81-43b1-8adf-1caaf48ffc04"}]}