{"model":{"type":"range_dispatch","property":"custom_model_data","index":0,"fallback":{"type":"minecraft:model","model":"minecraft:item/apple"},"entries":[{"threshold":10000,"model":{"type":"model","model":"iasurvival:ia_auto_gen/lettuce"}},{"threshold":10001,"model":{"type":"model","model":"iasurvival:ia_auto_gen/garlic"}},{"threshold":10002,"model":{"type":"model","model":"iasurvival:ia_auto_gen/tomato"}},{"threshold":10003,"model":{"type":"model","model":"iasurvival:ia_auto_gen/banana"}},{"threshold":10004,"model":{"type":"model","model":"iasurvival:ia_auto_gen/rice"}},{"threshold":10005,"model":{"type":"model","model":"iasurvival:ia_auto_gen/pear"}},{"threshold":10006,"model":{"type":"model","model":"iasurvival:ia_auto_gen/chili_pepper"}},{"threshold":10007,"model":{"type":"model","model":"item/apple"}}]},"oversized_in_gui":true}