{"model":{"type":"range_dispatch","property":"custom_model_data","index":0,"fallback":{"type":"minecraft:model","model":"minecraft:item/feather"},"entries":[{"threshold":10001,"model":{"type":"model","model":"iawearables:hat/deadmau5_hat"}},{"threshold":10002,"model":{"type":"model","model":"iawearables:hat/top_hat"}},{"threshold":10003,"model":{"type":"model","model":"iawearables:hat/welding_mask"}},{"threshold":10004,"model":{"type":"model","model":"iawearables:hat/mining_helmet"}},{"threshold":10005,"model":{"type":"model","model":"iawearables:hat/dog_mask"}},{"threshold":10007,"model":{"type":"model","model":"iawearables:hat/straw_hat"}},{"threshold":10008,"model":{"type":"model","model":"iawearables:hat/cool_sunglasses"}},{"threshold":10010,"model":{"type":"model","model":"iawearables:hat/glasses"}},{"threshold":10011,"model":{"type":"model","model":"iawearables:hat/biker_helmet"}},{"threshold":10012,"model":{"type":"model","model":"iawearables:hat/cat_ears"}},{"threshold":10013,"model":{"type":"model","model":"iawearables:back/demoniac_red_wings"}},{"threshold":10014,"model":{"type":"model","model":"iawearables:back/demoniac_turquoise_wings"}},{"threshold":10015,"model":{"type":"model","model":"iawearables:back/demoniac_purple_wings"}},{"threshold":10016,"model":{"type":"model","model":"iawearables:back/demoniac_blue_wings"}},{"threshold":10017,"model":{"type":"model","model":"iawearables:back/demoniac_black_wings"}},{"threshold":10018,"model":{"type":"model","model":"iawearables:back/all_black_cat_tail"}},{"threshold":10019,"model":{"type":"model","model":"iawearables:back/black_cat_tail"}},{"threshold":10020,"model":{"type":"model","model":"iawearables:back/white_cat_tail"}},{"threshold":10021,"model":{"type":"model","model":"iawearables:back/ender_dragon_wings"}},{"threshold":10022,"model":{"type":"model","model":"iawearables:back/red_backpack"}},{"threshold":10023,"model":{"type":"model","model":"iawearables:back/turquoise_backpack"}},{"threshold":10024,"model":{"type":"model","model":"iawearables:back/purple_backpack"}},{"threshold":10025,"model":{"type":"model","model":"iawearables:back/blue_backpack"}},{"threshold":10026,"model":{"type":"model","model":"iawearables:back/black_backpack"}},{"threshold":10027,"model":{"type":"model","model":"iawearables:back/brown_backpack"}},{"threshold":10030,"model":{"type":"model","model":"iafestivities:christmas/santa_hat"}},{"threshold":10031,"model":{"type":"model","model":"item/feather"}}]},"oversized_in_gui":true}