{"model":{"type":"range_dispatch","property":"custom_model_data","index":0,"fallback":{"type":"minecraft:model","model":"minecraft:item/iron_sword"},"entries":[{"threshold":10002,"model":{"type":"model","model":"iasurvival:ia_auto_gen/sweet_berries_jam_jar"}},{"threshold":10003,"model":{"type":"model","model":"iasurvival:ia_auto_gen/pear_jam_jar"}},{"threshold":10004,"model":{"type":"model","model":"iasurvival:ia_auto_gen/apple_jam_jar"}},{"threshold":10005,"model":{"type":"model","model":"item/iron_sword"}}]},"oversized_in_gui":true}