{"model":{"type":"range_dispatch","property":"custom_model_data","index":0,"fallback":{"type":"minecraft:model","model":"minecraft:item/potion","tints":[{"type":"minecraft:potion","default":-13083194}]},"entries":[{"threshold":10000,"model":{"type":"model","model":"iasurvival:ia_auto_gen/coffee","tints":[{"type":"minecraft:potion","default":-13083194}]}},{"threshold":10001,"model":{"type":"model","model":"iasurvival:ia_auto_gen/cola","tints":[{"type":"minecraft:potion","default":-13083194}]}},{"threshold":10002,"model":{"type":"model","model":"iasurvival:ia_auto_gen/bloody_mary","tints":[{"type":"minecraft:potion","default":-13083194}]}},{"threshold":10003,"model":{"type":"model","model":"iasurvival:ia_auto_gen/hot_chocolate","tints":[{"type":"minecraft:potion","default":-13083194}]}},{"threshold":10004,"model":{"type":"model","model":"item/potion","tints":[{"type":"minecraft:potion","default":-13083194}]}}]},"oversized_in_gui":true}