{"model":{"type":"range_dispatch","property":"custom_model_data","index":0,"fallback":{"type":"minecraft:model","model":"minecraft:item/shears"},"entries":[{"threshold":10000,"model":{"type":"model","model":"iasurvival:ia_auto_gen/black_shears"}},{"threshold":10001,"model":{"type":"model","model":"iasurvival:ia_auto_gen/red_shears"}},{"threshold":10002,"model":{"type":"model","model":"iasurvival:ia_auto_gen/green_shears"}},{"threshold":10003,"model":{"type":"model","model":"iasurvival:ia_auto_gen/blue_shears"}},{"threshold":10004,"model":{"type":"model","model":"iasurvival:ia_auto_gen/purple_shears"}},{"threshold":10005,"model":{"type":"model","model":"iasurvival:ia_auto_gen/cyan_shears"}},{"threshold":10006,"model":{"type":"model","model":"item/shears"}}]},"oversized_in_gui":true}