{"model":{"type":"range_dispatch","property":"custom_model_data","index":0,"fallback":{"type":"minecraft:model","model":"minecraft:item/stick"},"entries":[{"threshold":10000,"model":{"type":"model","model":"iasurvival:ia_auto_gen/chili_powder"}},{"threshold":10001,"model":{"type":"model","model":"iaweapons:ia_auto_gen/projectile"}},{"threshold":10002,"model":{"type":"model","model":"iaweapons:ia_auto_gen/clip"}},{"threshold":10003,"model":{"type":"model","model":"iaweapons:ia_auto_gen/shotgun_cartridge"}},{"threshold":10004,"model":{"type":"model","model":"iasurvival:ia_auto_gen/cup_of_water"}},{"threshold":10005,"model":{"type":"model","model":"iasurvival:ia_auto_gen/dough"}},{"threshold":10006,"model":{"type":"model","model":"iasurvival:ia_auto_gen/nest"}},{"threshold":10007,"model":{"type":"model","model":"iasurvival:ia_auto_gen/eggs_nest"}},{"threshold":10008,"model":{"type":"model","model":"iasurvival:ia_auto_gen/plastic"}},{"threshold":10009,"model":{"type":"model","model":"iasurvival:ia_auto_gen/plastic_plate"}},{"threshold":10010,"model":{"type":"model","model":"iasurvival:ia_auto_gen/iron_plate"}},{"threshold":10011,"model":{"type":"model","model":"iasurvival:ia_auto_gen/tobacco"}},{"threshold":10013,"model":{"type":"model","model":"iasurvival:ia_auto_gen/ketchup"}},{"threshold":10018,"model":{"type":"model","model":"iageneric:ia_auto_gen/banknote"}},{"threshold":10049,"model":{"type":"model","model":"iasurvival:ia_auto_gen/ketchup_bottle"}},{"threshold":10050,"model":{"type":"model","model":"iasurvival:ia_auto_gen/empty_cup"}},{"threshold":10051,"model":{"type":"model","model":"iasurvival:ia_auto_gen/sword_skin_rusteroth"}},{"threshold":10052,"model":{"type":"model","model":"iasurvival:ia_auto_gen/sword_skin_bloodnite"}},{"threshold":10053,"model":{"type":"model","model":"iasurvival:ia_auto_gen/sword_skin_vyderlight"}},{"threshold":10054,"model":{"type":"model","model":"iasurvival:ia_auto_gen/sword_skin_aqualight"}},{"threshold":10055,"model":{"type":"model","model":"iasurvival:ia_auto_gen/jar"}},{"threshold":10056,"model":{"type":"model","model":"iasurvival:ia_auto_gen/drink_glass"}},{"threshold":10057,"model":{"type":"model","model":"iasurvival:ia_auto_gen/cup_of_hot_water"}},{"threshold":10058,"model":{"type":"model","model":"iasurvival:ia_auto_gen/flour"}},{"threshold":10059,"model":{"type":"model","model":"iadeco:item/cut_spruce_log"}},{"threshold":10060,"model":{"type":"model","model":"item/stick"}}]},"oversized_in_gui":true}