{"model":{"type":"range_dispatch","property":"custom_model_data","index":0,"fallback":{"type":"minecraft:model","model":"minecraft:item/wheat_seeds"},"entries":[{"threshold":10000,"model":{"type":"model","model":"iasurvival:ia_auto_gen/tomato_seeds"}},{"threshold":10001,"model":{"type":"model","model":"iasurvival:ia_auto_gen/garlic_seeds"}},{"threshold":10002,"model":{"type":"model","model":"iasurvival:ia_auto_gen/lettuce_seeds"}},{"threshold":10003,"model":{"type":"model","model":"iasurvival:ia_auto_gen/chili_pepper_seeds"}},{"threshold":10004,"model":{"type":"model","model":"iasurvival:ia_auto_gen/rice_seeds"}},{"threshold":10005,"model":{"type":"model","model":"iasurvival:ia_auto_gen/tobacco_seeds"}},{"threshold":10006,"model":{"type":"model","model":"item/wheat_seeds"}}]},"oversized_in_gui":true}