{"parent":"item/generated","textures":{"layer0":"item/paper"},"overrides":[{"predicate":{"custom_model_data":1000},"model":"nexo:1e1bf314-4535-4c42-ae66-9af3a4a58186"},{"predicate":{"custom_model_data":1001},"model":"nexo:8cabec6d-5339-4781-a115-98655773fa59"},{"predicate":{"custom_model_data":1002},"model":"nexo:14e47d86-a73d-4926-b438-b43a3c777b8c"},{"predicate":{"custom_model_data":1003},"model":"nexo:71226ca3-43b3-4b77-b64d-da6cc77fc8e7"},{"predicate":{"custom_model_data":1004},"model":"nexo:4569ad55-41e9-4438-a23f-c1f13336f9e8"},{"predicate":{"custom_model_data":1005},"model":"nexo:9083e178-eda4-4fb4-97e2-9b926e972431"},{"predicate":{"custom_model_data":1006},"model":"0138e8bc-b192-43b9-9c34-3ea56d547886"},{"predicate":{"custom_model_data":1007},"model":"377344ab-9274-44cc-9606-469152032fdf"},{"predicate":{"custom_model_data":1008},"model":"af0a0212-5d10-4322-94fe-dc7ab359e144"},{"predicate":{"custom_model_data":1013},"model":"bb85ae13-f833-471c-ad12-61fdfc82ce76"},{"predicate":{"custom_model_data":1014},"model":"5714e949-a20a-4417-bf22-6f637985abe8"},{"predicate":{"custom_model_data":1015},"model":"de24f5c0-62de-4763-8656-5cdec8085fbe"},{"predicate":{"custom_model_data":1040},"model":"4b453ab3-7a14-49ac-8ed1-fd8395246f04"},{"predicate":{"custom_model_data":1041},"model":"11163896-40f6-4da7-85a9-24cae466d31f"},{"predicate":{"custom_model_data":1042},"model":"0c60fc0f-ebc0-4011-9134-4b59f01c044e"},{"predicate":{"custom_model_data":1043},"model":"cfd30e27-55af-43e7-a80d-44895cbe4705"},{"predicate":{"custom_model_data":1044},"model":"aee7e800-c9dd-465a-9666-2cf5a3308982"},{"predicate":{"custom_model_data":1045},"model":"d621b95f-992d-4522-a574-3c93478cc69d"},{"predicate":{"custom_model_data":1046},"model":"1cf0a35d-a0b0-48b5-abbf-47239eb7ac68"},{"predicate":{"custom_model_data":1047},"model":"ac42c1bd-55b9-48c4-8e4f-98601a92f655"},{"predicate":{"custom_model_data":1048},"model":"ec9fc06b-676d-4e0b-a32b-1bbd63f2d474"},{"predicate":{"custom_model_data":1049},"model":"e686e616-14b5-47d8-a4c4-c298e8834a67"},{"predicate":{"custom_model_data":1050},"model":"4ee93c27-0329-4232-9613-958f8c0eaf3b"},{"predicate":{"custom_model_data":1051},"model":"a17f14d1-e254-4e65-9e64-346aa02d94cd"},{"predicate":{"custom_model_data":1052},"model":"f2a6a27d-f75d-42bd-a058-5d259699938e"},{"predicate":{"custom_model_data":1053},"model":"ff6fd3e1-5cf0-47cb-8863-8e191af2e2bd"},{"predicate":{"custom_model_data":1054},"model":"98514b64-706a-4b13-99a0-8ed296d18a9d"},{"predicate":{"custom_model_data":1055},"model":"53e2e388-c1bc-48f9-860a-3d7187e5d3e5"},{"predicate":{"custom_model_data":1056},"model":"42834098-dec0-4f02-82a4-c1506d98aa64"},{"predicate":{"custom_model_data":1057},"model":"0c9e3920-0c24-4b9d-b0b4-a69e7784887a"},{"predicate":{"custom_model_data":1058},"model":"7f6d9941-db42-4342-8c6f-c024e1cb8c6a"},{"predicate":{"custom_model_data":1059},"model":"f29308c0-f396-4b8b-9133-4a83878d5b5f"},{"predicate":{"custom_model_data":1060},"model":"bd2a02e3-6e23-448b-869e-77605f10f647"},{"predicate":{"custom_model_data":1061},"model":"bd2d01fd-790a-406e-847d-d223f77f63f5"},{"predicate":{"custom_model_data":1062},"model":"d7f3f36f-9932-4ccf-abf2-917b44263682"},{"predicate":{"custom_model_data":1063},"model":"5aafd6f1-8da8-4251-b0db-a22a1dd3d68b"},{"predicate":{"custom_model_data":1064},"model":"a2dc86bf-e282-45df-a0b0-735de9de0511"},{"predicate":{"custom_model_data":1065},"model":"56736aae-77f5-4608-badb-9f4d150d8ba1"},{"predicate":{"custom_model_data":1066},"model":"dde6c658-8728-4bb4-aaad-649e7ecd81fb"},{"predicate":{"custom_model_data":1067},"model":"a1bceb77-5fb2-41a1-9b5d-a8e1301e276b"},{"predicate":{"custom_model_data":1068},"model":"d7d190b4-230e-4814-ac7e-eda0a03fb596"},{"predicate":{"custom_model_data":1069},"model":"21e7b6b9-225b-41e6-82a0-98dfe3775288"},{"predicate":{"custom_model_data":1070},"model":"891bcfef-8601-4def-a892-fa13ecd798d1"}]}