{"display":{"thirdperson_righthand":{"rotation":[46.0,45.0,0.0],"translation":[0.0,0.5,0.0],"scale":[0.2,0.2,0.2]},"firstperson_righthand":{"translation":[4.75,0.75,0.5],"scale":[0.4,0.4,0.4]},"ground":{"translation":[0.0,4.0,0.0],"scale":[0.3,0.3,0.3]},"gui":{"rotation":[15.0,45.0,0.0],"translation":[0.0,-0.5,0.0],"scale":[0.6,0.6,0.6]},"head":{"rotation":[0.0,90.0,0.0],"translation":[0.0,-14.25,0.0],"scale":[2.2,2.2,2.2]},"fixed":{"translation":[0.0,-2.0,-1.25],"scale":[0.7,0.7,0.7]}},"elements":[{"from":[0.0,15.0,0.0],"to":[16.0,16.0,1.0],"faces":{"north":{"texture":"#0"},"east":{"uv":[0.0,0.0,1.0,1.0],"texture":"#0"},"south":{"texture":"#0"},"west":{"texture":"#0"},"up":{"texture":"#0"},"down":{"uv":[0.0,0.0,16.0,1.0],"texture":"#0"}}},{"from":[0.0,15.0,15.0],"to":[16.0,16.0,16.0],"faces":{"north":{"texture":"#0"},"east":{"texture":"#0"},"south":{"texture":"#0"},"west":{"uv":[0.0,0.0,1.0,1.0],"texture":"#0"},"up":{"uv":[0.0,0.0,16.0,1.0],"texture":"#0"},"down":{"texture":"#0"}}},{"from":[0.0,15.0,1.0],"to":[1.0,16.0,15.0],"faces":{"north":{"uv":[0.0,0.0,1.0,1.0],"texture":"#0"},"east":{"uv":[0.0,0.0,14.0,1.0],"texture":"#0"},"south":{"texture":"#0"},"west":{"uv":[0.0,0.0,14.0,1.0],"texture":"#0"},"up":{"uv":[0.0,0.0,1.0,14.0],"texture":"#0"},"down":{"uv":[0.0,0.0,1.0,14.0],"texture":"#0"}}},{"from":[15.0,15.0,1.0],"to":[16.0,16.0,15.0],"faces":{"north":{"texture":"#0"},"east":{"uv":[0.0,0.0,14.0,1.0],"texture":"#0"},"south":{"uv":[0.0,0.0,1.0,1.0],"texture":"#0"},"west":{"uv":[0.0,0.0,14.0,1.0],"texture":"#0"},"up":{"uv":[0.0,0.0,1.0,14.0],"texture":"#0"},"down":{"uv":[0.0,0.0,1.0,14.0],"texture":"#0"}}},{"from":[1.1,15.0,1.1],"to":[14.9,16.0,14.9],"faces":{"north":{"uv":[0.0,0.0,14.0,1.0],"texture":"#1"},"east":{"uv":[0.0,0.0,14.0,1.0],"texture":"#1"},"south":{"uv":[0.0,0.0,14.0,1.0],"texture":"#1"},"west":{"uv":[0.0,0.0,14.0,1.0],"texture":"#1"},"up":{"uv":[1.0,1.0,15.0,15.0],"texture":"#1"},"down":{"uv":[1.0,1.0,15.0,15.0],"texture":"#1"}}},{"from":[7.0,-2.0,5.0],"to":[8.0,15.0,6.0],"rotation":{"origin":[8.0,8.0,8.0],"x":22.5,"y":0.0,"z":0.0},"faces":{"north":{"uv":[0.0,0.0,1.0,17.0],"texture":"#0"},"east":{"uv":[0.0,0.0,1.0,17.0],"texture":"#0"},"south":{"uv":[0.0,0.0,1.0,17.0],"texture":"#0"},"west":{"uv":[0.0,0.0,1.0,17.0],"texture":"#0"},"up":{"uv":[0.0,0.0,1.0,1.0],"texture":"#0"},"down":{"uv":[0.0,0.0,1.0,1.0],"texture":"#0"}}},{"from":[7.0,-2.0,10.0],"to":[8.0,15.0,11.0],"rotation":{"origin":[8.0,8.0,8.0],"x":-22.5,"y":0.0,"z":0.0},"faces":{"north":{"uv":[0.0,0.0,1.0,17.0],"texture":"#0"},"east":{"uv":[0.0,0.0,1.0,17.0],"texture":"#0"},"south":{"uv":[0.0,0.0,1.0,17.0],"texture":"#0"},"west":{"uv":[0.0,0.0,1.0,17.0],"texture":"#0"},"up":{"uv":[0.0,0.0,1.0,1.0],"texture":"#0"},"down":{"uv":[0.0,0.0,1.0,1.0],"texture":"#0"}}},{"from":[5.0,-2.0,8.0],"to":[6.0,15.0,9.0],"rotation":{"origin":[8.0,8.0,8.0],"x":0.0,"y":0.0,"z":-22.5},"faces":{"north":{"uv":[0.0,0.0,1.0,17.0],"texture":"#0"},"east":{"uv":[0.0,0.0,1.0,17.0],"texture":"#0"},"south":{"uv":[0.0,0.0,1.0,17.0],"texture":"#0"},"west":{"uv":[0.0,0.0,1.0,17.0],"texture":"#0"},"up":{"uv":[0.0,0.0,1.0,1.0],"texture":"#0"},"down":{"uv":[0.0,0.0,1.0,1.0],"texture":"#0"}}},{"from":[9.0,-2.0,8.0],"to":[10.0,15.0,9.0],"rotation":{"origin":[8.0,8.0,8.0],"x":0.0,"y":0.0,"z":22.5},"faces":{"north":{"uv":[0.0,0.0,1.0,17.0],"texture":"#0"},"east":{"uv":[0.0,0.0,1.0,17.0],"texture":"#0"},"south":{"uv":[0.0,0.0,1.0,17.0],"texture":"#0"},"west":{"uv":[0.0,0.0,1.0,17.0],"texture":"#0"},"up":{"uv":[0.0,0.0,1.0,1.0],"texture":"#0"},"down":{"uv":[0.0,0.0,1.0,1.0],"texture":"#0"}}}],"textures":{"0":"block/iron_block","1":"block/glass","particle":"block/iron_block"}}