{"display":{"thirdperson_righthand":{"scale":[0.5,0.5,0.5]},"thirdperson_lefthand":{"scale":[0.5,0.5,0.5]},"firstperson_righthand":{"scale":[0.5,0.5,0.5]},"firstperson_lefthand":{"scale":[0.5,0.5,0.5]},"ground":{"translation":[0.0,2.25,0.0],"scale":[0.1,0.1,0.1]},"gui":{"rotation":[30.0,45.0,0.0],"translation":[0.0,0.25,0.0],"scale":[0.35,0.35,0.35]},"head":{"translation":[0.0,-5.0,0.0],"scale":[1.6,1.6,1.6]},"fixed":{"rotation":[-90.0,-180.0,0.0],"translation":[0.0,1.0,-48.0],"scale":[2.0,2.0,2.0]}},"elements":[{"from":[5.0,-16.0,5.0],"to":[11.0,-15.0,11.0],"faces":{"north":{"uv":[4.0,2.0,10.0,3.0],"texture":"#0"},"east":{"uv":[4.0,1.0,10.0,2.0],"texture":"#0"},"south":{"uv":[1.0,3.0,7.0,4.0],"texture":"#0"},"west":{"uv":[2.0,1.0,8.0,2.0],"texture":"#0"},"up":{"uv":[3.0,5.0,9.0,11.0],"texture":"#0"},"down":{"uv":[2.0,2.0,8.0,8.0],"texture":"#0"}}},{"from":[7.5,-15.0,7.5],"to":[8.5,1.0,8.5],"faces":{"north":{"uv":[0.0,0.0,1.0,16.0],"texture":"#0"},"east":{"uv":[0.0,0.0,1.0,16.0],"texture":"#0"},"south":{"uv":[0.0,0.0,1.0,16.0],"texture":"#0"},"west":{"uv":[0.0,0.0,1.0,16.0],"texture":"#0"},"up":{"uv":[0.0,0.0,1.0,1.0],"texture":"#0"},"down":{"uv":[0.0,0.0,1.0,1.0],"texture":"#0"}}},{"from":[7.5,1.0,7.5],"to":[8.5,17.0,8.5],"faces":{"north":{"uv":[0.0,2.0,1.0,9.0],"texture":"#0"},"east":{"uv":[0.0,0.0,1.0,16.0],"texture":"#0"},"south":{"uv":[0.0,0.0,1.0,16.0],"texture":"#0"},"west":{"uv":[0.0,0.0,1.0,14.0],"texture":"#0"},"up":{"uv":[0.0,0.0,1.0,1.0],"texture":"#0"},"down":{"uv":[0.0,0.0,1.0,1.0],"texture":"#0"}}},{"from":[6.5,23.0,6.5],"to":[9.5,24.0,9.5],"faces":{"north":{"uv":[5.0,3.0,8.0,4.0],"texture":"#0"},"east":{"uv":[3.0,6.0,6.0,7.0],"texture":"#0"},"south":{"uv":[2.0,4.0,5.0,5.0],"texture":"#0"},"west":{"uv":[5.0,7.0,8.0,8.0],"texture":"#0"},"up":{"uv":[5.0,4.0,8.0,7.0],"texture":"#0"},"down":{"uv":[3.0,7.0,6.0,10.0],"texture":"#0"}}},{"from":[5.0,24.0,4.0],"to":[11.0,29.0,5.0],"faces":{"north":{"uv":[0.0,0.0,6.0,5.0],"texture":"#1"},"east":{"uv":[0.0,0.0,1.0,5.0],"texture":"#1"},"south":{"uv":[0.0,0.0,6.0,5.0],"texture":"#1"},"west":{"uv":[0.0,0.0,1.0,5.0],"texture":"#1"},"up":{"uv":[0.0,0.0,6.0,1.0],"texture":"#1"},"down":{"uv":[0.0,0.0,6.0,1.0],"texture":"#1"}}},{"from":[5.0,24.0,11.0],"to":[11.0,29.0,12.0],"faces":{"north":{"uv":[0.0,0.0,6.0,5.0],"texture":"#1"},"east":{"uv":[0.0,0.0,1.0,5.0],"texture":"#1"},"south":{"uv":[0.0,0.0,6.0,5.0],"texture":"#1"},"west":{"uv":[0.0,0.0,1.0,5.0],"texture":"#1"},"up":{"uv":[0.0,0.0,6.0,1.0],"texture":"#1"},"down":{"uv":[0.0,0.0,6.0,1.0],"texture":"#1"}}},{"from":[4.0,24.0,5.0],"to":[5.0,29.0,11.0],"faces":{"north":{"uv":[0.0,0.0,1.0,5.0],"texture":"#1"},"east":{"uv":[0.0,0.0,6.0,5.0],"texture":"#1"},"south":{"uv":[0.0,0.0,1.0,5.0],"texture":"#1"},"west":{"uv":[0.0,0.0,6.0,5.0],"texture":"#1"},"up":{"uv":[0.0,0.0,1.0,6.0],"texture":"#1"},"down":{"uv":[0.0,0.0,1.0,6.0],"texture":"#1"}}},{"from":[11.0,24.0,5.0],"to":[12.0,29.0,11.0],"faces":{"north":{"uv":[0.0,0.0,1.0,5.0],"texture":"#1"},"east":{"uv":[0.0,0.0,6.0,5.0],"texture":"#1"},"south":{"uv":[0.0,0.0,1.0,5.0],"texture":"#1"},"west":{"uv":[0.0,0.0,6.0,5.0],"texture":"#1"},"up":{"uv":[0.0,0.0,1.0,6.0],"texture":"#1"},"down":{"uv":[0.0,0.0,1.0,6.0],"texture":"#1"}}},{"from":[5.0,24.0,5.1],"to":[11.0,24.5,11.0],"faces":{"north":{"uv":[5.0,3.0,11.0,3.5],"texture":"#1"},"east":{"uv":[3.0,6.0,8.9,6.5],"texture":"#1"},"south":{"uv":[2.0,4.0,8.0,4.5],"texture":"#1"},"west":{"uv":[5.0,7.0,10.9,7.5],"texture":"#1"},"up":{"uv":[5.0,4.0,11.0,9.9],"texture":"#1"},"down":{"uv":[3.0,7.0,9.0,12.9],"texture":"#1"}}},{"from":[7.5,17.0,7.5],"to":[8.5,23.0,8.5],"faces":{"north":{"uv":[0.0,2.0,1.0,9.0],"texture":"#0"},"east":{"uv":[0.0,0.0,1.0,6.0],"texture":"#0"},"south":{"uv":[0.0,0.0,1.0,6.0],"texture":"#0"},"west":{"uv":[0.0,0.0,1.0,14.0],"texture":"#0"},"up":{"uv":[0.0,0.0,1.0,1.0],"texture":"#0"},"down":{"uv":[0.0,0.0,1.0,1.0],"texture":"#0"}}}],"ambientocclusion":false,"textures":{"0":"block/furnace_top","1":"block/sandstone","particle":"block/furnace_top"}}