{"model":{"type":"select","property":"block_state","block_state_property":"connectable","cases":[{"when":"straight","model":{"type":"model","model":"b010ecbc-614c-41d2-baaa-cfdb7227d49f:e57a1d05-36a7-4906-9136-857d4751a920","tints":[]}},{"when":"left","model":{"type":"model","model":"b010ecbc-614c-41d2-baaa-cfdb7227d49f:71bce3bf-9f1a-49c5-a8b2-bb056de391a3","tints":[]}},{"when":"right","model":{"type":"model","model":"b010ecbc-614c-41d2-baaa-cfdb7227d49f:84c6b32c-7412-4148-9a10-aed10f28320e","tints":[]}},{"when":"inner","model":{"type":"model","model":"b010ecbc-614c-41d2-baaa-cfdb7227d49f:ca2a9243-9859-43b6-b30b-dcb21cf01b5e","tints":[]}},{"when":"outer","model":{"type":"model","model":"b010ecbc-614c-41d2-baaa-cfdb7227d49f:0ff26fe0-9310-4e12-8949-6a9cdd429d6d","tints":[]}}],"fallback":{"type":"model","model":"b010ecbc-614c-41d2-baaa-cfdb7227d49f:d2005875-80e4-4c31-83f2-26616d917bf0","tints":[]}}}