{"display":{"thirdperson_righthand":{"rotation":[75.0,45.0,0.0],"translation":[0.0,0.5,0.0],"scale":[0.2,0.2,0.2]},"thirdperson_lefthand":{"rotation":[75.0,45.0,0.0],"translation":[0.0,0.5,0.0],"scale":[0.2,0.2,0.2]},"firstperson_righthand":{"rotation":[0.0,125.0,0.0],"translation":[2.25,1.25,-0.75],"scale":[0.2,0.2,0.2]},"firstperson_lefthand":{"rotation":[0.0,125.0,0.0],"translation":[2.25,1.25,-0.75],"scale":[0.2,0.2,0.2]},"ground":{"translation":[0.0,3.0,0.0],"scale":[0.25,0.25,0.25]},"gui":{"rotation":[30.0,225.0,0.0],"translation":[0.0,-1.0,0.0],"scale":[0.3,0.3,0.3]},"fixed":{"rotation":[-90.0,0.0,0.0],"translation":[0.0,0.0,-16.0],"scale":[2.0,2.0,2.0]}},"elements":[{"from":[-8.0,14.0,-8.0],"to":[24.0,16.03516,24.0],"faces":{"north":{"uv":[8.0,0.0,16.0,0.5],"texture":"#1"},"east":{"uv":[8.0,0.0,16.0,0.5],"texture":"#1"},"south":{"uv":[8.0,0.0,16.0,0.5],"texture":"#1"},"west":{"uv":[8.0,0.0,16.0,0.5],"texture":"#1"},"up":{"uv":[8.0,8.0,0.0,0.0],"texture":"#1"},"down":{"uv":[8.0,0.0,0.0,8.0],"texture":"#1"}}},{"from":[0.0,0.0,14.0],"to":[2.0,14.0,16.0],"faces":{"north":{"uv":[8.0,1.0,8.5,4.5],"texture":"#1"},"east":{"uv":[3.0,8.0,3.5,11.5],"texture":"#1"},"south":{"uv":[3.5,8.0,4.0,11.5],"texture":"#1"},"west":{"uv":[4.0,8.0,4.5,11.5],"texture":"#1"},"up":{"uv":[5.0,8.5,4.5,8.0],"texture":"#1"},"down":{"uv":[8.5,4.5,8.0,5.0],"texture":"#1"}}},{"from":[0.0,0.0,0.0],"to":[2.0,14.0,2.0],"rotation":{"origin":[0.0,0.0,16.0],"axis":"y","angle":0.0},"faces":{"north":{"uv":[4.0,8.0,3.5,11.5],"texture":"#1"},"east":{"uv":[3.5,8.0,3.0,11.5],"texture":"#1"},"south":{"uv":[8.5,1.0,8.0,4.5],"texture":"#1"},"west":{"uv":[4.5,8.0,4.0,11.5],"texture":"#1"},"up":{"uv":[5.0,8.0,4.5,8.5],"texture":"#1"},"down":{"uv":[8.5,5.0,8.0,4.5],"texture":"#1"}}},{"from":[1.0,0.0,2.0],"to":[1.0,14.0,14.0],"rotation":{"origin":[16.0,0.0,16.0],"axis":"y","angle":0.0},"faces":{"north":{"uv":[0.0,0.0,0.0,3.5],"texture":"#1"},"east":{"uv":[0.0,8.0,3.0,11.5],"texture":"#1"},"south":{"uv":[0.0,0.0,0.0,3.5],"texture":"#1"},"west":{"uv":[0.0,8.0,3.0,11.5],"texture":"#1"},"up":{"uv":[0.0,3.0,0.0,0.0],"texture":"#1"},"down":{"uv":[0.0,0.0,0.0,3.0],"texture":"#1"}}},{"from":[15.0,0.0,2.0],"to":[15.0,14.0,14.0],"rotation":{"origin":[0.0,0.0,16.0],"axis":"y","angle":0.0},"faces":{"north":{"uv":[0.0,0.0,0.0,3.5],"texture":"#1"},"east":{"uv":[3.0,8.0,0.0,11.5],"texture":"#1"},"south":{"uv":[0.0,0.0,0.0,3.5],"texture":"#1"},"west":{"uv":[3.0,8.0,0.0,11.5],"texture":"#1"},"up":{"uv":[0.0,3.0,0.0,0.0],"texture":"#1"},"down":{"uv":[0.0,0.0,0.0,3.0],"texture":"#1"}}},{"from":[2.0,0.0,15.0],"to":[14.0,14.0,15.0],"rotation":{"origin":[8.0,7.0,8.0],"axis":"y","angle":0.0},"faces":{"north":{"uv":[3.0,8.0,0.0,11.5],"texture":"#1"},"east":{"uv":[0.0,0.0,0.0,3.5],"texture":"#1"},"south":{"uv":[3.0,8.0,0.0,11.5],"texture":"#1"},"west":{"uv":[0.0,0.0,0.0,3.5],"texture":"#1"},"up":{"uv":[0.0,3.0,0.0,0.0],"texture":"#1","rotation":90},"down":{"uv":[0.0,0.0,0.0,3.0],"texture":"#1","rotation":270}}},{"from":[2.0,0.0,1.0],"to":[14.0,14.0,1.0],"rotation":{"origin":[8.0,7.0,8.0],"axis":"y","angle":0.0},"faces":{"north":{"uv":[0.0,8.0,3.0,11.5],"texture":"#1"},"east":{"uv":[0.0,0.0,0.0,3.5],"texture":"#1"},"south":{"uv":[0.0,8.0,3.0,11.5],"texture":"#1"},"west":{"uv":[0.0,0.0,0.0,3.5],"texture":"#1"},"up":{"uv":[0.0,3.0,0.0,0.0],"texture":"#1","rotation":90},"down":{"uv":[0.0,0.0,0.0,3.0],"texture":"#1","rotation":270}}},{"from":[14.0,0.0,14.0],"to":[16.0,14.0,16.0],"faces":{"north":{"uv":[8.0,1.0,8.5,4.5],"texture":"#1"},"east":{"uv":[3.0,8.0,3.5,11.5],"texture":"#1"},"south":{"uv":[3.5,8.0,4.0,11.5],"texture":"#1"},"west":{"uv":[4.0,8.0,4.5,11.5],"texture":"#1"},"up":{"uv":[5.0,8.5,4.5,8.0],"texture":"#1"},"down":{"uv":[8.5,4.5,8.0,5.0],"texture":"#1"}}},{"from":[14.0,0.0,0.0],"to":[16.0,14.0,2.0],"rotation":{"origin":[0.0,0.0,16.0],"axis":"y","angle":0.0},"faces":{"north":{"uv":[4.0,8.0,3.5,11.5],"texture":"#1"},"east":{"uv":[3.5,8.0,3.0,11.5],"texture":"#1"},"south":{"uv":[8.5,1.0,8.0,4.5],"texture":"#1"},"west":{"uv":[4.5,8.0,4.0,11.5],"texture":"#1"},"up":{"uv":[5.0,8.0,4.5,8.5],"texture":"#1"},"down":{"uv":[8.5,5.0,8.0,4.5],"texture":"#1"}}}],"textures":{"1":"8ba46d95-a6ce-429b-871a-134bc3541522:107e1e55-0822-4bb4-bea7-251170bc5912"}}