{"sources":[{"type":"single","resource":"block/black_concrete"},{"type":"single","resource":"block/black_concrete"},{"type":"single","resource":"block/black_wool"},{"type":"single","resource":"block/black_wool"},{"type":"single","resource":"block/black_wool"},{"type":"single","resource":"block/black_wool"},{"type":"single","resource":"block/cobblestone"},{"type":"single","resource":"block/cobblestone"},{"type":"single","resource":"block/dark_oak_planks"},{"type":"single","resource":"block/mossy_cobblestone"},{"type":"single","resource":"block/mossy_cobblestone"},{"type":"single","resource":"block/white_concrete"},{"type":"single","resource":"block/white_concrete"},{"type":"single","resource":"block/white_concrete"},{"type":"single","resource":"block/white_concrete"},{"type":"single","resource":"88b57acd-1d5c-4376-9893-fdf66769c3e8:bcce1bb0-7b12-48d0-a135-2139cf17af8d"},{"type":"single","resource":"88b57acd-1d5c-4376-9893-fdf66769c3e8:bcce1bb0-7b12-48d0-a135-2139cf17af8d"},{"type":"single","resource":"88b57acd-1d5c-4376-9893-fdf66769c3e8:c9219c1a-a36a-492d-a160-59fec94eceb7"},{"type":"single","resource":"88b57acd-1d5c-4376-9893-fdf66769c3e8:c9219c1a-a36a-492d-a160-59fec94eceb7"},{"type":"single","resource":"88b57acd-1d5c-4376-9893-fdf66769c3e8:d5fed76b-3573-45a9-b938-b5ed7caceeee"},{"type":"single","resource":"88b57acd-1d5c-4376-9893-fdf66769c3e8:d5fed76b-3573-45a9-b938-b5ed7caceeee"},{"type":"single","resource":"88b57acd-1d5c-4376-9893-fdf66769c3e8:9ea78cfb-f283-4bef-bf48-595e9226d28e"},{"type":"single","resource":"88b57acd-1d5c-4376-9893-fdf66769c3e8:9ea78cfb-f283-4bef-bf48-595e9226d28e"},{"type":"single","resource":"88b57acd-1d5c-4376-9893-fdf66769c3e8:5f6e5b46-0fb5-4658-a12c-42668547c26c"},{"type":"single","resource":"88b57acd-1d5c-4376-9893-fdf66769c3e8:5f6e5b46-0fb5-4658-a12c-42668547c26c"},{"type":"single","resource":"88b57acd-1d5c-4376-9893-fdf66769c3e8:4cc5747d-090d-4f6e-930b-0c4144a4b48a"},{"type":"single","resource":"88b57acd-1d5c-4376-9893-fdf66769c3e8:4cc5747d-090d-4f6e-930b-0c4144a4b48a"},{"type":"single","resource":"88b57acd-1d5c-4376-9893-fdf66769c3e8:f9beac27-d19b-476e-aaa4-1fc53245f0d5"},{"type":"single","resource":"88b57acd-1d5c-4376-9893-fdf66769c3e8:dbc5176a-fb88-49ad-b66f-446dfea5c745"},{"type":"single","resource":"88b57acd-1d5c-4376-9893-fdf66769c3e8:68453b3e-c999-4ed2-99d4-f48d6d5c3fe7"},{"type":"single","resource":"88b57acd-1d5c-4376-9893-fdf66769c3e8:d36b3204-deba-4d27-8f44-03bba16cad5c"},{"type":"single","resource":"88b57acd-1d5c-4376-9893-fdf66769c3e8:b7f57a7a-a5bd-49b5-b3a9-83613e5c619c"},{"type":"single","resource":"88b57acd-1d5c-4376-9893-fdf66769c3e8:df4ca4b2-1f80-49d6-bdff-d0df477ba3e0"},{"type":"single","resource":"88b57acd-1d5c-4376-9893-fdf66769c3e8:d3e1bb20-c8c6-492d-82a6-2b993ffc04d7"},{"type":"single","resource":"88b57acd-1d5c-4376-9893-fdf66769c3e8:d3e1bb20-c8c6-492d-82a6-2b993ffc04d7"},{"type":"single","resource":"88b57acd-1d5c-4376-9893-fdf66769c3e8:809e0473-2de8-4d9f-a5e2-1dc8fd9e880b"},{"type":"single","resource":"88b57acd-1d5c-4376-9893-fdf66769c3e8:104c1977-240e-48d4-9689-86d3d0d9227e"},{"type":"single","resource":"88b57acd-1d5c-4376-9893-fdf66769c3e8:104c1977-240e-48d4-9689-86d3d0d9227e"},{"type":"single","resource":"88b57acd-1d5c-4376-9893-fdf66769c3e8:7e64f029-8385-40ad-9e7a-6702f178f6f5"},{"type":"single","resource":"88b57acd-1d5c-4376-9893-fdf66769c3e8:07ec9c10-5526-4fd3-a321-1f41075e9cb9"},{"type":"single","resource":"88b57acd-1d5c-4376-9893-fdf66769c3e8:f6c2b12a-9d9c-4d61-8724-da3806a22857"},{"type":"single","resource":"88b57acd-1d5c-4376-9893-fdf66769c3e8:622914e9-36ee-4506-bd35-53c6c8c7db48"},{"type":"single","resource":"88b57acd-1d5c-4376-9893-fdf66769c3e8:622914e9-36ee-4506-bd35-53c6c8c7db48"},{"type":"single","resource":"88b57acd-1d5c-4376-9893-fdf66769c3e8:e178846e-c36e-4923-baa3-b4ac47fdea9b"},{"type":"single","resource":"88b57acd-1d5c-4376-9893-fdf66769c3e8:e178846e-c36e-4923-baa3-b4ac47fdea9b"},{"type":"single","resource":"88b57acd-1d5c-4376-9893-fdf66769c3e8:c5e2d7db-fa08-47d4-a531-717e9d41c8db"},{"type":"single","resource":"88b57acd-1d5c-4376-9893-fdf66769c3e8:289d4050-ebbe-454a-98d5-32246d364b89"},{"type":"single","resource":"88b57acd-1d5c-4376-9893-fdf66769c3e8:32431167-8c0f-4375-b001-a8b2c6d88d1b"},{"type":"single","resource":"88b57acd-1d5c-4376-9893-fdf66769c3e8:78ee89aa-45b1-47fc-bade-d40783ab7684"},{"type":"single","resource":"88b57acd-1d5c-4376-9893-fdf66769c3e8:c4ea9245-e49b-47ac-b181-b86baec20ce7"},{"type":"single","resource":"c6ca22de-834a-408e-809e-2e614f0c3225:1a143a89-6415-4114-8411-6d33877171f7"},{"type":"single","resource":"c6ca22de-834a-408e-809e-2e614f0c3225:d55188d1-2c81-40ae-82e0-b4dce7f89afe"},{"type":"single","resource":"c6ca22de-834a-408e-809e-2e614f0c3225:44291828-224b-4458-b89b-1d779d435510"},{"type":"single","resource":"88b57acd-1d5c-4376-9893-fdf66769c3e8:db9d90ed-5bce-4eda-8f52-4607dd2252b9"},{"type":"single","resource":"88b57acd-1d5c-4376-9893-fdf66769c3e8:0cca0956-c3cd-4f06-bca9-9ade5db67edf"},{"type":"single","resource":"88b57acd-1d5c-4376-9893-fdf66769c3e8:429c823c-1fe2-41ac-bf45-8a0d2cdec718"},{"type":"single","resource":"88b57acd-1d5c-4376-9893-fdf66769c3e8:b5bfcfad-41ff-4f08-b4fd-6489ebcf6d40"},{"type":"single","resource":"88b57acd-1d5c-4376-9893-fdf66769c3e8:fc43507b-8913-430a-977b-db00ce00cc89"},{"type":"single","resource":"88b57acd-1d5c-4376-9893-fdf66769c3e8:b0a54141-1898-457a-a8df-97729d418455"},{"type":"single","resource":"88b57acd-1d5c-4376-9893-fdf66769c3e8:64279bb0-7d84-43db-8acb-7165ac93a93e"},{"type":"single","resource":"88b57acd-1d5c-4376-9893-fdf66769c3e8:07bf11ac-3802-4ecc-ad28-443fd13604a9"},{"type":"single","resource":"88b57acd-1d5c-4376-9893-fdf66769c3e8:7a2d56e9-8d86-438e-b7d8-268da63247d1"},{"type":"single","resource":"88b57acd-1d5c-4376-9893-fdf66769c3e8:585dad2a-6df5-4e4b-9500-6fd402291fe8"},{"type":"single","resource":"88b57acd-1d5c-4376-9893-fdf66769c3e8:1c1579d3-ca40-40ad-a900-c7e32103bf8e"},{"type":"single","resource":"88b57acd-1d5c-4376-9893-fdf66769c3e8:fa0f12a0-70b4-4d09-98fc-b0fc64d152ee"},{"type":"single","resource":"88b57acd-1d5c-4376-9893-fdf66769c3e8:8f705e9a-1050-4f8f-b91c-9833db5371dc"},{"type":"single","resource":"88b57acd-1d5c-4376-9893-fdf66769c3e8:25f16b9c-6d4e-4349-992d-6abc64479f5b"},{"type":"single","resource":"88b57acd-1d5c-4376-9893-fdf66769c3e8:5743a896-2b1c-4975-9113-6b1909ca5534"},{"type":"single","resource":"88b57acd-1d5c-4376-9893-fdf66769c3e8:ae25c47d-28a7-4371-87a4-3d61d43a8d5d"},{"type":"single","resource":"88b57acd-1d5c-4376-9893-fdf66769c3e8:08c4eeec-0f39-430c-8598-4ac12b8f21fe"},{"type":"single","resource":"88b57acd-1d5c-4376-9893-fdf66769c3e8:51597c27-3206-47a1-b47e-925038e74e53"},{"type":"single","resource":"308bc478-eef1-4c67-827d-f803f3d7ece9:53f274ad-d49e-43d9-82d6-401d2d2953ac"},{"type":"single","resource":"item/chainmail_boots"},{"type":"single","resource":"item/chainmail_chestplate"},{"type":"single","resource":"item/chainmail_helmet"},{"type":"single","resource":"item/chainmail_leggings"},{"type":"single","resource":"308bc478-eef1-4c67-827d-f803f3d7ece9:7ac1f87d-7508-4ca3-b489-eb91c8e67062"},{"type":"single","resource":"308bc478-eef1-4c67-827d-f803f3d7ece9:dba5e501-c250-4161-a853-3298f1e84a39"},{"type":"single","resource":"308bc478-eef1-4c67-827d-f803f3d7ece9:751efb42-680e-4c3a-b756-9906f4851203"},{"type":"single","resource":"c6ca22de-834a-408e-809e-2e614f0c3225:0a0d3df2-9fdc-4924-a694-27f2fd38bd23"},{"type":"single","resource":"c6ca22de-834a-408e-809e-2e614f0c3225:010113f2-0f58-41fa-bc00-86cf02c56fa7"},{"type":"single","resource":"c6ca22de-834a-408e-809e-2e614f0c3225:b71eae52-461b-4999-8bba-ac970ecc5ad0"},{"type":"single","resource":"308bc478-eef1-4c67-827d-f803f3d7ece9:635be032-00bf-4c0c-bb21-a99eb0407048"},{"type":"single","resource":"88b57acd-1d5c-4376-9893-fdf66769c3e8:36142c19-1000-41f6-b36f-6fc6eaafef3c"},{"type":"single","resource":"308bc478-eef1-4c67-827d-f803f3d7ece9:ac14d7b6-5f9a-4347-bb04-1cfaa15612e2"},{"type":"single","resource":"88b57acd-1d5c-4376-9893-fdf66769c3e8:d5166c9b-74df-4e86-a2dd-63d1f3f9d92e"},{"type":"single","resource":"88b57acd-1d5c-4376-9893-fdf66769c3e8:6697b1c7-a236-4c28-8e1f-f03f2769dfe8"},{"type":"single","resource":"88b57acd-1d5c-4376-9893-fdf66769c3e8:6a050afb-d13d-404a-bddb-5eb8c6b73306"},{"type":"single","resource":"88b57acd-1d5c-4376-9893-fdf66769c3e8:f303531c-b538-471d-ae35-1112bb489c7b"},{"type":"single","resource":"88b57acd-1d5c-4376-9893-fdf66769c3e8:7cf01aed-108b-41ce-956e-923957f766bb"},{"type":"single","resource":"88b57acd-1d5c-4376-9893-fdf66769c3e8:3256e944-dab0-45b3-a7c3-e8549daee06f"},{"type":"single","resource":"88b57acd-1d5c-4376-9893-fdf66769c3e8:a2d8c92e-4056-4617-a6a0-5604c31ec880"},{"type":"single","resource":"88b57acd-1d5c-4376-9893-fdf66769c3e8:b5cf9dc2-40b4-455e-ad22-f4ff4c26e42a"},{"type":"single","resource":"88b57acd-1d5c-4376-9893-fdf66769c3e8:2267239c-ed5f-49f6-8317-66faabe885da"},{"type":"single","resource":"88b57acd-1d5c-4376-9893-fdf66769c3e8:1dc771bd-f687-4cec-8da4-3fdb4eb75660"},{"type":"single","resource":"88b57acd-1d5c-4376-9893-fdf66769c3e8:50523f95-9464-4762-b8e2-da4f98da22e2"},{"type":"single","resource":"88b57acd-1d5c-4376-9893-fdf66769c3e8:97a3998c-56fd-4841-a103-9f4c6fb81a88"},{"type":"single","resource":"88b57acd-1d5c-4376-9893-fdf66769c3e8:940f141c-fd90-41a2-8c14-65de306329d9"},{"type":"single","resource":"88b57acd-1d5c-4376-9893-fdf66769c3e8:b7c8cbc3-3570-4c9c-8a29-f4cbc5aeb614"},{"type":"single","resource":"88b57acd-1d5c-4376-9893-fdf66769c3e8:6868152e-39bf-4c6c-b56f-37929b645155"},{"type":"single","resource":"88b57acd-1d5c-4376-9893-fdf66769c3e8:b5a468af-8832-4c69-96d1-0c92269b9e16"},{"type":"single","resource":"88b57acd-1d5c-4376-9893-fdf66769c3e8:192662ca-3b5c-41bc-ba05-37f430d5fde3"},{"type":"single","resource":"88b57acd-1d5c-4376-9893-fdf66769c3e8:151a32bb-658b-4266-b04f-c90d41545516"},{"type":"single","resource":"88b57acd-1d5c-4376-9893-fdf66769c3e8:151a32bb-658b-4266-b04f-c90d41545516"},{"type":"single","resource":"88b57acd-1d5c-4376-9893-fdf66769c3e8:bdd45acd-1879-49e2-bd5c-d9af451dfe5c"},{"type":"single","resource":"88b57acd-1d5c-4376-9893-fdf66769c3e8:276c5eb0-4c4d-4fde-9fa0-2b4092acb57e"},{"type":"single","resource":"88b57acd-1d5c-4376-9893-fdf66769c3e8:0ab78e44-5ed3-40cc-a341-f47280476fbb"},{"type":"single","resource":"88b57acd-1d5c-4376-9893-fdf66769c3e8:70324d39-5540-44f5-9ada-78521fe30fa8"},{"type":"single","resource":"88b57acd-1d5c-4376-9893-fdf66769c3e8:0ce16639-7a13-4280-b6fa-ed15d3fd5618"},{"type":"single","resource":"88b57acd-1d5c-4376-9893-fdf66769c3e8:b975c999-1081-4339-81c1-cee707350b57"},{"type":"single","resource":"88b57acd-1d5c-4376-9893-fdf66769c3e8:8c599ec8-69f8-4b70-a8f3-51cca11ac05c"},{"type":"single","resource":"88b57acd-1d5c-4376-9893-fdf66769c3e8:13714aca-ec03-4b38-9657-7f27a2445bca"},{"type":"single","resource":"88b57acd-1d5c-4376-9893-fdf66769c3e8:cc062f48-ed42-4a19-ad56-ca7e12069a9c"},{"type":"single","resource":"88b57acd-1d5c-4376-9893-fdf66769c3e8:d3ad5d65-7caf-4e2c-805a-7083d3e3af17"},{"type":"single","resource":"88b57acd-1d5c-4376-9893-fdf66769c3e8:12b7de38-6298-4fd2-9d41-434d5faf895f"},{"type":"single","resource":"88b57acd-1d5c-4376-9893-fdf66769c3e8:51d64f9e-7fa6-47c7-a2db-9d71e5928497"},{"type":"single","resource":"88b57acd-1d5c-4376-9893-fdf66769c3e8:dbf27ed7-a0a9-44dd-90e3-c5af9249dbc3"},{"type":"single","resource":"88b57acd-1d5c-4376-9893-fdf66769c3e8:0c43a38f-05ba-4a4c-a4f9-768c2dc4827e"},{"type":"single","resource":"88b57acd-1d5c-4376-9893-fdf66769c3e8:3258b92e-d576-4325-94f8-b0127642c33e"},{"type":"single","resource":"88b57acd-1d5c-4376-9893-fdf66769c3e8:f8ca6575-9f74-4aa0-97e5-b7ce359734ae"},{"type":"single","resource":"88b57acd-1d5c-4376-9893-fdf66769c3e8:b48ad1d6-19b2-40b5-8a49-13c92be70dd3"},{"type":"single","resource":"88b57acd-1d5c-4376-9893-fdf66769c3e8:7093fa80-53fa-40bb-9981-baa2d25f1063"},{"type":"single","resource":"88b57acd-1d5c-4376-9893-fdf66769c3e8:a6c316ae-6cf3-4419-bf21-65a2964b00ab"},{"type":"single","resource":"88b57acd-1d5c-4376-9893-fdf66769c3e8:8df68311-db20-4513-9f20-f680311b6c93"},{"type":"single","resource":"88b57acd-1d5c-4376-9893-fdf66769c3e8:014817d1-91f6-43a4-b218-50a6f5122381"},{"type":"single","resource":"88b57acd-1d5c-4376-9893-fdf66769c3e8:8254968f-affa-44aa-8eb9-9c334a3c2acd"},{"type":"single","resource":"88b57acd-1d5c-4376-9893-fdf66769c3e8:1ddfc102-b296-4e5c-aa7b-fc913f78809d"},{"type":"single","resource":"88b57acd-1d5c-4376-9893-fdf66769c3e8:84be84a7-5f17-4499-b5d5-1c54c75b3f77"},{"type":"single","resource":"88b57acd-1d5c-4376-9893-fdf66769c3e8:0f5f1b95-11ca-4927-8037-93aa541262fb"},{"type":"single","resource":"88b57acd-1d5c-4376-9893-fdf66769c3e8:d0415707-af0d-414f-8520-71d105646620"},{"type":"single","resource":"88b57acd-1d5c-4376-9893-fdf66769c3e8:7d8a7d7d-5b99-4c43-a71c-238b8dac2cfc"},{"type":"single","resource":"88b57acd-1d5c-4376-9893-fdf66769c3e8:42e1dc32-0fa9-4df5-9aa4-e7b5420978e9"},{"type":"single","resource":"88b57acd-1d5c-4376-9893-fdf66769c3e8:f5e9dcc2-cda1-47c2-b8e8-62c8b37ec1ec"},{"type":"single","resource":"88b57acd-1d5c-4376-9893-fdf66769c3e8:3fe0948d-5758-4536-ac68-29d459483909"},{"type":"single","resource":"88b57acd-1d5c-4376-9893-fdf66769c3e8:d90c137b-3547-46ba-8b09-99ea2008cf44"},{"type":"single","resource":"88b57acd-1d5c-4376-9893-fdf66769c3e8:86c69ad8-1f6e-472f-a791-89ba87defe7e"},{"type":"single","resource":"88b57acd-1d5c-4376-9893-fdf66769c3e8:fc01ddc1-0bed-47be-aec3-b9f79a8c2d6a"},{"type":"single","resource":"88b57acd-1d5c-4376-9893-fdf66769c3e8:23625fec-946e-4ac2-949a-1c4b80b12517"},{"type":"single","resource":"88b57acd-1d5c-4376-9893-fdf66769c3e8:9d455bb1-a215-4995-b1c3-d7771b8cebc7"},{"type":"single","resource":"88b57acd-1d5c-4376-9893-fdf66769c3e8:93b78bc0-39e1-48d4-a5e6-70f459aa50b9"},{"type":"single","resource":"88b57acd-1d5c-4376-9893-fdf66769c3e8:c997f748-ddc6-43e8-b1b0-e842ce7695b8"},{"type":"single","resource":"88b57acd-1d5c-4376-9893-fdf66769c3e8:5d8c121b-94ad-4426-8651-807953562b4f"},{"type":"single","resource":"88b57acd-1d5c-4376-9893-fdf66769c3e8:f2f6a852-23d7-4781-9797-c5f8c6030ace"},{"type":"single","resource":"88b57acd-1d5c-4376-9893-fdf66769c3e8:d9017ec0-35c9-4069-b668-f05d009d51f8"},{"type":"single","resource":"88b57acd-1d5c-4376-9893-fdf66769c3e8:ba2fb9eb-6ce1-46f3-b82b-b953feba76fc"},{"type":"single","resource":"88b57acd-1d5c-4376-9893-fdf66769c3e8:009e2977-cf18-4e2a-9ed1-5662fdf00e66"},{"type":"single","resource":"88b57acd-1d5c-4376-9893-fdf66769c3e8:eafb4ccc-d692-4955-89cd-045f7f5719ad"},{"type":"single","resource":"88b57acd-1d5c-4376-9893-fdf66769c3e8:034b09d5-e479-4ecf-852b-222bd135d26b"},{"type":"single","resource":"88b57acd-1d5c-4376-9893-fdf66769c3e8:0f6093e6-8b1a-44da-8a7c-cc5359223956"},{"type":"single","resource":"88b57acd-1d5c-4376-9893-fdf66769c3e8:c2499571-94f7-40f0-b975-46e557cc6995"},{"type":"single","resource":"88b57acd-1d5c-4376-9893-fdf66769c3e8:634742b4-03ab-4d8e-9cb1-ee1eb6b98f6f"},{"type":"single","resource":"88b57acd-1d5c-4376-9893-fdf66769c3e8:1de9e1a5-3b1e-4c0e-9885-4bc91a8906e9"},{"type":"single","resource":"88b57acd-1d5c-4376-9893-fdf66769c3e8:ae2f9687-171a-4bdf-8483-067a38cdae86"},{"type":"single","resource":"88b57acd-1d5c-4376-9893-fdf66769c3e8:d3c9259b-61e0-483f-8d75-56a1558225d3"},{"type":"single","resource":"88b57acd-1d5c-4376-9893-fdf66769c3e8:358fc579-0aa4-4c3b-a2f6-b7e430fea916"},{"type":"single","resource":"88b57acd-1d5c-4376-9893-fdf66769c3e8:3d09c659-ac14-4987-9eff-da53290e33ce"},{"type":"single","resource":"88b57acd-1d5c-4376-9893-fdf66769c3e8:ff7489e5-3e74-4583-bcaa-d428fb39a33c"},{"type":"single","resource":"88b57acd-1d5c-4376-9893-fdf66769c3e8:bf86e8d7-660b-4c61-b846-681eb18d1e08"},{"type":"single","resource":"88b57acd-1d5c-4376-9893-fdf66769c3e8:a8d074f0-84ab-4372-bc76-3bff1d5262ca"},{"type":"single","resource":"88b57acd-1d5c-4376-9893-fdf66769c3e8:399b5698-4b78-4451-a7a7-026e9b805773"},{"type":"single","resource":"88b57acd-1d5c-4376-9893-fdf66769c3e8:8ebe40b0-504e-45da-8f1e-9827a490f016"},{"type":"single","resource":"88b57acd-1d5c-4376-9893-fdf66769c3e8:94f803b3-7771-4b61-8898-49e0df8de473"},{"type":"single","resource":"88b57acd-1d5c-4376-9893-fdf66769c3e8:50c05d6f-694b-4c48-99a0-e0f920298451"},{"type":"single","resource":"88b57acd-1d5c-4376-9893-fdf66769c3e8:987489b9-3665-4f9e-99a7-dde32026e05d"},{"type":"single","resource":"88b57acd-1d5c-4376-9893-fdf66769c3e8:eaf0b875-9d54-4918-99ca-64b1a4812264"},{"type":"single","resource":"88b57acd-1d5c-4376-9893-fdf66769c3e8:a6f46846-8db4-45a6-b493-1144eac72fb1"},{"type":"single","resource":"88b57acd-1d5c-4376-9893-fdf66769c3e8:86e547aa-45fa-40fb-84b9-7a4aa62b4116"},{"type":"single","resource":"88b57acd-1d5c-4376-9893-fdf66769c3e8:78c50bef-5c8b-495b-a1fd-a6c6120b02df"},{"type":"single","resource":"88b57acd-1d5c-4376-9893-fdf66769c3e8:19bb0330-0615-4e64-8506-776004688834"},{"type":"single","resource":"88b57acd-1d5c-4376-9893-fdf66769c3e8:fb043bce-fa34-4b63-9f49-4258beb174e0"},{"type":"single","resource":"88b57acd-1d5c-4376-9893-fdf66769c3e8:10063988-e530-4e8c-bd32-b6ddfcac67ad"},{"type":"single","resource":"88b57acd-1d5c-4376-9893-fdf66769c3e8:eef4f211-364a-4ef6-b163-d12f93844dd2"},{"type":"single","resource":"88b57acd-1d5c-4376-9893-fdf66769c3e8:16f71f62-c72e-49a0-ba2a-f8b8172ca3cf"},{"type":"single","resource":"88b57acd-1d5c-4376-9893-fdf66769c3e8:d343f1cc-58f7-47e3-a305-453d27f5faaf"},{"type":"single","resource":"88b57acd-1d5c-4376-9893-fdf66769c3e8:6afea5ff-f329-4878-92d4-e32b1d0dd6f7"},{"type":"single","resource":"88b57acd-1d5c-4376-9893-fdf66769c3e8:e58dc345-bf6a-4c43-8314-756bb8e8f339"},{"type":"single","resource":"88b57acd-1d5c-4376-9893-fdf66769c3e8:ccdefb35-c385-400d-9bb9-35946a3e99e5"},{"type":"single","resource":"88b57acd-1d5c-4376-9893-fdf66769c3e8:379753cc-549e-475d-9a0f-83297170f5d9"},{"type":"single","resource":"88b57acd-1d5c-4376-9893-fdf66769c3e8:d1dabb5c-d0c8-447e-b45d-0125bdf2a354"},{"type":"single","resource":"88b57acd-1d5c-4376-9893-fdf66769c3e8:286739cd-5693-4fd5-995d-88f32d2e28a8"},{"type":"single","resource":"88b57acd-1d5c-4376-9893-fdf66769c3e8:1bff74e8-5252-4bc9-a4a9-d13f0b8ae13b"},{"type":"single","resource":"88b57acd-1d5c-4376-9893-fdf66769c3e8:dc9a0b6a-0d61-42ff-8fe2-29e8b6d0bcca"},{"type":"single","resource":"88b57acd-1d5c-4376-9893-fdf66769c3e8:1bb1ef19-6362-4d4c-9cd5-cf4bc4c4116c"},{"type":"single","resource":"88b57acd-1d5c-4376-9893-fdf66769c3e8:7d18c02f-b55c-478a-9bcd-f630f0589ea2"},{"type":"single","resource":"88b57acd-1d5c-4376-9893-fdf66769c3e8:39965ce8-472d-4d58-80b8-57e75ceb31f4"},{"type":"single","resource":"88b57acd-1d5c-4376-9893-fdf66769c3e8:4cad0f0b-b6cc-4f00-a37a-f12305b22611"},{"type":"single","resource":"88b57acd-1d5c-4376-9893-fdf66769c3e8:2156c428-7933-4d67-8981-ca472c34f30f"},{"type":"single","resource":"88b57acd-1d5c-4376-9893-fdf66769c3e8:9fc6c20f-c283-4ac0-8913-95fba40705c7"},{"type":"single","resource":"88b57acd-1d5c-4376-9893-fdf66769c3e8:6d255d31-e80b-4dea-84d0-122af728d303"},{"type":"single","resource":"88b57acd-1d5c-4376-9893-fdf66769c3e8:2e94f23d-074f-4d03-94a5-ccf8b0bcf732"},{"type":"single","resource":"88b57acd-1d5c-4376-9893-fdf66769c3e8:1e89755a-9d0a-4fc0-9737-080bd69c4c1d"},{"type":"single","resource":"88b57acd-1d5c-4376-9893-fdf66769c3e8:69c67732-24da-4be6-81ff-6a711dcd0fca"},{"type":"single","resource":"88b57acd-1d5c-4376-9893-fdf66769c3e8:3daca498-cb9d-4e3c-a132-257505a86015"},{"type":"single","resource":"88b57acd-1d5c-4376-9893-fdf66769c3e8:d9a0abde-d756-45fd-889b-30388ed3d9cc"},{"type":"single","resource":"88b57acd-1d5c-4376-9893-fdf66769c3e8:8359be05-2c02-4ca4-8841-6c178588e03f"},{"type":"single","resource":"88b57acd-1d5c-4376-9893-fdf66769c3e8:cf45b935-fa0b-4ad0-b68a-db6677ae6942"},{"type":"single","resource":"88b57acd-1d5c-4376-9893-fdf66769c3e8:96bfdb1d-e5cf-42c9-9f42-f7feac2ec79d"},{"type":"single","resource":"88b57acd-1d5c-4376-9893-fdf66769c3e8:4ce03c37-8a42-4775-9d35-a332e6f21800"},{"type":"single","resource":"88b57acd-1d5c-4376-9893-fdf66769c3e8:ec9964c9-46ce-4777-a96b-047a76b647b3"},{"type":"single","resource":"88b57acd-1d5c-4376-9893-fdf66769c3e8:3415f122-7251-4d75-b492-eb54f06dcb03"},{"type":"single","resource":"88b57acd-1d5c-4376-9893-fdf66769c3e8:297d8e89-bbf3-4d01-abe3-52bc61b952c9"},{"type":"single","resource":"88b57acd-1d5c-4376-9893-fdf66769c3e8:504155a0-4ae7-454e-84fc-18cb984ccdc7"},{"type":"single","resource":"88b57acd-1d5c-4376-9893-fdf66769c3e8:57168c58-d8db-4e50-9841-1327aac98b88"},{"type":"single","resource":"88b57acd-1d5c-4376-9893-fdf66769c3e8:1d0e1d2a-6f6e-4aea-8812-85e6f3d17ddf"},{"type":"single","resource":"88b57acd-1d5c-4376-9893-fdf66769c3e8:bbef41d3-686e-4f12-8ca2-d918ded8724e"},{"type":"single","resource":"308bc478-eef1-4c67-827d-f803f3d7ece9:c61aebaf-57d1-4869-9c70-88bc8a252cca"},{"type":"single","resource":"308bc478-eef1-4c67-827d-f803f3d7ece9:a7de0e3b-007c-4704-83f8-1dc14eae844f"},{"type":"single","resource":"308bc478-eef1-4c67-827d-f803f3d7ece9:485de9c0-948f-4922-b00e-0ed1817a6574"},{"type":"single","resource":"item/leather_horse_armor"},{"type":"single","resource":"308bc478-eef1-4c67-827d-f803f3d7ece9:57086cda-8731-4246-b19d-f116badfda47"},{"type":"single","resource":"88b57acd-1d5c-4376-9893-fdf66769c3e8:cb191e2c-4d5a-4103-9427-46f98e6f456f"},{"type":"single","resource":"88b57acd-1d5c-4376-9893-fdf66769c3e8:bf8b5c08-a81d-480c-b1f2-9255466c78ff"},{"type":"single","resource":"88b57acd-1d5c-4376-9893-fdf66769c3e8:a837256f-f77b-4ed7-8fff-85b8c6310675"},{"type":"single","resource":"88b57acd-1d5c-4376-9893-fdf66769c3e8:e1c25127-4eac-481d-aed5-43cb16383416"},{"type":"single","resource":"88b57acd-1d5c-4376-9893-fdf66769c3e8:d582f463-2f09-419a-8119-2887d22e28d0"},{"type":"single","resource":"88b57acd-1d5c-4376-9893-fdf66769c3e8:b1c25cb6-b066-4e4b-87da-305aa5589519"},{"type":"single","resource":"88b57acd-1d5c-4376-9893-fdf66769c3e8:526141d7-6300-445e-bf57-09955649eea6"},{"type":"single","resource":"88b57acd-1d5c-4376-9893-fdf66769c3e8:c647cc46-fbd0-49a2-9f0b-f24f5092842b"},{"type":"single","resource":"88b57acd-1d5c-4376-9893-fdf66769c3e8:f51b7bfc-5223-49ca-9907-a955e14cfd92"},{"type":"single","resource":"88b57acd-1d5c-4376-9893-fdf66769c3e8:758762f5-cd0d-4cf8-889b-6436a862d6d4"},{"type":"single","resource":"88b57acd-1d5c-4376-9893-fdf66769c3e8:97a3d734-a6a6-4d96-b5ec-1a3646279e9c"},{"type":"single","resource":"88b57acd-1d5c-4376-9893-fdf66769c3e8:30aea30b-244e-45cf-8431-15852dabcaba"},{"type":"single","resource":"88b57acd-1d5c-4376-9893-fdf66769c3e8:fce0c14e-0b00-47b1-ab8b-d1d7bc63471d"},{"type":"single","resource":"88b57acd-1d5c-4376-9893-fdf66769c3e8:03554d4d-e69d-43c5-ae47-a060ae966707"},{"type":"single","resource":"88b57acd-1d5c-4376-9893-fdf66769c3e8:c6933023-ed49-4613-bfd3-6302cb0aa5b4"},{"type":"single","resource":"88b57acd-1d5c-4376-9893-fdf66769c3e8:363c7b13-a172-4573-8e68-e49ff5106b25"},{"type":"single","resource":"88b57acd-1d5c-4376-9893-fdf66769c3e8:843d146b-d013-4870-b53c-376217a96139"},{"type":"single","resource":"88b57acd-1d5c-4376-9893-fdf66769c3e8:36dcdbf7-e2a3-4c44-b318-1e7c61d8246a"},{"type":"single","resource":"88b57acd-1d5c-4376-9893-fdf66769c3e8:3b3afcfa-27f1-41fd-ab05-e9a38676e67b"},{"type":"single","resource":"88b57acd-1d5c-4376-9893-fdf66769c3e8:61039b10-e54e-4590-bccc-c1999eb34f14"},{"type":"single","resource":"88b57acd-1d5c-4376-9893-fdf66769c3e8:f50ab584-8589-4fd9-b522-e0931ebffb98"},{"type":"single","resource":"88b57acd-1d5c-4376-9893-fdf66769c3e8:1ef41e03-def7-47a9-9d63-155efce548ce"},{"type":"single","resource":"88b57acd-1d5c-4376-9893-fdf66769c3e8:f2ec8e93-a6d9-4a4b-870a-5bd150f3e21b"},{"type":"single","resource":"88b57acd-1d5c-4376-9893-fdf66769c3e8:80ffc0bc-ea67-4f5d-98fc-47122918eb13"},{"type":"single","resource":"88b57acd-1d5c-4376-9893-fdf66769c3e8:4cd45d49-d601-4784-999c-f7c348ba7a31"},{"type":"single","resource":"88b57acd-1d5c-4376-9893-fdf66769c3e8:e5963fa9-d8f2-4d86-898a-db035cc007eb"},{"type":"single","resource":"88b57acd-1d5c-4376-9893-fdf66769c3e8:327f826a-80c6-4742-905d-2f721e442cd3"},{"type":"single","resource":"88b57acd-1d5c-4376-9893-fdf66769c3e8:87849627-1360-4608-8f15-583255d46c5a"},{"type":"single","resource":"88b57acd-1d5c-4376-9893-fdf66769c3e8:12b4e618-f709-48ba-b946-a1fb7f2802ce"},{"type":"single","resource":"88b57acd-1d5c-4376-9893-fdf66769c3e8:d73a2530-307e-4447-87c2-1b2f4e2afadf"},{"type":"single","resource":"88b57acd-1d5c-4376-9893-fdf66769c3e8:4b08a7ed-1d4b-4c98-ba90-1e349d1075a5"},{"type":"single","resource":"88b57acd-1d5c-4376-9893-fdf66769c3e8:4138daf5-df46-46c1-912e-c9c72369f2a1"},{"type":"single","resource":"88b57acd-1d5c-4376-9893-fdf66769c3e8:031b8c0d-0f6d-4093-bfa9-690d6a36c2e8"},{"type":"single","resource":"88b57acd-1d5c-4376-9893-fdf66769c3e8:01659f10-f5d7-4229-b0b2-2082ba61f815"},{"type":"single","resource":"88b57acd-1d5c-4376-9893-fdf66769c3e8:6238dee9-75b8-4c40-b8a0-0b7a46957a4f"},{"type":"single","resource":"88b57acd-1d5c-4376-9893-fdf66769c3e8:9c3865f9-92b5-4c48-a477-6018d38d3734"},{"type":"single","resource":"88b57acd-1d5c-4376-9893-fdf66769c3e8:ddd93d98-294a-4508-bdf2-492e64ebe0af"},{"type":"single","resource":"88b57acd-1d5c-4376-9893-fdf66769c3e8:7d7d650b-e034-46bc-976d-98f885300367"},{"type":"single","resource":"88b57acd-1d5c-4376-9893-fdf66769c3e8:84f17085-9897-4fdb-8466-1c687669a714"},{"type":"single","resource":"88b57acd-1d5c-4376-9893-fdf66769c3e8:b5c07501-98ce-4426-9975-a4c9e1f9ce10"},{"type":"single","resource":"88b57acd-1d5c-4376-9893-fdf66769c3e8:597faa0f-b20e-4244-ab5c-b17aa81dface"},{"type":"single","resource":"88b57acd-1d5c-4376-9893-fdf66769c3e8:10374add-eb4e-4904-9709-3722248d8070"},{"type":"single","resource":"308bc478-eef1-4c67-827d-f803f3d7ece9:b255845c-b07b-438b-a4f7-3df2ec8a35a0"},{"type":"single","resource":"88b57acd-1d5c-4376-9893-fdf66769c3e8:30b99f56-946d-4b5a-9912-ce6bf050c5e5"},{"type":"single","resource":"88b57acd-1d5c-4376-9893-fdf66769c3e8:fe9b8ec9-6744-40f9-aab7-5771ad84a936"},{"type":"single","resource":"88b57acd-1d5c-4376-9893-fdf66769c3e8:e54a7899-81a1-4a8c-8807-8e6dc70880e8"},{"type":"single","resource":"88b57acd-1d5c-4376-9893-fdf66769c3e8:38d4d1ae-8fd2-4378-b9cd-194b71e13cc2"},{"type":"single","resource":"88b57acd-1d5c-4376-9893-fdf66769c3e8:b06d82a4-4673-439e-a782-3797aa067162"},{"type":"single","resource":"88b57acd-1d5c-4376-9893-fdf66769c3e8:20cf8c9c-62f7-4687-a127-362c2cb9aa47"},{"type":"single","resource":"item/netherite_axe"},{"type":"single","resource":"item/netherite_hoe"},{"type":"single","resource":"item/netherite_pickaxe"},{"type":"single","resource":"item/netherite_shovel"},{"type":"single","resource":"308bc478-eef1-4c67-827d-f803f3d7ece9:fc364a75-1bc9-4e21-abd7-5155ba4074fb"},{"type":"single","resource":"item/netherite_sword"},{"type":"single","resource":"2a37e520-9b3d-4eae-98a9-9261ca83c5a6:b4cd9035-13f3-4d7f-aefc-f084845a7c4a"},{"type":"single","resource":"2a37e520-9b3d-4eae-98a9-9261ca83c5a6:b4cd9035-13f3-4d7f-aefc-f084845a7c4a"},{"type":"single","resource":"2a37e520-9b3d-4eae-98a9-9261ca83c5a6:ed366d59-4438-4055-a953-704165f4ca45"},{"type":"single","resource":"2a37e520-9b3d-4eae-98a9-9261ca83c5a6:ed366d59-4438-4055-a953-704165f4ca45"},{"type":"single","resource":"2a37e520-9b3d-4eae-98a9-9261ca83c5a6:24a88cf8-2c74-4468-ad4c-3419106c12c0"},{"type":"single","resource":"2a37e520-9b3d-4eae-98a9-9261ca83c5a6:840f1948-4256-41f9-8079-7897c3d5199d"},{"type":"single","resource":"2a37e520-9b3d-4eae-98a9-9261ca83c5a6:840f1948-4256-41f9-8079-7897c3d5199d"},{"type":"single","resource":"2a37e520-9b3d-4eae-98a9-9261ca83c5a6:0b630e27-6876-4b5d-84ab-3630df67fd26"},{"type":"single","resource":"2a37e520-9b3d-4eae-98a9-9261ca83c5a6:15712e83-2510-4325-b13d-5787e449355a"},{"type":"single","resource":"2a37e520-9b3d-4eae-98a9-9261ca83c5a6:f4761076-69bc-4315-8783-7afbe57161eb"},{"type":"single","resource":"2a37e520-9b3d-4eae-98a9-9261ca83c5a6:ee855e7a-3af9-4052-8105-e87c67cc939a"},{"type":"single","resource":"2a37e520-9b3d-4eae-98a9-9261ca83c5a6:9dc2530e-a636-41eb-b84e-55cc33c5a11b"},{"type":"single","resource":"2a37e520-9b3d-4eae-98a9-9261ca83c5a6:9dc2530e-a636-41eb-b84e-55cc33c5a11b"},{"type":"single","resource":"2a37e520-9b3d-4eae-98a9-9261ca83c5a6:3a71eea2-6f9c-4b01-9cf3-51554c23c95c"},{"type":"single","resource":"2a37e520-9b3d-4eae-98a9-9261ca83c5a6:3a71eea2-6f9c-4b01-9cf3-51554c23c95c"},{"type":"single","resource":"2a37e520-9b3d-4eae-98a9-9261ca83c5a6:34a0e110-9977-4860-b0e6-3fe7ddd1b986"},{"type":"single","resource":"2a37e520-9b3d-4eae-98a9-9261ca83c5a6:f5a34b35-34d2-4c17-ac4a-bb8fd43a580c"},{"type":"single","resource":"2a37e520-9b3d-4eae-98a9-9261ca83c5a6:f47b1fc8-a64b-4fa5-bd8d-a98bb336a4a3"},{"type":"single","resource":"2a37e520-9b3d-4eae-98a9-9261ca83c5a6:f47b1fc8-a64b-4fa5-bd8d-a98bb336a4a3"},{"type":"single","resource":"2a37e520-9b3d-4eae-98a9-9261ca83c5a6:926e8370-7a15-4c41-942a-43419de0e0fe"},{"type":"single","resource":"2a37e520-9b3d-4eae-98a9-9261ca83c5a6:926e8370-7a15-4c41-942a-43419de0e0fe"},{"type":"single","resource":"2a37e520-9b3d-4eae-98a9-9261ca83c5a6:926e8370-7a15-4c41-942a-43419de0e0fe"},{"type":"single","resource":"2a37e520-9b3d-4eae-98a9-9261ca83c5a6:e537a757-f551-4696-b277-71a38e94ffa8"},{"type":"single","resource":"2a37e520-9b3d-4eae-98a9-9261ca83c5a6:04a634f8-14bc-4f88-be3c-d03c170656a9"},{"type":"single","resource":"2a37e520-9b3d-4eae-98a9-9261ca83c5a6:8ba8553e-f15b-41bf-be09-d3f16c4ca572"},{"type":"single","resource":"2a37e520-9b3d-4eae-98a9-9261ca83c5a6:6ba23d32-7c7d-455b-b7d0-973fd755d0ef"},{"type":"single","resource":"2a37e520-9b3d-4eae-98a9-9261ca83c5a6:d7484aa1-a31a-4906-a3eb-79aa5a67d333"},{"type":"single","resource":"2a37e520-9b3d-4eae-98a9-9261ca83c5a6:97280586-b067-460c-b898-80b9edb949bf"},{"type":"single","resource":"2a37e520-9b3d-4eae-98a9-9261ca83c5a6:825cd634-1dbb-4202-9d17-8725383e0d03"},{"type":"single","resource":"2a37e520-9b3d-4eae-98a9-9261ca83c5a6:825cd634-1dbb-4202-9d17-8725383e0d03"},{"type":"single","resource":"2a37e520-9b3d-4eae-98a9-9261ca83c5a6:2de64f05-1f27-4420-bf81-f57e43e9cd86"},{"type":"single","resource":"2a37e520-9b3d-4eae-98a9-9261ca83c5a6:2ce1f020-734e-40e0-8a47-60c41a9fde01"},{"type":"single","resource":"2a37e520-9b3d-4eae-98a9-9261ca83c5a6:54bbd200-330c-4c5d-91be-d42847148c7a"},{"type":"single","resource":"2a37e520-9b3d-4eae-98a9-9261ca83c5a6:55ca6520-4649-446d-8323-6dd7f153ec10"},{"type":"single","resource":"2a37e520-9b3d-4eae-98a9-9261ca83c5a6:55ca6520-4649-446d-8323-6dd7f153ec10"},{"type":"single","resource":"2a37e520-9b3d-4eae-98a9-9261ca83c5a6:19aaeae8-ede2-4ba7-a23e-c1d9e0606e83"},{"type":"single","resource":"2a37e520-9b3d-4eae-98a9-9261ca83c5a6:19aaeae8-ede2-4ba7-a23e-c1d9e0606e83"},{"type":"single","resource":"2a37e520-9b3d-4eae-98a9-9261ca83c5a6:d7487199-9b9d-4d49-9e2b-03edebdd39eb"},{"type":"single","resource":"2a37e520-9b3d-4eae-98a9-9261ca83c5a6:d7487199-9b9d-4d49-9e2b-03edebdd39eb"},{"type":"single","resource":"2a37e520-9b3d-4eae-98a9-9261ca83c5a6:f35af7bf-a02e-4b41-9810-bb100b3d567e"},{"type":"single","resource":"2a37e520-9b3d-4eae-98a9-9261ca83c5a6:c660eeff-c593-4740-b07b-27a1e0223e22"},{"type":"single","resource":"2a37e520-9b3d-4eae-98a9-9261ca83c5a6:4eee26be-0db9-4c72-99fb-e69447f6ab24"},{"type":"single","resource":"2a37e520-9b3d-4eae-98a9-9261ca83c5a6:4eee26be-0db9-4c72-99fb-e69447f6ab24"},{"type":"single","resource":"2a37e520-9b3d-4eae-98a9-9261ca83c5a6:c53b52c4-c3e1-4cfe-b1a1-ba7bd31909ef"},{"type":"single","resource":"2a37e520-9b3d-4eae-98a9-9261ca83c5a6:2a090e84-50b2-4dfd-ab94-99ef3a0702a8"},{"type":"single","resource":"2a37e520-9b3d-4eae-98a9-9261ca83c5a6:10b5843e-baed-4f0d-970d-195ea886e328"},{"type":"single","resource":"2a37e520-9b3d-4eae-98a9-9261ca83c5a6:10b5843e-baed-4f0d-970d-195ea886e328"},{"type":"single","resource":"308bc478-eef1-4c67-827d-f803f3d7ece9:580b3916-ee06-4b3b-a9a5-cb1a435ba35f"},{"type":"single","resource":"308bc478-eef1-4c67-827d-f803f3d7ece9:611dd6b9-cb0c-4206-bceb-529b21cb0048"},{"type":"single","resource":"308bc478-eef1-4c67-827d-f803f3d7ece9:2efc2448-97ed-4993-adf9-3e34b0ab13ec"},{"type":"single","resource":"308bc478-eef1-4c67-827d-f803f3d7ece9:00f6939d-37b3-40eb-bd15-30ce135e040e"},{"type":"single","resource":"308bc478-eef1-4c67-827d-f803f3d7ece9:d9ef7ab2-ac4b-41ff-ae2a-178879da2a43"},{"type":"single","resource":"308bc478-eef1-4c67-827d-f803f3d7ece9:09a4f823-69ee-4fe3-af6e-89e4a6ebe9f4"},{"type":"single","resource":"308bc478-eef1-4c67-827d-f803f3d7ece9:75c4362e-40ee-4c46-ae97-3fc5edbe584c"},{"type":"single","resource":"308bc478-eef1-4c67-827d-f803f3d7ece9:3584e17e-c829-40c7-8567-879225a80dbf"},{"type":"single","resource":"308bc478-eef1-4c67-827d-f803f3d7ece9:10982c16-4e7c-4cc0-9431-ed5286a8468a"},{"type":"single","resource":"308bc478-eef1-4c67-827d-f803f3d7ece9:9579fdbb-f45d-4926-a3cf-9d949010677c"},{"type":"single","resource":"308bc478-eef1-4c67-827d-f803f3d7ece9:54199d5e-802c-4fca-8092-684a867dcbe2"},{"type":"single","resource":"308bc478-eef1-4c67-827d-f803f3d7ece9:0474720d-7573-42c7-8a43-42a2d69f5e93"},{"type":"single","resource":"308bc478-eef1-4c67-827d-f803f3d7ece9:98db1c90-c9cf-49de-82f6-62d62f79a86a"},{"type":"single","resource":"308bc478-eef1-4c67-827d-f803f3d7ece9:c379c81e-face-46a5-933b-11c690ad83e9"},{"type":"single","resource":"308bc478-eef1-4c67-827d-f803f3d7ece9:f9fe68f2-0c39-4122-980d-98c3bd8dc355"},{"type":"single","resource":"308bc478-eef1-4c67-827d-f803f3d7ece9:c98026ee-2881-4784-8ed0-6451c00b773c"},{"type":"single","resource":"308bc478-eef1-4c67-827d-f803f3d7ece9:f10ec1e0-63d1-4aa4-bf12-f9ccd89c14e1"},{"type":"single","resource":"308bc478-eef1-4c67-827d-f803f3d7ece9:19f8ea03-0f64-406f-a95c-15ddb3d3a3e2"},{"type":"single","resource":"308bc478-eef1-4c67-827d-f803f3d7ece9:b680555c-51cc-4ba2-b7dc-6d99b7efd63d"},{"type":"single","resource":"308bc478-eef1-4c67-827d-f803f3d7ece9:001f1822-cfe0-4007-94a4-428e832290fd"},{"type":"single","resource":"308bc478-eef1-4c67-827d-f803f3d7ece9:53d0e2d1-154f-403f-9d31-3d8aa25f0fa4"},{"type":"single","resource":"308bc478-eef1-4c67-827d-f803f3d7ece9:d8d2f093-e56a-4780-81e5-8b057709ec39"},{"type":"single","resource":"308bc478-eef1-4c67-827d-f803f3d7ece9:0983d7d5-de2f-4bbc-b2f4-ba27ebc6ebd4"},{"type":"single","resource":"308bc478-eef1-4c67-827d-f803f3d7ece9:ce99872b-2b53-4a56-8a99-e243d98ea67f"},{"type":"single","resource":"308bc478-eef1-4c67-827d-f803f3d7ece9:1cf59197-3105-4634-91c5-387e3f22989a"},{"type":"single","resource":"308bc478-eef1-4c67-827d-f803f3d7ece9:8eba2a7a-5616-4d2d-ba6a-d4c6efb41c05"},{"type":"single","resource":"308bc478-eef1-4c67-827d-f803f3d7ece9:c1c24edf-7014-4552-bafd-281bafc4eeb8"},{"type":"single","resource":"308bc478-eef1-4c67-827d-f803f3d7ece9:c66aebe1-d2cc-4ce1-bdbc-84b70df9e071"},{"type":"single","resource":"308bc478-eef1-4c67-827d-f803f3d7ece9:f29696a0-62fb-4f6b-a2d1-83f08205d699"},{"type":"single","resource":"308bc478-eef1-4c67-827d-f803f3d7ece9:33bde547-7d14-4683-a5a0-bfdba7d6ce7a"},{"type":"single","resource":"308bc478-eef1-4c67-827d-f803f3d7ece9:180bf666-dfba-4f0e-bbeb-970ffe05432a"},{"type":"single","resource":"308bc478-eef1-4c67-827d-f803f3d7ece9:f2750ccb-045e-4a08-9114-a0dac4b39607"},{"type":"single","resource":"item/paper"},{"type":"single","resource":"308bc478-eef1-4c67-827d-f803f3d7ece9:05e71f75-d9ea-4cb3-b6dc-23fa35e60d3c"},{"type":"single","resource":"308bc478-eef1-4c67-827d-f803f3d7ece9:4a240e3f-fdab-4932-8c53-3460edfeb6ac"},{"type":"single","resource":"308bc478-eef1-4c67-827d-f803f3d7ece9:f90580e3-bbe1-4a7d-992b-c548fd47e0be"},{"type":"single","resource":"308bc478-eef1-4c67-827d-f803f3d7ece9:6d64d667-6b93-46ff-b4b8-868ebe731b1b"},{"type":"single","resource":"308bc478-eef1-4c67-827d-f803f3d7ece9:2f361d50-88cf-471c-83dd-ca26aa5a2c4b"},{"type":"single","resource":"308bc478-eef1-4c67-827d-f803f3d7ece9:a0b51e0b-e317-48c1-b7fb-b00031e78b6b"},{"type":"single","resource":"308bc478-eef1-4c67-827d-f803f3d7ece9:a365d110-74f6-4284-921b-dd5eefff30f1"},{"type":"single","resource":"308bc478-eef1-4c67-827d-f803f3d7ece9:114b50ec-bc1a-4d0e-9358-c654d29c7266"},{"type":"single","resource":"308bc478-eef1-4c67-827d-f803f3d7ece9:261be1d2-72d1-4be3-a8cf-ab1c5f271743"},{"type":"single","resource":"88b57acd-1d5c-4376-9893-fdf66769c3e8:1bac13cc-fae6-4abb-aa01-616b9625c70c"},{"type":"single","resource":"88b57acd-1d5c-4376-9893-fdf66769c3e8:1bac13cc-fae6-4abb-aa01-616b9625c70c"},{"type":"single","resource":"88b57acd-1d5c-4376-9893-fdf66769c3e8:5f58ceb2-8457-409f-a4e7-e6a377ed0033"},{"type":"single","resource":"88b57acd-1d5c-4376-9893-fdf66769c3e8:ec15a52b-fc78-4ac8-876f-e8ec6440708d"},{"type":"single","resource":"88b57acd-1d5c-4376-9893-fdf66769c3e8:ec15a52b-fc78-4ac8-876f-e8ec6440708d"},{"type":"single","resource":"88b57acd-1d5c-4376-9893-fdf66769c3e8:6736e4d8-aeae-40a8-b3a2-d02221862273"},{"type":"single","resource":"88b57acd-1d5c-4376-9893-fdf66769c3e8:d759a139-d503-45c2-b7d8-bfb27bbfd481"},{"type":"single","resource":"88b57acd-1d5c-4376-9893-fdf66769c3e8:d759a139-d503-45c2-b7d8-bfb27bbfd481"},{"type":"single","resource":"88b57acd-1d5c-4376-9893-fdf66769c3e8:c5e9db00-5f54-4385-a2bd-e3395c2f8ef8"},{"type":"single","resource":"88b57acd-1d5c-4376-9893-fdf66769c3e8:c5e9db00-5f54-4385-a2bd-e3395c2f8ef8"},{"type":"single","resource":"88b57acd-1d5c-4376-9893-fdf66769c3e8:c5e9db00-5f54-4385-a2bd-e3395c2f8ef8"},{"type":"single","resource":"88b57acd-1d5c-4376-9893-fdf66769c3e8:c5e9db00-5f54-4385-a2bd-e3395c2f8ef8"},{"type":"single","resource":"88b57acd-1d5c-4376-9893-fdf66769c3e8:84bbb047-ed90-4218-9b67-7e31639492c1"},{"type":"single","resource":"88b57acd-1d5c-4376-9893-fdf66769c3e8:a6749ddc-b926-49b1-9698-99bc777d1bbd"},{"type":"single","resource":"88b57acd-1d5c-4376-9893-fdf66769c3e8:130ff080-4288-4ebe-ae93-488b42eca6a2"},{"type":"single","resource":"88b57acd-1d5c-4376-9893-fdf66769c3e8:2989208d-4741-4ec5-ad3c-bec770c6dc8c"},{"type":"single","resource":"88b57acd-1d5c-4376-9893-fdf66769c3e8:5c83f984-5116-4dd6-b73a-dbeb7984b57e"},{"type":"single","resource":"88b57acd-1d5c-4376-9893-fdf66769c3e8:d73ae2f8-3cbd-4a81-aaef-cbfe92145a4d"},{"type":"single","resource":"88b57acd-1d5c-4376-9893-fdf66769c3e8:aaa0468e-6272-45f3-adf1-f576a7abc139"},{"type":"single","resource":"88b57acd-1d5c-4376-9893-fdf66769c3e8:9fe86d81-0c59-45c7-a0f3-bd9471925110"},{"type":"single","resource":"88b57acd-1d5c-4376-9893-fdf66769c3e8:7cd0879c-af51-4f2b-82e5-9e20b3d61709"},{"type":"single","resource":"88b57acd-1d5c-4376-9893-fdf66769c3e8:1b5688b6-86cf-4ad4-96f7-80a393607e74"},{"type":"single","resource":"88b57acd-1d5c-4376-9893-fdf66769c3e8:f16ae488-33fe-48e5-adf8-9433b5382b6d"},{"type":"single","resource":"88b57acd-1d5c-4376-9893-fdf66769c3e8:c361928c-9bf2-40c7-88a0-25274511fbeb"},{"type":"single","resource":"88b57acd-1d5c-4376-9893-fdf66769c3e8:28c5a545-da6c-421e-909e-e1e06e0de2ac"},{"type":"single","resource":"88b57acd-1d5c-4376-9893-fdf66769c3e8:a1b52003-3324-4008-93c3-a23884bae962"},{"type":"single","resource":"88b57acd-1d5c-4376-9893-fdf66769c3e8:7a307b90-6dcf-4aba-969a-ef578acabff1"},{"type":"single","resource":"88b57acd-1d5c-4376-9893-fdf66769c3e8:583d30c7-9c08-4e5f-a475-7569b2f1a671"},{"type":"single","resource":"88b57acd-1d5c-4376-9893-fdf66769c3e8:5ec7dfe2-ca85-4493-86b9-95c20b6a070f"},{"type":"single","resource":"88b57acd-1d5c-4376-9893-fdf66769c3e8:5d430005-1b57-496b-92f9-3ab572aba4ed"},{"type":"single","resource":"88b57acd-1d5c-4376-9893-fdf66769c3e8:dc2fdfcc-0694-4ec2-b1a3-b298884418be"},{"type":"single","resource":"88b57acd-1d5c-4376-9893-fdf66769c3e8:66aedde0-6deb-4dcb-85e9-c809be97a0cb"},{"type":"single","resource":"88b57acd-1d5c-4376-9893-fdf66769c3e8:63669bbf-f47b-42fe-b41c-febff97e6d28"},{"type":"single","resource":"88b57acd-1d5c-4376-9893-fdf66769c3e8:c90328a0-2a62-4abe-8cff-361f418b19e8"},{"type":"single","resource":"88b57acd-1d5c-4376-9893-fdf66769c3e8:0568dccf-7f9e-49d4-97db-0070d28f4fd1"},{"type":"single","resource":"88b57acd-1d5c-4376-9893-fdf66769c3e8:307e7c6b-b80a-4b1e-972d-fc8f3bfedda2"},{"type":"single","resource":"88b57acd-1d5c-4376-9893-fdf66769c3e8:29cbdb3c-4732-477b-afba-dff768504350"},{"type":"single","resource":"88b57acd-1d5c-4376-9893-fdf66769c3e8:02518175-d8bc-42f0-8dbe-79ba1f4d3e6a"},{"type":"single","resource":"88b57acd-1d5c-4376-9893-fdf66769c3e8:227b7b11-d853-44ea-805d-07beca4ca051"},{"type":"single","resource":"88b57acd-1d5c-4376-9893-fdf66769c3e8:e7084c75-40d0-4731-87bd-301dd44af6ec"},{"type":"single","resource":"88b57acd-1d5c-4376-9893-fdf66769c3e8:1674ba6a-6b8d-46e1-987a-5e0782aa71b2"},{"type":"single","resource":"88b57acd-1d5c-4376-9893-fdf66769c3e8:66fb11e1-aaa5-4652-9258-757e33d285f7"},{"type":"single","resource":"88b57acd-1d5c-4376-9893-fdf66769c3e8:c8e871d7-a9f2-4383-9ad6-5080f0fa7b13"},{"type":"single","resource":"88b57acd-1d5c-4376-9893-fdf66769c3e8:091d4109-dc01-49da-961a-df139cccafae"},{"type":"single","resource":"88b57acd-1d5c-4376-9893-fdf66769c3e8:64c07fed-1bac-4d25-a0bb-3e5e6ab7a391"},{"type":"single","resource":"88b57acd-1d5c-4376-9893-fdf66769c3e8:29084fe7-bc2e-4b71-84db-1184cb0333b5"},{"type":"single","resource":"88b57acd-1d5c-4376-9893-fdf66769c3e8:c673fe48-10c3-498a-bdc9-d537976316ff"},{"type":"single","resource":"88b57acd-1d5c-4376-9893-fdf66769c3e8:bbfcd116-248e-416b-b4a3-df705143ac5a"},{"type":"single","resource":"88b57acd-1d5c-4376-9893-fdf66769c3e8:500aaaf4-edaf-499a-8ed2-c6dac8e0a67e"},{"type":"single","resource":"88b57acd-1d5c-4376-9893-fdf66769c3e8:51b64c30-95ad-48e0-8571-190cb0a6df4e"},{"type":"single","resource":"88b57acd-1d5c-4376-9893-fdf66769c3e8:c6a46235-f94a-4c20-8360-a6f5a4eabfe4"},{"type":"single","resource":"88b57acd-1d5c-4376-9893-fdf66769c3e8:b28e3749-9189-458f-918a-f60b4d7cf21b"},{"type":"single","resource":"88b57acd-1d5c-4376-9893-fdf66769c3e8:241be53c-cea0-4e69-b7ba-f9310d0c6273"},{"type":"single","resource":"88b57acd-1d5c-4376-9893-fdf66769c3e8:58b0a968-fc60-4c93-a54d-b37d274cad31"},{"type":"single","resource":"88b57acd-1d5c-4376-9893-fdf66769c3e8:bc0468fc-e35a-4555-b18f-7c8b2ff500a6"},{"type":"single","resource":"88b57acd-1d5c-4376-9893-fdf66769c3e8:0e39d66a-068a-4866-935c-6a562d0d6ef8"},{"type":"single","resource":"88b57acd-1d5c-4376-9893-fdf66769c3e8:cd7231f3-68ca-4fcb-b0c1-0ed7db30e6b4"},{"type":"single","resource":"88b57acd-1d5c-4376-9893-fdf66769c3e8:150dd93e-0817-4bf9-9f4e-f0f2538221b5"},{"type":"single","resource":"88b57acd-1d5c-4376-9893-fdf66769c3e8:b6cecb70-dd3a-4631-9d4e-79245d300b74"},{"type":"single","resource":"88b57acd-1d5c-4376-9893-fdf66769c3e8:140c1e81-f5ae-4879-87f1-2c8b95e3cf36"},{"type":"single","resource":"88b57acd-1d5c-4376-9893-fdf66769c3e8:65791b5d-6d94-40fd-83b2-9ce70e0dee03"},{"type":"single","resource":"88b57acd-1d5c-4376-9893-fdf66769c3e8:78d1b6ff-6a0c-4b61-95cc-6e5f69aa09c2"},{"type":"single","resource":"88b57acd-1d5c-4376-9893-fdf66769c3e8:29f8a3c3-dbc8-4a76-b418-4665e2696e11"},{"type":"single","resource":"88b57acd-1d5c-4376-9893-fdf66769c3e8:ff340890-274f-4737-aded-9aad7d04a7d3"},{"type":"single","resource":"88b57acd-1d5c-4376-9893-fdf66769c3e8:1801011c-b17a-4cfe-9de7-893e5292743d"},{"type":"single","resource":"88b57acd-1d5c-4376-9893-fdf66769c3e8:b3bd01a3-99c0-4ee3-9962-27b00d49f479"},{"type":"single","resource":"88b57acd-1d5c-4376-9893-fdf66769c3e8:ba8fd0a1-bc19-4989-ba6d-839567a7ad75"},{"type":"single","resource":"88b57acd-1d5c-4376-9893-fdf66769c3e8:a5050fc2-edb4-41b5-8860-5d099f32f0b3"},{"type":"single","resource":"88b57acd-1d5c-4376-9893-fdf66769c3e8:9cb3e305-e6d2-4ed0-b5cb-90b72d9e5a07"},{"type":"single","resource":"88b57acd-1d5c-4376-9893-fdf66769c3e8:606f293b-272b-4b29-bd20-d40d8735dc03"},{"type":"single","resource":"88b57acd-1d5c-4376-9893-fdf66769c3e8:69bc3d93-f9aa-4949-ae8b-0ee5a9878b40"},{"type":"single","resource":"88b57acd-1d5c-4376-9893-fdf66769c3e8:10ecd2fb-bbac-43f2-b61e-1d43e708f186"},{"type":"single","resource":"88b57acd-1d5c-4376-9893-fdf66769c3e8:1431338d-f167-4252-9d0b-2009102699b9"},{"type":"single","resource":"88b57acd-1d5c-4376-9893-fdf66769c3e8:66a00ee7-bb34-4112-b0a4-151be8d9f4c8"},{"type":"single","resource":"88b57acd-1d5c-4376-9893-fdf66769c3e8:130c0db8-180a-4b7d-8a09-4711ba0efd2c"},{"type":"single","resource":"88b57acd-1d5c-4376-9893-fdf66769c3e8:4aa6f29e-7f3a-4c36-9bb3-8b473f8fe176"},{"type":"single","resource":"88b57acd-1d5c-4376-9893-fdf66769c3e8:a2d716c3-8ab1-43b0-8134-6e5feae5c6a4"},{"type":"single","resource":"88b57acd-1d5c-4376-9893-fdf66769c3e8:739d9e9d-15d5-401a-9200-5797492cdb46"},{"type":"single","resource":"88b57acd-1d5c-4376-9893-fdf66769c3e8:abbdfe75-f7f8-4247-ae13-fda99e154fc0"},{"type":"single","resource":"88b57acd-1d5c-4376-9893-fdf66769c3e8:45d91104-cb63-414a-9f75-1e305d131727"},{"type":"single","resource":"88b57acd-1d5c-4376-9893-fdf66769c3e8:9c9e99d6-5179-4c22-8092-9a3edf36f49d"},{"type":"single","resource":"88b57acd-1d5c-4376-9893-fdf66769c3e8:f1da940e-d448-4180-a824-1bcaae8f61e7"},{"type":"single","resource":"88b57acd-1d5c-4376-9893-fdf66769c3e8:887ca6df-995c-4da5-99db-bcf430567199"},{"type":"single","resource":"88b57acd-1d5c-4376-9893-fdf66769c3e8:63b7c95c-8047-413b-b094-f907db034649"},{"type":"single","resource":"88b57acd-1d5c-4376-9893-fdf66769c3e8:07eab1e5-4bb3-4e7e-aa86-64f4434f0112"},{"type":"single","resource":"88b57acd-1d5c-4376-9893-fdf66769c3e8:5113512b-bc7c-457b-8e16-a6359eb75f4d"},{"type":"single","resource":"88b57acd-1d5c-4376-9893-fdf66769c3e8:8e24eabc-0fbd-4179-a2e1-fdfb225dc496"},{"type":"single","resource":"88b57acd-1d5c-4376-9893-fdf66769c3e8:1d10395f-de9c-46df-bd49-d1b4a234c3e4"},{"type":"single","resource":"88b57acd-1d5c-4376-9893-fdf66769c3e8:2ce641f4-0abd-4539-b13f-a04d31cc8429"},{"type":"single","resource":"88b57acd-1d5c-4376-9893-fdf66769c3e8:24dc7449-561c-4f5a-a58f-7f45eb14897e"},{"type":"single","resource":"88b57acd-1d5c-4376-9893-fdf66769c3e8:4a036c40-f639-46c9-a9b9-34c9b632909b"},{"type":"single","resource":"88b57acd-1d5c-4376-9893-fdf66769c3e8:cb3ad533-6a57-4e99-8640-b08ae9f915fa"},{"type":"single","resource":"88b57acd-1d5c-4376-9893-fdf66769c3e8:554c2d51-ffb6-4c60-8a50-4ec76fe04873"},{"type":"single","resource":"88b57acd-1d5c-4376-9893-fdf66769c3e8:1db9be37-4645-4b64-a487-62023414eb19"},{"type":"single","resource":"308bc478-eef1-4c67-827d-f803f3d7ece9:ca6d954b-5718-4a0c-bb77-8bb1922350cf"},{"type":"single","resource":"308bc478-eef1-4c67-827d-f803f3d7ece9:f2b76708-fbe5-4c1e-be45-b5934254009d"},{"type":"single","resource":"88b57acd-1d5c-4376-9893-fdf66769c3e8:4f6654f3-495e-461a-9e41-1db2de054d9c"},{"type":"single","resource":"88b57acd-1d5c-4376-9893-fdf66769c3e8:c455281b-40be-44a2-a625-1cb3719c7f65"},{"type":"single","resource":"88b57acd-1d5c-4376-9893-fdf66769c3e8:fb5e4da1-91fe-412f-94fc-076226e0d6e9"},{"type":"single","resource":"88b57acd-1d5c-4376-9893-fdf66769c3e8:fb5e4da1-91fe-412f-94fc-076226e0d6e9"},{"type":"single","resource":"88b57acd-1d5c-4376-9893-fdf66769c3e8:49fbd9cd-83dc-4829-8c1c-dbf2f899fae2"},{"type":"single","resource":"88b57acd-1d5c-4376-9893-fdf66769c3e8:c18fcfbb-27fa-4424-9f71-e2e98c812fb9"},{"type":"single","resource":"88b57acd-1d5c-4376-9893-fdf66769c3e8:3154880d-6d47-49cf-925e-0b72775fcc9f"},{"type":"single","resource":"88b57acd-1d5c-4376-9893-fdf66769c3e8:c6e483e3-74fc-4f4e-b81d-49f88f6dfe87"},{"type":"single","resource":"88b57acd-1d5c-4376-9893-fdf66769c3e8:d4c07931-e781-4e0a-9081-5f7743456807"},{"type":"single","resource":"88b57acd-1d5c-4376-9893-fdf66769c3e8:8babac83-5f93-4a44-903c-2cfa7e2816fe"},{"type":"single","resource":"88b57acd-1d5c-4376-9893-fdf66769c3e8:8babac83-5f93-4a44-903c-2cfa7e2816fe"},{"type":"single","resource":"88b57acd-1d5c-4376-9893-fdf66769c3e8:a2357f7b-503a-4cbe-8016-20ab7e935773"},{"type":"single","resource":"88b57acd-1d5c-4376-9893-fdf66769c3e8:a2357f7b-503a-4cbe-8016-20ab7e935773"},{"type":"single","resource":"88b57acd-1d5c-4376-9893-fdf66769c3e8:83caecf1-ecb4-4f21-ba33-523bc060b891"},{"type":"single","resource":"88b57acd-1d5c-4376-9893-fdf66769c3e8:83caecf1-ecb4-4f21-ba33-523bc060b891"},{"type":"single","resource":"88b57acd-1d5c-4376-9893-fdf66769c3e8:636891ee-0d2d-48eb-9a4e-ba80b7844580"},{"type":"single","resource":"88b57acd-1d5c-4376-9893-fdf66769c3e8:636891ee-0d2d-48eb-9a4e-ba80b7844580"},{"type":"single","resource":"88b57acd-1d5c-4376-9893-fdf66769c3e8:78ee6ee1-dd15-4c59-ad24-3aaa293b7ec9"},{"type":"single","resource":"88b57acd-1d5c-4376-9893-fdf66769c3e8:78ee6ee1-dd15-4c59-ad24-3aaa293b7ec9"},{"type":"single","resource":"88b57acd-1d5c-4376-9893-fdf66769c3e8:5c8818e7-552c-4aa4-bb6d-73b0a057161e"},{"type":"single","resource":"88b57acd-1d5c-4376-9893-fdf66769c3e8:5c8818e7-552c-4aa4-bb6d-73b0a057161e"},{"type":"single","resource":"88b57acd-1d5c-4376-9893-fdf66769c3e8:20ce087c-d63d-4092-a052-fa35b8f88d06"},{"type":"single","resource":"88b57acd-1d5c-4376-9893-fdf66769c3e8:bc375b95-68ec-492f-b90f-949523442bc2"},{"type":"single","resource":"88b57acd-1d5c-4376-9893-fdf66769c3e8:bc375b95-68ec-492f-b90f-949523442bc2"},{"type":"single","resource":"88b57acd-1d5c-4376-9893-fdf66769c3e8:b4801d6d-cf94-44f5-8021-e5badcc974fe"},{"type":"single","resource":"88b57acd-1d5c-4376-9893-fdf66769c3e8:b4801d6d-cf94-44f5-8021-e5badcc974fe"},{"type":"single","resource":"88b57acd-1d5c-4376-9893-fdf66769c3e8:7c12ee79-5f8a-4395-bf5a-d49e9f99e1ac"},{"type":"single","resource":"88b57acd-1d5c-4376-9893-fdf66769c3e8:7c12ee79-5f8a-4395-bf5a-d49e9f99e1ac"},{"type":"single","resource":"88b57acd-1d5c-4376-9893-fdf66769c3e8:46680b86-37e8-4441-b630-d97e4ff39b2c"},{"type":"single","resource":"88b57acd-1d5c-4376-9893-fdf66769c3e8:46680b86-37e8-4441-b630-d97e4ff39b2c"},{"type":"single","resource":"88b57acd-1d5c-4376-9893-fdf66769c3e8:bc1adcaf-2915-48c3-bebd-8b0db0ca03f6"},{"type":"single","resource":"88b57acd-1d5c-4376-9893-fdf66769c3e8:bc1adcaf-2915-48c3-bebd-8b0db0ca03f6"},{"type":"single","resource":"88b57acd-1d5c-4376-9893-fdf66769c3e8:2522868f-cfdd-4747-b90a-c7b7e1da6f23"},{"type":"single","resource":"88b57acd-1d5c-4376-9893-fdf66769c3e8:2522868f-cfdd-4747-b90a-c7b7e1da6f23"},{"type":"single","resource":"88b57acd-1d5c-4376-9893-fdf66769c3e8:ff6e3281-dcbe-4c29-a041-03bde126cbb4"},{"type":"single","resource":"88b57acd-1d5c-4376-9893-fdf66769c3e8:f8379d0f-268d-4f3a-9a20-8d52263b0c70"},{"type":"single","resource":"88b57acd-1d5c-4376-9893-fdf66769c3e8:f8379d0f-268d-4f3a-9a20-8d52263b0c70"},{"type":"single","resource":"88b57acd-1d5c-4376-9893-fdf66769c3e8:8f554520-a50b-4e23-8419-81c7f0500676"},{"type":"single","resource":"88b57acd-1d5c-4376-9893-fdf66769c3e8:8f554520-a50b-4e23-8419-81c7f0500676"},{"type":"single","resource":"88b57acd-1d5c-4376-9893-fdf66769c3e8:26217070-68a7-46ff-a1ff-d2727e16acba"},{"type":"single","resource":"88b57acd-1d5c-4376-9893-fdf66769c3e8:26217070-68a7-46ff-a1ff-d2727e16acba"},{"type":"single","resource":"88b57acd-1d5c-4376-9893-fdf66769c3e8:8fad3f71-954c-4335-a4ab-bf114623e8a3"},{"type":"single","resource":"88b57acd-1d5c-4376-9893-fdf66769c3e8:8fad3f71-954c-4335-a4ab-bf114623e8a3"},{"type":"single","resource":"88b57acd-1d5c-4376-9893-fdf66769c3e8:ea5b839e-8532-421e-8f63-bcc54578902b"},{"type":"single","resource":"88b57acd-1d5c-4376-9893-fdf66769c3e8:ea5b839e-8532-421e-8f63-bcc54578902b"},{"type":"single","resource":"88b57acd-1d5c-4376-9893-fdf66769c3e8:8fc6b91d-baa7-4ba3-91d9-fcb15160cf61"},{"type":"single","resource":"88b57acd-1d5c-4376-9893-fdf66769c3e8:8fc6b91d-baa7-4ba3-91d9-fcb15160cf61"},{"type":"single","resource":"88b57acd-1d5c-4376-9893-fdf66769c3e8:649f3bdb-e4ef-47a9-bc08-5026f4b168ee"},{"type":"single","resource":"88b57acd-1d5c-4376-9893-fdf66769c3e8:ae57643c-8317-44dc-b56f-13bf2bac6c3a"},{"type":"single","resource":"88b57acd-1d5c-4376-9893-fdf66769c3e8:ae57643c-8317-44dc-b56f-13bf2bac6c3a"},{"type":"single","resource":"88b57acd-1d5c-4376-9893-fdf66769c3e8:734e2663-a058-4ac5-a4de-e6282222aea4"},{"type":"single","resource":"88b57acd-1d5c-4376-9893-fdf66769c3e8:734e2663-a058-4ac5-a4de-e6282222aea4"},{"type":"single","resource":"88b57acd-1d5c-4376-9893-fdf66769c3e8:8b3df2b4-5c1e-4389-9dd5-f22cf7dc94f1"},{"type":"single","resource":"88b57acd-1d5c-4376-9893-fdf66769c3e8:8b3df2b4-5c1e-4389-9dd5-f22cf7dc94f1"},{"type":"single","resource":"88b57acd-1d5c-4376-9893-fdf66769c3e8:1b516a15-d069-462f-b02d-b90bb02de59b"},{"type":"single","resource":"88b57acd-1d5c-4376-9893-fdf66769c3e8:1b516a15-d069-462f-b02d-b90bb02de59b"},{"type":"single","resource":"88b57acd-1d5c-4376-9893-fdf66769c3e8:3030a05e-c481-4682-be56-b61bd38ee4a0"},{"type":"single","resource":"88b57acd-1d5c-4376-9893-fdf66769c3e8:3030a05e-c481-4682-be56-b61bd38ee4a0"},{"type":"single","resource":"88b57acd-1d5c-4376-9893-fdf66769c3e8:dcd31b45-3553-42b2-9d5a-8fedbfb01fbc"},{"type":"single","resource":"88b57acd-1d5c-4376-9893-fdf66769c3e8:dcd31b45-3553-42b2-9d5a-8fedbfb01fbc"},{"type":"single","resource":"88b57acd-1d5c-4376-9893-fdf66769c3e8:cb207482-fb1d-4b33-a6e5-833c2bc0dfed"},{"type":"single","resource":"88b57acd-1d5c-4376-9893-fdf66769c3e8:1df88386-a9c9-49c3-aefa-01e6c06db295"},{"type":"single","resource":"88b57acd-1d5c-4376-9893-fdf66769c3e8:1df88386-a9c9-49c3-aefa-01e6c06db295"},{"type":"single","resource":"88b57acd-1d5c-4376-9893-fdf66769c3e8:f4c5be7f-1cab-4671-aacc-81953347d734"},{"type":"single","resource":"88b57acd-1d5c-4376-9893-fdf66769c3e8:f4c5be7f-1cab-4671-aacc-81953347d734"},{"type":"single","resource":"88b57acd-1d5c-4376-9893-fdf66769c3e8:2fa4f8f8-b3c8-4d73-b51b-04351f6eab04"},{"type":"single","resource":"88b57acd-1d5c-4376-9893-fdf66769c3e8:2fa4f8f8-b3c8-4d73-b51b-04351f6eab04"},{"type":"single","resource":"88b57acd-1d5c-4376-9893-fdf66769c3e8:aeee0944-cbc9-428d-aeb1-1c7f81c80575"},{"type":"single","resource":"88b57acd-1d5c-4376-9893-fdf66769c3e8:aeee0944-cbc9-428d-aeb1-1c7f81c80575"},{"type":"single","resource":"88b57acd-1d5c-4376-9893-fdf66769c3e8:6cea420c-4778-40b6-8346-2ba4caa4139e"},{"type":"single","resource":"88b57acd-1d5c-4376-9893-fdf66769c3e8:6cea420c-4778-40b6-8346-2ba4caa4139e"},{"type":"single","resource":"88b57acd-1d5c-4376-9893-fdf66769c3e8:4e1ce811-9530-401b-9d16-90ea199c3569"},{"type":"single","resource":"88b57acd-1d5c-4376-9893-fdf66769c3e8:4e1ce811-9530-401b-9d16-90ea199c3569"},{"type":"single","resource":"88b57acd-1d5c-4376-9893-fdf66769c3e8:049c2546-e73f-4656-b146-c1cc0cb4dfee"},{"type":"single","resource":"88b57acd-1d5c-4376-9893-fdf66769c3e8:16903e68-58c4-4be9-ac8f-0d8f6bec7495"},{"type":"single","resource":"88b57acd-1d5c-4376-9893-fdf66769c3e8:16903e68-58c4-4be9-ac8f-0d8f6bec7495"},{"type":"single","resource":"88b57acd-1d5c-4376-9893-fdf66769c3e8:17e31bf9-1821-4148-8e9b-5f40aa6c54e4"},{"type":"single","resource":"88b57acd-1d5c-4376-9893-fdf66769c3e8:17e31bf9-1821-4148-8e9b-5f40aa6c54e4"},{"type":"single","resource":"88b57acd-1d5c-4376-9893-fdf66769c3e8:eba60a6d-d019-48dc-9e59-372f5cd24dc4"},{"type":"single","resource":"88b57acd-1d5c-4376-9893-fdf66769c3e8:eba60a6d-d019-48dc-9e59-372f5cd24dc4"},{"type":"single","resource":"88b57acd-1d5c-4376-9893-fdf66769c3e8:0f09b82f-d3bb-4628-b4d7-fff31ed1c8d6"},{"type":"single","resource":"88b57acd-1d5c-4376-9893-fdf66769c3e8:0f09b82f-d3bb-4628-b4d7-fff31ed1c8d6"},{"type":"single","resource":"88b57acd-1d5c-4376-9893-fdf66769c3e8:b7b75732-5e56-4fb1-9ad2-0b8e04fa012e"},{"type":"single","resource":"88b57acd-1d5c-4376-9893-fdf66769c3e8:b7b75732-5e56-4fb1-9ad2-0b8e04fa012e"},{"type":"single","resource":"88b57acd-1d5c-4376-9893-fdf66769c3e8:ab04ad92-f79e-497d-91d6-38af5fb84289"},{"type":"single","resource":"88b57acd-1d5c-4376-9893-fdf66769c3e8:ab04ad92-f79e-497d-91d6-38af5fb84289"},{"type":"single","resource":"88b57acd-1d5c-4376-9893-fdf66769c3e8:b8c7b85e-c1f6-431c-a3ee-f4511183483e"},{"type":"single","resource":"308bc478-eef1-4c67-827d-f803f3d7ece9:aa13fc35-8cbd-4c7e-aeca-f98bdb7499f6"},{"type":"single","resource":"item/wooden_sword"},{"type":"single","resource":"item/wooden_sword"},{"type":"single","resource":"item/wooden_sword"},{"type":"single","resource":"item/wooden_sword"},{"type":"single","resource":"item/wooden_sword"},{"type":"single","resource":"item/wooden_sword"},{"type":"single","resource":"88b57acd-1d5c-4376-9893-fdf66769c3e8:1b5e55d4-b7f8-4c97-a550-f957d7604eae"},{"type":"single","resource":"88b57acd-1d5c-4376-9893-fdf66769c3e8:1b5e55d4-b7f8-4c97-a550-f957d7604eae"},{"type":"single","resource":"88b57acd-1d5c-4376-9893-fdf66769c3e8:1b5e55d4-b7f8-4c97-a550-f957d7604eae"},{"type":"single","resource":"88b57acd-1d5c-4376-9893-fdf66769c3e8:1b5e55d4-b7f8-4c97-a550-f957d7604eae"},{"type":"single","resource":"88b57acd-1d5c-4376-9893-fdf66769c3e8:a34b8e5b-f932-46f5-8aae-2f408678eb7f"},{"type":"single","resource":"88b57acd-1d5c-4376-9893-fdf66769c3e8:a34b8e5b-f932-46f5-8aae-2f408678eb7f"},{"type":"single","resource":"88b57acd-1d5c-4376-9893-fdf66769c3e8:a34b8e5b-f932-46f5-8aae-2f408678eb7f"},{"type":"single","resource":"88b57acd-1d5c-4376-9893-fdf66769c3e8:a34b8e5b-f932-46f5-8aae-2f408678eb7f"},{"type":"single","resource":"88b57acd-1d5c-4376-9893-fdf66769c3e8:089dd5a8-6605-4a67-98e0-d76061a90b70"},{"type":"single","resource":"88b57acd-1d5c-4376-9893-fdf66769c3e8:089dd5a8-6605-4a67-98e0-d76061a90b70"},{"type":"single","resource":"88b57acd-1d5c-4376-9893-fdf66769c3e8:8fa5ec0a-c9ac-4f6d-835f-34dcd495f674"},{"type":"single","resource":"88b57acd-1d5c-4376-9893-fdf66769c3e8:8fa5ec0a-c9ac-4f6d-835f-34dcd495f674"}]}