{"block.stone.place":{"replace":true,"sounds":[]},"block.stone.break":{"replace":true,"sounds":[]},"block.stone.hit":{"replace":true,"sounds":[]},"block.stone.fall":{"replace":true,"sounds":[]},"block.stone.step":{"replace":true,"sounds":[]},"block.wood.place":{"replace":true,"sounds":[]},"block.wood.break":{"replace":true,"sounds":[]},"block.wood.hit":{"replace":true,"sounds":[]},"block.wood.fall":{"replace":true,"sounds":[]},"block.wood.step":{"replace":true,"sounds":[]},"buzzer":{"sounds":["9eb60e98-237e-40a4-a218-d61c8a1e72c7"]},"farttroll":{"sounds":["439e9f2c-3f7e-4e57-b079-40a8da6ef167"]},"fbi":{"sounds":["a02d5bdc-d781-4382-88bc-933bbe2d0d5a"]}}