{"display":{"thirdperson_righthand":{"rotation":[45.0,0.0,90.0],"translation":[-15.5,0.0,1.5],"scale":[2.0,2.0,2.0]},"thirdperson_lefthand":{"rotation":[45.0,0.0,-90.0],"translation":[15.5,0.0,1.5],"scale":[2.0,2.0,2.0]},"firstperson_righthand":{"rotation":[0.0,0.0,90.0],"translation":[-5.25,-7.25,-1.0],"scale":[2.0,2.0,2.0]},"firstperson_lefthand":{"rotation":[90.0,0.0,90.0],"translation":[-5.25,-7.25,-1.0],"scale":[2.0,2.0,2.0]},"ground":{"rotation":[90.0,0.0,0.0],"translation":[0.0,4.0,8.0]},"gui":{"rotation":[90.0,0.0,0.0]},"head":{"rotation":[0.0,-135.0,0.0],"translation":[0.0,16.0,-7.75],"scale":[2.0,2.0,2.0]},"fixed":{"rotation":[90.0,90.0,0.0],"translation":[0.0,0.0,15.25],"scale":[1.0,2.0,1.0]}},"elements":[{"from":[14.5,0.0,0.0],"to":[15.0,0.5,0.5],"faces":{"north":{"uv":[15.0,0.0,14.5,0.5],"texture":"#0"},"east":{"uv":[14.5,0.0,15.0,0.5],"texture":"#0","rotation":90},"south":{"uv":[14.5,0.0,15.0,0.5],"texture":"#0"},"west":{"uv":[14.5,0.0,15.0,0.5],"texture":"#0","rotation":270},"up":{"texture":"#0"},"down":{"uv":[14.5,0.5,15.0,0.0],"texture":"#0"}}},{"from":[15.0,0.0,0.0],"to":[15.5,0.5,0.5],"faces":{"north":{"uv":[15.5,0.0,15.0,0.5],"texture":"#0"},"east":{"uv":[15.0,0.0,15.5,0.5],"texture":"#0","rotation":90},"south":{"uv":[15.0,0.0,15.5,0.5],"texture":"#0"},"west":{"uv":[15.0,0.0,15.5,0.5],"texture":"#0","rotation":270},"up":{"texture":"#0"},"down":{"uv":[15.0,0.5,15.5,0.0],"texture":"#0"}}},{"from":[15.5,0.0,0.0],"to":[16.0,0.5,0.5],"faces":{"north":{"uv":[16.0,0.0,15.5,0.5],"texture":"#0"},"east":{"uv":[15.5,0.0,16.0,0.5],"texture":"#0","rotation":90},"south":{"uv":[15.5,0.0,16.0,0.5],"texture":"#0"},"west":{"uv":[15.5,0.0,16.0,0.5],"texture":"#0","rotation":270},"up":{"texture":"#0"},"down":{"uv":[15.5,0.5,16.0,0.0],"texture":"#0"}}},{"from":[14.0,0.0,0.5],"to":[14.5,0.5,1.0],"faces":{"north":{"uv":[14.5,0.5,14.0,1.0],"texture":"#0"},"east":{"uv":[14.0,0.5,14.5,1.0],"texture":"#0","rotation":90},"south":{"uv":[14.0,0.5,14.5,1.0],"texture":"#0"},"west":{"uv":[14.0,0.5,14.5,1.0],"texture":"#0","rotation":270},"up":{"texture":"#0"},"down":{"uv":[14.0,1.0,14.5,0.5],"texture":"#0"}}},{"from":[14.5,0.0,0.5],"to":[15.0,0.5,1.0],"faces":{"north":{"uv":[15.0,0.5,14.5,1.0],"texture":"#0"},"east":{"uv":[14.5,0.5,15.0,1.0],"texture":"#0","rotation":90},"south":{"uv":[14.5,0.5,15.0,1.0],"texture":"#0"},"west":{"uv":[14.5,0.5,15.0,1.0],"texture":"#0","rotation":270},"up":{"texture":"#0"},"down":{"uv":[14.5,1.0,15.0,0.5],"texture":"#0"}}},{"from":[15.0,0.0,0.5],"to":[15.5,0.5,1.0],"faces":{"north":{"uv":[15.5,0.5,15.0,1.0],"texture":"#0"},"east":{"uv":[15.0,0.5,15.5,1.0],"texture":"#0","rotation":90},"south":{"uv":[15.0,0.5,15.5,1.0],"texture":"#0"},"west":{"uv":[15.0,0.5,15.5,1.0],"texture":"#0","rotation":270},"up":{"texture":"#0"},"down":{"uv":[15.0,1.0,15.5,0.5],"texture":"#0"}}},{"from":[15.5,0.0,0.5],"to":[16.0,0.5,1.0],"faces":{"north":{"uv":[16.0,0.5,15.5,1.0],"texture":"#0"},"east":{"uv":[15.5,0.5,16.0,1.0],"texture":"#0","rotation":90},"south":{"uv":[15.5,0.5,16.0,1.0],"texture":"#0"},"west":{"uv":[15.5,0.5,16.0,1.0],"texture":"#0","rotation":270},"up":{"texture":"#0"},"down":{"uv":[15.5,1.0,16.0,0.5],"texture":"#0"}}},{"from":[13.5,0.0,1.0],"to":[14.0,0.5,1.5],"faces":{"north":{"uv":[14.0,1.0,13.5,1.5],"texture":"#0"},"east":{"uv":[13.5,1.0,14.0,1.5],"texture":"#0","rotation":90},"south":{"uv":[13.5,1.0,14.0,1.5],"texture":"#0"},"west":{"uv":[13.5,1.0,14.0,1.5],"texture":"#0","rotation":270},"up":{"texture":"#0"},"down":{"uv":[13.5,1.5,14.0,1.0],"texture":"#0"}}},{"from":[14.0,0.0,1.0],"to":[14.5,0.5,1.5],"faces":{"north":{"uv":[14.5,1.0,14.0,1.5],"texture":"#0"},"east":{"uv":[14.0,1.0,14.5,1.5],"texture":"#0","rotation":90},"south":{"uv":[14.0,1.0,14.5,1.5],"texture":"#0"},"west":{"uv":[14.0,1.0,14.5,1.5],"texture":"#0","rotation":270},"up":{"texture":"#0"},"down":{"uv":[14.0,1.5,14.5,1.0],"texture":"#0"}}},{"from":[14.5,0.0,1.0],"to":[15.0,0.5,1.5],"faces":{"north":{"uv":[15.0,1.0,14.5,1.5],"texture":"#0"},"east":{"uv":[14.5,1.0,15.0,1.5],"texture":"#0","rotation":90},"south":{"uv":[14.5,1.0,15.0,1.5],"texture":"#0"},"west":{"uv":[14.5,1.0,15.0,1.5],"texture":"#0","rotation":270},"up":{"texture":"#0"},"down":{"uv":[14.5,1.5,15.0,1.0],"texture":"#0"}}},{"from":[15.0,0.0,1.0],"to":[15.5,0.5,1.5],"faces":{"north":{"uv":[15.5,1.0,15.0,1.5],"texture":"#0"},"east":{"uv":[15.0,1.0,15.5,1.5],"texture":"#0","rotation":90},"south":{"uv":[15.0,1.0,15.5,1.5],"texture":"#0"},"west":{"uv":[15.0,1.0,15.5,1.5],"texture":"#0","rotation":270},"up":{"texture":"#0"},"down":{"uv":[15.0,1.5,15.5,1.0],"texture":"#0"}}},{"from":[15.5,0.0,1.0],"to":[16.0,0.5,1.5],"faces":{"north":{"uv":[16.0,1.0,15.5,1.5],"texture":"#0"},"east":{"uv":[15.5,1.0,16.0,1.5],"texture":"#0","rotation":90},"south":{"uv":[15.5,1.0,16.0,1.5],"texture":"#0"},"west":{"uv":[15.5,1.0,16.0,1.5],"texture":"#0","rotation":270},"up":{"texture":"#0"},"down":{"uv":[15.5,1.5,16.0,1.0],"texture":"#0"}}},{"from":[13.0,0.0,1.5],"to":[13.5,0.5,2.0],"faces":{"north":{"uv":[13.5,1.5,13.0,2.0],"texture":"#0"},"east":{"uv":[13.0,1.5,13.5,2.0],"texture":"#0","rotation":90},"south":{"uv":[13.0,1.5,13.5,2.0],"texture":"#0"},"west":{"uv":[13.0,1.5,13.5,2.0],"texture":"#0","rotation":270},"up":{"texture":"#0"},"down":{"uv":[13.0,2.0,13.5,1.5],"texture":"#0"}}},{"from":[13.5,0.0,1.5],"to":[14.0,0.5,2.0],"faces":{"north":{"uv":[14.0,1.5,13.5,2.0],"texture":"#0"},"east":{"uv":[13.5,1.5,14.0,2.0],"texture":"#0","rotation":90},"south":{"uv":[13.5,1.5,14.0,2.0],"texture":"#0"},"west":{"uv":[13.5,1.5,14.0,2.0],"texture":"#0","rotation":270},"up":{"texture":"#0"},"down":{"uv":[13.5,2.0,14.0,1.5],"texture":"#0"}}},{"from":[14.0,0.0,1.5],"to":[14.5,0.5,2.0],"faces":{"north":{"uv":[14.5,1.5,14.0,2.0],"texture":"#0"},"east":{"uv":[14.0,1.5,14.5,2.0],"texture":"#0","rotation":90},"south":{"uv":[14.0,1.5,14.5,2.0],"texture":"#0"},"west":{"uv":[14.0,1.5,14.5,2.0],"texture":"#0","rotation":270},"up":{"texture":"#0"},"down":{"uv":[14.0,2.0,14.5,1.5],"texture":"#0"}}},{"from":[14.5,0.0,1.5],"to":[15.0,0.5,2.0],"faces":{"north":{"uv":[15.0,1.5,14.5,2.0],"texture":"#0"},"east":{"uv":[14.5,1.5,15.0,2.0],"texture":"#0","rotation":90},"south":{"uv":[14.5,1.5,15.0,2.0],"texture":"#0"},"west":{"uv":[14.5,1.5,15.0,2.0],"texture":"#0","rotation":270},"up":{"texture":"#0"},"down":{"uv":[14.5,2.0,15.0,1.5],"texture":"#0"}}},{"from":[15.0,0.0,1.5],"to":[15.5,0.5,2.0],"faces":{"north":{"uv":[15.5,1.5,15.0,2.0],"texture":"#0"},"east":{"uv":[15.0,1.5,15.5,2.0],"texture":"#0","rotation":90},"south":{"uv":[15.0,1.5,15.5,2.0],"texture":"#0"},"west":{"uv":[15.0,1.5,15.5,2.0],"texture":"#0","rotation":270},"up":{"texture":"#0"},"down":{"uv":[15.0,2.0,15.5,1.5],"texture":"#0"}}},{"from":[12.5,0.0,2.0],"to":[13.0,0.5,2.5],"faces":{"north":{"uv":[13.0,2.0,12.5,2.5],"texture":"#0"},"east":{"uv":[12.5,2.0,13.0,2.5],"texture":"#0","rotation":90},"south":{"uv":[12.5,2.0,13.0,2.5],"texture":"#0"},"west":{"uv":[12.5,2.0,13.0,2.5],"texture":"#0","rotation":270},"up":{"texture":"#0"},"down":{"uv":[12.5,2.5,13.0,2.0],"texture":"#0"}}},{"from":[13.0,0.0,2.0],"to":[13.5,0.5,2.5],"faces":{"north":{"uv":[13.5,2.0,13.0,2.5],"texture":"#0"},"east":{"uv":[13.0,2.0,13.5,2.5],"texture":"#0","rotation":90},"south":{"uv":[13.0,2.0,13.5,2.5],"texture":"#0"},"west":{"uv":[13.0,2.0,13.5,2.5],"texture":"#0","rotation":270},"up":{"texture":"#0"},"down":{"uv":[13.0,2.5,13.5,2.0],"texture":"#0"}}},{"from":[13.5,0.0,2.0],"to":[14.0,0.5,2.5],"faces":{"north":{"uv":[14.0,2.0,13.5,2.5],"texture":"#0"},"east":{"uv":[13.5,2.0,14.0,2.5],"texture":"#0","rotation":90},"south":{"uv":[13.5,2.0,14.0,2.5],"texture":"#0"},"west":{"uv":[13.5,2.0,14.0,2.5],"texture":"#0","rotation":270},"up":{"texture":"#0"},"down":{"uv":[13.5,2.5,14.0,2.0],"texture":"#0"}}},{"from":[14.0,0.0,2.0],"to":[14.5,0.5,2.5],"faces":{"north":{"uv":[14.5,2.0,14.0,2.5],"texture":"#0"},"east":{"uv":[14.0,2.0,14.5,2.5],"texture":"#0","rotation":90},"south":{"uv":[14.0,2.0,14.5,2.5],"texture":"#0"},"west":{"uv":[14.0,2.0,14.5,2.5],"texture":"#0","rotation":270},"up":{"texture":"#0"},"down":{"uv":[14.0,2.5,14.5,2.0],"texture":"#0"}}},{"from":[14.5,0.0,2.0],"to":[15.0,0.5,2.5],"faces":{"north":{"uv":[15.0,2.0,14.5,2.5],"texture":"#0"},"east":{"uv":[14.5,2.0,15.0,2.5],"texture":"#0","rotation":90},"south":{"uv":[14.5,2.0,15.0,2.5],"texture":"#0"},"west":{"uv":[14.5,2.0,15.0,2.5],"texture":"#0","rotation":270},"up":{"texture":"#0"},"down":{"uv":[14.5,2.5,15.0,2.0],"texture":"#0"}}},{"from":[12.0,0.0,2.5],"to":[12.5,0.5,3.0],"faces":{"north":{"uv":[12.5,2.5,12.0,3.0],"texture":"#0"},"east":{"uv":[12.0,2.5,12.5,3.0],"texture":"#0","rotation":90},"south":{"uv":[12.0,2.5,12.5,3.0],"texture":"#0"},"west":{"uv":[12.0,2.5,12.5,3.0],"texture":"#0","rotation":270},"up":{"texture":"#0"},"down":{"uv":[12.0,3.0,12.5,2.5],"texture":"#0"}}},{"from":[12.5,0.0,2.5],"to":[13.0,0.5,3.0],"faces":{"north":{"uv":[13.0,2.5,12.5,3.0],"texture":"#0"},"east":{"uv":[12.5,2.5,13.0,3.0],"texture":"#0","rotation":90},"south":{"uv":[12.5,2.5,13.0,3.0],"texture":"#0"},"west":{"uv":[12.5,2.5,13.0,3.0],"texture":"#0","rotation":270},"up":{"texture":"#0"},"down":{"uv":[12.5,3.0,13.0,2.5],"texture":"#0"}}},{"from":[13.0,0.0,2.5],"to":[13.5,0.5,3.0],"faces":{"north":{"uv":[13.5,2.5,13.0,3.0],"texture":"#0"},"east":{"uv":[13.0,2.5,13.5,3.0],"texture":"#0","rotation":90},"south":{"uv":[13.0,2.5,13.5,3.0],"texture":"#0"},"west":{"uv":[13.0,2.5,13.5,3.0],"texture":"#0","rotation":270},"up":{"texture":"#0"},"down":{"uv":[13.0,3.0,13.5,2.5],"texture":"#0"}}},{"from":[13.5,0.0,2.5],"to":[14.0,0.5,3.0],"faces":{"north":{"uv":[14.0,2.5,13.5,3.0],"texture":"#0"},"east":{"uv":[13.5,2.5,14.0,3.0],"texture":"#0","rotation":90},"south":{"uv":[13.5,2.5,14.0,3.0],"texture":"#0"},"west":{"uv":[13.5,2.5,14.0,3.0],"texture":"#0","rotation":270},"up":{"texture":"#0"},"down":{"uv":[13.5,3.0,14.0,2.5],"texture":"#0"}}},{"from":[14.0,0.0,2.5],"to":[14.5,0.5,3.0],"faces":{"north":{"uv":[14.5,2.5,14.0,3.0],"texture":"#0"},"east":{"uv":[14.0,2.5,14.5,3.0],"texture":"#0","rotation":90},"south":{"uv":[14.0,2.5,14.5,3.0],"texture":"#0"},"west":{"uv":[14.0,2.5,14.5,3.0],"texture":"#0","rotation":270},"up":{"texture":"#0"},"down":{"uv":[14.0,3.0,14.5,2.5],"texture":"#0"}}},{"from":[12.0,0.0,3.0],"to":[12.5,0.5,3.5],"faces":{"north":{"uv":[12.5,3.0,12.0,3.5],"texture":"#0"},"east":{"uv":[12.0,3.0,12.5,3.5],"texture":"#0","rotation":90},"south":{"uv":[12.0,3.0,12.5,3.5],"texture":"#0"},"west":{"uv":[12.0,3.0,12.5,3.5],"texture":"#0","rotation":270},"up":{"texture":"#0"},"down":{"uv":[12.0,3.5,12.5,3.0],"texture":"#0"}}},{"from":[12.5,0.0,3.0],"to":[13.0,0.5,3.5],"faces":{"north":{"uv":[13.0,3.0,12.5,3.5],"texture":"#0"},"east":{"uv":[12.5,3.0,13.0,3.5],"texture":"#0","rotation":90},"south":{"uv":[12.5,3.0,13.0,3.5],"texture":"#0"},"west":{"uv":[12.5,3.0,13.0,3.5],"texture":"#0","rotation":270},"up":{"texture":"#0"},"down":{"uv":[12.5,3.5,13.0,3.0],"texture":"#0"}}},{"from":[13.0,0.0,3.0],"to":[13.5,0.5,3.5],"faces":{"north":{"uv":[13.5,3.0,13.0,3.5],"texture":"#0"},"east":{"uv":[13.0,3.0,13.5,3.5],"texture":"#0","rotation":90},"south":{"uv":[13.0,3.0,13.5,3.5],"texture":"#0"},"west":{"uv":[13.0,3.0,13.5,3.5],"texture":"#0","rotation":270},"up":{"texture":"#0"},"down":{"uv":[13.0,3.5,13.5,3.0],"texture":"#0"}}},{"from":[13.5,0.0,3.0],"to":[14.0,0.5,3.5],"faces":{"north":{"uv":[14.0,3.0,13.5,3.5],"texture":"#0"},"east":{"uv":[13.5,3.0,14.0,3.5],"texture":"#0","rotation":90},"south":{"uv":[13.5,3.0,14.0,3.5],"texture":"#0"},"west":{"uv":[13.5,3.0,14.0,3.5],"texture":"#0","rotation":270},"up":{"texture":"#0"},"down":{"uv":[13.5,3.5,14.0,3.0],"texture":"#0"}}},{"from":[11.5,0.0,3.5],"to":[12.0,0.5,4.0],"faces":{"north":{"uv":[12.0,3.5,11.5,4.0],"texture":"#0"},"east":{"uv":[11.5,3.5,12.0,4.0],"texture":"#0","rotation":90},"south":{"uv":[11.5,3.5,12.0,4.0],"texture":"#0"},"west":{"uv":[11.5,3.5,12.0,4.0],"texture":"#0","rotation":270},"up":{"texture":"#0"},"down":{"uv":[11.5,4.0,12.0,3.5],"texture":"#0"}}},{"from":[12.0,0.0,3.5],"to":[12.5,0.5,4.0],"faces":{"north":{"uv":[12.5,3.5,12.0,4.0],"texture":"#0"},"east":{"uv":[12.0,3.5,12.5,4.0],"texture":"#0","rotation":90},"south":{"uv":[12.0,3.5,12.5,4.0],"texture":"#0"},"west":{"uv":[12.0,3.5,12.5,4.0],"texture":"#0","rotation":270},"up":{"texture":"#0"},"down":{"uv":[12.0,4.0,12.5,3.5],"texture":"#0"}}},{"from":[12.5,0.0,3.5],"to":[13.0,0.5,4.0],"faces":{"north":{"uv":[13.0,3.5,12.5,4.0],"texture":"#0"},"east":{"uv":[12.5,3.5,13.0,4.0],"texture":"#0","rotation":90},"south":{"uv":[12.5,3.5,13.0,4.0],"texture":"#0"},"west":{"uv":[12.5,3.5,13.0,4.0],"texture":"#0","rotation":270},"up":{"texture":"#0"},"down":{"uv":[12.5,4.0,13.0,3.5],"texture":"#0"}}},{"from":[13.0,0.0,3.5],"to":[13.5,0.5,4.0],"faces":{"north":{"uv":[13.5,3.5,13.0,4.0],"texture":"#0"},"east":{"uv":[13.0,3.5,13.5,4.0],"texture":"#0","rotation":90},"south":{"uv":[13.0,3.5,13.5,4.0],"texture":"#0"},"west":{"uv":[13.0,3.5,13.5,4.0],"texture":"#0","rotation":270},"up":{"texture":"#0"},"down":{"uv":[13.0,4.0,13.5,3.5],"texture":"#0"}}},{"from":[11.0,0.0,4.0],"to":[11.5,0.5,4.5],"faces":{"north":{"uv":[11.5,4.0,11.0,4.5],"texture":"#0"},"east":{"uv":[11.0,4.0,11.5,4.5],"texture":"#0","rotation":90},"south":{"uv":[11.0,4.0,11.5,4.5],"texture":"#0"},"west":{"uv":[11.0,4.0,11.5,4.5],"texture":"#0","rotation":270},"up":{"texture":"#0"},"down":{"uv":[11.0,4.5,11.5,4.0],"texture":"#0"}}},{"from":[11.5,0.0,4.0],"to":[12.0,0.5,4.5],"faces":{"north":{"uv":[12.0,4.0,11.5,4.5],"texture":"#0"},"east":{"uv":[11.5,4.0,12.0,4.5],"texture":"#0","rotation":90},"south":{"uv":[11.5,4.0,12.0,4.5],"texture":"#0"},"west":{"uv":[11.5,4.0,12.0,4.5],"texture":"#0","rotation":270},"up":{"texture":"#0"},"down":{"uv":[11.5,4.5,12.0,4.0],"texture":"#0"}}},{"from":[12.0,0.0,4.0],"to":[12.5,0.5,4.5],"faces":{"north":{"uv":[12.5,4.0,12.0,4.5],"texture":"#0"},"east":{"uv":[12.0,4.0,12.5,4.5],"texture":"#0","rotation":90},"south":{"uv":[12.0,4.0,12.5,4.5],"texture":"#0"},"west":{"uv":[12.0,4.0,12.5,4.5],"texture":"#0","rotation":270},"up":{"texture":"#0"},"down":{"uv":[12.0,4.5,12.5,4.0],"texture":"#0"}}},{"from":[10.5,0.0,4.5],"to":[11.0,0.5,5.0],"faces":{"north":{"uv":[11.0,4.5,10.5,5.0],"texture":"#0"},"east":{"uv":[10.5,4.5,11.0,5.0],"texture":"#0","rotation":90},"south":{"uv":[10.5,4.5,11.0,5.0],"texture":"#0"},"west":{"uv":[10.5,4.5,11.0,5.0],"texture":"#0","rotation":270},"up":{"texture":"#0"},"down":{"uv":[10.5,5.0,11.0,4.5],"texture":"#0"}}},{"from":[11.0,0.0,4.5],"to":[11.5,0.5,5.0],"faces":{"north":{"uv":[11.5,4.5,11.0,5.0],"texture":"#0"},"east":{"uv":[11.0,4.5,11.5,5.0],"texture":"#0","rotation":90},"south":{"uv":[11.0,4.5,11.5,5.0],"texture":"#0"},"west":{"uv":[11.0,4.5,11.5,5.0],"texture":"#0","rotation":270},"up":{"texture":"#0"},"down":{"uv":[11.0,5.0,11.5,4.5],"texture":"#0"}}},{"from":[11.5,0.0,4.5],"to":[12.0,0.5,5.0],"faces":{"north":{"uv":[12.0,4.5,11.5,5.0],"texture":"#0"},"east":{"uv":[11.5,4.5,12.0,5.0],"texture":"#0","rotation":90},"south":{"uv":[11.5,4.5,12.0,5.0],"texture":"#0"},"west":{"uv":[11.5,4.5,12.0,5.0],"texture":"#0","rotation":270},"up":{"texture":"#0"},"down":{"uv":[11.5,5.0,12.0,4.5],"texture":"#0"}}},{"from":[10.0,0.0,5.0],"to":[10.5,0.5,5.5],"faces":{"north":{"uv":[10.5,5.0,10.0,5.5],"texture":"#0"},"east":{"uv":[10.0,5.0,10.5,5.5],"texture":"#0","rotation":90},"south":{"uv":[10.0,5.0,10.5,5.5],"texture":"#0"},"west":{"uv":[10.0,5.0,10.5,5.5],"texture":"#0","rotation":270},"up":{"texture":"#0"},"down":{"uv":[10.0,5.5,10.5,5.0],"texture":"#0"}}},{"from":[10.5,0.0,5.0],"to":[11.0,0.5,5.5],"faces":{"north":{"uv":[11.0,5.0,10.5,5.5],"texture":"#0"},"east":{"uv":[10.5,5.0,11.0,5.5],"texture":"#0","rotation":90},"south":{"uv":[10.5,5.0,11.0,5.5],"texture":"#0"},"west":{"uv":[10.5,5.0,11.0,5.5],"texture":"#0","rotation":270},"up":{"texture":"#0"},"down":{"uv":[10.5,5.5,11.0,5.0],"texture":"#0"}}},{"from":[11.0,0.0,5.0],"to":[11.5,0.5,5.5],"faces":{"north":{"uv":[11.5,5.0,11.0,5.5],"texture":"#0"},"east":{"uv":[11.0,5.0,11.5,5.5],"texture":"#0","rotation":90},"south":{"uv":[11.0,5.0,11.5,5.5],"texture":"#0"},"west":{"uv":[11.0,5.0,11.5,5.5],"texture":"#0","rotation":270},"up":{"texture":"#0"},"down":{"uv":[11.0,5.5,11.5,5.0],"texture":"#0"}}},{"from":[9.5,0.0,5.5],"to":[10.0,0.5,6.0],"faces":{"north":{"uv":[10.0,5.5,9.5,6.0],"texture":"#0"},"east":{"uv":[9.5,5.5,10.0,6.0],"texture":"#0","rotation":90},"south":{"uv":[9.5,5.5,10.0,6.0],"texture":"#0"},"west":{"uv":[9.5,5.5,10.0,6.0],"texture":"#0","rotation":270},"up":{"texture":"#0"},"down":{"uv":[9.5,6.0,10.0,5.5],"texture":"#0"}}},{"from":[10.0,0.0,5.5],"to":[10.5,0.5,6.0],"faces":{"north":{"uv":[10.5,5.5,10.0,6.0],"texture":"#0"},"east":{"uv":[10.0,5.5,10.5,6.0],"texture":"#0","rotation":90},"south":{"uv":[10.0,5.5,10.5,6.0],"texture":"#0"},"west":{"uv":[10.0,5.5,10.5,6.0],"texture":"#0","rotation":270},"up":{"texture":"#0"},"down":{"uv":[10.0,6.0,10.5,5.5],"texture":"#0"}}},{"from":[10.5,0.0,5.5],"to":[11.0,0.5,6.0],"faces":{"north":{"uv":[11.0,5.5,10.5,6.0],"texture":"#0"},"east":{"uv":[10.5,5.5,11.0,6.0],"texture":"#0","rotation":90},"south":{"uv":[10.5,5.5,11.0,6.0],"texture":"#0"},"west":{"uv":[10.5,5.5,11.0,6.0],"texture":"#0","rotation":270},"up":{"texture":"#0"},"down":{"uv":[10.5,6.0,11.0,5.5],"texture":"#0"}}},{"from":[9.0,0.0,6.0],"to":[9.5,0.5,6.5],"faces":{"north":{"uv":[9.5,6.0,9.0,6.5],"texture":"#0"},"east":{"uv":[9.0,6.0,9.5,6.5],"texture":"#0","rotation":90},"south":{"uv":[9.0,6.0,9.5,6.5],"texture":"#0"},"west":{"uv":[9.0,6.0,9.5,6.5],"texture":"#0","rotation":270},"up":{"texture":"#0"},"down":{"uv":[9.0,6.5,9.5,6.0],"texture":"#0"}}},{"from":[9.5,0.0,6.0],"to":[10.0,0.5,6.5],"faces":{"north":{"uv":[10.0,6.0,9.5,6.5],"texture":"#0"},"east":{"uv":[9.5,6.0,10.0,6.5],"texture":"#0","rotation":90},"south":{"uv":[9.5,6.0,10.0,6.5],"texture":"#0"},"west":{"uv":[9.5,6.0,10.0,6.5],"texture":"#0","rotation":270},"up":{"texture":"#0"},"down":{"uv":[9.5,6.5,10.0,6.0],"texture":"#0"}}},{"from":[10.0,0.0,6.0],"to":[10.5,0.5,6.5],"faces":{"north":{"uv":[10.5,6.0,10.0,6.5],"texture":"#0"},"east":{"uv":[10.0,6.0,10.5,6.5],"texture":"#0","rotation":90},"south":{"uv":[10.0,6.0,10.5,6.5],"texture":"#0"},"west":{"uv":[10.0,6.0,10.5,6.5],"texture":"#0","rotation":270},"up":{"texture":"#0"},"down":{"uv":[10.0,6.5,10.5,6.0],"texture":"#0"}}},{"from":[8.5,0.0,6.5],"to":[9.0,0.5,7.0],"faces":{"north":{"uv":[9.0,6.5,8.5,7.0],"texture":"#0"},"east":{"uv":[8.5,6.5,9.0,7.0],"texture":"#0","rotation":90},"south":{"uv":[8.5,6.5,9.0,7.0],"texture":"#0"},"west":{"uv":[8.5,6.5,9.0,7.0],"texture":"#0","rotation":270},"up":{"texture":"#0"},"down":{"uv":[8.5,7.0,9.0,6.5],"texture":"#0"}}},{"from":[9.0,0.0,6.5],"to":[9.5,0.5,7.0],"faces":{"north":{"uv":[9.5,6.5,9.0,7.0],"texture":"#0"},"east":{"uv":[9.0,6.5,9.5,7.0],"texture":"#0","rotation":90},"south":{"uv":[9.0,6.5,9.5,7.0],"texture":"#0"},"west":{"uv":[9.0,6.5,9.5,7.0],"texture":"#0","rotation":270},"up":{"texture":"#0"},"down":{"uv":[9.0,7.0,9.5,6.5],"texture":"#0"}}},{"from":[9.5,0.0,6.5],"to":[10.0,0.5,7.0],"faces":{"north":{"uv":[10.0,6.5,9.5,7.0],"texture":"#0"},"east":{"uv":[9.5,6.5,10.0,7.0],"texture":"#0","rotation":90},"south":{"uv":[9.5,6.5,10.0,7.0],"texture":"#0"},"west":{"uv":[9.5,6.5,10.0,7.0],"texture":"#0","rotation":270},"up":{"texture":"#0"},"down":{"uv":[9.5,7.0,10.0,6.5],"texture":"#0"}}},{"from":[8.0,0.0,7.0],"to":[8.5,0.5,7.5],"faces":{"north":{"uv":[8.5,7.0,8.0,7.5],"texture":"#0"},"east":{"uv":[8.0,7.0,8.5,7.5],"texture":"#0","rotation":90},"south":{"uv":[8.0,7.0,8.5,7.5],"texture":"#0"},"west":{"uv":[8.0,7.0,8.5,7.5],"texture":"#0","rotation":270},"up":{"texture":"#0"},"down":{"uv":[8.0,7.5,8.5,7.0],"texture":"#0"}}},{"from":[8.5,0.0,7.0],"to":[9.0,0.5,7.5],"faces":{"north":{"uv":[9.0,7.0,8.5,7.5],"texture":"#0"},"east":{"uv":[8.5,7.0,9.0,7.5],"texture":"#0","rotation":90},"south":{"uv":[8.5,7.0,9.0,7.5],"texture":"#0"},"west":{"uv":[8.5,7.0,9.0,7.5],"texture":"#0","rotation":270},"up":{"texture":"#0"},"down":{"uv":[8.5,7.5,9.0,7.0],"texture":"#0"}}},{"from":[9.0,0.0,7.0],"to":[9.5,0.5,7.5],"faces":{"north":{"uv":[9.5,7.0,9.0,7.5],"texture":"#0"},"east":{"uv":[9.0,7.0,9.5,7.5],"texture":"#0","rotation":90},"south":{"uv":[9.0,7.0,9.5,7.5],"texture":"#0"},"west":{"uv":[9.0,7.0,9.5,7.5],"texture":"#0","rotation":270},"up":{"texture":"#0"},"down":{"uv":[9.0,7.5,9.5,7.0],"texture":"#0"}}},{"from":[7.5,0.0,7.5],"to":[8.0,0.5,8.0],"faces":{"north":{"uv":[8.0,7.5,7.5,8.0],"texture":"#0"},"east":{"uv":[7.5,7.5,8.0,8.0],"texture":"#0","rotation":90},"south":{"uv":[7.5,7.5,8.0,8.0],"texture":"#0"},"west":{"uv":[7.5,7.5,8.0,8.0],"texture":"#0","rotation":270},"up":{"texture":"#0"},"down":{"uv":[7.5,8.0,8.0,7.5],"texture":"#0"}}},{"from":[8.0,0.0,7.5],"to":[8.5,0.5,8.0],"faces":{"north":{"uv":[8.5,7.5,8.0,8.0],"texture":"#0"},"east":{"uv":[8.0,7.5,8.5,8.0],"texture":"#0","rotation":90},"south":{"uv":[8.0,7.5,8.5,8.0],"texture":"#0"},"west":{"uv":[8.0,7.5,8.5,8.0],"texture":"#0","rotation":270},"up":{"texture":"#0"},"down":{"uv":[8.0,8.0,8.5,7.5],"texture":"#0"}}},{"from":[8.5,0.0,7.5],"to":[9.0,0.5,8.0],"faces":{"north":{"uv":[9.0,7.5,8.5,8.0],"texture":"#0"},"east":{"uv":[8.5,7.5,9.0,8.0],"texture":"#0","rotation":90},"south":{"uv":[8.5,7.5,9.0,8.0],"texture":"#0"},"west":{"uv":[8.5,7.5,9.0,8.0],"texture":"#0","rotation":270},"up":{"texture":"#0"},"down":{"uv":[8.5,8.0,9.0,7.5],"texture":"#0"}}},{"from":[7.0,0.0,8.0],"to":[7.5,0.5,8.5],"faces":{"north":{"uv":[7.5,8.0,7.0,8.5],"texture":"#0"},"east":{"uv":[7.0,8.0,7.5,8.5],"texture":"#0","rotation":90},"south":{"uv":[7.0,8.0,7.5,8.5],"texture":"#0"},"west":{"uv":[7.0,8.0,7.5,8.5],"texture":"#0","rotation":270},"up":{"texture":"#0"},"down":{"uv":[7.0,8.5,7.5,8.0],"texture":"#0"}}},{"from":[7.5,0.0,8.0],"to":[8.0,0.5,8.5],"faces":{"north":{"uv":[8.0,8.0,7.5,8.5],"texture":"#0"},"east":{"uv":[7.5,8.0,8.0,8.5],"texture":"#0","rotation":90},"south":{"uv":[7.5,8.0,8.0,8.5],"texture":"#0"},"west":{"uv":[7.5,8.0,8.0,8.5],"texture":"#0","rotation":270},"up":{"texture":"#0"},"down":{"uv":[7.5,8.5,8.0,8.0],"texture":"#0"}}},{"from":[8.0,0.0,8.0],"to":[8.5,0.5,8.5],"faces":{"north":{"uv":[8.5,8.0,8.0,8.5],"texture":"#0"},"east":{"uv":[8.0,8.0,8.5,8.5],"texture":"#0","rotation":90},"south":{"uv":[8.0,8.0,8.5,8.5],"texture":"#0"},"west":{"uv":[8.0,8.0,8.5,8.5],"texture":"#0","rotation":270},"up":{"texture":"#0"},"down":{"uv":[8.0,8.5,8.5,8.0],"texture":"#0"}}},{"from":[6.5,0.0,8.5],"to":[7.0,0.5,9.0],"faces":{"north":{"uv":[7.0,8.5,6.5,9.0],"texture":"#0"},"east":{"uv":[6.5,8.5,7.0,9.0],"texture":"#0","rotation":90},"south":{"uv":[6.5,8.5,7.0,9.0],"texture":"#0"},"west":{"uv":[6.5,8.5,7.0,9.0],"texture":"#0","rotation":270},"up":{"texture":"#0"},"down":{"uv":[6.5,9.0,7.0,8.5],"texture":"#0"}}},{"from":[7.0,0.0,8.5],"to":[7.5,0.5,9.0],"faces":{"north":{"uv":[7.5,8.5,7.0,9.0],"texture":"#0"},"east":{"uv":[7.0,8.5,7.5,9.0],"texture":"#0","rotation":90},"south":{"uv":[7.0,8.5,7.5,9.0],"texture":"#0"},"west":{"uv":[7.0,8.5,7.5,9.0],"texture":"#0","rotation":270},"up":{"texture":"#0"},"down":{"uv":[7.0,9.0,7.5,8.5],"texture":"#0"}}},{"from":[7.5,0.0,8.5],"to":[8.0,0.5,9.0],"faces":{"north":{"uv":[8.0,8.5,7.5,9.0],"texture":"#0"},"east":{"uv":[7.5,8.5,8.0,9.0],"texture":"#0","rotation":90},"south":{"uv":[7.5,8.5,8.0,9.0],"texture":"#0"},"west":{"uv":[7.5,8.5,8.0,9.0],"texture":"#0","rotation":270},"up":{"texture":"#0"},"down":{"uv":[7.5,9.0,8.0,8.5],"texture":"#0"}}},{"from":[6.0,0.0,9.0],"to":[6.5,0.5,9.5],"faces":{"north":{"uv":[6.5,9.0,6.0,9.5],"texture":"#0"},"east":{"uv":[6.0,9.0,6.5,9.5],"texture":"#0","rotation":90},"south":{"uv":[6.0,9.0,6.5,9.5],"texture":"#0"},"west":{"uv":[6.0,9.0,6.5,9.5],"texture":"#0","rotation":270},"up":{"texture":"#0"},"down":{"uv":[6.0,9.5,6.5,9.0],"texture":"#0"}}},{"from":[6.5,0.0,9.0],"to":[7.0,0.5,9.5],"faces":{"north":{"uv":[7.0,9.0,6.5,9.5],"texture":"#0"},"east":{"uv":[6.5,9.0,7.0,9.5],"texture":"#0","rotation":90},"south":{"uv":[6.5,9.0,7.0,9.5],"texture":"#0"},"west":{"uv":[6.5,9.0,7.0,9.5],"texture":"#0","rotation":270},"up":{"texture":"#0"},"down":{"uv":[6.5,9.5,7.0,9.0],"texture":"#0"}}},{"from":[7.0,0.0,9.0],"to":[7.5,0.5,9.5],"faces":{"north":{"uv":[7.5,9.0,7.0,9.5],"texture":"#0"},"east":{"uv":[7.0,9.0,7.5,9.5],"texture":"#0","rotation":90},"south":{"uv":[7.0,9.0,7.5,9.5],"texture":"#0"},"west":{"uv":[7.0,9.0,7.5,9.5],"texture":"#0","rotation":270},"up":{"texture":"#0"},"down":{"uv":[7.0,9.5,7.5,9.0],"texture":"#0"}}},{"from":[5.5,0.0,9.5],"to":[6.0,0.5,10.0],"faces":{"north":{"uv":[6.0,9.5,5.5,10.0],"texture":"#0"},"east":{"uv":[5.5,9.5,6.0,10.0],"texture":"#0","rotation":90},"south":{"uv":[5.5,9.5,6.0,10.0],"texture":"#0"},"west":{"uv":[5.5,9.5,6.0,10.0],"texture":"#0","rotation":270},"up":{"texture":"#0"},"down":{"uv":[5.5,10.0,6.0,9.5],"texture":"#0"}}},{"from":[6.0,0.0,9.5],"to":[6.5,0.5,10.0],"faces":{"north":{"uv":[6.5,9.5,6.0,10.0],"texture":"#0"},"east":{"uv":[6.0,9.5,6.5,10.0],"texture":"#0","rotation":90},"south":{"uv":[6.0,9.5,6.5,10.0],"texture":"#0"},"west":{"uv":[6.0,9.5,6.5,10.0],"texture":"#0","rotation":270},"up":{"texture":"#0"},"down":{"uv":[6.0,10.0,6.5,9.5],"texture":"#0"}}},{"from":[6.5,0.0,9.5],"to":[7.0,0.5,10.0],"faces":{"north":{"uv":[7.0,9.5,6.5,10.0],"texture":"#0"},"east":{"uv":[6.5,9.5,7.0,10.0],"texture":"#0","rotation":90},"south":{"uv":[6.5,9.5,7.0,10.0],"texture":"#0"},"west":{"uv":[6.5,9.5,7.0,10.0],"texture":"#0","rotation":270},"up":{"texture":"#0"},"down":{"uv":[6.5,10.0,7.0,9.5],"texture":"#0"}}},{"from":[5.0,0.0,10.0],"to":[5.5,0.5,10.5],"faces":{"north":{"uv":[5.5,10.0,5.0,10.5],"texture":"#0"},"east":{"uv":[5.0,10.0,5.5,10.5],"texture":"#0","rotation":90},"south":{"uv":[5.0,10.0,5.5,10.5],"texture":"#0"},"west":{"uv":[5.0,10.0,5.5,10.5],"texture":"#0","rotation":270},"up":{"texture":"#0"},"down":{"uv":[5.0,10.5,5.5,10.0],"texture":"#0"}}},{"from":[5.5,0.0,10.0],"to":[6.0,0.5,10.5],"faces":{"north":{"uv":[6.0,10.0,5.5,10.5],"texture":"#0"},"east":{"uv":[5.5,10.0,6.0,10.5],"texture":"#0","rotation":90},"south":{"uv":[5.5,10.0,6.0,10.5],"texture":"#0"},"west":{"uv":[5.5,10.0,6.0,10.5],"texture":"#0","rotation":270},"up":{"texture":"#0"},"down":{"uv":[5.5,10.5,6.0,10.0],"texture":"#0"}}},{"from":[6.0,0.0,10.0],"to":[6.5,0.5,10.5],"faces":{"north":{"uv":[6.5,10.0,6.0,10.5],"texture":"#0"},"east":{"uv":[6.0,10.0,6.5,10.5],"texture":"#0","rotation":90},"south":{"uv":[6.0,10.0,6.5,10.5],"texture":"#0"},"west":{"uv":[6.0,10.0,6.5,10.5],"texture":"#0","rotation":270},"up":{"texture":"#0"},"down":{"uv":[6.0,10.5,6.5,10.0],"texture":"#0"}}},{"from":[4.5,0.0,10.5],"to":[5.0,0.5,11.0],"faces":{"north":{"uv":[5.0,10.5,4.5,11.0],"texture":"#0"},"east":{"uv":[4.5,10.5,5.0,11.0],"texture":"#0","rotation":90},"south":{"uv":[4.5,10.5,5.0,11.0],"texture":"#0"},"west":{"uv":[4.5,10.5,5.0,11.0],"texture":"#0","rotation":270},"up":{"texture":"#0"},"down":{"uv":[4.5,11.0,5.0,10.5],"texture":"#0"}}},{"from":[5.0,0.0,10.5],"to":[5.5,0.5,11.0],"faces":{"north":{"uv":[5.5,10.5,5.0,11.0],"texture":"#0"},"east":{"uv":[5.0,10.5,5.5,11.0],"texture":"#0","rotation":90},"south":{"uv":[5.0,10.5,5.5,11.0],"texture":"#0"},"west":{"uv":[5.0,10.5,5.5,11.0],"texture":"#0","rotation":270},"up":{"texture":"#0"},"down":{"uv":[5.0,11.0,5.5,10.5],"texture":"#0"}}},{"from":[5.5,0.0,10.5],"to":[6.0,0.5,11.0],"faces":{"north":{"uv":[6.0,10.5,5.5,11.0],"texture":"#0"},"east":{"uv":[5.5,10.5,6.0,11.0],"texture":"#0","rotation":90},"south":{"uv":[5.5,10.5,6.0,11.0],"texture":"#0"},"west":{"uv":[5.5,10.5,6.0,11.0],"texture":"#0","rotation":270},"up":{"texture":"#0"},"down":{"uv":[5.5,11.0,6.0,10.5],"texture":"#0"}}},{"from":[4.0,0.0,11.0],"to":[4.5,0.5,11.5],"faces":{"north":{"uv":[4.5,11.0,4.0,11.5],"texture":"#0"},"east":{"uv":[4.0,11.0,4.5,11.5],"texture":"#0","rotation":90},"south":{"uv":[4.0,11.0,4.5,11.5],"texture":"#0"},"west":{"uv":[4.0,11.0,4.5,11.5],"texture":"#0","rotation":270},"up":{"texture":"#0"},"down":{"uv":[4.0,11.5,4.5,11.0],"texture":"#0"}}},{"from":[4.5,0.0,11.0],"to":[5.0,0.5,11.5],"faces":{"north":{"uv":[5.0,11.0,4.5,11.5],"texture":"#0"},"east":{"uv":[4.5,11.0,5.0,11.5],"texture":"#0","rotation":90},"south":{"uv":[4.5,11.0,5.0,11.5],"texture":"#0"},"west":{"uv":[4.5,11.0,5.0,11.5],"texture":"#0","rotation":270},"up":{"texture":"#0"},"down":{"uv":[4.5,11.5,5.0,11.0],"texture":"#0"}}},{"from":[5.0,0.0,11.0],"to":[5.5,0.5,11.5],"faces":{"north":{"uv":[5.5,11.0,5.0,11.5],"texture":"#0"},"east":{"uv":[5.0,11.0,5.5,11.5],"texture":"#0","rotation":90},"south":{"uv":[5.0,11.0,5.5,11.5],"texture":"#0"},"west":{"uv":[5.0,11.0,5.5,11.5],"texture":"#0","rotation":270},"up":{"texture":"#0"},"down":{"uv":[5.0,11.5,5.5,11.0],"texture":"#0"}}},{"from":[3.5,0.0,11.5],"to":[4.0,0.5,12.0],"faces":{"north":{"uv":[4.0,11.5,3.5,12.0],"texture":"#0"},"east":{"uv":[3.5,11.5,4.0,12.0],"texture":"#0","rotation":90},"south":{"uv":[3.5,11.5,4.0,12.0],"texture":"#0"},"west":{"uv":[3.5,11.5,4.0,12.0],"texture":"#0","rotation":270},"up":{"texture":"#0"},"down":{"uv":[3.5,12.0,4.0,11.5],"texture":"#0"}}},{"from":[4.0,0.0,11.5],"to":[4.5,0.5,12.0],"faces":{"north":{"uv":[4.5,11.5,4.0,12.0],"texture":"#0"},"east":{"uv":[4.0,11.5,4.5,12.0],"texture":"#0","rotation":90},"south":{"uv":[4.0,11.5,4.5,12.0],"texture":"#0"},"west":{"uv":[4.0,11.5,4.5,12.0],"texture":"#0","rotation":270},"up":{"texture":"#0"},"down":{"uv":[4.0,12.0,4.5,11.5],"texture":"#0"}}},{"from":[4.5,0.0,11.5],"to":[5.0,0.5,12.0],"faces":{"north":{"uv":[5.0,11.5,4.5,12.0],"texture":"#0"},"east":{"uv":[4.5,11.5,5.0,12.0],"texture":"#0","rotation":90},"south":{"uv":[4.5,11.5,5.0,12.0],"texture":"#0"},"west":{"uv":[4.5,11.5,5.0,12.0],"texture":"#0","rotation":270},"up":{"texture":"#0"},"down":{"uv":[4.5,12.0,5.0,11.5],"texture":"#0"}}},{"from":[3.0,0.0,12.0],"to":[3.5,0.5,12.5],"faces":{"north":{"uv":[3.5,12.0,3.0,12.5],"texture":"#0"},"east":{"uv":[3.0,12.0,3.5,12.5],"texture":"#0","rotation":90},"south":{"uv":[3.0,12.0,3.5,12.5],"texture":"#0"},"west":{"uv":[3.0,12.0,3.5,12.5],"texture":"#0","rotation":270},"up":{"texture":"#0"},"down":{"uv":[3.0,12.5,3.5,12.0],"texture":"#0"}}},{"from":[3.5,0.0,12.0],"to":[4.0,0.5,12.5],"faces":{"north":{"uv":[4.0,12.0,3.5,12.5],"texture":"#0"},"east":{"uv":[3.5,12.0,4.0,12.5],"texture":"#0","rotation":90},"south":{"uv":[3.5,12.0,4.0,12.5],"texture":"#0"},"west":{"uv":[3.5,12.0,4.0,12.5],"texture":"#0","rotation":270},"up":{"texture":"#0"},"down":{"uv":[3.5,12.5,4.0,12.0],"texture":"#0"}}},{"from":[4.0,0.0,12.0],"to":[4.5,0.5,12.5],"faces":{"north":{"uv":[4.5,12.0,4.0,12.5],"texture":"#0"},"east":{"uv":[4.0,12.0,4.5,12.5],"texture":"#0","rotation":90},"south":{"uv":[4.0,12.0,4.5,12.5],"texture":"#0"},"west":{"uv":[4.0,12.0,4.5,12.5],"texture":"#0","rotation":270},"up":{"texture":"#0"},"down":{"uv":[4.0,12.5,4.5,12.0],"texture":"#0"}}},{"from":[2.5,0.0,12.5],"to":[3.0,0.5,13.0],"faces":{"north":{"uv":[3.0,12.5,2.5,13.0],"texture":"#0"},"east":{"uv":[2.5,12.5,3.0,13.0],"texture":"#0","rotation":90},"south":{"uv":[2.5,12.5,3.0,13.0],"texture":"#0"},"west":{"uv":[2.5,12.5,3.0,13.0],"texture":"#0","rotation":270},"up":{"texture":"#0"},"down":{"uv":[2.5,13.0,3.0,12.5],"texture":"#0"}}},{"from":[3.0,0.0,12.5],"to":[3.5,0.5,13.0],"faces":{"north":{"uv":[3.5,12.5,3.0,13.0],"texture":"#0"},"east":{"uv":[3.0,12.5,3.5,13.0],"texture":"#0","rotation":90},"south":{"uv":[3.0,12.5,3.5,13.0],"texture":"#0"},"west":{"uv":[3.0,12.5,3.5,13.0],"texture":"#0","rotation":270},"up":{"texture":"#0"},"down":{"uv":[3.0,13.0,3.5,12.5],"texture":"#0"}}},{"from":[3.5,0.0,12.5],"to":[4.0,0.5,13.0],"faces":{"north":{"uv":[4.0,12.5,3.5,13.0],"texture":"#0"},"east":{"uv":[3.5,12.5,4.0,13.0],"texture":"#0","rotation":90},"south":{"uv":[3.5,12.5,4.0,13.0],"texture":"#0"},"west":{"uv":[3.5,12.5,4.0,13.0],"texture":"#0","rotation":270},"up":{"texture":"#0"},"down":{"uv":[3.5,13.0,4.0,12.5],"texture":"#0"}}},{"from":[2.0,0.0,13.0],"to":[2.5,0.5,13.5],"faces":{"north":{"uv":[2.5,13.0,2.0,13.5],"texture":"#0"},"east":{"uv":[2.0,13.0,2.5,13.5],"texture":"#0","rotation":90},"south":{"uv":[2.0,13.0,2.5,13.5],"texture":"#0"},"west":{"uv":[2.0,13.0,2.5,13.5],"texture":"#0","rotation":270},"up":{"texture":"#0"},"down":{"uv":[2.0,13.5,2.5,13.0],"texture":"#0"}}},{"from":[2.5,0.0,13.0],"to":[3.0,0.5,13.5],"faces":{"north":{"uv":[3.0,13.0,2.5,13.5],"texture":"#0"},"east":{"uv":[2.5,13.0,3.0,13.5],"texture":"#0","rotation":90},"south":{"uv":[2.5,13.0,3.0,13.5],"texture":"#0"},"west":{"uv":[2.5,13.0,3.0,13.5],"texture":"#0","rotation":270},"up":{"texture":"#0"},"down":{"uv":[2.5,13.5,3.0,13.0],"texture":"#0"}}},{"from":[3.0,0.0,13.0],"to":[3.5,0.5,13.5],"faces":{"north":{"uv":[3.5,13.0,3.0,13.5],"texture":"#0"},"east":{"uv":[3.0,13.0,3.5,13.5],"texture":"#0","rotation":90},"south":{"uv":[3.0,13.0,3.5,13.5],"texture":"#0"},"west":{"uv":[3.0,13.0,3.5,13.5],"texture":"#0","rotation":270},"up":{"texture":"#0"},"down":{"uv":[3.0,13.5,3.5,13.0],"texture":"#0"}}},{"from":[1.5,0.0,13.5],"to":[2.0,0.5,14.0],"faces":{"north":{"uv":[2.0,13.5,1.5,14.0],"texture":"#0"},"east":{"uv":[1.5,13.5,2.0,14.0],"texture":"#0","rotation":90},"south":{"uv":[1.5,13.5,2.0,14.0],"texture":"#0"},"west":{"uv":[1.5,13.5,2.0,14.0],"texture":"#0","rotation":270},"up":{"texture":"#0"},"down":{"uv":[1.5,14.0,2.0,13.5],"texture":"#0"}}},{"from":[2.0,0.0,13.5],"to":[2.5,0.5,14.0],"faces":{"north":{"uv":[2.5,13.5,2.0,14.0],"texture":"#0"},"east":{"uv":[2.0,13.5,2.5,14.0],"texture":"#0","rotation":90},"south":{"uv":[2.0,13.5,2.5,14.0],"texture":"#0"},"west":{"uv":[2.0,13.5,2.5,14.0],"texture":"#0","rotation":270},"up":{"texture":"#0"},"down":{"uv":[2.0,14.0,2.5,13.5],"texture":"#0"}}},{"from":[2.5,0.0,13.5],"to":[3.0,0.5,14.0],"faces":{"north":{"uv":[3.0,13.5,2.5,14.0],"texture":"#0"},"east":{"uv":[2.5,13.5,3.0,14.0],"texture":"#0","rotation":90},"south":{"uv":[2.5,13.5,3.0,14.0],"texture":"#0"},"west":{"uv":[2.5,13.5,3.0,14.0],"texture":"#0","rotation":270},"up":{"texture":"#0"},"down":{"uv":[2.5,14.0,3.0,13.5],"texture":"#0"}}},{"from":[1.0,0.0,14.0],"to":[1.5,0.5,14.5],"faces":{"north":{"uv":[1.5,14.0,1.0,14.5],"texture":"#0"},"east":{"uv":[1.0,14.0,1.5,14.5],"texture":"#0","rotation":90},"south":{"uv":[1.0,14.0,1.5,14.5],"texture":"#0"},"west":{"uv":[1.0,14.0,1.5,14.5],"texture":"#0","rotation":270},"up":{"texture":"#0"},"down":{"uv":[1.0,14.5,1.5,14.0],"texture":"#0"}}},{"from":[1.5,0.0,14.0],"to":[2.0,0.5,14.5],"faces":{"north":{"uv":[2.0,14.0,1.5,14.5],"texture":"#0"},"east":{"uv":[1.5,14.0,2.0,14.5],"texture":"#0","rotation":90},"south":{"uv":[1.5,14.0,2.0,14.5],"texture":"#0"},"west":{"uv":[1.5,14.0,2.0,14.5],"texture":"#0","rotation":270},"up":{"texture":"#0"},"down":{"uv":[1.5,14.5,2.0,14.0],"texture":"#0"}}},{"from":[2.0,0.0,14.0],"to":[2.5,0.5,14.5],"faces":{"north":{"uv":[2.5,14.0,2.0,14.5],"texture":"#0"},"east":{"uv":[2.0,14.0,2.5,14.5],"texture":"#0","rotation":90},"south":{"uv":[2.0,14.0,2.5,14.5],"texture":"#0"},"west":{"uv":[2.0,14.0,2.5,14.5],"texture":"#0","rotation":270},"up":{"texture":"#0"},"down":{"uv":[2.0,14.5,2.5,14.0],"texture":"#0"}}},{"from":[0.0,0.0,14.5],"to":[0.5,0.5,15.0],"faces":{"north":{"uv":[0.5,14.5,0.0,15.0],"texture":"#0"},"east":{"uv":[0.0,14.5,0.5,15.0],"texture":"#0","rotation":90},"south":{"uv":[0.0,14.5,0.5,15.0],"texture":"#0"},"west":{"uv":[0.0,14.5,0.5,15.0],"texture":"#0","rotation":270},"up":{"texture":"#0"},"down":{"uv":[0.0,15.0,0.5,14.5],"texture":"#0"}}},{"from":[0.5,0.0,14.5],"to":[1.0,0.5,15.0],"faces":{"north":{"uv":[1.0,14.5,0.5,15.0],"texture":"#0"},"east":{"uv":[0.5,14.5,1.0,15.0],"texture":"#0","rotation":90},"south":{"uv":[0.5,14.5,1.0,15.0],"texture":"#0"},"west":{"uv":[0.5,14.5,1.0,15.0],"texture":"#0","rotation":270},"up":{"texture":"#0"},"down":{"uv":[0.5,15.0,1.0,14.5],"texture":"#0"}}},{"from":[1.0,0.0,14.5],"to":[1.5,0.5,15.0],"faces":{"north":{"uv":[1.5,14.5,1.0,15.0],"texture":"#0"},"east":{"uv":[1.0,14.5,1.5,15.0],"texture":"#0","rotation":90},"south":{"uv":[1.0,14.5,1.5,15.0],"texture":"#0"},"west":{"uv":[1.0,14.5,1.5,15.0],"texture":"#0","rotation":270},"up":{"texture":"#0"},"down":{"uv":[1.0,15.0,1.5,14.5],"texture":"#0"}}},{"from":[1.5,0.0,14.5],"to":[2.0,0.5,15.0],"faces":{"north":{"uv":[2.0,14.5,1.5,15.0],"texture":"#0"},"east":{"uv":[1.5,14.5,2.0,15.0],"texture":"#0","rotation":90},"south":{"uv":[1.5,14.5,2.0,15.0],"texture":"#0"},"west":{"uv":[1.5,14.5,2.0,15.0],"texture":"#0","rotation":270},"up":{"texture":"#0"},"down":{"uv":[1.5,15.0,2.0,14.5],"texture":"#0"}}},{"from":[0.0,0.0,15.0],"to":[0.5,0.5,15.5],"faces":{"north":{"uv":[0.5,15.0,0.0,15.5],"texture":"#0"},"east":{"uv":[0.0,15.0,0.5,15.5],"texture":"#0","rotation":90},"south":{"uv":[0.0,15.0,0.5,15.5],"texture":"#0"},"west":{"uv":[0.0,15.0,0.5,15.5],"texture":"#0","rotation":270},"up":{"texture":"#0"},"down":{"uv":[0.0,15.5,0.5,15.0],"texture":"#0"}}},{"from":[0.5,0.0,15.0],"to":[1.0,0.5,15.5],"faces":{"north":{"uv":[1.0,15.0,0.5,15.5],"texture":"#0"},"east":{"uv":[0.5,15.0,1.0,15.5],"texture":"#0","rotation":90},"south":{"uv":[0.5,15.0,1.0,15.5],"texture":"#0"},"west":{"uv":[0.5,15.0,1.0,15.5],"texture":"#0","rotation":270},"up":{"texture":"#0"},"down":{"uv":[0.5,15.5,1.0,15.0],"texture":"#0"}}},{"from":[1.0,0.0,15.0],"to":[1.5,0.5,15.5],"faces":{"north":{"uv":[1.5,15.0,1.0,15.5],"texture":"#0"},"east":{"uv":[1.0,15.0,1.5,15.5],"texture":"#0","rotation":90},"south":{"uv":[1.0,15.0,1.5,15.5],"texture":"#0"},"west":{"uv":[1.0,15.0,1.5,15.5],"texture":"#0","rotation":270},"up":{"texture":"#0"},"down":{"uv":[1.0,15.5,1.5,15.0],"texture":"#0"}}},{"from":[0.0,0.0,15.5],"to":[0.5,0.5,16.0],"faces":{"north":{"uv":[0.5,15.5,0.0,16.0],"texture":"#0"},"east":{"texture":"#0","rotation":90},"south":{"texture":"#0"},"west":{"uv":[0.0,15.5,0.5,16.0],"texture":"#0","rotation":270},"up":{"texture":"#0"},"down":{"uv":[0.0,16.0,0.5,15.5],"texture":"#0"}}},{"from":[0.5,0.0,15.5],"to":[1.0,0.5,16.0],"faces":{"north":{"uv":[1.0,15.5,0.5,16.0],"texture":"#0"},"east":{"uv":[0.5,15.5,1.0,16.0],"texture":"#0","rotation":90},"south":{"texture":"#0"},"west":{"uv":[0.5,15.5,1.0,16.0],"texture":"#0","rotation":270},"up":{"texture":"#0"},"down":{"uv":[0.5,16.0,1.0,15.5],"texture":"#0"}}},{"from":[1.0,0.0,15.5],"to":[1.5,0.5,16.0],"faces":{"north":{"uv":[1.5,15.5,1.0,16.0],"texture":"#0"},"east":{"uv":[1.0,15.5,1.5,16.0],"texture":"#0","rotation":90},"south":{"texture":"#0"},"west":{"uv":[1.0,15.5,1.5,16.0],"texture":"#0","rotation":270},"up":{"texture":"#0"},"down":{"uv":[1.0,16.0,1.5,15.5],"texture":"#0"}}}],"textures":{"particle":"693c0168-2e51-4e92-9fc3-370787518645:7cf2739c-2094-4503-8a1b-8f38aca37593","0":"693c0168-2e51-4e92-9fc3-370787518645:7cf2739c-2094-4503-8a1b-8f38aca37593"},"gui_light":"front"}