{"display":{"thirdperson_righthand":{"rotation":[75.0,45.0,0.0],"translation":[0.0,0.5,0.0],"scale":[0.2,0.2,0.2]},"thirdperson_lefthand":{"rotation":[75.0,45.0,0.0],"translation":[0.0,0.5,0.0],"scale":[0.2,0.2,0.2]},"firstperson_righthand":{"rotation":[0.0,125.0,0.0],"translation":[2.25,1.25,-0.75],"scale":[0.2,0.2,0.2]},"firstperson_lefthand":{"rotation":[0.0,125.0,0.0],"translation":[2.25,1.25,-0.75],"scale":[0.2,0.2,0.2]},"ground":{"translation":[0.0,3.0,0.0],"scale":[0.25,0.25,0.25]},"gui":{"rotation":[30.0,225.0,0.0],"translation":[0.0,-3.5,0.0],"scale":[0.5,0.5,0.5]},"fixed":{"rotation":[-90.0,0.0,0.0],"translation":[0.0,0.0,-16.0],"scale":[2.0,2.0,2.0]}},"elements":[{"from":[7.0,0.0,7.0],"to":[9.0,32.0,9.0],"faces":{"north":{"uv":[7.0,0.0,8.0,16.0],"texture":"#1"},"east":{"uv":[7.0,0.0,8.0,16.0],"texture":"#1"},"south":{"uv":[7.0,0.0,8.0,16.0],"texture":"#1"},"west":{"uv":[7.0,0.0,8.0,16.0],"texture":"#1"},"up":{"uv":[12.0,1.0,11.0,0.0],"texture":"#1"},"down":{"uv":[12.0,1.0,11.0,2.0],"texture":"#1"}}},{"from":[1.0,18.0,6.98047],"to":[15.0,32.0,6.98047],"faces":{"north":{"uv":[0.0,0.0,7.0,7.0],"texture":"#1"},"east":{"uv":[0.0,0.0,0.0,7.0],"texture":"#1"},"south":{"uv":[0.0,7.0,7.0,14.0],"texture":"#1"},"west":{"uv":[0.0,0.0,0.0,7.0],"texture":"#1"},"up":{"uv":[7.0,0.0,0.0,0.0],"texture":"#1"},"down":{"uv":[7.0,0.0,0.0,0.0],"texture":"#1"}}}],"textures":{"1":"693c0168-2e51-4e92-9fc3-370787518645:19776ac5-3e73-44dc-b30c-9a653d22a08c"},"gui_light":"front"}