{"sources":[{"type":"single","resource":"block/black_concrete"},{"type":"single","resource":"block/black_concrete"},{"type":"single","resource":"block/black_wool"},{"type":"single","resource":"block/black_wool"},{"type":"single","resource":"block/black_wool"},{"type":"single","resource":"block/black_wool"},{"type":"single","resource":"block/cobblestone"},{"type":"single","resource":"block/cobblestone"},{"type":"single","resource":"block/dark_oak_planks"},{"type":"single","resource":"block/mossy_cobblestone"},{"type":"single","resource":"block/mossy_cobblestone"},{"type":"single","resource":"block/white_concrete"},{"type":"single","resource":"block/white_concrete"},{"type":"single","resource":"block/white_concrete"},{"type":"single","resource":"block/white_concrete"},{"type":"single","resource":"345f2fdc-585a-4ba4-b40c-f8f412266654:75ce5b69-f6bd-45cd-b84c-acf37f93dafa"},{"type":"single","resource":"345f2fdc-585a-4ba4-b40c-f8f412266654:75ce5b69-f6bd-45cd-b84c-acf37f93dafa"},{"type":"single","resource":"345f2fdc-585a-4ba4-b40c-f8f412266654:9678a3e1-71b7-4d6a-9ec7-62d8cced4e09"},{"type":"single","resource":"345f2fdc-585a-4ba4-b40c-f8f412266654:9678a3e1-71b7-4d6a-9ec7-62d8cced4e09"},{"type":"single","resource":"345f2fdc-585a-4ba4-b40c-f8f412266654:c8760f31-ca34-4052-ae7b-f557fa6084d3"},{"type":"single","resource":"345f2fdc-585a-4ba4-b40c-f8f412266654:c8760f31-ca34-4052-ae7b-f557fa6084d3"},{"type":"single","resource":"345f2fdc-585a-4ba4-b40c-f8f412266654:717e6e68-f707-42e1-8c9f-d1679aa646aa"},{"type":"single","resource":"345f2fdc-585a-4ba4-b40c-f8f412266654:717e6e68-f707-42e1-8c9f-d1679aa646aa"},{"type":"single","resource":"345f2fdc-585a-4ba4-b40c-f8f412266654:3327c8fe-ae89-4fea-9b8d-544d8edf3dc8"},{"type":"single","resource":"345f2fdc-585a-4ba4-b40c-f8f412266654:3327c8fe-ae89-4fea-9b8d-544d8edf3dc8"},{"type":"single","resource":"345f2fdc-585a-4ba4-b40c-f8f412266654:6c329aa1-d524-4f43-b5e7-72b4fddbaaa3"},{"type":"single","resource":"345f2fdc-585a-4ba4-b40c-f8f412266654:6c329aa1-d524-4f43-b5e7-72b4fddbaaa3"},{"type":"single","resource":"345f2fdc-585a-4ba4-b40c-f8f412266654:bc4f1a44-6455-4aaf-a944-ea3c67af8264"},{"type":"single","resource":"345f2fdc-585a-4ba4-b40c-f8f412266654:2ef59540-c12b-494f-b9c8-3671f723e5d3"},{"type":"single","resource":"345f2fdc-585a-4ba4-b40c-f8f412266654:33693272-d638-4f20-9c57-8eb6b77634e5"},{"type":"single","resource":"345f2fdc-585a-4ba4-b40c-f8f412266654:7285fb88-2ef8-4e8a-8cad-ace8d04946d4"},{"type":"single","resource":"345f2fdc-585a-4ba4-b40c-f8f412266654:42711661-d694-4d71-913c-0fff6573e766"},{"type":"single","resource":"345f2fdc-585a-4ba4-b40c-f8f412266654:f4285e56-bc69-4622-a0bf-52aacd971ece"},{"type":"single","resource":"345f2fdc-585a-4ba4-b40c-f8f412266654:55fbcb6a-85f8-4df2-a019-35997aeffebf"},{"type":"single","resource":"345f2fdc-585a-4ba4-b40c-f8f412266654:55fbcb6a-85f8-4df2-a019-35997aeffebf"},{"type":"single","resource":"345f2fdc-585a-4ba4-b40c-f8f412266654:1ab4aacc-1bae-4caa-8f32-3a35780125b2"},{"type":"single","resource":"345f2fdc-585a-4ba4-b40c-f8f412266654:8a3a3a64-70e7-4faa-bc57-6f2e54154c2a"},{"type":"single","resource":"345f2fdc-585a-4ba4-b40c-f8f412266654:8a3a3a64-70e7-4faa-bc57-6f2e54154c2a"},{"type":"single","resource":"345f2fdc-585a-4ba4-b40c-f8f412266654:cbdc5117-38e5-4d21-b3a5-8887d9971395"},{"type":"single","resource":"345f2fdc-585a-4ba4-b40c-f8f412266654:5c50663d-0ef6-40c5-a3b3-fa0956dad670"},{"type":"single","resource":"345f2fdc-585a-4ba4-b40c-f8f412266654:f2e7f016-b652-4db3-a870-3a35b11e1796"},{"type":"single","resource":"345f2fdc-585a-4ba4-b40c-f8f412266654:71fd9e5f-c82b-405a-81e8-5feb55a34b94"},{"type":"single","resource":"345f2fdc-585a-4ba4-b40c-f8f412266654:71fd9e5f-c82b-405a-81e8-5feb55a34b94"},{"type":"single","resource":"345f2fdc-585a-4ba4-b40c-f8f412266654:ee26165e-f52c-4770-aac6-1fdb98eb7601"},{"type":"single","resource":"345f2fdc-585a-4ba4-b40c-f8f412266654:ee26165e-f52c-4770-aac6-1fdb98eb7601"},{"type":"single","resource":"345f2fdc-585a-4ba4-b40c-f8f412266654:c03e0b55-bf68-43e1-806e-882e1730aa90"},{"type":"single","resource":"345f2fdc-585a-4ba4-b40c-f8f412266654:fe9c0d3d-faad-4422-9f6b-24166b112447"},{"type":"single","resource":"345f2fdc-585a-4ba4-b40c-f8f412266654:f5b27963-447e-41b6-9066-527a32c52642"},{"type":"single","resource":"345f2fdc-585a-4ba4-b40c-f8f412266654:7edd5949-9de0-4e90-a8bb-ad1f0701e795"},{"type":"single","resource":"345f2fdc-585a-4ba4-b40c-f8f412266654:332b1cd7-41c7-4dfc-b4af-eae90e3510bf"},{"type":"single","resource":"29b6a577-8318-432b-b874-dddcc0e6eb11:a0372449-dfde-4523-9162-033c91c1a04d"},{"type":"single","resource":"29b6a577-8318-432b-b874-dddcc0e6eb11:544d3fc3-b488-4bc9-8492-761f08479407"},{"type":"single","resource":"29b6a577-8318-432b-b874-dddcc0e6eb11:c6db8801-bfa7-447a-943f-82a14c20bf9a"},{"type":"single","resource":"345f2fdc-585a-4ba4-b40c-f8f412266654:ad096111-681d-476c-b1bf-5aa44bcbe34e"},{"type":"single","resource":"345f2fdc-585a-4ba4-b40c-f8f412266654:0625c1ae-13de-47df-a015-bc34283f9fb4"},{"type":"single","resource":"345f2fdc-585a-4ba4-b40c-f8f412266654:651ee4af-1bfc-4856-827f-ff5a5a4868d0"},{"type":"single","resource":"345f2fdc-585a-4ba4-b40c-f8f412266654:3a980951-a8a7-4fcd-8ac8-988d2bdf85f2"},{"type":"single","resource":"345f2fdc-585a-4ba4-b40c-f8f412266654:3e44540d-7130-4085-88f8-2e8a5c8d0977"},{"type":"single","resource":"345f2fdc-585a-4ba4-b40c-f8f412266654:3c0480d3-abba-412d-8cbc-af9c83086605"},{"type":"single","resource":"345f2fdc-585a-4ba4-b40c-f8f412266654:0dc4ee15-8b05-4404-bd05-d5d9fa7b0b7e"},{"type":"single","resource":"345f2fdc-585a-4ba4-b40c-f8f412266654:ea8a8326-6c0a-4dd3-8eec-9dec13560bf8"},{"type":"single","resource":"345f2fdc-585a-4ba4-b40c-f8f412266654:0ff575f8-a355-4e28-aebf-ad3c99ae8a9c"},{"type":"single","resource":"345f2fdc-585a-4ba4-b40c-f8f412266654:00fbc8fd-3819-4d4f-955d-d8c216c93d99"},{"type":"single","resource":"345f2fdc-585a-4ba4-b40c-f8f412266654:a4d412db-c326-4af4-8f86-3770903513f9"},{"type":"single","resource":"345f2fdc-585a-4ba4-b40c-f8f412266654:dfe5d45e-092c-425a-97c1-5702c2925e09"},{"type":"single","resource":"345f2fdc-585a-4ba4-b40c-f8f412266654:0be0d44c-adc0-4470-8599-1533c6cd87d1"},{"type":"single","resource":"345f2fdc-585a-4ba4-b40c-f8f412266654:ee81d91a-e169-43e6-bb80-b272fa3b39b8"},{"type":"single","resource":"345f2fdc-585a-4ba4-b40c-f8f412266654:5b7899d3-3113-4641-986f-02ed50e26333"},{"type":"single","resource":"345f2fdc-585a-4ba4-b40c-f8f412266654:32f828c6-efca-44bc-8552-923bd1ed4618"},{"type":"single","resource":"345f2fdc-585a-4ba4-b40c-f8f412266654:ace7621a-b4a8-4363-8c74-92bea2f0cacb"},{"type":"single","resource":"345f2fdc-585a-4ba4-b40c-f8f412266654:7d8885fb-ce5b-4e54-b088-e0eec21893f2"},{"type":"single","resource":"24496260-e1e7-41f7-af81-b97e8df82233:ac22abd1-d72b-48e5-bd03-5c3729147050"},{"type":"single","resource":"item/chainmail_boots"},{"type":"single","resource":"item/chainmail_chestplate"},{"type":"single","resource":"item/chainmail_helmet"},{"type":"single","resource":"item/chainmail_leggings"},{"type":"single","resource":"24496260-e1e7-41f7-af81-b97e8df82233:234b965f-b96a-4d41-ae5c-022793a6693f"},{"type":"single","resource":"24496260-e1e7-41f7-af81-b97e8df82233:5ca98de2-cf20-495e-82b7-39613c45e303"},{"type":"single","resource":"24496260-e1e7-41f7-af81-b97e8df82233:5faa3b2b-b2c0-479b-afc0-731722462b8e"},{"type":"single","resource":"29b6a577-8318-432b-b874-dddcc0e6eb11:ddf6b49b-4e68-4e01-99c3-e067a46a48e7"},{"type":"single","resource":"29b6a577-8318-432b-b874-dddcc0e6eb11:0ec238af-cb43-49a7-8e6f-6cfa8d91620c"},{"type":"single","resource":"29b6a577-8318-432b-b874-dddcc0e6eb11:aa81afe1-bede-4014-ad81-0b1963fc470a"},{"type":"single","resource":"24496260-e1e7-41f7-af81-b97e8df82233:efd91dc0-70ba-4945-8b20-460fc0c29203"},{"type":"single","resource":"345f2fdc-585a-4ba4-b40c-f8f412266654:791ba28d-e15e-4fd3-bb19-6f92826811fc"},{"type":"single","resource":"24496260-e1e7-41f7-af81-b97e8df82233:0640695a-d855-418c-975e-7a7271f408b6"},{"type":"single","resource":"345f2fdc-585a-4ba4-b40c-f8f412266654:a35646a1-cbe0-42af-84a6-1a8d0783ee6c"},{"type":"single","resource":"345f2fdc-585a-4ba4-b40c-f8f412266654:9626eee3-d7f8-4431-985a-fb106fd64df2"},{"type":"single","resource":"345f2fdc-585a-4ba4-b40c-f8f412266654:3f4305eb-3649-4936-8e83-e93d3c4c5ca3"},{"type":"single","resource":"345f2fdc-585a-4ba4-b40c-f8f412266654:e97d7566-33e0-4da0-82fd-6b0d537fa4eb"},{"type":"single","resource":"345f2fdc-585a-4ba4-b40c-f8f412266654:87407bfb-9a61-4171-bbb4-c2aa58970756"},{"type":"single","resource":"345f2fdc-585a-4ba4-b40c-f8f412266654:719236e8-eb08-4d0a-8f0f-bb88b74d8691"},{"type":"single","resource":"345f2fdc-585a-4ba4-b40c-f8f412266654:027c43b2-befe-4991-999b-335bd880d6f6"},{"type":"single","resource":"345f2fdc-585a-4ba4-b40c-f8f412266654:33485b05-56ea-49f2-acc4-950eccc8bd48"},{"type":"single","resource":"345f2fdc-585a-4ba4-b40c-f8f412266654:6a852783-144e-49e2-9f68-59eb2ae7b99a"},{"type":"single","resource":"345f2fdc-585a-4ba4-b40c-f8f412266654:3bccfc18-eea3-481f-aa8d-ded312b47949"},{"type":"single","resource":"345f2fdc-585a-4ba4-b40c-f8f412266654:ae6f66c9-6d06-4448-9677-a65991a473ef"},{"type":"single","resource":"345f2fdc-585a-4ba4-b40c-f8f412266654:7317df27-c802-4a74-a641-11056530f062"},{"type":"single","resource":"345f2fdc-585a-4ba4-b40c-f8f412266654:a7c64f50-26f5-4cb8-9a96-7585da89db4c"},{"type":"single","resource":"345f2fdc-585a-4ba4-b40c-f8f412266654:2fa9cf5f-7a88-49d2-9519-7d6975591d5e"},{"type":"single","resource":"345f2fdc-585a-4ba4-b40c-f8f412266654:24105831-9493-478e-8a78-b14f6801c02d"},{"type":"single","resource":"345f2fdc-585a-4ba4-b40c-f8f412266654:2a0a880a-2b5f-4e2a-b519-4bce706bafb2"},{"type":"single","resource":"345f2fdc-585a-4ba4-b40c-f8f412266654:278a647e-99b8-4a4d-b815-a4b32fc26e67"},{"type":"single","resource":"345f2fdc-585a-4ba4-b40c-f8f412266654:e540bdca-2e1c-4093-bc87-3a5116452163"},{"type":"single","resource":"345f2fdc-585a-4ba4-b40c-f8f412266654:e540bdca-2e1c-4093-bc87-3a5116452163"},{"type":"single","resource":"345f2fdc-585a-4ba4-b40c-f8f412266654:87beab40-63cb-49ca-87e8-72f540bf6aad"},{"type":"single","resource":"345f2fdc-585a-4ba4-b40c-f8f412266654:2f7ff51c-936c-4713-a87c-2b0413f9e349"},{"type":"single","resource":"345f2fdc-585a-4ba4-b40c-f8f412266654:574f7106-0248-428d-a187-576bc2089a54"},{"type":"single","resource":"345f2fdc-585a-4ba4-b40c-f8f412266654:5406414d-b0f7-45d3-82ea-38336993ed80"},{"type":"single","resource":"345f2fdc-585a-4ba4-b40c-f8f412266654:ba7a962f-aed7-4f07-ad03-3cd14b984cb0"},{"type":"single","resource":"345f2fdc-585a-4ba4-b40c-f8f412266654:752bffb2-e07e-454c-9570-b6d3a540884a"},{"type":"single","resource":"345f2fdc-585a-4ba4-b40c-f8f412266654:64a9f131-7f90-4159-99b7-64b1f96a803f"},{"type":"single","resource":"345f2fdc-585a-4ba4-b40c-f8f412266654:dccf86a1-2cef-488f-9a77-f18f1e226a0b"},{"type":"single","resource":"345f2fdc-585a-4ba4-b40c-f8f412266654:cfaaaefb-ce88-4624-a42f-1051beaba360"},{"type":"single","resource":"345f2fdc-585a-4ba4-b40c-f8f412266654:bb8ee9aa-d1e8-4830-80f1-97b38d563165"},{"type":"single","resource":"345f2fdc-585a-4ba4-b40c-f8f412266654:8a6e05e2-0ba7-4290-a3b7-a436f6050ca4"},{"type":"single","resource":"345f2fdc-585a-4ba4-b40c-f8f412266654:f0f000d6-76a5-4257-b309-65092ff77559"},{"type":"single","resource":"345f2fdc-585a-4ba4-b40c-f8f412266654:6334f3bb-b78a-4f83-a843-c15f4d855cf5"},{"type":"single","resource":"345f2fdc-585a-4ba4-b40c-f8f412266654:d072b04e-0d6a-416a-ab39-4df993a3c7cf"},{"type":"single","resource":"345f2fdc-585a-4ba4-b40c-f8f412266654:eff30fb4-2d69-4174-8e0d-95f26ba43312"},{"type":"single","resource":"345f2fdc-585a-4ba4-b40c-f8f412266654:a8fc1cb3-d455-4649-929c-02d50183107e"},{"type":"single","resource":"345f2fdc-585a-4ba4-b40c-f8f412266654:556ad9e7-6fb4-4aea-b592-09141cde329f"},{"type":"single","resource":"345f2fdc-585a-4ba4-b40c-f8f412266654:9be25cea-6751-40b6-8c9a-e2d476e428b8"},{"type":"single","resource":"345f2fdc-585a-4ba4-b40c-f8f412266654:8b09ea4b-d1e7-4dcd-a228-ba0b5bb8fe1a"},{"type":"single","resource":"345f2fdc-585a-4ba4-b40c-f8f412266654:d3332986-f706-4c0b-8b38-64b5f02add70"},{"type":"single","resource":"345f2fdc-585a-4ba4-b40c-f8f412266654:6e4f77d5-42b2-4650-98d0-360f6e9df8da"},{"type":"single","resource":"345f2fdc-585a-4ba4-b40c-f8f412266654:b276c3f5-3993-4e48-9fab-116499f41e27"},{"type":"single","resource":"345f2fdc-585a-4ba4-b40c-f8f412266654:8d0f0aba-f770-4fd6-ab6a-fab2b48a0235"},{"type":"single","resource":"345f2fdc-585a-4ba4-b40c-f8f412266654:902dcbe8-97cc-4f08-bdae-4d84df8c3905"},{"type":"single","resource":"345f2fdc-585a-4ba4-b40c-f8f412266654:121a271f-2203-407c-bfe7-8b475312799a"},{"type":"single","resource":"345f2fdc-585a-4ba4-b40c-f8f412266654:c403b5a4-5a1f-4ed5-9eae-7e40fedf21c4"},{"type":"single","resource":"345f2fdc-585a-4ba4-b40c-f8f412266654:44216571-0a8f-4a2c-9683-965cc767f137"},{"type":"single","resource":"345f2fdc-585a-4ba4-b40c-f8f412266654:cef6ddb1-d9dd-4720-9182-340e2b6fd9e5"},{"type":"single","resource":"345f2fdc-585a-4ba4-b40c-f8f412266654:79545779-1fc2-4bce-9b4b-f838a549cbfe"},{"type":"single","resource":"345f2fdc-585a-4ba4-b40c-f8f412266654:8685d788-f76b-486f-bc38-df79be63b503"},{"type":"single","resource":"345f2fdc-585a-4ba4-b40c-f8f412266654:7a78de6f-2dd6-44b4-aa5b-13f3ba5fd4fe"},{"type":"single","resource":"345f2fdc-585a-4ba4-b40c-f8f412266654:6ce6a664-4ca1-4fff-a15c-aac889a4bd58"},{"type":"single","resource":"345f2fdc-585a-4ba4-b40c-f8f412266654:c3f80fe4-7890-4bea-8ec3-bd8bdb077750"},{"type":"single","resource":"345f2fdc-585a-4ba4-b40c-f8f412266654:120ee10e-4606-4e61-aa1b-e97d2394523a"},{"type":"single","resource":"345f2fdc-585a-4ba4-b40c-f8f412266654:ba7b3d16-f8ec-4a1d-a7fc-f6d876ebf40c"},{"type":"single","resource":"345f2fdc-585a-4ba4-b40c-f8f412266654:fb160a8a-84aa-49a0-9de8-4684ebcc068e"},{"type":"single","resource":"345f2fdc-585a-4ba4-b40c-f8f412266654:79d8abaa-f8f4-4123-a06f-f97e0dc2df1c"},{"type":"single","resource":"345f2fdc-585a-4ba4-b40c-f8f412266654:065dbcd1-e60e-4564-8914-d94b9d166646"},{"type":"single","resource":"345f2fdc-585a-4ba4-b40c-f8f412266654:e8205764-835c-45be-8b9a-55784f4e411f"},{"type":"single","resource":"345f2fdc-585a-4ba4-b40c-f8f412266654:46a3bcf7-365e-4e9a-8520-3b3f78827442"},{"type":"single","resource":"345f2fdc-585a-4ba4-b40c-f8f412266654:6be256a4-b4fa-4694-bd1b-5fd54d824075"},{"type":"single","resource":"345f2fdc-585a-4ba4-b40c-f8f412266654:bd367ea2-6215-45e1-9c17-8bf5e2798290"},{"type":"single","resource":"345f2fdc-585a-4ba4-b40c-f8f412266654:72f2eb93-eb9f-41b4-94b6-11dc2fd63ba1"},{"type":"single","resource":"345f2fdc-585a-4ba4-b40c-f8f412266654:87ab926b-c494-4319-a30d-8ed57b53feeb"},{"type":"single","resource":"345f2fdc-585a-4ba4-b40c-f8f412266654:ca8b2e57-3c35-4dc6-986c-2da86fddd4c0"},{"type":"single","resource":"345f2fdc-585a-4ba4-b40c-f8f412266654:5c646e70-878f-41dc-9179-d722c194593e"},{"type":"single","resource":"345f2fdc-585a-4ba4-b40c-f8f412266654:818bc67b-ed60-4aee-b1fc-7159453de8db"},{"type":"single","resource":"345f2fdc-585a-4ba4-b40c-f8f412266654:b7bb3cf2-f452-4160-89c5-a10667f69baa"},{"type":"single","resource":"345f2fdc-585a-4ba4-b40c-f8f412266654:7aaf77f1-fc50-483a-a8f0-4ad9e68cd35d"},{"type":"single","resource":"345f2fdc-585a-4ba4-b40c-f8f412266654:b5a56cd6-6a00-4a58-8608-37972b466491"},{"type":"single","resource":"345f2fdc-585a-4ba4-b40c-f8f412266654:2cb6a855-328f-4d54-93c2-1c3cc1a6d7df"},{"type":"single","resource":"345f2fdc-585a-4ba4-b40c-f8f412266654:9a35a67e-b727-4b76-9f2d-0a29c2fd178c"},{"type":"single","resource":"345f2fdc-585a-4ba4-b40c-f8f412266654:55c99958-a860-44f5-910b-7b12c58376ec"},{"type":"single","resource":"345f2fdc-585a-4ba4-b40c-f8f412266654:196a7e29-152d-4d83-a85f-7f8ac8f70f66"},{"type":"single","resource":"345f2fdc-585a-4ba4-b40c-f8f412266654:6f54b208-f5ec-4203-9c74-e8c59d4d8c9b"},{"type":"single","resource":"345f2fdc-585a-4ba4-b40c-f8f412266654:ea3f79fb-40b9-4981-8714-224ca7c56764"},{"type":"single","resource":"345f2fdc-585a-4ba4-b40c-f8f412266654:247fce66-1fc8-42e9-9f88-3335ce97f51a"},{"type":"single","resource":"345f2fdc-585a-4ba4-b40c-f8f412266654:98d0d0a0-ddd7-4280-8781-b54e9814f987"},{"type":"single","resource":"345f2fdc-585a-4ba4-b40c-f8f412266654:84937c9d-f63c-4d0a-9f16-701f8e873331"},{"type":"single","resource":"345f2fdc-585a-4ba4-b40c-f8f412266654:251bc86c-3c3b-4e32-8beb-dca43305d859"},{"type":"single","resource":"345f2fdc-585a-4ba4-b40c-f8f412266654:81575177-d1fa-432e-b682-25b4fabd5baf"},{"type":"single","resource":"345f2fdc-585a-4ba4-b40c-f8f412266654:f9c60846-1db7-46af-8c78-f8177448c8cb"},{"type":"single","resource":"345f2fdc-585a-4ba4-b40c-f8f412266654:27c8df91-8523-435c-a041-0600018d567f"},{"type":"single","resource":"345f2fdc-585a-4ba4-b40c-f8f412266654:c635878e-b575-42a1-98a3-90f7cb82d869"},{"type":"single","resource":"345f2fdc-585a-4ba4-b40c-f8f412266654:06ccc935-a365-461d-b837-60e0a5573577"},{"type":"single","resource":"345f2fdc-585a-4ba4-b40c-f8f412266654:428e0102-6516-4b73-acf4-cffbf027600b"},{"type":"single","resource":"345f2fdc-585a-4ba4-b40c-f8f412266654:a7a221b5-71b5-45bc-9ca3-c0d742cb1a48"},{"type":"single","resource":"345f2fdc-585a-4ba4-b40c-f8f412266654:e3651b4f-0205-40af-af9b-0f2427ce3b21"},{"type":"single","resource":"345f2fdc-585a-4ba4-b40c-f8f412266654:4a9fcf05-e4a3-4b72-9c30-902df660594d"},{"type":"single","resource":"345f2fdc-585a-4ba4-b40c-f8f412266654:faf15b87-34bc-4426-88ad-dfb2b4a1ff7d"},{"type":"single","resource":"345f2fdc-585a-4ba4-b40c-f8f412266654:f4cf06ef-7490-47f9-8aed-728e05fdfafb"},{"type":"single","resource":"345f2fdc-585a-4ba4-b40c-f8f412266654:e911a759-c12e-4952-a12d-198a2785c048"},{"type":"single","resource":"345f2fdc-585a-4ba4-b40c-f8f412266654:f7c35ce8-16ee-4610-9333-a1954462e134"},{"type":"single","resource":"345f2fdc-585a-4ba4-b40c-f8f412266654:398199dc-a906-473d-9fbf-b4ddc4988357"},{"type":"single","resource":"345f2fdc-585a-4ba4-b40c-f8f412266654:2495180b-f183-4d3d-a035-967fe21444cb"},{"type":"single","resource":"345f2fdc-585a-4ba4-b40c-f8f412266654:35a4d966-5a8a-4183-9a71-642fe3ae93ab"},{"type":"single","resource":"345f2fdc-585a-4ba4-b40c-f8f412266654:ecf17f3e-fe3e-4b07-8c9e-5bdf5522c0aa"},{"type":"single","resource":"345f2fdc-585a-4ba4-b40c-f8f412266654:db2a0fd5-4654-4e73-a7b3-9decf2b168be"},{"type":"single","resource":"345f2fdc-585a-4ba4-b40c-f8f412266654:90cf0343-2e54-46f7-90d7-58baf0ac43ea"},{"type":"single","resource":"345f2fdc-585a-4ba4-b40c-f8f412266654:9ad32289-7369-41e8-92fe-7c5a2736eec3"},{"type":"single","resource":"345f2fdc-585a-4ba4-b40c-f8f412266654:863b12d2-c96d-4e42-ae96-bcf348e1eef1"},{"type":"single","resource":"345f2fdc-585a-4ba4-b40c-f8f412266654:915c02cb-892d-460b-a7d2-beb86a19ec94"},{"type":"single","resource":"345f2fdc-585a-4ba4-b40c-f8f412266654:0e767c5c-1998-4dbd-a8c0-ca8bf05e7484"},{"type":"single","resource":"345f2fdc-585a-4ba4-b40c-f8f412266654:e1520559-9269-4e74-838c-01acf37c9ad1"},{"type":"single","resource":"345f2fdc-585a-4ba4-b40c-f8f412266654:9bb49143-3b7a-4413-a6a5-6316dd0dd860"},{"type":"single","resource":"345f2fdc-585a-4ba4-b40c-f8f412266654:154615cd-6e52-408a-9fe4-a071e34c9a1f"},{"type":"single","resource":"345f2fdc-585a-4ba4-b40c-f8f412266654:ebaa7c90-5093-4d4d-af5e-846adb924a55"},{"type":"single","resource":"345f2fdc-585a-4ba4-b40c-f8f412266654:77337511-2c54-4f18-ba39-2fab30d780b8"},{"type":"single","resource":"345f2fdc-585a-4ba4-b40c-f8f412266654:8330b6fb-0871-4f33-b148-70394d9e0a0f"},{"type":"single","resource":"345f2fdc-585a-4ba4-b40c-f8f412266654:d7aa95ec-7212-44bc-94fc-0e45fd59e25c"},{"type":"single","resource":"345f2fdc-585a-4ba4-b40c-f8f412266654:96c1779c-adde-4b12-b43d-4522669d22d2"},{"type":"single","resource":"345f2fdc-585a-4ba4-b40c-f8f412266654:d9dd4a9c-d0fa-4e2d-8726-a1d9551defcc"},{"type":"single","resource":"345f2fdc-585a-4ba4-b40c-f8f412266654:7fd47f83-9336-48f2-a3c7-e29f6c4cde89"},{"type":"single","resource":"345f2fdc-585a-4ba4-b40c-f8f412266654:1413bb53-cc13-4f7b-bfba-ff8f1b1fae83"},{"type":"single","resource":"345f2fdc-585a-4ba4-b40c-f8f412266654:984f37f0-3c4a-4069-b6c1-61f501f970d1"},{"type":"single","resource":"345f2fdc-585a-4ba4-b40c-f8f412266654:310d2781-5055-4c0f-9b16-4af5b57f1c43"},{"type":"single","resource":"345f2fdc-585a-4ba4-b40c-f8f412266654:d9059999-e441-4d57-8bbe-4d503bb13ed3"},{"type":"single","resource":"345f2fdc-585a-4ba4-b40c-f8f412266654:08aa25f3-dfe1-40ce-b9ca-4117d9ddd394"},{"type":"single","resource":"345f2fdc-585a-4ba4-b40c-f8f412266654:2debbf02-e020-4568-ab19-edf14dbc9488"},{"type":"single","resource":"345f2fdc-585a-4ba4-b40c-f8f412266654:cfb7a71f-aff5-43c1-a28e-22b6501b5e05"},{"type":"single","resource":"345f2fdc-585a-4ba4-b40c-f8f412266654:f73b156b-2ee1-4cd3-877a-dca18fe35292"},{"type":"single","resource":"24496260-e1e7-41f7-af81-b97e8df82233:1e46cb1f-7fcc-456e-91bc-f1ba016fb6df"},{"type":"single","resource":"24496260-e1e7-41f7-af81-b97e8df82233:36bb2328-c138-4ca1-bc16-b4bf324da5e1"},{"type":"single","resource":"24496260-e1e7-41f7-af81-b97e8df82233:e97238e4-6c9e-4207-b132-65e3d87ef565"},{"type":"single","resource":"item/leather_horse_armor"},{"type":"single","resource":"24496260-e1e7-41f7-af81-b97e8df82233:0b3db28c-6fdd-4ed0-ac92-43f5b661feb3"},{"type":"single","resource":"345f2fdc-585a-4ba4-b40c-f8f412266654:7b8451f4-c96b-4abc-8da8-4b55b69421d7"},{"type":"single","resource":"345f2fdc-585a-4ba4-b40c-f8f412266654:fb47e543-ad92-4d8e-a50a-fea64224bee6"},{"type":"single","resource":"345f2fdc-585a-4ba4-b40c-f8f412266654:54c9d273-46d2-4f9c-a515-d18a06e0462f"},{"type":"single","resource":"345f2fdc-585a-4ba4-b40c-f8f412266654:26f7ae00-4d0a-4952-9021-fcd502d4eef1"},{"type":"single","resource":"345f2fdc-585a-4ba4-b40c-f8f412266654:3182bc02-a480-4720-ab23-e87a1ea2a9ee"},{"type":"single","resource":"345f2fdc-585a-4ba4-b40c-f8f412266654:3fe6b06f-a181-4183-9496-422914cbbf4e"},{"type":"single","resource":"345f2fdc-585a-4ba4-b40c-f8f412266654:30f6daf4-4e78-4c14-8fe9-8ddce8e0e9fb"},{"type":"single","resource":"345f2fdc-585a-4ba4-b40c-f8f412266654:03649be3-d9ce-48d3-8649-66be813f1c72"},{"type":"single","resource":"345f2fdc-585a-4ba4-b40c-f8f412266654:1f3c2011-4e22-4060-8a17-9bc8b0755e76"},{"type":"single","resource":"345f2fdc-585a-4ba4-b40c-f8f412266654:3e2d53e5-ba84-4f49-ae9c-fe47f1c15138"},{"type":"single","resource":"345f2fdc-585a-4ba4-b40c-f8f412266654:73facb1a-9be6-49b4-b265-9d8a3887d6aa"},{"type":"single","resource":"345f2fdc-585a-4ba4-b40c-f8f412266654:0a2a7a1b-acf2-4e80-8ddf-c6a09fc6bfb5"},{"type":"single","resource":"345f2fdc-585a-4ba4-b40c-f8f412266654:c6d725fc-be4f-42ca-89fe-30770d9913bd"},{"type":"single","resource":"345f2fdc-585a-4ba4-b40c-f8f412266654:6b9a9898-d3fa-4a09-ab98-7ef5e5623174"},{"type":"single","resource":"345f2fdc-585a-4ba4-b40c-f8f412266654:6485aa93-0004-49c2-a9db-66cadd43e6e3"},{"type":"single","resource":"345f2fdc-585a-4ba4-b40c-f8f412266654:b74d7990-f4c3-42a7-92f2-d30ba72e3894"},{"type":"single","resource":"345f2fdc-585a-4ba4-b40c-f8f412266654:23c70844-9203-4346-8d94-1db1f85f0fe7"},{"type":"single","resource":"345f2fdc-585a-4ba4-b40c-f8f412266654:f7f3f9fb-23c5-4f95-b487-234c30204fa1"},{"type":"single","resource":"345f2fdc-585a-4ba4-b40c-f8f412266654:fba42493-84f0-4b0b-b4f1-d092ac9687a8"},{"type":"single","resource":"345f2fdc-585a-4ba4-b40c-f8f412266654:77343956-92f8-46fe-93a5-7435cf852eec"},{"type":"single","resource":"345f2fdc-585a-4ba4-b40c-f8f412266654:4f0947d7-b159-4cb0-9e8f-46e889744200"},{"type":"single","resource":"345f2fdc-585a-4ba4-b40c-f8f412266654:ec3796fa-9ca3-41ae-b8f5-cc6cce53df0c"},{"type":"single","resource":"345f2fdc-585a-4ba4-b40c-f8f412266654:8120b087-1fa4-43fd-a09f-cef01479b6a2"},{"type":"single","resource":"345f2fdc-585a-4ba4-b40c-f8f412266654:82ab04d3-9a59-4db5-b1fd-b091e9284d9e"},{"type":"single","resource":"345f2fdc-585a-4ba4-b40c-f8f412266654:cc56b908-8485-4abc-8f0e-308f3c0f08f7"},{"type":"single","resource":"345f2fdc-585a-4ba4-b40c-f8f412266654:c11008be-f7cc-4382-a146-b2b445c0268b"},{"type":"single","resource":"345f2fdc-585a-4ba4-b40c-f8f412266654:de3f78f3-5066-4a9c-9cc0-951931719714"},{"type":"single","resource":"345f2fdc-585a-4ba4-b40c-f8f412266654:86619d2a-cbd5-40b1-9751-f23f1f4279c7"},{"type":"single","resource":"345f2fdc-585a-4ba4-b40c-f8f412266654:1b406285-6ee5-4c06-842c-1dc48edd7ac1"},{"type":"single","resource":"345f2fdc-585a-4ba4-b40c-f8f412266654:745e1601-bb6b-4136-b1bb-c2c1f11d03ff"},{"type":"single","resource":"345f2fdc-585a-4ba4-b40c-f8f412266654:9d24bf0e-8304-4900-99ea-028f66cdb5cf"},{"type":"single","resource":"345f2fdc-585a-4ba4-b40c-f8f412266654:5ed165c5-66a2-40b7-9bba-da63bb913482"},{"type":"single","resource":"345f2fdc-585a-4ba4-b40c-f8f412266654:b00ecd29-7476-46e3-bf5f-d94ecc1f9d2a"},{"type":"single","resource":"345f2fdc-585a-4ba4-b40c-f8f412266654:bd71684f-eefe-4015-9217-dd0504a57127"},{"type":"single","resource":"345f2fdc-585a-4ba4-b40c-f8f412266654:57a72b82-383b-4744-9112-e24568ace1ac"},{"type":"single","resource":"345f2fdc-585a-4ba4-b40c-f8f412266654:e2fe31a3-414d-484e-afa3-92c17e1a6176"},{"type":"single","resource":"345f2fdc-585a-4ba4-b40c-f8f412266654:53ac55ad-b640-4974-91a5-f4c35f215a98"},{"type":"single","resource":"345f2fdc-585a-4ba4-b40c-f8f412266654:c017c502-8233-4863-b899-3371f3b97f11"},{"type":"single","resource":"345f2fdc-585a-4ba4-b40c-f8f412266654:a6cf6571-9ab4-4f3b-a7fd-40aa1290cd40"},{"type":"single","resource":"345f2fdc-585a-4ba4-b40c-f8f412266654:133c140d-2c07-44c7-9efe-b9c9f7d19b31"},{"type":"single","resource":"345f2fdc-585a-4ba4-b40c-f8f412266654:48c57e95-c1b7-4d19-bddf-3972bd14dc0b"},{"type":"single","resource":"345f2fdc-585a-4ba4-b40c-f8f412266654:c3e6aef4-f889-466f-a479-89f1e87209cc"},{"type":"single","resource":"24496260-e1e7-41f7-af81-b97e8df82233:faa9a2ea-0c7d-414a-9ce0-f69876344a41"},{"type":"single","resource":"345f2fdc-585a-4ba4-b40c-f8f412266654:83d50b33-b0c3-4deb-bec3-ebf7d4d3679c"},{"type":"single","resource":"345f2fdc-585a-4ba4-b40c-f8f412266654:acbbb466-bc3c-434b-b365-dce4af12d669"},{"type":"single","resource":"345f2fdc-585a-4ba4-b40c-f8f412266654:b005c8ae-9c74-466a-8dd3-cdced205acff"},{"type":"single","resource":"345f2fdc-585a-4ba4-b40c-f8f412266654:1efaa883-2c29-4acc-b4ab-011ccb6e4eba"},{"type":"single","resource":"345f2fdc-585a-4ba4-b40c-f8f412266654:5ba690eb-9a32-49af-a270-8ff225bf4a49"},{"type":"single","resource":"345f2fdc-585a-4ba4-b40c-f8f412266654:7c4d54ca-3789-43e3-9d8c-e0d43ecc608e"},{"type":"single","resource":"item/netherite_axe"},{"type":"single","resource":"item/netherite_hoe"},{"type":"single","resource":"item/netherite_pickaxe"},{"type":"single","resource":"item/netherite_shovel"},{"type":"single","resource":"24496260-e1e7-41f7-af81-b97e8df82233:91759f89-c785-494d-8c10-9c3f4284d736"},{"type":"single","resource":"item/netherite_sword"},{"type":"single","resource":"52250f54-5cd5-4486-830b-9f7d38026ad9:e8866d0d-da55-45aa-acdc-89c43bdf6768"},{"type":"single","resource":"52250f54-5cd5-4486-830b-9f7d38026ad9:e8866d0d-da55-45aa-acdc-89c43bdf6768"},{"type":"single","resource":"52250f54-5cd5-4486-830b-9f7d38026ad9:35914f2d-6926-49e1-a308-bf9dfac69311"},{"type":"single","resource":"52250f54-5cd5-4486-830b-9f7d38026ad9:35914f2d-6926-49e1-a308-bf9dfac69311"},{"type":"single","resource":"52250f54-5cd5-4486-830b-9f7d38026ad9:80fce31b-d0d6-4dce-88a2-9e519314e22e"},{"type":"single","resource":"52250f54-5cd5-4486-830b-9f7d38026ad9:16ecebf2-ca43-428d-850a-37dc862b00a7"},{"type":"single","resource":"52250f54-5cd5-4486-830b-9f7d38026ad9:16ecebf2-ca43-428d-850a-37dc862b00a7"},{"type":"single","resource":"52250f54-5cd5-4486-830b-9f7d38026ad9:2443a46a-ace1-44f3-9ae4-40620c7e430e"},{"type":"single","resource":"52250f54-5cd5-4486-830b-9f7d38026ad9:420847c1-53ce-4b9e-ad38-c2794045f374"},{"type":"single","resource":"52250f54-5cd5-4486-830b-9f7d38026ad9:67429aef-b21e-4850-92b8-7f5a320987ea"},{"type":"single","resource":"52250f54-5cd5-4486-830b-9f7d38026ad9:39a03ac7-510c-464f-96cf-fed352ff5ff0"},{"type":"single","resource":"52250f54-5cd5-4486-830b-9f7d38026ad9:851b6205-6c30-4584-9237-a0cc788c2bf0"},{"type":"single","resource":"52250f54-5cd5-4486-830b-9f7d38026ad9:851b6205-6c30-4584-9237-a0cc788c2bf0"},{"type":"single","resource":"52250f54-5cd5-4486-830b-9f7d38026ad9:fef91e43-8b12-45c4-b37a-ba1ff432fafb"},{"type":"single","resource":"52250f54-5cd5-4486-830b-9f7d38026ad9:fef91e43-8b12-45c4-b37a-ba1ff432fafb"},{"type":"single","resource":"52250f54-5cd5-4486-830b-9f7d38026ad9:31558765-f16a-462d-b18a-170ff0832b42"},{"type":"single","resource":"52250f54-5cd5-4486-830b-9f7d38026ad9:6a177b8d-53af-4e6e-b6c6-e83c319c7532"},{"type":"single","resource":"52250f54-5cd5-4486-830b-9f7d38026ad9:3822834d-b1a8-44b7-8ee4-e1f467f7b7db"},{"type":"single","resource":"52250f54-5cd5-4486-830b-9f7d38026ad9:3822834d-b1a8-44b7-8ee4-e1f467f7b7db"},{"type":"single","resource":"52250f54-5cd5-4486-830b-9f7d38026ad9:8a41dc76-268c-4dc2-b8a3-56931994f133"},{"type":"single","resource":"52250f54-5cd5-4486-830b-9f7d38026ad9:8a41dc76-268c-4dc2-b8a3-56931994f133"},{"type":"single","resource":"52250f54-5cd5-4486-830b-9f7d38026ad9:8a41dc76-268c-4dc2-b8a3-56931994f133"},{"type":"single","resource":"52250f54-5cd5-4486-830b-9f7d38026ad9:9b8f89ef-d53d-4aa3-99fd-0d70e3d93003"},{"type":"single","resource":"52250f54-5cd5-4486-830b-9f7d38026ad9:2093851f-b6f5-409f-88ec-3ac95461ce86"},{"type":"single","resource":"52250f54-5cd5-4486-830b-9f7d38026ad9:da4c0572-c005-4c6b-8a9f-6bd1cfa3ff57"},{"type":"single","resource":"52250f54-5cd5-4486-830b-9f7d38026ad9:464053b0-7bab-4c11-b460-070be8d0be50"},{"type":"single","resource":"52250f54-5cd5-4486-830b-9f7d38026ad9:4bf5c254-c394-4827-9a16-e2e4b09a76e5"},{"type":"single","resource":"52250f54-5cd5-4486-830b-9f7d38026ad9:24bd5186-f9ba-469f-a445-bd4bd1a81216"},{"type":"single","resource":"52250f54-5cd5-4486-830b-9f7d38026ad9:3c55a083-ac9e-48e1-9f63-2ab5c95ca5b5"},{"type":"single","resource":"52250f54-5cd5-4486-830b-9f7d38026ad9:3c55a083-ac9e-48e1-9f63-2ab5c95ca5b5"},{"type":"single","resource":"52250f54-5cd5-4486-830b-9f7d38026ad9:a2b10397-2107-4242-bab6-fbb796416984"},{"type":"single","resource":"52250f54-5cd5-4486-830b-9f7d38026ad9:ffbefce3-e11c-4de0-aa18-ae5a74f8a704"},{"type":"single","resource":"52250f54-5cd5-4486-830b-9f7d38026ad9:9c42bbaa-91b2-4683-884c-bf6dd4652ab2"},{"type":"single","resource":"52250f54-5cd5-4486-830b-9f7d38026ad9:ec726503-ccfe-48f7-8992-0123d4656a66"},{"type":"single","resource":"52250f54-5cd5-4486-830b-9f7d38026ad9:ec726503-ccfe-48f7-8992-0123d4656a66"},{"type":"single","resource":"52250f54-5cd5-4486-830b-9f7d38026ad9:4d8313dc-5454-4321-b1ab-cc65f79f48b8"},{"type":"single","resource":"52250f54-5cd5-4486-830b-9f7d38026ad9:4d8313dc-5454-4321-b1ab-cc65f79f48b8"},{"type":"single","resource":"52250f54-5cd5-4486-830b-9f7d38026ad9:31bda922-26ee-4cd1-ab2e-27dee8b8a12a"},{"type":"single","resource":"52250f54-5cd5-4486-830b-9f7d38026ad9:31bda922-26ee-4cd1-ab2e-27dee8b8a12a"},{"type":"single","resource":"52250f54-5cd5-4486-830b-9f7d38026ad9:be5d3a9a-5eb2-499d-84d0-dbd15ab90ce9"},{"type":"single","resource":"52250f54-5cd5-4486-830b-9f7d38026ad9:cd20ec86-dd37-460a-9358-2b1532c34421"},{"type":"single","resource":"52250f54-5cd5-4486-830b-9f7d38026ad9:ada895e0-5e21-44cf-b003-371a728379e8"},{"type":"single","resource":"52250f54-5cd5-4486-830b-9f7d38026ad9:ada895e0-5e21-44cf-b003-371a728379e8"},{"type":"single","resource":"52250f54-5cd5-4486-830b-9f7d38026ad9:8065bcc8-aad5-49fa-9cac-330f31d3e0a7"},{"type":"single","resource":"52250f54-5cd5-4486-830b-9f7d38026ad9:e646a80e-ea79-4fc5-bbd4-4f8ae86b6732"},{"type":"single","resource":"52250f54-5cd5-4486-830b-9f7d38026ad9:aea9bacd-63dc-493d-94bf-c5f537b0f4a2"},{"type":"single","resource":"52250f54-5cd5-4486-830b-9f7d38026ad9:aea9bacd-63dc-493d-94bf-c5f537b0f4a2"},{"type":"single","resource":"24496260-e1e7-41f7-af81-b97e8df82233:a331b45c-6f68-4239-afe1-82cad6b00883"},{"type":"single","resource":"24496260-e1e7-41f7-af81-b97e8df82233:d36f2f1d-fd2c-4082-9be4-86673e9655cc"},{"type":"single","resource":"24496260-e1e7-41f7-af81-b97e8df82233:635ac5e8-b884-462c-8655-499fbb1e53a3"},{"type":"single","resource":"24496260-e1e7-41f7-af81-b97e8df82233:2f826f80-ca78-468f-be16-85f92b47ded3"},{"type":"single","resource":"24496260-e1e7-41f7-af81-b97e8df82233:235513a4-4712-4ddf-9c7c-8160d0ddc66a"},{"type":"single","resource":"24496260-e1e7-41f7-af81-b97e8df82233:dea7cd3a-93a5-415d-99a1-d76796debef4"},{"type":"single","resource":"24496260-e1e7-41f7-af81-b97e8df82233:ceb5ec11-9c99-420a-801e-73aa1d5b2b8a"},{"type":"single","resource":"24496260-e1e7-41f7-af81-b97e8df82233:1ba79015-aa5a-4737-8e05-9aecc7bd84c6"},{"type":"single","resource":"24496260-e1e7-41f7-af81-b97e8df82233:98e73282-be16-4f3d-b007-26c685e17d79"},{"type":"single","resource":"24496260-e1e7-41f7-af81-b97e8df82233:c92e9346-468b-4759-98e5-17ade74b018f"},{"type":"single","resource":"24496260-e1e7-41f7-af81-b97e8df82233:81295448-23cb-4971-8188-07cea6137936"},{"type":"single","resource":"24496260-e1e7-41f7-af81-b97e8df82233:5996a29c-6c09-496a-93f0-dc6cddf18d36"},{"type":"single","resource":"24496260-e1e7-41f7-af81-b97e8df82233:17581e10-39d9-46ef-aa9b-a9f23233c66a"},{"type":"single","resource":"24496260-e1e7-41f7-af81-b97e8df82233:11dd4931-a81e-427b-ba6c-9450c1e1a8b9"},{"type":"single","resource":"24496260-e1e7-41f7-af81-b97e8df82233:f311f5c0-2ebb-428b-9a6f-fa14c705613a"},{"type":"single","resource":"24496260-e1e7-41f7-af81-b97e8df82233:d50ee046-a7f0-4229-8c35-95d0043e6c1e"},{"type":"single","resource":"24496260-e1e7-41f7-af81-b97e8df82233:becc50ac-3bf2-4568-8201-a671a42b20fa"},{"type":"single","resource":"24496260-e1e7-41f7-af81-b97e8df82233:c74b11cc-dec1-4334-b1c7-81acc41b4a62"},{"type":"single","resource":"24496260-e1e7-41f7-af81-b97e8df82233:40413920-dcef-4602-8b1e-6783c1260cb3"},{"type":"single","resource":"24496260-e1e7-41f7-af81-b97e8df82233:92cc7503-51ef-4b52-9451-3c5a932f2b5e"},{"type":"single","resource":"24496260-e1e7-41f7-af81-b97e8df82233:dd0da489-87fd-4c62-a270-73dde054271b"},{"type":"single","resource":"24496260-e1e7-41f7-af81-b97e8df82233:71f9ec1c-d2cf-41f2-9b11-de65bde656be"},{"type":"single","resource":"24496260-e1e7-41f7-af81-b97e8df82233:f0db5422-af66-4295-8255-b0ae23cd7236"},{"type":"single","resource":"24496260-e1e7-41f7-af81-b97e8df82233:436fcc9a-5dd2-42c7-ad3e-e82740e15805"},{"type":"single","resource":"24496260-e1e7-41f7-af81-b97e8df82233:004aefbb-f245-48bd-8b6f-ddba72d7d93f"},{"type":"single","resource":"24496260-e1e7-41f7-af81-b97e8df82233:cc651461-65f0-47bb-9ff2-171b66994a2b"},{"type":"single","resource":"24496260-e1e7-41f7-af81-b97e8df82233:ca49c559-bad4-428c-9854-f4938be727a6"},{"type":"single","resource":"24496260-e1e7-41f7-af81-b97e8df82233:34230556-65fd-40c2-a97b-db34dbd83db4"},{"type":"single","resource":"24496260-e1e7-41f7-af81-b97e8df82233:8be065f1-df45-46d1-a812-1e74964f0c58"},{"type":"single","resource":"24496260-e1e7-41f7-af81-b97e8df82233:5b7f60bb-11fe-410c-8267-f115bf9b9981"},{"type":"single","resource":"24496260-e1e7-41f7-af81-b97e8df82233:d9e8d602-5246-43a2-9eba-74dfa673a942"},{"type":"single","resource":"24496260-e1e7-41f7-af81-b97e8df82233:d80f7f6a-53e0-43e0-a436-914d95ac827f"},{"type":"single","resource":"item/paper"},{"type":"single","resource":"24496260-e1e7-41f7-af81-b97e8df82233:1c96dd3b-95b3-4a50-8c43-7970da368668"},{"type":"single","resource":"24496260-e1e7-41f7-af81-b97e8df82233:cdf1ee45-9449-4bc0-af6a-dbbd5378ff87"},{"type":"single","resource":"24496260-e1e7-41f7-af81-b97e8df82233:1ece7d37-c494-478e-b0b0-2378c3e4ba29"},{"type":"single","resource":"24496260-e1e7-41f7-af81-b97e8df82233:5657cd33-9b68-4cdc-aca3-edb8e44dd738"},{"type":"single","resource":"24496260-e1e7-41f7-af81-b97e8df82233:c148d2ee-66b2-4eb2-baec-404385861a89"},{"type":"single","resource":"24496260-e1e7-41f7-af81-b97e8df82233:e450bf33-97a9-489b-b991-239acd4f4ae1"},{"type":"single","resource":"24496260-e1e7-41f7-af81-b97e8df82233:5f2550fe-9837-4c68-9d21-0a086179be34"},{"type":"single","resource":"24496260-e1e7-41f7-af81-b97e8df82233:b9e9f968-2d5d-44c2-bae0-b0fc77bf72be"},{"type":"single","resource":"24496260-e1e7-41f7-af81-b97e8df82233:07d3b865-ba04-4d4c-9c4f-20aacdf8b7a4"},{"type":"single","resource":"345f2fdc-585a-4ba4-b40c-f8f412266654:3f6da21b-97fb-4aa7-adfc-b9002f1a3e2a"},{"type":"single","resource":"345f2fdc-585a-4ba4-b40c-f8f412266654:3f6da21b-97fb-4aa7-adfc-b9002f1a3e2a"},{"type":"single","resource":"345f2fdc-585a-4ba4-b40c-f8f412266654:ccacdc54-63f1-45b5-a6d8-edb747010ed6"},{"type":"single","resource":"345f2fdc-585a-4ba4-b40c-f8f412266654:09035323-6520-4976-9076-75c403639587"},{"type":"single","resource":"345f2fdc-585a-4ba4-b40c-f8f412266654:09035323-6520-4976-9076-75c403639587"},{"type":"single","resource":"345f2fdc-585a-4ba4-b40c-f8f412266654:fa3c2ab1-33c6-4b8e-aaf1-098c72f69378"},{"type":"single","resource":"345f2fdc-585a-4ba4-b40c-f8f412266654:21cacc7c-996a-4b3f-9089-b4b385cc1d25"},{"type":"single","resource":"345f2fdc-585a-4ba4-b40c-f8f412266654:21cacc7c-996a-4b3f-9089-b4b385cc1d25"},{"type":"single","resource":"345f2fdc-585a-4ba4-b40c-f8f412266654:13649bfb-84a2-47e5-80fc-746f63625e84"},{"type":"single","resource":"345f2fdc-585a-4ba4-b40c-f8f412266654:13649bfb-84a2-47e5-80fc-746f63625e84"},{"type":"single","resource":"345f2fdc-585a-4ba4-b40c-f8f412266654:13649bfb-84a2-47e5-80fc-746f63625e84"},{"type":"single","resource":"345f2fdc-585a-4ba4-b40c-f8f412266654:13649bfb-84a2-47e5-80fc-746f63625e84"},{"type":"single","resource":"345f2fdc-585a-4ba4-b40c-f8f412266654:989bc926-389d-4595-9a13-33486a1b25fe"},{"type":"single","resource":"345f2fdc-585a-4ba4-b40c-f8f412266654:655f9ebf-77be-428e-ad37-1dcb629131dd"},{"type":"single","resource":"345f2fdc-585a-4ba4-b40c-f8f412266654:e4f93a30-d565-43d1-a4a8-c86cd529e954"},{"type":"single","resource":"345f2fdc-585a-4ba4-b40c-f8f412266654:fc22bdeb-dfac-4a33-9bdd-da95496c9d28"},{"type":"single","resource":"345f2fdc-585a-4ba4-b40c-f8f412266654:e647f2ba-2e6c-4834-a54b-933ba710e1d4"},{"type":"single","resource":"345f2fdc-585a-4ba4-b40c-f8f412266654:3f3a995d-c8e5-481c-a458-5fa4abf6d013"},{"type":"single","resource":"345f2fdc-585a-4ba4-b40c-f8f412266654:ab7081e3-42be-41c5-92bb-0dd36a29e69d"},{"type":"single","resource":"345f2fdc-585a-4ba4-b40c-f8f412266654:9e4e32a0-99e3-4de4-8cb4-6e810514b494"},{"type":"single","resource":"345f2fdc-585a-4ba4-b40c-f8f412266654:159fe375-2e1d-4d5c-8b08-370e165848ee"},{"type":"single","resource":"345f2fdc-585a-4ba4-b40c-f8f412266654:e17cccff-333b-4a1a-9050-d3bdab74a8ea"},{"type":"single","resource":"345f2fdc-585a-4ba4-b40c-f8f412266654:94190694-e33f-4aa1-ab75-0b9291d576b7"},{"type":"single","resource":"345f2fdc-585a-4ba4-b40c-f8f412266654:14d90ab2-c93c-44ae-a49b-f893e2fe9505"},{"type":"single","resource":"345f2fdc-585a-4ba4-b40c-f8f412266654:3b4fd2dc-d95f-42eb-9232-6d1f2a08efbe"},{"type":"single","resource":"345f2fdc-585a-4ba4-b40c-f8f412266654:6b96f8fe-e633-46e1-9d8c-5c9ef3ad4d47"},{"type":"single","resource":"345f2fdc-585a-4ba4-b40c-f8f412266654:9b8280c6-e776-4c4d-a9ec-0a70fb9e392d"},{"type":"single","resource":"345f2fdc-585a-4ba4-b40c-f8f412266654:1d3801d2-6eb4-4493-9100-837eab48dced"},{"type":"single","resource":"345f2fdc-585a-4ba4-b40c-f8f412266654:f1fff6d0-1703-4086-b48f-a334866af690"},{"type":"single","resource":"345f2fdc-585a-4ba4-b40c-f8f412266654:780ccf5d-9153-4608-8505-f3d66e0e2010"},{"type":"single","resource":"345f2fdc-585a-4ba4-b40c-f8f412266654:27e62320-2b0e-4ef9-86d7-0c0add769483"},{"type":"single","resource":"345f2fdc-585a-4ba4-b40c-f8f412266654:cb2eaf31-f262-4a92-ad51-473cb7d5a54b"},{"type":"single","resource":"345f2fdc-585a-4ba4-b40c-f8f412266654:f824a0a5-98bf-4f16-a19e-6d10fd509e24"},{"type":"single","resource":"345f2fdc-585a-4ba4-b40c-f8f412266654:bcd62788-2083-4900-8ff2-e015e0977e52"},{"type":"single","resource":"345f2fdc-585a-4ba4-b40c-f8f412266654:8c15e902-5e12-48a0-bec8-655caa8847cd"},{"type":"single","resource":"345f2fdc-585a-4ba4-b40c-f8f412266654:708aaf40-da10-45c3-9324-12538370e79f"},{"type":"single","resource":"345f2fdc-585a-4ba4-b40c-f8f412266654:0f864ebc-2cca-4e75-8681-3280f22b0f2d"},{"type":"single","resource":"345f2fdc-585a-4ba4-b40c-f8f412266654:c43e417b-4ac0-4630-b8ba-053b48a98e39"},{"type":"single","resource":"345f2fdc-585a-4ba4-b40c-f8f412266654:7ff880ce-91fc-45bf-93a1-d3277d26ba23"},{"type":"single","resource":"345f2fdc-585a-4ba4-b40c-f8f412266654:7fcabae2-e606-4393-9f50-b3701e38d30e"},{"type":"single","resource":"345f2fdc-585a-4ba4-b40c-f8f412266654:75ae551a-4443-4b4a-bdd3-0eeb77af67c9"},{"type":"single","resource":"345f2fdc-585a-4ba4-b40c-f8f412266654:88619dea-d2b4-4db9-81db-507fcc52cf34"},{"type":"single","resource":"345f2fdc-585a-4ba4-b40c-f8f412266654:9ff41ec8-0198-421c-a26e-3b88a16e3a2d"},{"type":"single","resource":"345f2fdc-585a-4ba4-b40c-f8f412266654:a5235ae3-6bdc-44d0-8f71-45da572539e4"},{"type":"single","resource":"345f2fdc-585a-4ba4-b40c-f8f412266654:9d2e7d98-ba1b-4506-aeac-5d672ada843b"},{"type":"single","resource":"345f2fdc-585a-4ba4-b40c-f8f412266654:c8c5c162-14ed-4cda-b969-938f65ca3c72"},{"type":"single","resource":"345f2fdc-585a-4ba4-b40c-f8f412266654:051b0230-6e5b-472a-ba9c-6a848b3164f5"},{"type":"single","resource":"345f2fdc-585a-4ba4-b40c-f8f412266654:2fa500b6-3c82-4b76-b499-c6e7ef766941"},{"type":"single","resource":"345f2fdc-585a-4ba4-b40c-f8f412266654:35681564-7391-4a6f-ae6d-49aaf6b9d19a"},{"type":"single","resource":"345f2fdc-585a-4ba4-b40c-f8f412266654:ce716194-c57f-4da4-8489-f2c6d8181513"},{"type":"single","resource":"345f2fdc-585a-4ba4-b40c-f8f412266654:f9f641b3-df81-45b2-8ddc-14f5c77ba5d2"},{"type":"single","resource":"345f2fdc-585a-4ba4-b40c-f8f412266654:ac247223-8a08-4725-8392-d4302fa426c5"},{"type":"single","resource":"345f2fdc-585a-4ba4-b40c-f8f412266654:adc115c4-ab23-4ea8-b304-1121ee75bb43"},{"type":"single","resource":"345f2fdc-585a-4ba4-b40c-f8f412266654:61f5c68a-821e-4594-bf12-a30988aa427b"},{"type":"single","resource":"345f2fdc-585a-4ba4-b40c-f8f412266654:263be1c3-366d-45f8-bc95-7c79172e0ced"},{"type":"single","resource":"345f2fdc-585a-4ba4-b40c-f8f412266654:494041e0-aa1e-4720-bc66-6d3af772115f"},{"type":"single","resource":"345f2fdc-585a-4ba4-b40c-f8f412266654:e049fa63-ff1a-4cef-95e2-d44fe636d488"},{"type":"single","resource":"345f2fdc-585a-4ba4-b40c-f8f412266654:9c2a3d1e-5320-4e2d-9dcf-fafd5f9285a6"},{"type":"single","resource":"345f2fdc-585a-4ba4-b40c-f8f412266654:7b7f775f-ada9-4962-941e-fade25e5ac9f"},{"type":"single","resource":"345f2fdc-585a-4ba4-b40c-f8f412266654:9f137c1f-074b-4a3c-95d0-9df0bd98e76e"},{"type":"single","resource":"345f2fdc-585a-4ba4-b40c-f8f412266654:90feebff-7056-4160-beaf-bd0f573fa358"},{"type":"single","resource":"345f2fdc-585a-4ba4-b40c-f8f412266654:48c26182-e0d8-4144-ad68-01d95b6e2dd7"},{"type":"single","resource":"345f2fdc-585a-4ba4-b40c-f8f412266654:7c50d81e-3e09-42e9-a5b8-1ca19b11d1cf"},{"type":"single","resource":"345f2fdc-585a-4ba4-b40c-f8f412266654:9d58d23a-3270-4650-a212-4075239ae4e8"},{"type":"single","resource":"345f2fdc-585a-4ba4-b40c-f8f412266654:16ca7443-ad5a-4a55-84a6-e06f933f9666"},{"type":"single","resource":"345f2fdc-585a-4ba4-b40c-f8f412266654:dffc9ad9-9b46-4730-9cad-8f63b3a437d3"},{"type":"single","resource":"345f2fdc-585a-4ba4-b40c-f8f412266654:c326014f-c46a-4016-bfd4-3ae3005f032b"},{"type":"single","resource":"345f2fdc-585a-4ba4-b40c-f8f412266654:7e2eb660-84d4-435e-8a97-b7191b9982b1"},{"type":"single","resource":"345f2fdc-585a-4ba4-b40c-f8f412266654:45e9135b-21e1-40fb-94ec-d67d9a39fdfa"},{"type":"single","resource":"345f2fdc-585a-4ba4-b40c-f8f412266654:8fa2541b-c8b0-414c-bdb5-5ec6e72e435c"},{"type":"single","resource":"345f2fdc-585a-4ba4-b40c-f8f412266654:1a041c44-f48b-451b-8544-604495048168"},{"type":"single","resource":"345f2fdc-585a-4ba4-b40c-f8f412266654:d661107b-dfd7-45f1-86b5-b5074aa17664"},{"type":"single","resource":"345f2fdc-585a-4ba4-b40c-f8f412266654:ff1cdcdf-60c4-47f1-bbd9-8044c178c7c0"},{"type":"single","resource":"345f2fdc-585a-4ba4-b40c-f8f412266654:50b29bb0-73e3-4a35-b400-ff7469b9abd1"},{"type":"single","resource":"345f2fdc-585a-4ba4-b40c-f8f412266654:138a3a55-cbd6-4d6a-8ce1-5cbacdfb02bd"},{"type":"single","resource":"345f2fdc-585a-4ba4-b40c-f8f412266654:3f8639e0-12b3-4922-9d01-e2fac2e1c76e"},{"type":"single","resource":"345f2fdc-585a-4ba4-b40c-f8f412266654:4b9ccc68-c298-4801-8f51-40ab49e045c9"},{"type":"single","resource":"345f2fdc-585a-4ba4-b40c-f8f412266654:c7143882-621a-4ca6-91af-15cf2583faa5"},{"type":"single","resource":"345f2fdc-585a-4ba4-b40c-f8f412266654:acb9ae7e-dbac-4017-9efb-33780da4b160"},{"type":"single","resource":"345f2fdc-585a-4ba4-b40c-f8f412266654:36727fbf-a6f7-4a87-9158-c4e9f44e9e3a"},{"type":"single","resource":"345f2fdc-585a-4ba4-b40c-f8f412266654:e5a8b8c9-975b-4961-b17e-6c842f1c9b91"},{"type":"single","resource":"345f2fdc-585a-4ba4-b40c-f8f412266654:15ed6223-d93b-42b7-abaf-6acf000bcf07"},{"type":"single","resource":"345f2fdc-585a-4ba4-b40c-f8f412266654:048cb921-4356-44b4-a314-a8b0c00dd383"},{"type":"single","resource":"345f2fdc-585a-4ba4-b40c-f8f412266654:24d67844-01e7-44fb-999d-de2363033193"},{"type":"single","resource":"345f2fdc-585a-4ba4-b40c-f8f412266654:4dd0a641-865e-4916-a6e8-bcb57457c1a6"},{"type":"single","resource":"345f2fdc-585a-4ba4-b40c-f8f412266654:6c03afa3-94c9-41a0-909e-198e79ae12b9"},{"type":"single","resource":"345f2fdc-585a-4ba4-b40c-f8f412266654:be6cb8f5-afa6-49bf-9260-550f8f82fe9e"},{"type":"single","resource":"345f2fdc-585a-4ba4-b40c-f8f412266654:a3777c13-532a-4931-9920-e1b2b62479ce"},{"type":"single","resource":"345f2fdc-585a-4ba4-b40c-f8f412266654:e920f0b1-a5c9-4534-aa53-cf366109e480"},{"type":"single","resource":"345f2fdc-585a-4ba4-b40c-f8f412266654:c32db330-69c5-4034-aa72-573393686318"},{"type":"single","resource":"345f2fdc-585a-4ba4-b40c-f8f412266654:f9e5120e-e32b-4ab3-b9f9-ce66836d2792"},{"type":"single","resource":"345f2fdc-585a-4ba4-b40c-f8f412266654:5ed432cb-6020-41df-bd94-ecad1923bb0b"},{"type":"single","resource":"345f2fdc-585a-4ba4-b40c-f8f412266654:eb62f7b9-d169-4f1c-a406-87e68b7718bd"},{"type":"single","resource":"345f2fdc-585a-4ba4-b40c-f8f412266654:5e640abc-24ca-4d91-8589-74f401b426a3"},{"type":"single","resource":"24496260-e1e7-41f7-af81-b97e8df82233:29d8763d-4bb0-4ecc-bef8-2a7719572fe5"},{"type":"single","resource":"24496260-e1e7-41f7-af81-b97e8df82233:740ce670-5f43-4d2c-b079-576707325b44"},{"type":"single","resource":"345f2fdc-585a-4ba4-b40c-f8f412266654:528563d0-b91d-44f1-b196-0be1d64c4884"},{"type":"single","resource":"345f2fdc-585a-4ba4-b40c-f8f412266654:011f91cb-7cc0-4ed3-a284-9cb575b611ef"},{"type":"single","resource":"345f2fdc-585a-4ba4-b40c-f8f412266654:a79e5259-bcf9-4cfe-be85-fbb5cf5a4b98"},{"type":"single","resource":"345f2fdc-585a-4ba4-b40c-f8f412266654:a79e5259-bcf9-4cfe-be85-fbb5cf5a4b98"},{"type":"single","resource":"345f2fdc-585a-4ba4-b40c-f8f412266654:ec7d396f-4057-427e-a2e5-a867e5159b1b"},{"type":"single","resource":"345f2fdc-585a-4ba4-b40c-f8f412266654:a1cd6a93-f607-4685-b11d-5a9977cd32da"},{"type":"single","resource":"345f2fdc-585a-4ba4-b40c-f8f412266654:ad4a6b3f-3f3c-48a0-93bc-7bc9b2dab71a"},{"type":"single","resource":"345f2fdc-585a-4ba4-b40c-f8f412266654:deb3b119-c818-48c9-bad3-ab85396a1c32"},{"type":"single","resource":"345f2fdc-585a-4ba4-b40c-f8f412266654:b03a8cc3-9d3d-4d85-b998-4b8e1ffe92db"},{"type":"single","resource":"345f2fdc-585a-4ba4-b40c-f8f412266654:2383fb43-a8cc-4fae-928e-7d24c28aaab8"},{"type":"single","resource":"345f2fdc-585a-4ba4-b40c-f8f412266654:2383fb43-a8cc-4fae-928e-7d24c28aaab8"},{"type":"single","resource":"345f2fdc-585a-4ba4-b40c-f8f412266654:87e590bc-84bc-4265-920a-6e6486771e77"},{"type":"single","resource":"345f2fdc-585a-4ba4-b40c-f8f412266654:87e590bc-84bc-4265-920a-6e6486771e77"},{"type":"single","resource":"345f2fdc-585a-4ba4-b40c-f8f412266654:2e103a55-d796-41d4-a8e0-92ce86d0fcf6"},{"type":"single","resource":"345f2fdc-585a-4ba4-b40c-f8f412266654:2e103a55-d796-41d4-a8e0-92ce86d0fcf6"},{"type":"single","resource":"345f2fdc-585a-4ba4-b40c-f8f412266654:1e675eab-79ed-438d-b160-5bb775825008"},{"type":"single","resource":"345f2fdc-585a-4ba4-b40c-f8f412266654:1e675eab-79ed-438d-b160-5bb775825008"},{"type":"single","resource":"345f2fdc-585a-4ba4-b40c-f8f412266654:49e14020-6a0a-4c19-9862-bcf730af19b5"},{"type":"single","resource":"345f2fdc-585a-4ba4-b40c-f8f412266654:49e14020-6a0a-4c19-9862-bcf730af19b5"},{"type":"single","resource":"345f2fdc-585a-4ba4-b40c-f8f412266654:2ccb8991-6740-4dc2-a59a-280f4e2cb7b6"},{"type":"single","resource":"345f2fdc-585a-4ba4-b40c-f8f412266654:2ccb8991-6740-4dc2-a59a-280f4e2cb7b6"},{"type":"single","resource":"345f2fdc-585a-4ba4-b40c-f8f412266654:3117fdfc-ff93-40d6-92b5-c4357575f9d0"},{"type":"single","resource":"345f2fdc-585a-4ba4-b40c-f8f412266654:8e41461e-b43c-4fb9-93e5-273c5f164b0b"},{"type":"single","resource":"345f2fdc-585a-4ba4-b40c-f8f412266654:8e41461e-b43c-4fb9-93e5-273c5f164b0b"},{"type":"single","resource":"345f2fdc-585a-4ba4-b40c-f8f412266654:c3223f9b-8e4f-4c1b-b45f-88acdce0d0e7"},{"type":"single","resource":"345f2fdc-585a-4ba4-b40c-f8f412266654:c3223f9b-8e4f-4c1b-b45f-88acdce0d0e7"},{"type":"single","resource":"345f2fdc-585a-4ba4-b40c-f8f412266654:9063f565-33dc-4e14-bfd1-3165dcb514ab"},{"type":"single","resource":"345f2fdc-585a-4ba4-b40c-f8f412266654:9063f565-33dc-4e14-bfd1-3165dcb514ab"},{"type":"single","resource":"345f2fdc-585a-4ba4-b40c-f8f412266654:038d9018-b4df-4266-8c30-405087740361"},{"type":"single","resource":"345f2fdc-585a-4ba4-b40c-f8f412266654:038d9018-b4df-4266-8c30-405087740361"},{"type":"single","resource":"345f2fdc-585a-4ba4-b40c-f8f412266654:d1ab37b9-b0ff-4e9b-90a8-5cfd6410855d"},{"type":"single","resource":"345f2fdc-585a-4ba4-b40c-f8f412266654:d1ab37b9-b0ff-4e9b-90a8-5cfd6410855d"},{"type":"single","resource":"345f2fdc-585a-4ba4-b40c-f8f412266654:2b13c163-fe2a-4176-9dad-3634eb725d81"},{"type":"single","resource":"345f2fdc-585a-4ba4-b40c-f8f412266654:2b13c163-fe2a-4176-9dad-3634eb725d81"},{"type":"single","resource":"345f2fdc-585a-4ba4-b40c-f8f412266654:b8fc6745-73d8-4a2e-8fb8-7748d6867796"},{"type":"single","resource":"345f2fdc-585a-4ba4-b40c-f8f412266654:2df0f9e1-a026-4164-ac51-98da1a5d7ade"},{"type":"single","resource":"345f2fdc-585a-4ba4-b40c-f8f412266654:2df0f9e1-a026-4164-ac51-98da1a5d7ade"},{"type":"single","resource":"345f2fdc-585a-4ba4-b40c-f8f412266654:6bcdfebf-d84e-4a42-ad7a-8d3eb6826520"},{"type":"single","resource":"345f2fdc-585a-4ba4-b40c-f8f412266654:6bcdfebf-d84e-4a42-ad7a-8d3eb6826520"},{"type":"single","resource":"345f2fdc-585a-4ba4-b40c-f8f412266654:cc8d5f4b-dfef-4b57-8f70-bc8e713777b0"},{"type":"single","resource":"345f2fdc-585a-4ba4-b40c-f8f412266654:cc8d5f4b-dfef-4b57-8f70-bc8e713777b0"},{"type":"single","resource":"345f2fdc-585a-4ba4-b40c-f8f412266654:df68de24-0ef1-401f-8c8f-af52ce758f49"},{"type":"single","resource":"345f2fdc-585a-4ba4-b40c-f8f412266654:df68de24-0ef1-401f-8c8f-af52ce758f49"},{"type":"single","resource":"345f2fdc-585a-4ba4-b40c-f8f412266654:bfa067ad-f5e5-49a4-baec-bc04f2960ed0"},{"type":"single","resource":"345f2fdc-585a-4ba4-b40c-f8f412266654:bfa067ad-f5e5-49a4-baec-bc04f2960ed0"},{"type":"single","resource":"345f2fdc-585a-4ba4-b40c-f8f412266654:d0e4ca28-c701-4250-bb49-5933440291d9"},{"type":"single","resource":"345f2fdc-585a-4ba4-b40c-f8f412266654:d0e4ca28-c701-4250-bb49-5933440291d9"},{"type":"single","resource":"345f2fdc-585a-4ba4-b40c-f8f412266654:af3dcae1-270d-4a62-830d-042e06b82dc5"},{"type":"single","resource":"345f2fdc-585a-4ba4-b40c-f8f412266654:d2362e34-8544-4185-80a7-a3c8359fc89d"},{"type":"single","resource":"345f2fdc-585a-4ba4-b40c-f8f412266654:d2362e34-8544-4185-80a7-a3c8359fc89d"},{"type":"single","resource":"345f2fdc-585a-4ba4-b40c-f8f412266654:c50e96a6-efb1-47b3-ac5b-f9fd8a03203e"},{"type":"single","resource":"345f2fdc-585a-4ba4-b40c-f8f412266654:c50e96a6-efb1-47b3-ac5b-f9fd8a03203e"},{"type":"single","resource":"345f2fdc-585a-4ba4-b40c-f8f412266654:35a76d13-cf17-443f-ab5c-cb1be52dd885"},{"type":"single","resource":"345f2fdc-585a-4ba4-b40c-f8f412266654:35a76d13-cf17-443f-ab5c-cb1be52dd885"},{"type":"single","resource":"345f2fdc-585a-4ba4-b40c-f8f412266654:30d1ba47-a931-4dba-bd52-0ada25677fc9"},{"type":"single","resource":"345f2fdc-585a-4ba4-b40c-f8f412266654:30d1ba47-a931-4dba-bd52-0ada25677fc9"},{"type":"single","resource":"345f2fdc-585a-4ba4-b40c-f8f412266654:b783b56b-c782-4cf5-a9c9-9fc9739d44ba"},{"type":"single","resource":"345f2fdc-585a-4ba4-b40c-f8f412266654:b783b56b-c782-4cf5-a9c9-9fc9739d44ba"},{"type":"single","resource":"345f2fdc-585a-4ba4-b40c-f8f412266654:246ed631-9eab-4d66-9e24-5e18a36f2cf3"},{"type":"single","resource":"345f2fdc-585a-4ba4-b40c-f8f412266654:246ed631-9eab-4d66-9e24-5e18a36f2cf3"},{"type":"single","resource":"345f2fdc-585a-4ba4-b40c-f8f412266654:32b706af-215c-45c5-844e-7f68d2fe7856"},{"type":"single","resource":"345f2fdc-585a-4ba4-b40c-f8f412266654:1d41243c-39e7-4c4e-ac0d-a2e17ae2d995"},{"type":"single","resource":"345f2fdc-585a-4ba4-b40c-f8f412266654:1d41243c-39e7-4c4e-ac0d-a2e17ae2d995"},{"type":"single","resource":"345f2fdc-585a-4ba4-b40c-f8f412266654:48d05e22-989d-42ae-9d2a-6ea3815be924"},{"type":"single","resource":"345f2fdc-585a-4ba4-b40c-f8f412266654:48d05e22-989d-42ae-9d2a-6ea3815be924"},{"type":"single","resource":"345f2fdc-585a-4ba4-b40c-f8f412266654:696ec065-55e6-48b3-ab2f-6d9407aabc11"},{"type":"single","resource":"345f2fdc-585a-4ba4-b40c-f8f412266654:696ec065-55e6-48b3-ab2f-6d9407aabc11"},{"type":"single","resource":"345f2fdc-585a-4ba4-b40c-f8f412266654:f4caa479-ea09-4b58-bb4a-ebd2607410be"},{"type":"single","resource":"345f2fdc-585a-4ba4-b40c-f8f412266654:f4caa479-ea09-4b58-bb4a-ebd2607410be"},{"type":"single","resource":"345f2fdc-585a-4ba4-b40c-f8f412266654:21ae6ca9-346e-4aba-b0ed-c1548ca05b05"},{"type":"single","resource":"345f2fdc-585a-4ba4-b40c-f8f412266654:21ae6ca9-346e-4aba-b0ed-c1548ca05b05"},{"type":"single","resource":"345f2fdc-585a-4ba4-b40c-f8f412266654:cd8c5b53-0c79-4be8-8e95-c834c63b359f"},{"type":"single","resource":"345f2fdc-585a-4ba4-b40c-f8f412266654:cd8c5b53-0c79-4be8-8e95-c834c63b359f"},{"type":"single","resource":"345f2fdc-585a-4ba4-b40c-f8f412266654:de7105a4-c029-40c3-a3d7-296d753df424"},{"type":"single","resource":"345f2fdc-585a-4ba4-b40c-f8f412266654:7bb8166e-8b4a-444c-a629-98444cbbb0dd"},{"type":"single","resource":"345f2fdc-585a-4ba4-b40c-f8f412266654:7bb8166e-8b4a-444c-a629-98444cbbb0dd"},{"type":"single","resource":"345f2fdc-585a-4ba4-b40c-f8f412266654:8156f1cd-a32e-4d2f-b11c-39eece6a1788"},{"type":"single","resource":"345f2fdc-585a-4ba4-b40c-f8f412266654:8156f1cd-a32e-4d2f-b11c-39eece6a1788"},{"type":"single","resource":"345f2fdc-585a-4ba4-b40c-f8f412266654:021c7897-4675-4150-9ad8-6ce779537244"},{"type":"single","resource":"345f2fdc-585a-4ba4-b40c-f8f412266654:021c7897-4675-4150-9ad8-6ce779537244"},{"type":"single","resource":"345f2fdc-585a-4ba4-b40c-f8f412266654:23425fb4-8b72-4d6c-b688-5e53173b3cb4"},{"type":"single","resource":"345f2fdc-585a-4ba4-b40c-f8f412266654:23425fb4-8b72-4d6c-b688-5e53173b3cb4"},{"type":"single","resource":"345f2fdc-585a-4ba4-b40c-f8f412266654:6b2c0197-c3e2-4667-ba04-dd74c00def7d"},{"type":"single","resource":"345f2fdc-585a-4ba4-b40c-f8f412266654:6b2c0197-c3e2-4667-ba04-dd74c00def7d"},{"type":"single","resource":"345f2fdc-585a-4ba4-b40c-f8f412266654:d93cbd27-06e7-496f-9e04-196be1d786ec"},{"type":"single","resource":"345f2fdc-585a-4ba4-b40c-f8f412266654:d93cbd27-06e7-496f-9e04-196be1d786ec"},{"type":"single","resource":"345f2fdc-585a-4ba4-b40c-f8f412266654:39abee95-2f02-4ffe-b201-6e908245829f"},{"type":"single","resource":"24496260-e1e7-41f7-af81-b97e8df82233:3cede015-5a53-4235-8f95-29e546ba8524"},{"type":"single","resource":"item/wooden_sword"},{"type":"single","resource":"item/wooden_sword"},{"type":"single","resource":"item/wooden_sword"},{"type":"single","resource":"item/wooden_sword"},{"type":"single","resource":"item/wooden_sword"},{"type":"single","resource":"item/wooden_sword"},{"type":"single","resource":"345f2fdc-585a-4ba4-b40c-f8f412266654:7db0552f-1719-4b14-80a7-52648f173b17"},{"type":"single","resource":"345f2fdc-585a-4ba4-b40c-f8f412266654:7db0552f-1719-4b14-80a7-52648f173b17"},{"type":"single","resource":"345f2fdc-585a-4ba4-b40c-f8f412266654:7db0552f-1719-4b14-80a7-52648f173b17"},{"type":"single","resource":"345f2fdc-585a-4ba4-b40c-f8f412266654:7db0552f-1719-4b14-80a7-52648f173b17"},{"type":"single","resource":"345f2fdc-585a-4ba4-b40c-f8f412266654:6a133def-53fc-4153-9e53-198361f59670"},{"type":"single","resource":"345f2fdc-585a-4ba4-b40c-f8f412266654:6a133def-53fc-4153-9e53-198361f59670"},{"type":"single","resource":"345f2fdc-585a-4ba4-b40c-f8f412266654:6a133def-53fc-4153-9e53-198361f59670"},{"type":"single","resource":"345f2fdc-585a-4ba4-b40c-f8f412266654:6a133def-53fc-4153-9e53-198361f59670"},{"type":"single","resource":"345f2fdc-585a-4ba4-b40c-f8f412266654:4bd6d8f8-6559-41ce-b85a-9ed259a8099f"},{"type":"single","resource":"345f2fdc-585a-4ba4-b40c-f8f412266654:4bd6d8f8-6559-41ce-b85a-9ed259a8099f"},{"type":"single","resource":"345f2fdc-585a-4ba4-b40c-f8f412266654:3538497f-95e9-43f6-9e7c-492e4f6dc246"},{"type":"single","resource":"345f2fdc-585a-4ba4-b40c-f8f412266654:3538497f-95e9-43f6-9e7c-492e4f6dc246"}]}