{"display":{"thirdperson_righthand":{"rotation":[59.0,0.0,0.0],"translation":[0.0,2.5,0.75],"scale":[0.3,0.3,0.3]},"firstperson_righthand":{"rotation":[4.0,-11.0,0.0],"translation":[3.5,0.0,0.0]},"ground":{"translation":[0.0,3.5,0.0],"scale":[0.3,0.3,0.3]},"gui":{"rotation":[25.0,45.0,0.0],"translation":[0.0,2.0,0.0],"scale":[0.75,0.76,0.75]},"head":{"translation":[0.0,-12.5,0.0],"scale":[2.5,2.5,2.5]},"fixed":{"translation":[0.0,0.0,-1.75]}},"elements":[{"from":[11.0,1.0,7.0],"to":[13.0,11.0,9.0],"rotation":{"origin":[14.00522,5.0105,7.9843],"x":0.0,"y":0.0,"z":45.0},"faces":{"north":{"uv":[0.0,0.0,6.0,16.0],"texture":"#2"},"east":{"uv":[0.0,0.0,6.0,16.0],"texture":"#2"},"south":{"uv":[0.0,0.0,6.0,16.0],"texture":"#2"},"west":{"uv":[0.0,0.0,6.0,16.0],"texture":"#0"},"up":{"uv":[5.0,8.0,11.0,14.0],"texture":"#4"},"down":{"uv":[0.0,0.0,16.0,16.0],"texture":"#1"}}},{"from":[4.20539,-0.002,8.6],"to":[14.20539,1.998,10.6],"rotation":{"origin":[9.21178,1.60739,7.98673],"x":0.0,"y":45.0,"z":0.0},"faces":{"north":{"uv":[0.0,0.0,6.0,16.0],"texture":"#2","rotation":90},"east":{"uv":[0.0,0.0,16.0,16.0],"texture":"#1","rotation":270},"south":{"uv":[0.0,0.0,6.0,16.0],"texture":"#0","rotation":270},"west":{"uv":[0.0,0.0,16.0,16.0],"texture":"#1","rotation":270},"up":{"uv":[0.0,0.0,6.0,16.0],"texture":"#4","rotation":270},"down":{"uv":[0.0,0.0,6.0,16.0],"texture":"#0","rotation":270}}},{"from":[4.20539,-0.002,3.7],"to":[14.20539,1.998,5.7],"rotation":{"origin":[9.21178,1.60739,7.98673],"x":0.0,"y":45.0,"z":0.0},"faces":{"north":{"uv":[0.0,0.0,6.0,16.0],"texture":"#0","rotation":270},"east":{"uv":[0.0,0.0,16.0,16.0],"texture":"#1","rotation":270},"south":{"uv":[0.0,0.0,6.0,16.0],"texture":"#2","rotation":270},"west":{"uv":[0.0,0.0,16.0,16.0],"texture":"#1","rotation":270},"up":{"uv":[10.0,0.0,16.0,16.0],"texture":"#4","rotation":270},"down":{"uv":[0.0,0.0,6.0,16.0],"texture":"#0","rotation":270}}},{"from":[4.20539,-0.002,6.0],"to":[14.20539,1.998,8.0],"rotation":{"origin":[9.21178,1.60739,7.98673],"x":0.0,"y":45.0,"z":0.0},"faces":{"north":{"uv":[0.0,0.0,6.0,16.0],"texture":"#2","rotation":90},"east":{"uv":[0.0,0.0,16.0,16.0],"texture":"#1","rotation":270},"south":{"uv":[0.0,0.0,6.0,16.0],"texture":"#2","rotation":270},"west":{"uv":[0.0,0.0,16.0,16.0],"texture":"#1","rotation":270},"up":{"uv":[5.0,0.0,11.0,16.0],"texture":"#4","rotation":270},"down":{"uv":[0.0,0.0,6.0,16.0],"texture":"#0","rotation":270}}},{"from":[5.18471,-6.70116,7.0],"to":[7.18471,3.29884,9.0],"rotation":{"origin":[11.89409,4.29909,7.98674],"x":0.0,"y":0.0,"z":-45.0},"faces":{"north":{"uv":[0.0,0.0,6.0,16.0],"texture":"#2"},"east":{"uv":[0.0,0.0,6.0,16.0],"texture":"#2"},"south":{"uv":[0.0,0.0,6.0,16.0],"texture":"#2"},"west":{"uv":[0.0,0.0,6.0,16.0],"texture":"#0"},"up":{"uv":[5.0,8.0,11.0,14.0],"texture":"#4"},"down":{"uv":[0.0,0.0,16.0,16.0],"texture":"#1"}}},{"from":[6.48471,0.99884,11.7],"to":[8.48471,10.99884,13.7],"rotation":{"origin":[6.20322,4.38346,14.99685],"x":-45.0,"y":0.0,"z":0.0},"faces":{"north":{"uv":[0.0,0.0,6.0,16.0],"texture":"#2"},"east":{"uv":[0.0,0.0,6.0,16.0],"texture":"#2"},"south":{"uv":[0.0,0.0,6.0,16.0],"texture":"#2"},"west":{"uv":[0.0,0.0,6.0,16.0],"texture":"#0"},"up":{"uv":[6.0,4.0,12.0,13.0],"texture":"#4"},"down":{"uv":[0.0,0.0,16.0,16.0],"texture":"#1"}}},{"from":[6.48471,0.70054,1.50683],"to":[8.48471,10.70054,3.50683],"rotation":{"origin":[7.4795,3.91307,0.91053],"x":45.0,"y":0.0,"z":0.0},"faces":{"north":{"uv":[0.0,0.0,6.0,16.0],"texture":"#2"},"east":{"uv":[0.0,0.0,6.0,16.0],"texture":"#2"},"south":{"uv":[0.0,0.0,6.0,16.0],"texture":"#2"},"west":{"uv":[0.0,0.0,6.0,16.0],"texture":"#0"},"up":{"uv":[5.0,8.0,11.0,14.0],"texture":"#4"},"down":{"uv":[0.0,0.0,16.0,16.0],"texture":"#1"}}},{"from":[3.2,0.0,2.0],"to":[6.2,2.0,5.0],"faces":{"north":{"uv":[0.0,0.0,7.0,7.0],"texture":"#3"},"east":{"uv":[0.0,0.0,7.0,7.0],"texture":"#3"},"south":{"uv":[0.0,0.0,7.0,7.0],"texture":"#3"},"west":{"uv":[0.0,0.0,7.0,7.0],"texture":"#3"},"up":{"uv":[0.0,0.0,7.0,7.0],"texture":"#3"},"down":{"uv":[0.0,0.0,7.0,7.0],"texture":"#3"}}},{"from":[12.0,0.0,0.0],"to":[15.0,1.0,3.0],"faces":{"north":{"uv":[0.0,0.0,7.0,7.0],"texture":"#3"},"east":{"uv":[0.0,0.0,7.0,7.0],"texture":"#3"},"south":{"uv":[0.0,0.0,7.0,7.0],"texture":"#3"},"west":{"uv":[0.0,0.0,7.0,7.0],"texture":"#3"},"up":{"uv":[0.0,0.0,7.0,7.0],"texture":"#3"},"down":{"uv":[0.0,0.0,7.0,7.0],"texture":"#3"}}},{"from":[12.0,0.0,13.0],"to":[15.0,2.0,16.0],"faces":{"north":{"uv":[0.0,0.0,7.0,7.0],"texture":"#3"},"east":{"uv":[0.0,0.0,7.0,7.0],"texture":"#3"},"south":{"uv":[0.0,0.0,7.0,7.0],"texture":"#3"},"west":{"uv":[0.0,0.0,7.0,7.0],"texture":"#3"},"up":{"uv":[0.0,0.0,7.0,7.0],"texture":"#3"},"down":{"uv":[0.0,0.0,7.0,7.0],"texture":"#3"}}},{"from":[13.0,0.0,11.0],"to":[16.0,1.0,13.0],"faces":{"north":{"uv":[0.0,0.0,7.0,7.0],"texture":"#3"},"east":{"uv":[0.0,0.0,7.0,7.0],"texture":"#3"},"south":{"uv":[0.0,0.0,7.0,7.0],"texture":"#3"},"west":{"uv":[0.0,0.0,7.0,7.0],"texture":"#3"},"up":{"uv":[0.0,0.0,7.0,7.0],"texture":"#3"},"down":{"uv":[0.0,0.0,7.0,7.0],"texture":"#3"}}},{"from":[8.6,0.0,12.7],"to":[11.6,1.0,14.7],"faces":{"north":{"uv":[0.0,0.0,7.0,7.0],"texture":"#3"},"east":{"uv":[0.0,0.0,7.0,7.0],"texture":"#3"},"south":{"uv":[0.0,0.0,7.0,7.0],"texture":"#3"},"west":{"uv":[0.0,0.0,7.0,7.0],"texture":"#3"},"up":{"uv":[0.0,0.0,7.0,7.0],"texture":"#3"},"down":{"uv":[0.0,0.0,7.0,7.0],"texture":"#3"}}},{"from":[0.8,0.0,0.6],"to":[2.8,1.0,2.7],"faces":{"north":{"uv":[0.0,0.0,7.0,7.0],"texture":"#3"},"east":{"uv":[0.0,0.0,7.0,7.0],"texture":"#3"},"south":{"uv":[0.0,0.0,7.0,7.0],"texture":"#3"},"west":{"uv":[0.0,0.0,7.0,7.0],"texture":"#3"},"up":{"uv":[0.0,0.0,7.0,7.0],"texture":"#3"},"down":{"uv":[0.0,0.0,7.0,7.0],"texture":"#3"}}},{"from":[4.1,0.0,13.6],"to":[6.1,1.0,15.6],"faces":{"north":{"uv":[0.0,0.0,7.0,7.0],"texture":"#3"},"east":{"uv":[0.0,0.0,7.0,7.0],"texture":"#3"},"south":{"uv":[0.0,0.0,7.0,7.0],"texture":"#3"},"west":{"uv":[0.0,0.0,7.0,7.0],"texture":"#3"},"up":{"uv":[0.0,0.0,7.0,7.0],"texture":"#3"},"down":{"uv":[0.0,0.0,7.0,7.0],"texture":"#3"}}},{"from":[14.1,0.0,3.8],"to":[16.1,1.0,5.8],"faces":{"north":{"uv":[0.0,0.0,7.0,7.0],"texture":"#3"},"east":{"uv":[0.0,0.0,7.0,7.0],"texture":"#3"},"south":{"uv":[0.0,0.0,7.0,7.0],"texture":"#3"},"west":{"uv":[0.0,0.0,7.0,7.0],"texture":"#3"},"up":{"uv":[0.0,0.0,7.0,7.0],"texture":"#3"},"down":{"uv":[0.0,0.0,7.0,7.0],"texture":"#3"}}},{"from":[-0.2,0.0,3.7],"to":[2.8,0.6,6.7],"faces":{"north":{"uv":[0.0,0.0,7.0,7.0],"texture":"#3"},"east":{"uv":[0.0,0.0,7.0,7.0],"texture":"#3"},"south":{"uv":[0.0,0.0,7.0,7.0],"texture":"#3"},"west":{"uv":[0.0,0.0,7.0,7.0],"texture":"#3"},"up":{"uv":[0.0,0.0,7.0,7.0],"texture":"#3"},"down":{"uv":[0.0,0.0,7.0,7.0],"texture":"#3"}}},{"from":[0.5,0.0,4.2],"to":[2.3,1.2,6.4],"faces":{"north":{"uv":[0.0,0.0,7.0,7.0],"texture":"#3"},"east":{"uv":[0.0,0.0,7.0,7.0],"texture":"#3"},"south":{"uv":[0.0,0.0,7.0,7.0],"texture":"#3"},"west":{"uv":[0.0,0.0,7.0,7.0],"texture":"#3"},"up":{"uv":[0.0,0.0,7.0,7.0],"texture":"#3"},"down":{"uv":[0.0,0.0,7.0,7.0],"texture":"#3"}}},{"from":[3.5,1.3,2.3],"to":[5.3,2.5,4.5],"faces":{"north":{"uv":[0.0,0.0,7.0,7.0],"texture":"#3"},"east":{"uv":[0.0,0.0,7.0,7.0],"texture":"#3"},"south":{"uv":[0.0,0.0,7.0,7.0],"texture":"#3"},"west":{"uv":[0.0,0.0,7.0,7.0],"texture":"#3"},"up":{"uv":[0.0,0.0,7.0,7.0],"texture":"#3"},"down":{"uv":[0.0,0.0,7.0,7.0],"texture":"#3"}}},{"from":[12.5,0.4,0.4],"to":[14.3,1.6,2.6],"faces":{"north":{"uv":[0.0,0.0,7.0,7.0],"texture":"#3"},"east":{"uv":[0.0,0.0,7.0,7.0],"texture":"#3"},"south":{"uv":[0.0,0.0,7.0,7.0],"texture":"#3"},"west":{"uv":[0.0,0.0,7.0,7.0],"texture":"#3"},"up":{"uv":[0.0,0.0,7.0,7.0],"texture":"#3"},"down":{"uv":[0.0,0.0,7.0,7.0],"texture":"#3"}}},{"from":[1.0,0.0,10.0],"to":[4.0,2.0,13.0],"faces":{"north":{"uv":[0.0,0.0,7.0,7.0],"texture":"#3"},"east":{"uv":[0.0,0.0,7.0,7.0],"texture":"#3"},"south":{"uv":[0.0,0.0,7.0,7.0],"texture":"#3"},"west":{"uv":[0.0,0.0,7.0,7.0],"texture":"#3"},"up":{"uv":[0.0,0.0,7.0,7.0],"texture":"#3"},"down":{"uv":[0.0,0.0,7.0,7.0],"texture":"#3"}}},{"from":[0.3,0.0,13.0],"to":[3.3,1.0,16.0],"faces":{"north":{"uv":[0.0,0.0,7.0,7.0],"texture":"#3"},"east":{"uv":[0.0,0.0,7.0,7.0],"texture":"#3"},"south":{"uv":[0.0,0.0,7.0,7.0],"texture":"#3"},"west":{"uv":[0.0,0.0,7.0,7.0],"texture":"#3"},"up":{"uv":[0.0,0.0,7.0,7.0],"texture":"#3"},"down":{"uv":[0.0,0.0,7.0,7.0],"texture":"#3"}}},{"from":[8.3,0.2,4.4],"to":[8.4,15.1,11.6],"rotation":{"origin":[8.0,8.0,8.0],"x":0.0,"y":22.5,"z":0.0},"faces":{"north":{"uv":[0.0,0.0,1.0,1.0],"texture":"#5"},"east":{"uv":[0.0,0.0,16.0,16.0],"texture":"#5"},"south":{"uv":[0.0,0.0,1.0,1.0],"texture":"#5"},"west":{"uv":[0.0,0.0,16.0,16.0],"texture":"#5"},"up":{"uv":[0.0,0.0,1.0,1.0],"texture":"#5","rotation":180},"down":{"uv":[0.0,0.0,1.0,1.0],"texture":"#5","rotation":180}}},{"from":[8.3,0.2,4.4],"to":[8.4,15.1,11.6],"rotation":{"origin":[8.0,8.0,8.0],"x":0.0,"y":-45.0,"z":0.0},"faces":{"north":{"uv":[0.0,0.0,1.0,1.0],"texture":"#5"},"east":{"uv":[0.0,0.0,16.0,16.0],"texture":"#5"},"south":{"uv":[0.0,0.0,1.0,1.0],"texture":"#5"},"west":{"uv":[0.0,0.0,16.0,16.0],"texture":"#5"},"up":{"uv":[0.0,0.0,1.0,1.0],"texture":"#5","rotation":180},"down":{"uv":[0.0,0.0,1.0,1.0],"texture":"#5","rotation":180}}},{"from":[7.6,0.2,4.4],"to":[7.7,15.1,11.6],"faces":{"north":{"uv":[0.0,0.0,1.0,1.0],"texture":"#5"},"east":{"uv":[0.0,0.0,16.0,16.0],"texture":"#5"},"south":{"uv":[0.0,0.0,1.0,1.0],"texture":"#5"},"west":{"uv":[0.0,0.0,16.0,16.0],"texture":"#5"},"up":{"uv":[0.0,0.0,1.0,1.0],"texture":"#5"},"down":{"uv":[0.0,0.0,1.0,1.0],"texture":"#5"}}},{"from":[4.4,0.2,8.3],"to":[11.6,15.1,8.4],"faces":{"north":{"uv":[0.0,0.0,16.0,16.0],"texture":"#5"},"east":{"uv":[0.0,0.0,1.0,1.0],"texture":"#5"},"south":{"uv":[0.0,0.0,16.0,16.0],"texture":"#5"},"west":{"uv":[0.0,0.0,1.0,1.0],"texture":"#5"},"up":{"uv":[0.0,0.0,1.0,1.0],"texture":"#5","rotation":270},"down":{"uv":[0.0,0.0,1.0,1.0],"texture":"#5","rotation":90}}}],"textures":{"0":"block/spruce_log","1":"block/spruce_log_top","2":"block/stripped_spruce_log","3":"block/cobblestone","4":"block/campfire_log_lit","5":"block/campfire_fire","particle":"block/spruce_log"}}