{"display":{"thirdperson_righthand":{"rotation":[69.0,0.0,0.0],"translation":[0.0,0.75,-1.75],"scale":[0.35,0.35,0.35]},"firstperson_righthand":{"rotation":[6.0,35.0,0.0],"translation":[1.5,2.25,1.25],"scale":[0.3,0.3,0.3]},"firstperson_lefthand":{"rotation":[0.0,35.0,0.0],"translation":[1.25,1.75,1.0],"scale":[0.3,0.3,0.3]},"ground":{"translation":[0.0,3.25,0.0],"scale":[0.3,0.3,0.3]},"gui":{"rotation":[25.0,45.0,0.0],"translation":[0.25,1.5,0.0],"scale":[0.92,0.92,0.92]},"head":{"translation":[0.0,-6.75,0.0],"scale":[3.0,3.0,3.0]},"fixed":{"translation":[0.0,-0.75,-2.5],"scale":[0.7,0.7,0.7]}},"elements":[{"from":[3.0,0.0,3.0],"to":[13.0,1.0,13.0],"faces":{"north":{"uv":[1.0,13.0,15.0,15.0],"texture":"#5"},"east":{"uv":[1.0,13.0,15.0,15.0],"texture":"#5"},"south":{"uv":[1.0,13.0,15.0,15.0],"texture":"#5"},"west":{"uv":[1.0,13.0,15.0,15.0],"texture":"#5"},"up":{"uv":[0.0,0.0,16.0,16.0],"texture":"#5"},"down":{"uv":[0.0,0.0,16.0,16.0],"texture":"#5"}}},{"from":[4.0,1.0,4.0],"to":[12.0,2.0,12.0],"faces":{"north":{"uv":[1.0,13.0,15.0,15.0],"texture":"#5"},"east":{"uv":[1.0,13.0,15.0,15.0],"texture":"#5"},"south":{"uv":[1.0,13.0,15.0,15.0],"texture":"#5"},"west":{"uv":[1.0,13.0,15.0,15.0],"texture":"#5"},"up":{"uv":[0.0,0.0,16.0,16.0],"texture":"#5"},"down":{"uv":[0.0,0.0,16.0,16.0],"texture":"#5"}}},{"from":[7.0,2.0,5.0],"to":[9.0,10.0,6.0],"faces":{"north":{"uv":[0.0,0.0,5.0,16.0],"texture":"#5"},"east":{"uv":[0.0,0.0,6.0,16.0],"texture":"#5"},"south":{"uv":[0.0,0.0,16.0,16.0],"texture":"#5"},"west":{"uv":[0.0,0.0,6.0,16.0],"texture":"#5"},"up":{"uv":[0.0,0.0,16.0,16.0],"texture":"#5"},"down":{"uv":[0.0,0.0,16.0,16.0],"texture":"#5"}}},{"from":[7.0,2.0,10.0],"to":[9.0,10.0,11.0],"faces":{"north":{"uv":[0.0,0.0,16.0,16.0],"texture":"#5"},"east":{"uv":[0.0,0.0,6.0,16.0],"texture":"#5"},"south":{"uv":[0.0,0.0,5.0,16.0],"texture":"#5"},"west":{"uv":[0.0,0.0,6.0,16.0],"texture":"#5"},"up":{"uv":[0.0,0.0,16.0,16.0],"texture":"#5"},"down":{"uv":[0.0,0.0,16.0,16.0],"texture":"#5"}}},{"from":[10.0,2.0,7.0],"to":[11.0,10.0,9.0],"faces":{"north":{"uv":[0.0,0.0,6.0,16.0],"texture":"#5"},"east":{"uv":[0.0,0.0,5.0,16.0],"texture":"#5"},"south":{"uv":[0.0,0.0,6.0,16.0],"texture":"#5"},"west":{"uv":[0.0,0.0,16.0,16.0],"texture":"#5"},"up":{"uv":[0.0,0.0,16.0,16.0],"texture":"#5"},"down":{"uv":[0.0,0.0,16.0,16.0],"texture":"#5"}}},{"from":[5.0,2.0,7.0],"to":[6.0,10.0,9.0],"faces":{"north":{"uv":[0.0,0.0,6.0,16.0],"texture":"#5"},"east":{"uv":[0.0,0.0,5.0,16.0],"texture":"#5"},"south":{"uv":[0.0,0.0,6.0,16.0],"texture":"#5"},"west":{"uv":[0.0,0.0,5.0,16.0],"texture":"#5"},"up":{"uv":[0.0,0.0,16.0,16.0],"texture":"#5"},"down":{"uv":[0.0,0.0,16.0,16.0],"texture":"#5"}}},{"from":[6.0,2.0,6.0],"to":[10.0,10.0,10.0],"faces":{"north":{"uv":[0.0,0.0,16.0,16.0],"texture":"#5"},"east":{"uv":[0.0,0.0,16.0,16.0],"texture":"#5"},"south":{"uv":[0.0,0.0,16.0,16.0],"texture":"#5"},"west":{"uv":[0.0,0.0,16.0,16.0],"texture":"#5"},"up":{"uv":[0.0,0.0,16.0,16.0],"texture":"#5"},"down":{"uv":[0.0,0.0,16.0,16.0],"texture":"#5"}}},{"from":[5.0,10.0,5.0],"to":[11.0,10.3,11.0],"faces":{"north":{"uv":[0.0,0.0,16.0,16.0],"texture":"#5"},"east":{"uv":[0.0,0.0,16.0,16.0],"texture":"#5"},"south":{"uv":[0.0,0.0,16.0,16.0],"texture":"#5"},"west":{"uv":[0.0,0.0,16.0,16.0],"texture":"#5"},"up":{"uv":[0.0,0.0,16.0,16.0],"texture":"#5"},"down":{"uv":[8.0,8.0,16.0,15.0],"texture":"#5"}}},{"from":[7.2,11.0,7.2],"to":[8.8,14.3,8.8],"faces":{"north":{"uv":[0.0,0.0,16.0,16.0],"texture":"#5"},"east":{"uv":[0.0,0.0,16.0,16.0],"texture":"#5"},"south":{"uv":[0.0,0.0,16.0,16.0],"texture":"#5"},"west":{"uv":[0.0,0.0,16.0,16.0],"texture":"#5"},"up":{"uv":[0.0,0.0,16.0,16.0],"texture":"#5"},"down":{"uv":[8.0,8.0,16.0,15.0],"texture":"#5"}}},{"from":[6.9,14.2,6.9],"to":[9.1,14.4,9.1],"faces":{"north":{"uv":[0.0,0.0,16.0,1.0],"texture":"#6"},"east":{"uv":[0.0,0.0,16.0,1.0],"texture":"#6"},"south":{"uv":[0.0,0.0,16.0,1.0],"texture":"#6"},"west":{"uv":[0.0,0.0,16.0,1.0],"texture":"#6"},"up":{"uv":[0.0,0.0,16.0,16.0],"texture":"#7"},"down":{"uv":[0.0,0.0,16.0,16.0],"texture":"#6"}}},{"from":[5.0,12.0,5.0],"to":[11.0,12.3,11.0],"faces":{"north":{"uv":[0.0,0.0,16.0,16.0],"texture":"#5"},"east":{"uv":[0.0,0.0,16.0,16.0],"texture":"#5"},"south":{"uv":[0.0,0.0,16.0,16.0],"texture":"#5"},"west":{"uv":[0.0,0.0,16.0,16.0],"texture":"#5"},"up":{"uv":[0.0,0.0,16.0,16.0],"texture":"#7"},"down":{"uv":[8.0,8.0,16.0,15.0],"texture":"#5"}}},{"from":[7.0,10.2644,8.96445],"to":[9.0,14.2644,9.06445],"rotation":{"origin":[7.9856,16.24997,8.01442],"x":0.0,"y":0.0,"z":0.0},"faces":{"north":{"uv":[0.0,0.0,16.0,16.0],"texture":"#6","rotation":180},"east":{"uv":[0.0,0.0,16.0,16.0],"texture":"#6","rotation":270},"south":{"uv":[0.0,0.0,16.0,16.0],"texture":"#6"},"west":{"uv":[0.0,0.0,16.0,16.0],"texture":"#6","rotation":90},"up":{"uv":[0.0,0.0,16.0,16.0],"texture":"#6","rotation":180},"down":{"uv":[0.0,0.0,16.0,16.0],"texture":"#6"}}},{"from":[7.0,10.2644,6.96445],"to":[9.0,14.2644,7.06445],"rotation":{"origin":[7.9856,16.24997,8.01442],"x":0.0,"y":0.0,"z":0.0},"faces":{"north":{"uv":[0.0,0.0,16.0,16.0],"texture":"#6"},"east":{"uv":[0.0,0.0,16.0,16.0],"texture":"#6","rotation":270},"south":{"uv":[0.0,0.0,16.0,16.0],"texture":"#6"},"west":{"uv":[0.0,0.0,16.0,16.0],"texture":"#6","rotation":90},"up":{"uv":[0.0,0.0,16.0,16.0],"texture":"#6","rotation":180},"down":{"uv":[0.0,0.0,16.0,16.0],"texture":"#6"}}},{"from":[6.9,10.2644,6.96445],"to":[7.0,14.2644,9.06445],"rotation":{"origin":[7.9856,16.24997,8.01442],"x":0.0,"y":0.0,"z":0.0},"faces":{"north":{"uv":[0.0,0.0,16.0,16.0],"texture":"#6","rotation":180},"east":{"uv":[0.0,0.0,16.0,16.0],"texture":"#6","rotation":270},"south":{"uv":[0.0,0.0,16.0,16.0],"texture":"#6"},"west":{"uv":[0.0,0.0,16.0,16.0],"texture":"#6"},"up":{"uv":[0.0,0.0,16.0,16.0],"texture":"#6","rotation":180},"down":{"uv":[0.0,0.0,16.0,16.0],"texture":"#6"}}},{"from":[9.0,10.2644,6.96445],"to":[9.1,14.2644,9.06445],"rotation":{"origin":[7.9856,16.24997,8.01442],"x":0.0,"y":0.0,"z":0.0},"faces":{"north":{"uv":[0.0,0.0,16.0,16.0],"texture":"#6","rotation":180},"east":{"uv":[0.0,0.0,16.0,16.0],"texture":"#6"},"south":{"uv":[0.0,0.0,16.0,16.0],"texture":"#6"},"west":{"uv":[0.0,0.0,16.0,16.0],"texture":"#6","rotation":90},"up":{"uv":[0.0,0.0,16.0,16.0],"texture":"#6","rotation":180},"down":{"uv":[0.0,0.0,16.0,16.0],"texture":"#6"}}},{"from":[4.0,10.0,5.0],"to":[5.0,13.0,11.0],"faces":{"north":{"uv":[0.0,0.0,16.0,16.0],"texture":"#5"},"east":{"uv":[0.0,0.0,15.0,16.0],"texture":"#5"},"south":{"uv":[0.0,0.0,16.0,16.0],"texture":"#5"},"west":{"uv":[1.0,0.0,15.0,7.0],"texture":"#5"},"up":{"uv":[0.0,0.0,4.0,15.0],"texture":"#5"},"down":{"uv":[3.0,0.0,7.0,15.0],"texture":"#5"}}},{"from":[4.0,10.0,11.0],"to":[12.0,13.0,12.0],"faces":{"north":{"uv":[0.0,0.0,16.0,16.0],"texture":"#5"},"east":{"uv":[4.0,0.0,7.0,7.0],"texture":"#5"},"south":{"uv":[1.0,0.0,15.0,7.0],"texture":"#5"},"west":{"uv":[4.0,0.0,7.0,7.0],"texture":"#5"},"up":{"uv":[0.0,0.0,15.0,3.0],"texture":"#5"},"down":{"uv":[0.0,0.0,15.0,3.0],"texture":"#5"}}},{"from":[4.0,10.0,4.0],"to":[12.0,13.0,5.0],"faces":{"north":{"uv":[1.0,0.0,15.0,7.0],"texture":"#5"},"east":{"uv":[4.0,0.0,7.0,7.0],"texture":"#5"},"south":{"uv":[0.0,0.0,16.0,16.0],"texture":"#5"},"west":{"uv":[4.0,0.0,7.0,7.0],"texture":"#5"},"up":{"uv":[0.0,0.0,15.0,3.0],"texture":"#5"},"down":{"uv":[0.0,0.0,15.0,3.0],"texture":"#5"}}},{"from":[11.0,10.0,5.0],"to":[12.0,13.0,11.0],"faces":{"north":{"uv":[0.0,0.0,16.0,16.0],"texture":"#5"},"east":{"uv":[1.0,0.0,15.0,7.0],"texture":"#5"},"south":{"uv":[0.0,0.0,16.0,16.0],"texture":"#5"},"west":{"uv":[0.0,0.0,15.0,16.0],"texture":"#5"},"up":{"uv":[0.0,0.0,4.0,15.0],"texture":"#5"},"down":{"uv":[9.0,0.0,13.0,15.0],"texture":"#5"}}}],"textures":{"5":"block/stone_bricks","6":"c5756a72-726e-46fd-bfd0-601f260f9b2c:84565505-eff7-4432-8ab6-fefa46b798c4","7":"c5756a72-726e-46fd-bfd0-601f260f9b2c:62e27f04-5870-43da-8322-4edd0af947cb","particle":"block/stone_bricks"}}