{"display":{"thirdperson_righthand":{"rotation":[51.0,-47.0,0.0],"translation":[0.75,3.75,0.0],"scale":[0.4,0.4,0.4]},"firstperson_righthand":{"translation":[6.0,-0.5,0.75],"scale":[0.8,0.8,0.8]},"ground":{"translation":[0.0,1.0,0.0],"scale":[0.2,0.2,0.2]},"gui":{"rotation":[15.0,45.0,0.0],"scale":[0.6,0.6,0.6]},"head":{"rotation":[0.0,90.0,0.0],"translation":[0.0,-15.25,0.0],"scale":[2.2,2.2,2.2]},"fixed":{"rotation":[0.0,-90.0,0.0],"translation":[0.0,0.0,-2.5],"scale":[0.35,0.5,0.5]}},"elements":[{"from":[0.0,0.0,0.0],"to":[16.0,8.0,16.0],"faces":{"north":{"uv":[0.0,0.0,16.0,8.0],"texture":"#0"},"east":{"uv":[0.0,0.0,16.0,8.0],"texture":"#0"},"south":{"uv":[0.0,0.0,16.0,8.0],"texture":"#0"},"west":{"uv":[0.0,0.0,16.0,8.0],"texture":"#0"},"up":{"texture":"#0"},"down":{"texture":"#0"}}},{"from":[14.0,8.0,0.0],"to":[16.0,16.0,16.0],"faces":{"north":{"texture":"#0"},"east":{"texture":"#0"},"south":{"uv":[0.0,0.0,2.0,8.0],"texture":"#0"},"west":{"texture":"#0"},"up":{"uv":[0.0,0.0,2.0,16.0],"texture":"#0"},"down":{"uv":[0.0,0.0,2.0,16.0],"texture":"#0"}}},{"from":[0.0,8.0,-1.0],"to":[14.0,11.0,2.0],"faces":{"north":{"uv":[0.0,0.0,14.0,3.0],"texture":"#0"},"east":{"uv":[0.0,0.0,3.0,3.0],"texture":"#0"},"south":{"uv":[0.0,0.0,14.0,3.0],"texture":"#0"},"west":{"uv":[0.0,0.0,3.0,3.0],"texture":"#0"},"up":{"uv":[0.0,0.0,14.0,3.0],"texture":"#0"},"down":{"uv":[0.0,0.0,14.0,3.0],"texture":"#0"}}},{"from":[0.0,8.0,14.0],"to":[14.0,11.0,17.0],"faces":{"north":{"uv":[0.0,0.0,14.0,3.0],"texture":"#0"},"east":{"uv":[0.0,0.0,3.0,3.0],"texture":"#0"},"south":{"uv":[0.0,0.0,14.0,3.0],"texture":"#0"},"west":{"uv":[0.0,0.0,3.0,3.0],"texture":"#0"},"up":{"uv":[0.0,0.0,14.0,3.0],"texture":"#0"},"down":{"uv":[0.0,0.0,14.0,3.0],"texture":"#0"}}}],"textures":{"0":"block/white_wool","particle":"block/white_wool"}}