{"display":{"thirdperson_righthand":{"rotation":[45.0,-155.0,0.0],"translation":[0.25,12.5,6.25],"scale":[0.6,0.6,0.6]},"thirdperson_lefthand":{"scale":[0.5,0.5,0.5]},"firstperson_righthand":{"rotation":[-10.0,-133.0,0.0],"translation":[3.25,5.75,0.75],"scale":[0.3,0.3,0.3]},"firstperson_lefthand":{"scale":[0.5,0.5,0.5]},"ground":{"translation":[0.0,4.5,0.0],"scale":[0.15,0.15,0.15]},"gui":{"rotation":[15.0,45.0,0.0],"translation":[0.0,4.0,0.0],"scale":[0.5,0.5,0.5]},"head":{"translation":[0.0,23.5,13.75],"scale":[2.8,2.8,2.8]},"fixed":{"rotation":[-90.0,-90.0,0.0],"translation":[-15.0,0.25,-71.0],"scale":[3.0,3.0,3.0]}},"elements":[{"from":[4.4,-16.0,-0.4],"to":[11.4,8.3,6.4],"rotation":{"origin":[8.0,10.0,8.0],"x":0.0,"y":0.0,"z":0.0},"faces":{"north":{"uv":[0.0,0.0,4.0,16.0],"texture":"#5"},"east":{"uv":[0.0,0.0,4.0,16.0],"texture":"#5"},"south":{"uv":[0.0,0.0,4.0,16.0],"texture":"#5"},"west":{"uv":[0.0,0.0,4.0,16.0],"texture":"#5"},"up":{"uv":[0.0,0.0,4.0,4.0],"texture":"#5"},"down":{"uv":[0.0,0.0,4.0,4.0],"texture":"#5"}}},{"from":[4.4,3.4,15.9],"to":[11.4,8.8,21.7],"rotation":{"origin":[8.0,10.0,8.0],"x":0.0,"y":0.0,"z":0.0},"faces":{"north":{"uv":[0.0,0.0,4.0,16.0],"texture":"#5"},"east":{"uv":[0.0,0.0,4.0,3.0],"texture":"#5","rotation":270},"south":{"uv":[0.0,0.0,4.0,3.0],"texture":"#5"},"west":{"uv":[0.0,0.0,2.75,2.75],"texture":"#5","rotation":180},"up":{"uv":[0.0,0.0,4.0,4.0],"texture":"#5"},"down":{"uv":[0.0,0.0,4.0,4.0],"texture":"#5"}}},{"from":[4.5,5.5,9.8],"to":[11.3,15.3,16.6],"rotation":{"origin":[7.88054,19.14979,8.01967],"x":45.0,"y":0.0,"z":0.0},"faces":{"north":{"uv":[0.0,0.0,4.0,4.75],"texture":"#5"},"east":{"uv":[0.0,0.0,4.0,4.75],"texture":"#5","rotation":180},"south":{"uv":[0.0,0.0,4.0,4.75],"texture":"#5"},"west":{"uv":[0.0,0.0,4.0,4.75],"texture":"#5"},"up":{"uv":[0.0,0.0,4.0,4.75],"texture":"#5"},"down":{"uv":[0.0,0.0,4.0,4.75],"texture":"#5"}}},{"from":[4.5,15.1,16.3],"to":[11.3,21.5,25.0],"rotation":{"origin":[7.88054,19.14979,8.01967],"x":45.0,"y":0.0,"z":0.0},"faces":{"north":{"uv":[0.0,0.0,4.0,4.75],"texture":"#5"},"east":{"uv":[0.0,0.0,4.5,4.75],"texture":"#5","rotation":270},"south":{"uv":[0.0,0.0,4.0,4.75],"texture":"#5"},"west":{"uv":[0.0,0.0,4.0,4.75],"texture":"#5"},"up":{"uv":[0.0,0.0,4.0,4.75],"texture":"#5"},"down":{"uv":[0.0,0.0,4.0,4.75],"texture":"#5"}}},{"from":[4.6,8.20267,6.49343],"to":[11.2,15.00267,15.69343],"rotation":{"origin":[7.89336,9.3039,5.49813],"x":0.0,"y":0.0,"z":0.0},"faces":{"north":{"uv":[0.0,0.0,4.0,4.75],"texture":"#5","rotation":180},"east":{"uv":[0.0,0.0,3.75,4.0],"texture":"#5","rotation":90},"south":{"uv":[0.0,0.0,4.0,4.75],"texture":"#5"},"west":{"uv":[0.0,0.0,5.0,5.25],"texture":"#5"},"up":{"uv":[0.0,0.0,4.0,4.75],"texture":"#5","rotation":180},"down":{"uv":[0.0,0.0,4.0,4.75],"texture":"#5"}}}],"textures":{"5":"c5756a72-726e-46fd-bfd0-601f260f9b2c:74c00618-276e-4f2c-b47f-18c99c015a0b","particle":"c5756a72-726e-46fd-bfd0-601f260f9b2c:74c00618-276e-4f2c-b47f-18c99c015a0b"}}