{"display":{"thirdperson_righthand":{"rotation":[45.0,45.0,0.0],"translation":[2.25,-1.0,-1.5],"scale":[0.3,0.3,0.3]},"firstperson_righthand":{"rotation":[0.0,119.0,0.0],"translation":[2.5,0.0,0.0],"scale":[0.3,0.3,0.3]},"firstperson_lefthand":{"rotation":[0.0,119.0,0.0],"translation":[2.5,1.0,0.25],"scale":[0.3,0.3,0.3]},"ground":{"translation":[0.0,3.0,0.0],"scale":[0.3,0.3,0.3]},"gui":{"rotation":[0.0,-180.0,0.0],"translation":[0.0,-4.75,0.0],"scale":[0.8,0.8,0.8]},"fixed":{"scale":[0.5,0.5,0.5]}},"elements":[{"from":[13.99196,11.17156,2.96505],"to":[15.99196,18.17156,3.96505],"faces":{"north":{"uv":[2.0,0.0,4.0,7.0],"texture":"#3"},"east":{"uv":[2.0,0.0,3.0,7.0],"texture":"#3"},"south":{"uv":[2.0,1.0,4.0,0.0],"texture":"#3","rotation":180},"west":{"uv":[3.0,0.0,4.0,1.0],"texture":"#3"},"up":{"uv":[4.0,0.0,2.0,1.0],"texture":"#3"},"down":{"uv":[2.0,6.0,3.0,7.0],"texture":"#3","rotation":180}}},{"from":[15.99196,12.17156,2.96505],"to":[16.99196,17.17156,3.96505],"faces":{"north":{"uv":[1.0,1.0,2.0,6.0],"texture":"#3"},"east":{"uv":[1.0,1.0,2.0,6.0],"texture":"#3"},"south":{"uv":[1.0,6.0,2.0,1.0],"texture":"#3","rotation":180},"west":{"uv":[1.0,1.0,2.0,7.0],"texture":"#3"},"up":{"uv":[2.0,1.0,1.0,2.0],"texture":"#3"},"down":{"uv":[2.0,6.0,3.0,7.0],"texture":"#3","rotation":180}}},{"from":[12.99196,12.17156,2.96505],"to":[13.99196,17.17156,3.96505],"faces":{"north":{"uv":[4.0,1.0,5.0,6.0],"texture":"#3"},"east":{"uv":[4.0,1.0,5.0,7.0],"texture":"#3"},"south":{"uv":[4.0,2.0,5.0,1.0],"texture":"#3","rotation":180},"west":{"uv":[4.0,1.0,5.0,2.0],"texture":"#3"},"up":{"uv":[5.0,1.0,4.0,2.0],"texture":"#3"},"down":{"uv":[4.0,1.0,5.0,2.0],"texture":"#3","rotation":180}}},{"from":[11.99196,12.17156,2.96505],"to":[12.99196,16.17156,3.96505],"faces":{"north":{"uv":[5.0,2.0,6.0,6.0],"texture":"#3"},"east":{"uv":[5.0,2.0,6.0,6.0],"texture":"#3"},"south":{"uv":[5.0,3.0,6.0,2.0],"texture":"#3","rotation":180},"west":{"uv":[5.0,2.0,6.0,3.0],"texture":"#3"},"up":{"uv":[6.0,2.0,5.0,3.0],"texture":"#3"},"down":{"uv":[5.0,2.0,6.0,3.0],"texture":"#3","rotation":180}}},{"from":[10.99196,14.17156,2.96505],"to":[11.99196,15.17156,3.96505],"faces":{"north":{"uv":[6.0,3.0,7.0,4.0],"texture":"#3"},"east":{"uv":[6.0,3.0,7.0,4.0],"texture":"#3"},"south":{"uv":[6.0,3.0,7.0,4.0],"texture":"#3"},"west":{"uv":[6.0,3.0,7.0,4.0],"texture":"#3"},"up":{"uv":[6.0,3.0,7.0,4.0],"texture":"#3"},"down":{"uv":[6.0,3.0,7.0,4.0],"texture":"#3"}}},{"from":[0.00525,11.16956,2.96804],"to":[2.00525,18.16956,3.96804],"faces":{"north":{"uv":[2.0,7.0,4.0,0.0],"texture":"#3","rotation":180},"east":{"uv":[3.0,0.0,4.0,1.0],"texture":"#3"},"south":{"uv":[2.0,0.0,4.0,1.0],"texture":"#3"},"west":{"uv":[2.0,0.0,3.0,7.0],"texture":"#3"},"up":{"uv":[4.0,0.0,2.0,1.0],"texture":"#3","rotation":180},"down":{"uv":[2.0,6.0,3.0,7.0],"texture":"#3"}}},{"from":[-0.99375,12.17156,2.96505],"to":[0.00625,17.17156,3.96505],"faces":{"north":{"uv":[1.0,6.0,2.0,1.0],"texture":"#3","rotation":180},"east":{"uv":[1.0,1.0,2.0,7.0],"texture":"#3"},"south":{"uv":[1.0,1.0,2.0,6.0],"texture":"#3"},"west":{"uv":[1.0,1.0,2.0,6.0],"texture":"#3"},"up":{"uv":[2.0,1.0,1.0,2.0],"texture":"#3","rotation":180},"down":{"uv":[2.0,6.0,3.0,7.0],"texture":"#3"}}},{"from":[2.00625,12.17156,2.96505],"to":[3.00625,17.17156,3.96505],"faces":{"north":{"uv":[4.0,6.0,5.0,1.0],"texture":"#3","rotation":180},"east":{"uv":[4.0,1.0,5.0,2.0],"texture":"#3"},"south":{"uv":[4.0,1.0,5.0,2.0],"texture":"#3"},"west":{"uv":[4.0,1.0,5.0,7.0],"texture":"#3"},"up":{"uv":[5.0,1.0,4.0,2.0],"texture":"#3","rotation":180},"down":{"uv":[4.0,1.0,5.0,2.0],"texture":"#3"}}},{"from":[3.00625,12.17156,2.96505],"to":[4.00625,16.17156,3.96505],"faces":{"north":{"uv":[5.0,6.0,6.0,2.0],"texture":"#3","rotation":180},"east":{"uv":[5.0,2.0,6.0,3.0],"texture":"#3"},"south":{"uv":[5.0,2.0,6.0,3.0],"texture":"#3"},"west":{"uv":[5.0,2.0,6.0,6.0],"texture":"#3"},"up":{"uv":[6.0,2.0,5.0,3.0],"texture":"#3","rotation":180},"down":{"uv":[5.0,2.0,6.0,3.0],"texture":"#3"}}},{"from":[4.00625,14.17156,2.96505],"to":[5.00625,15.17156,3.96505],"faces":{"north":{"uv":[6.0,3.0,7.0,4.0],"texture":"#3"},"east":{"uv":[6.0,3.0,7.0,4.0],"texture":"#3"},"south":{"uv":[6.0,3.0,7.0,4.0],"texture":"#3"},"west":{"uv":[6.0,3.0,7.0,4.0],"texture":"#3"},"up":{"uv":[6.0,3.0,7.0,4.0],"texture":"#3","rotation":180},"down":{"uv":[6.0,3.0,7.0,4.0],"texture":"#3","rotation":180}}},{"from":[4.00625,13.17156,2.96505],"to":[12.00625,14.17156,3.96505],"faces":{"north":{"uv":[6.0,3.0,7.0,4.0],"texture":"#3"},"east":{"uv":[6.0,3.0,7.0,4.0],"texture":"#3"},"south":{"uv":[6.0,3.0,7.0,4.0],"texture":"#3"},"west":{"uv":[6.0,3.0,7.0,4.0],"texture":"#3"},"up":{"uv":[6.0,3.0,7.0,4.0],"texture":"#3","rotation":180},"down":{"uv":[6.0,3.0,7.0,4.0],"texture":"#3","rotation":180}}}],"textures":{"3":"c5756a72-726e-46fd-bfd0-601f260f9b2c:18afb280-e6ca-48fc-bb83-ec0e7d072964","particle":"c5756a72-726e-46fd-bfd0-601f260f9b2c:18afb280-e6ca-48fc-bb83-ec0e7d072964"}}