{"display":{"thirdperson_righthand":{"rotation":[45.0,-155.0,0.0],"translation":[-0.75,2.25,0.25],"scale":[0.3,0.3,0.3]},"thirdperson_lefthand":{"scale":[0.5,0.5,0.5]},"firstperson_righthand":{"rotation":[-10.0,32.0,0.0],"translation":[1.25,2.0,0.75],"scale":[0.3,0.3,0.3]},"firstperson_lefthand":{"scale":[0.5,0.5,0.5]},"ground":{"translation":[0.0,0.5,0.0],"scale":[0.15,0.15,0.15]},"gui":{"rotation":[15.0,45.0,0.0],"translation":[0.0,-0.25,0.0],"scale":[0.9,0.9,0.9]},"head":{"rotation":[0.0,90.0,0.0],"translation":[0.0,-19.75,-17.5],"scale":[1.6,1.6,1.6]},"fixed":{"rotation":[0.0,-90.0,0.0],"translation":[0.0,0.0,0.5],"scale":[2.0,2.0,2.0]}},"elements":[{"from":[6.7,-0.4,3.4],"to":[7.0,2.5,6.5],"rotation":{"origin":[6.50803,1.75028,6.34169],"x":45.0,"y":0.0,"z":0.0},"faces":{"north":{"uv":[3.0,2.0,4.0,3.0],"texture":"#2"},"east":{"uv":[3.0,2.0,4.0,3.0],"texture":"#2"},"south":{"uv":[3.0,2.0,4.0,3.0],"texture":"#2"},"west":{"uv":[3.0,2.0,4.0,3.0],"texture":"#2"},"up":{"uv":[3.0,2.0,4.0,3.0],"texture":"#2"},"down":{"uv":[3.0,2.0,4.0,3.0],"texture":"#2"}}},{"from":[6.7,4.1,7.8],"to":[7.0,7.0,10.9],"rotation":{"origin":[6.50803,1.75028,6.34169],"x":45.0,"y":0.0,"z":0.0},"faces":{"north":{"uv":[3.0,2.0,4.0,3.0],"texture":"#2"},"east":{"uv":[3.0,2.0,4.0,3.0],"texture":"#2"},"south":{"uv":[3.0,2.0,4.0,3.0],"texture":"#2"},"west":{"uv":[3.0,2.0,4.0,3.0],"texture":"#2"},"up":{"uv":[3.0,2.0,4.0,3.0],"texture":"#2"},"down":{"uv":[3.0,2.0,4.0,3.0],"texture":"#2"}}},{"from":[6.5,0.8,6.6],"to":[7.0,3.7,9.7],"rotation":{"origin":[6.50803,1.75028,6.34169],"x":0.0,"y":0.0,"z":0.0},"faces":{"north":{"uv":[3.0,2.0,4.0,3.0],"texture":"#2"},"east":{"uv":[3.0,2.0,4.0,3.0],"texture":"#2"},"south":{"uv":[3.0,2.0,4.0,3.0],"texture":"#2"},"west":{"uv":[3.0,2.0,4.0,3.0],"texture":"#2"},"up":{"uv":[3.0,2.0,4.0,3.0],"texture":"#2"},"down":{"uv":[3.0,2.0,4.0,3.0],"texture":"#2"}}},{"from":[7.51311,4.48628,0.0],"to":[8.51311,12.48628,3.0],"rotation":{"origin":[8.01342,8.4997,8.17439],"x":0.0,"y":0.0,"z":0.0},"faces":{"north":{"uv":[12.0,0.0,4.0,1.0],"texture":"#2","rotation":90},"east":{"uv":[4.0,3.0,12.0,0.0],"texture":"#2","rotation":270},"south":{"uv":[4.0,2.0,12.0,3.0],"texture":"#2","rotation":270},"west":{"uv":[4.0,0.0,12.0,3.0],"texture":"#2","rotation":270},"up":{"uv":[11.0,0.0,12.0,3.0],"texture":"#2"},"down":{"uv":[4.0,0.0,5.0,3.0],"texture":"#2","rotation":180}}},{"from":[7.51311,3.48628,1.0],"to":[8.51311,4.48628,5.0],"rotation":{"origin":[8.01342,8.4997,8.17439],"x":0.0,"y":0.0,"z":0.0},"faces":{"north":{"uv":[4.0,1.0,3.0,2.0],"texture":"#2","rotation":90},"east":{"uv":[3.0,5.0,4.0,1.0],"texture":"#2","rotation":270},"south":{"uv":[3.0,4.0,4.0,5.0],"texture":"#2","rotation":270},"west":{"uv":[3.0,1.0,4.0,5.0],"texture":"#2","rotation":270},"up":{"uv":[3.0,1.0,4.0,5.0],"texture":"#2"},"down":{"uv":[3.0,1.0,4.0,5.0],"texture":"#2","rotation":180}}},{"from":[7.51311,12.48628,1.0],"to":[8.51311,13.48628,5.0],"rotation":{"origin":[8.01342,8.4997,8.17439],"x":0.0,"y":0.0,"z":0.0},"faces":{"north":{"uv":[13.0,1.0,12.0,2.0],"texture":"#2","rotation":90},"east":{"uv":[12.0,5.0,13.0,1.0],"texture":"#2","rotation":270},"south":{"uv":[12.0,4.0,13.0,5.0],"texture":"#2","rotation":270},"west":{"uv":[12.0,1.0,13.0,5.0],"texture":"#2","rotation":270},"up":{"uv":[12.0,1.0,13.0,5.0],"texture":"#2"},"down":{"uv":[12.0,1.0,13.0,5.0],"texture":"#2","rotation":180}}},{"from":[7.51311,2.48628,2.0],"to":[8.51311,3.48628,14.0],"rotation":{"origin":[8.01342,8.4997,8.17439],"x":0.0,"y":0.0,"z":0.0},"faces":{"north":{"uv":[3.0,2.0,2.0,3.0],"texture":"#2","rotation":90},"east":{"uv":[2.0,14.0,3.0,2.0],"texture":"#2","rotation":270},"south":{"uv":[2.0,13.0,3.0,14.0],"texture":"#2","rotation":270},"west":{"uv":[2.0,2.0,3.0,14.0],"texture":"#2","rotation":270},"up":{"uv":[2.0,2.0,3.0,14.0],"texture":"#2"},"down":{"uv":[2.0,2.0,3.0,14.0],"texture":"#2","rotation":180}}},{"from":[7.51311,13.48628,2.0],"to":[8.51311,14.48628,14.0],"rotation":{"origin":[8.01342,8.4997,8.17439],"x":0.0,"y":0.0,"z":0.0},"faces":{"north":{"uv":[14.0,2.0,13.0,3.0],"texture":"#2","rotation":90},"east":{"uv":[13.0,14.0,14.0,2.0],"texture":"#2","rotation":270},"south":{"uv":[13.0,13.0,14.0,14.0],"texture":"#2","rotation":270},"west":{"uv":[13.0,2.0,14.0,14.0],"texture":"#2","rotation":270},"up":{"uv":[13.0,2.0,14.0,14.0],"texture":"#2"},"down":{"uv":[13.0,2.0,14.0,14.0],"texture":"#2","rotation":180}}},{"from":[7.51311,1.48628,3.0],"to":[8.51311,2.48628,13.0],"rotation":{"origin":[8.01342,8.4997,8.17439],"x":0.0,"y":0.0,"z":0.0},"faces":{"north":{"uv":[2.0,3.0,1.0,4.0],"texture":"#2","rotation":90},"east":{"uv":[1.0,13.0,2.0,3.0],"texture":"#2","rotation":270},"south":{"uv":[1.0,12.0,2.0,13.0],"texture":"#2","rotation":270},"west":{"uv":[1.0,3.0,2.0,13.0],"texture":"#2","rotation":270},"up":{"uv":[1.0,3.0,2.0,13.0],"texture":"#2"},"down":{"uv":[1.0,3.0,2.0,13.0],"texture":"#2","rotation":180}}},{"from":[7.51311,4.48628,3.0],"to":[8.51311,5.48628,4.0],"rotation":{"origin":[8.01342,8.4997,8.17439],"x":0.0,"y":0.0,"z":0.0},"faces":{"north":{"uv":[5.0,3.0,4.0,4.0],"texture":"#2","rotation":90},"east":{"uv":[4.0,4.0,5.0,3.0],"texture":"#2","rotation":270},"south":{"uv":[4.0,3.0,5.0,4.0],"texture":"#2","rotation":270},"west":{"uv":[4.0,3.0,5.0,4.0],"texture":"#2","rotation":270},"up":{"uv":[4.0,3.0,5.0,4.0],"texture":"#2"},"down":{"uv":[4.0,3.0,5.0,4.0],"texture":"#2","rotation":180}}},{"from":[7.51311,11.48628,3.0],"to":[8.51311,12.48628,4.0],"rotation":{"origin":[8.01342,8.4997,8.17439],"x":0.0,"y":0.0,"z":0.0},"faces":{"north":{"uv":[12.0,3.0,11.0,4.0],"texture":"#2","rotation":90},"east":{"uv":[11.0,4.0,12.0,3.0],"texture":"#2","rotation":270},"south":{"uv":[11.0,3.0,12.0,4.0],"texture":"#2","rotation":270},"west":{"uv":[11.0,3.0,12.0,4.0],"texture":"#2","rotation":270},"up":{"uv":[11.0,3.0,12.0,4.0],"texture":"#2"},"down":{"uv":[11.0,3.0,12.0,4.0],"texture":"#2","rotation":180}}},{"from":[7.51311,14.48628,3.0],"to":[8.51311,15.48628,13.0],"rotation":{"origin":[8.01342,8.4997,8.17439],"x":0.0,"y":0.0,"z":0.0},"faces":{"north":{"uv":[15.0,3.0,14.0,4.0],"texture":"#2","rotation":90},"east":{"uv":[14.0,13.0,15.0,3.0],"texture":"#2","rotation":270},"south":{"uv":[14.0,12.0,15.0,13.0],"texture":"#2","rotation":270},"west":{"uv":[14.0,3.0,15.0,13.0],"texture":"#2","rotation":270},"up":{"uv":[14.0,3.0,15.0,13.0],"texture":"#2"},"down":{"uv":[14.0,3.0,15.0,13.0],"texture":"#2","rotation":180}}},{"from":[7.51311,0.48628,4.0],"to":[8.51311,1.48628,12.0],"rotation":{"origin":[8.01342,8.4997,8.17439],"x":0.0,"y":0.0,"z":0.0},"faces":{"north":{"uv":[1.0,4.0,0.0,5.0],"texture":"#2","rotation":90},"east":{"uv":[0.0,12.0,1.0,4.0],"texture":"#2","rotation":270},"south":{"uv":[0.0,11.0,1.0,12.0],"texture":"#2","rotation":270},"west":{"uv":[0.0,4.0,1.0,12.0],"texture":"#2","rotation":270},"up":{"uv":[0.0,4.0,1.0,12.0],"texture":"#2"},"down":{"uv":[0.0,4.0,1.0,12.0],"texture":"#2","rotation":180}}},{"from":[7.51311,15.48628,4.0],"to":[8.51311,16.48628,12.0],"rotation":{"origin":[8.01342,8.4997,8.17439],"x":0.0,"y":0.0,"z":0.0},"faces":{"north":{"uv":[16.0,4.0,15.0,5.0],"texture":"#2","rotation":90},"east":{"uv":[15.0,12.0,16.0,4.0],"texture":"#2","rotation":270},"south":{"uv":[15.0,11.0,16.0,12.0],"texture":"#2","rotation":270},"west":{"uv":[15.0,4.0,16.0,12.0],"texture":"#2","rotation":270},"up":{"uv":[15.0,4.0,16.0,12.0],"texture":"#2"},"down":{"uv":[15.0,4.0,16.0,12.0],"texture":"#2","rotation":180}}},{"from":[7.51311,3.48628,11.0],"to":[8.51311,4.48628,15.0],"rotation":{"origin":[8.01342,8.4997,8.17439],"x":0.0,"y":0.0,"z":0.0},"faces":{"north":{"uv":[4.0,11.0,3.0,12.0],"texture":"#2","rotation":90},"east":{"uv":[3.0,15.0,4.0,11.0],"texture":"#2","rotation":270},"south":{"uv":[3.0,14.0,4.0,15.0],"texture":"#2","rotation":270},"west":{"uv":[3.0,11.0,4.0,15.0],"texture":"#2","rotation":270},"up":{"uv":[3.0,11.0,4.0,15.0],"texture":"#2"},"down":{"uv":[3.0,11.0,4.0,15.0],"texture":"#2","rotation":180}}},{"from":[7.51311,12.48628,11.0],"to":[8.51311,13.48628,15.0],"rotation":{"origin":[8.01342,8.4997,8.17439],"x":0.0,"y":0.0,"z":0.0},"faces":{"north":{"uv":[13.0,11.0,12.0,12.0],"texture":"#2","rotation":90},"east":{"uv":[12.0,15.0,13.0,11.0],"texture":"#2","rotation":270},"south":{"uv":[12.0,14.0,13.0,15.0],"texture":"#2","rotation":270},"west":{"uv":[12.0,11.0,13.0,15.0],"texture":"#2","rotation":270},"up":{"uv":[12.0,11.0,13.0,15.0],"texture":"#2"},"down":{"uv":[12.0,11.0,13.0,15.0],"texture":"#2","rotation":180}}},{"from":[7.51311,4.48628,12.0],"to":[8.51311,5.48628,16.0],"rotation":{"origin":[8.01342,8.4997,8.17439],"x":0.0,"y":0.0,"z":0.0},"faces":{"north":{"uv":[5.0,12.0,4.0,13.0],"texture":"#2","rotation":90},"east":{"uv":[4.0,16.0,5.0,12.0],"texture":"#2","rotation":270},"south":{"uv":[4.0,15.0,5.0,16.0],"texture":"#2","rotation":270},"west":{"uv":[4.0,12.0,5.0,16.0],"texture":"#2","rotation":270},"up":{"uv":[4.0,12.0,5.0,16.0],"texture":"#2"},"down":{"uv":[4.0,12.0,5.0,16.0],"texture":"#2","rotation":180}}},{"from":[7.51311,11.48628,12.0],"to":[8.51311,12.48628,16.0],"rotation":{"origin":[8.01342,8.4997,8.17439],"x":0.0,"y":0.0,"z":0.0},"faces":{"north":{"uv":[12.0,12.0,11.0,13.0],"texture":"#2","rotation":90},"east":{"uv":[11.0,16.0,12.0,12.0],"texture":"#2","rotation":270},"south":{"uv":[11.0,15.0,12.0,16.0],"texture":"#2","rotation":270},"west":{"uv":[11.0,12.0,12.0,16.0],"texture":"#2","rotation":270},"up":{"uv":[11.0,12.0,12.0,16.0],"texture":"#2"},"down":{"uv":[11.0,12.0,12.0,16.0],"texture":"#2","rotation":180}}},{"from":[7.51311,5.48628,13.0],"to":[8.51311,11.48628,16.0],"rotation":{"origin":[8.01342,8.4997,8.17439],"x":0.0,"y":0.0,"z":0.0},"faces":{"north":{"uv":[11.0,13.0,5.0,14.0],"texture":"#2","rotation":90},"east":{"uv":[5.0,16.0,11.0,13.0],"texture":"#2","rotation":270},"south":{"uv":[5.0,15.0,11.0,16.0],"texture":"#2","rotation":270},"west":{"uv":[5.0,13.0,11.0,16.0],"texture":"#2","rotation":270},"up":{"uv":[10.0,13.0,11.0,16.0],"texture":"#2"},"down":{"uv":[5.0,13.0,6.0,16.0],"texture":"#2","rotation":180}}},{"from":[6.91311,10.48693,14.0],"to":[8.51311,11.48693,15.0],"rotation":{"origin":[8.01309,8.50002,7.98689],"x":0.0,"y":0.0,"z":0.0},"faces":{"north":{"uv":[11.0,14.0,10.0,15.0],"texture":"#2","rotation":90},"east":{"uv":[10.0,15.0,11.0,14.0],"texture":"#2","rotation":270},"south":{"uv":[10.0,14.0,11.0,15.0],"texture":"#2","rotation":270},"west":{"uv":[10.0,14.0,11.0,15.0],"texture":"#2","rotation":270},"up":{"uv":[10.0,14.0,11.0,15.0],"texture":"#2"},"down":{"uv":[10.0,14.0,11.0,15.0],"texture":"#2","rotation":180}}},{"from":[6.91311,7.48693,15.0],"to":[8.51311,8.48693,16.0],"rotation":{"origin":[8.01309,8.50002,7.98689],"x":0.0,"y":0.0,"z":0.0},"faces":{"north":{"uv":[8.0,15.0,7.0,16.0],"texture":"#2","rotation":90},"east":{"uv":[7.0,16.0,8.0,15.0],"texture":"#2","rotation":270},"south":{"uv":[7.0,15.0,8.0,16.0],"texture":"#2","rotation":270},"west":{"uv":[7.0,15.0,8.0,16.0],"texture":"#2","rotation":270},"up":{"uv":[7.0,15.0,8.0,16.0],"texture":"#2"},"down":{"uv":[7.0,15.0,8.0,16.0],"texture":"#2","rotation":180}}},{"from":[6.91311,4.48693,15.0],"to":[8.51311,5.48693,16.0],"rotation":{"origin":[8.01309,8.50002,7.98689],"x":0.0,"y":0.0,"z":0.0},"faces":{"north":{"uv":[5.0,15.0,4.0,16.0],"texture":"#2","rotation":90},"east":{"uv":[4.0,16.0,5.0,15.0],"texture":"#2","rotation":270},"south":{"uv":[4.0,15.0,5.0,16.0],"texture":"#2","rotation":270},"west":{"uv":[4.0,15.0,5.0,16.0],"texture":"#2","rotation":270},"up":{"uv":[4.0,15.0,5.0,16.0],"texture":"#2"},"down":{"uv":[4.0,15.0,5.0,16.0],"texture":"#2","rotation":180}}},{"from":[6.91311,5.48693,13.0],"to":[8.51311,6.48693,14.0],"rotation":{"origin":[8.01309,8.50002,7.98689],"x":0.0,"y":0.0,"z":0.0},"faces":{"north":{"uv":[6.0,13.0,5.0,14.0],"texture":"#2","rotation":90},"east":{"uv":[5.0,14.0,6.0,13.0],"texture":"#2","rotation":270},"south":{"uv":[5.0,13.0,6.0,14.0],"texture":"#2","rotation":270},"west":{"uv":[5.0,13.0,6.0,14.0],"texture":"#2","rotation":270},"up":{"uv":[5.0,13.0,6.0,14.0],"texture":"#2"},"down":{"uv":[5.0,13.0,6.0,14.0],"texture":"#2","rotation":180}}},{"from":[6.91311,3.48693,12.0],"to":[8.51311,4.48693,13.0],"rotation":{"origin":[8.01309,8.50002,7.98689],"x":0.0,"y":0.0,"z":0.0},"faces":{"north":{"uv":[4.0,12.0,3.0,13.0],"texture":"#2","rotation":90},"east":{"uv":[3.0,13.0,4.0,12.0],"texture":"#2","rotation":270},"south":{"uv":[3.0,12.0,4.0,13.0],"texture":"#2","rotation":270},"west":{"uv":[3.0,12.0,4.0,13.0],"texture":"#2","rotation":270},"up":{"uv":[3.0,12.0,4.0,13.0],"texture":"#2"},"down":{"uv":[3.0,12.0,4.0,13.0],"texture":"#2","rotation":180}}},{"from":[6.91311,0.48693,11.0],"to":[8.51311,1.48693,12.0],"rotation":{"origin":[8.01309,8.50002,7.98689],"x":0.0,"y":0.0,"z":0.0},"faces":{"north":{"uv":[1.0,11.0,0.0,12.0],"texture":"#2","rotation":90},"east":{"uv":[0.0,12.0,1.0,11.0],"texture":"#2","rotation":270},"south":{"uv":[0.0,11.0,1.0,12.0],"texture":"#2","rotation":270},"west":{"uv":[0.0,11.0,1.0,12.0],"texture":"#2","rotation":270},"up":{"uv":[0.0,11.0,1.0,12.0],"texture":"#2"},"down":{"uv":[0.0,11.0,1.0,12.0],"texture":"#2","rotation":180}}},{"from":[6.91311,0.48693,7.0],"to":[8.51311,1.48693,8.0],"rotation":{"origin":[8.01309,8.50002,7.98689],"x":0.0,"y":0.0,"z":0.0},"faces":{"north":{"uv":[1.0,7.0,0.0,8.0],"texture":"#2","rotation":90},"east":{"uv":[0.0,8.0,1.0,7.0],"texture":"#2","rotation":270},"south":{"uv":[0.0,7.0,1.0,8.0],"texture":"#2","rotation":270},"west":{"uv":[0.0,7.0,1.0,8.0],"texture":"#2","rotation":270},"up":{"uv":[0.0,7.0,1.0,8.0],"texture":"#2"},"down":{"uv":[0.0,7.0,1.0,8.0],"texture":"#2","rotation":180}}},{"from":[6.91311,2.48693,8.0],"to":[8.51311,3.48693,9.0],"rotation":{"origin":[8.01309,8.50002,7.98689],"x":0.0,"y":0.0,"z":0.0},"faces":{"north":{"uv":[3.0,8.0,2.0,9.0],"texture":"#2","rotation":90},"east":{"uv":[2.0,9.0,3.0,8.0],"texture":"#2","rotation":270},"south":{"uv":[2.0,8.0,3.0,9.0],"texture":"#2","rotation":270},"west":{"uv":[2.0,8.0,3.0,9.0],"texture":"#2","rotation":270},"up":{"uv":[2.0,8.0,3.0,9.0],"texture":"#2"},"down":{"uv":[2.0,8.0,3.0,9.0],"texture":"#2","rotation":180}}},{"from":[6.91311,1.48693,5.0],"to":[8.51311,2.48693,6.0],"rotation":{"origin":[8.01309,8.50002,7.98689],"x":0.0,"y":0.0,"z":0.0},"faces":{"north":{"uv":[2.0,5.0,1.0,6.0],"texture":"#2","rotation":90},"east":{"uv":[1.0,6.0,2.0,5.0],"texture":"#2","rotation":270},"south":{"uv":[1.0,5.0,2.0,6.0],"texture":"#2","rotation":270},"west":{"uv":[1.0,5.0,2.0,6.0],"texture":"#2","rotation":270},"up":{"uv":[1.0,5.0,2.0,6.0],"texture":"#2"},"down":{"uv":[1.0,5.0,2.0,6.0],"texture":"#2","rotation":180}}},{"from":[6.91311,3.48693,2.0],"to":[8.51311,4.48693,3.0],"rotation":{"origin":[8.01309,8.50002,7.98689],"x":0.0,"y":0.0,"z":0.0},"faces":{"north":{"uv":[4.0,2.0,3.0,3.0],"texture":"#2","rotation":90},"east":{"uv":[3.0,3.0,4.0,2.0],"texture":"#2","rotation":270},"south":{"uv":[3.0,2.0,4.0,3.0],"texture":"#2","rotation":270},"west":{"uv":[3.0,2.0,4.0,3.0],"texture":"#2","rotation":270},"up":{"uv":[3.0,2.0,4.0,3.0],"texture":"#2"},"down":{"uv":[3.0,2.0,4.0,3.0],"texture":"#2","rotation":180}}},{"from":[6.91311,5.48693,0.0],"to":[8.51311,6.48693,1.0],"rotation":{"origin":[8.01309,8.50002,7.98689],"x":0.0,"y":0.0,"z":0.0},"faces":{"north":{"uv":[6.0,0.0,5.0,1.0],"texture":"#2","rotation":90},"east":{"uv":[5.0,1.0,6.0,0.0],"texture":"#2","rotation":270},"south":{"uv":[5.0,0.0,6.0,1.0],"texture":"#2","rotation":270},"west":{"uv":[5.0,0.0,6.0,1.0],"texture":"#2","rotation":270},"up":{"uv":[5.0,0.0,6.0,1.0],"texture":"#2"},"down":{"uv":[5.0,0.0,6.0,1.0],"texture":"#2","rotation":180}}},{"from":[6.91311,6.48693,2.0],"to":[8.51311,7.48693,3.0],"rotation":{"origin":[8.01309,8.50002,7.98689],"x":0.0,"y":0.0,"z":0.0},"faces":{"north":{"uv":[7.0,2.0,6.0,3.0],"texture":"#2","rotation":90},"east":{"uv":[6.0,3.0,7.0,2.0],"texture":"#2","rotation":270},"south":{"uv":[6.0,2.0,7.0,3.0],"texture":"#2","rotation":270},"west":{"uv":[6.0,2.0,7.0,3.0],"texture":"#2","rotation":270},"up":{"uv":[6.0,2.0,7.0,3.0],"texture":"#2"},"down":{"uv":[6.0,2.0,7.0,3.0],"texture":"#2","rotation":180}}},{"from":[6.91311,8.48693,1.0],"to":[8.51311,9.48693,2.0],"rotation":{"origin":[8.01309,8.50002,7.98689],"x":0.0,"y":0.0,"z":0.0},"faces":{"north":{"uv":[9.0,1.0,8.0,2.0],"texture":"#2","rotation":90},"east":{"uv":[8.0,2.0,9.0,1.0],"texture":"#2","rotation":270},"south":{"uv":[8.0,1.0,9.0,2.0],"texture":"#2","rotation":270},"west":{"uv":[8.0,1.0,9.0,2.0],"texture":"#2","rotation":270},"up":{"uv":[8.0,1.0,9.0,2.0],"texture":"#2"},"down":{"uv":[8.0,1.0,9.0,2.0],"texture":"#2","rotation":180}}},{"from":[6.91311,10.48693,2.0],"to":[8.51311,11.48693,3.0],"rotation":{"origin":[8.01309,8.50002,7.98689],"x":0.0,"y":0.0,"z":0.0},"faces":{"north":{"uv":[11.0,2.0,10.0,3.0],"texture":"#2","rotation":90},"east":{"uv":[10.0,3.0,11.0,2.0],"texture":"#2","rotation":270},"south":{"uv":[10.0,2.0,11.0,3.0],"texture":"#2","rotation":270},"west":{"uv":[10.0,2.0,11.0,3.0],"texture":"#2","rotation":270},"up":{"uv":[10.0,2.0,11.0,3.0],"texture":"#2"},"down":{"uv":[10.0,2.0,11.0,3.0],"texture":"#2","rotation":180}}},{"from":[6.91311,11.48693,0.0],"to":[8.51311,12.48693,1.0],"rotation":{"origin":[8.01309,8.50002,7.98689],"x":0.0,"y":0.0,"z":0.0},"faces":{"north":{"uv":[12.0,0.0,11.0,1.0],"texture":"#2","rotation":90},"east":{"uv":[11.0,1.0,12.0,0.0],"texture":"#2","rotation":270},"south":{"uv":[11.0,0.0,12.0,1.0],"texture":"#2","rotation":270},"west":{"uv":[11.0,0.0,12.0,1.0],"texture":"#2","rotation":270},"up":{"uv":[11.0,0.0,12.0,1.0],"texture":"#2"},"down":{"uv":[11.0,0.0,12.0,1.0],"texture":"#2","rotation":180}}},{"from":[6.91311,12.48693,2.0],"to":[8.51311,13.48693,3.0],"rotation":{"origin":[8.01309,8.50002,7.98689],"x":0.0,"y":0.0,"z":0.0},"faces":{"north":{"uv":[13.0,2.0,12.0,3.0],"texture":"#2","rotation":90},"east":{"uv":[12.0,3.0,13.0,2.0],"texture":"#2","rotation":270},"south":{"uv":[12.0,2.0,13.0,3.0],"texture":"#2","rotation":270},"west":{"uv":[12.0,2.0,13.0,3.0],"texture":"#2","rotation":270},"up":{"uv":[12.0,2.0,13.0,3.0],"texture":"#2"},"down":{"uv":[12.0,2.0,13.0,3.0],"texture":"#2","rotation":180}}},{"from":[6.91311,13.48693,6.0],"to":[8.51311,14.48693,7.0],"rotation":{"origin":[8.01309,8.50002,7.98689],"x":0.0,"y":0.0,"z":0.0},"faces":{"north":{"uv":[14.0,6.0,13.0,7.0],"texture":"#2","rotation":90},"east":{"uv":[13.0,7.0,14.0,6.0],"texture":"#2","rotation":270},"south":{"uv":[13.0,6.0,14.0,7.0],"texture":"#2","rotation":270},"west":{"uv":[13.0,6.0,14.0,7.0],"texture":"#2","rotation":270},"up":{"uv":[13.0,6.0,14.0,7.0],"texture":"#2"},"down":{"uv":[13.0,6.0,14.0,7.0],"texture":"#2","rotation":180}}},{"from":[6.91311,15.48693,5.0],"to":[8.51311,16.48693,6.0],"rotation":{"origin":[8.01309,8.50002,7.98689],"x":0.0,"y":0.0,"z":0.0},"faces":{"north":{"uv":[16.0,5.0,15.0,6.0],"texture":"#2","rotation":90},"east":{"uv":[15.0,6.0,16.0,5.0],"texture":"#2","rotation":270},"south":{"uv":[15.0,5.0,16.0,6.0],"texture":"#2","rotation":270},"west":{"uv":[15.0,5.0,16.0,6.0],"texture":"#2","rotation":270},"up":{"uv":[15.0,5.0,16.0,6.0],"texture":"#2"},"down":{"uv":[15.0,5.0,16.0,6.0],"texture":"#2","rotation":180}}},{"from":[6.91311,14.48693,8.0],"to":[8.51311,15.48693,9.0],"rotation":{"origin":[8.01309,8.50002,7.98689],"x":0.0,"y":0.0,"z":0.0},"faces":{"north":{"uv":[15.0,8.0,14.0,9.0],"texture":"#2","rotation":90},"east":{"uv":[14.0,9.0,15.0,8.0],"texture":"#2","rotation":270},"south":{"uv":[14.0,8.0,15.0,9.0],"texture":"#2","rotation":270},"west":{"uv":[14.0,8.0,15.0,9.0],"texture":"#2","rotation":270},"up":{"uv":[14.0,8.0,15.0,9.0],"texture":"#2"},"down":{"uv":[14.0,8.0,15.0,9.0],"texture":"#2","rotation":180}}},{"from":[6.91311,13.48693,11.0],"to":[8.51311,14.48693,12.0],"rotation":{"origin":[8.01309,8.50002,7.98689],"x":0.0,"y":0.0,"z":0.0},"faces":{"north":{"uv":[14.0,11.0,13.0,12.0],"texture":"#2","rotation":90},"east":{"uv":[13.0,12.0,14.0,11.0],"texture":"#2","rotation":270},"south":{"uv":[13.0,11.0,14.0,12.0],"texture":"#2","rotation":270},"west":{"uv":[13.0,11.0,14.0,12.0],"texture":"#2","rotation":270},"up":{"uv":[13.0,11.0,14.0,12.0],"texture":"#2"},"down":{"uv":[13.0,11.0,14.0,12.0],"texture":"#2","rotation":180}}}],"textures":{"2":"c5756a72-726e-46fd-bfd0-601f260f9b2c:c56b839b-8810-42ce-94db-420585ed7b7b","particle":"c5756a72-726e-46fd-bfd0-601f260f9b2c:c56b839b-8810-42ce-94db-420585ed7b7b"}}