{"display":{"thirdperson_righthand":{"rotation":[45.0,-155.0,0.0],"translation":[0.75,2.5,-0.5],"scale":[0.2,0.2,0.2]},"thirdperson_lefthand":{"scale":[0.5,0.5,0.5]},"firstperson_righthand":{"rotation":[-10.0,-133.0,0.0],"translation":[1.25,3.75,1.75],"scale":[0.3,0.3,0.3]},"firstperson_lefthand":{"scale":[0.5,0.5,0.5]},"ground":{"translation":[0.0,1.0,0.0],"scale":[0.15,0.15,0.15]},"gui":{"rotation":[15.0,45.0,0.0],"translation":[0.0,1.75,0.0],"scale":[0.7,0.7,0.7]},"head":{"translation":[0.0,-18.5,0.0],"scale":[1.6,1.6,1.6]},"fixed":{"rotation":[0.0,180.0,0.0],"translation":[0.0,0.5,-1.75],"scale":[0.6,0.6,0.6]}},"elements":[{"from":[11.7,2.0,4.3],"to":[12.0,10.0,11.7],"rotation":{"origin":[8.0,10.0,8.0],"x":0.0,"y":0.0,"z":0.0},"faces":{"north":{"uv":[0.0,0.0,1.0,15.0],"texture":"#2"},"east":{"uv":[1.0,0.0,15.0,16.0],"texture":"#2"},"south":{"uv":[0.0,0.0,16.0,1.0],"texture":"#2"},"west":{"uv":[0.0,0.0,16.0,16.0],"texture":"#2"},"up":{"uv":[0.0,0.0,16.0,1.0],"texture":"#2"},"down":{"uv":[0.0,0.0,16.0,1.0],"texture":"#2"}}},{"from":[4.06371,1.74977,4.1],"to":[11.96371,2.04977,11.9],"rotation":{"origin":[11.85697,6.00674,7.9863],"x":0.0,"y":0.0,"z":0.0},"faces":{"north":{"uv":[0.0,0.0,1.0,15.0],"texture":"#2","rotation":90},"east":{"uv":[0.0,0.0,16.0,1.0],"texture":"#2","rotation":270},"south":{"uv":[0.0,0.0,16.0,1.0],"texture":"#2","rotation":270},"west":{"uv":[0.0,0.0,16.0,1.0],"texture":"#2","rotation":270},"up":{"uv":[1.0,0.0,15.0,16.0],"texture":"#2","rotation":270},"down":{"uv":[0.0,0.0,16.0,16.0],"texture":"#2","rotation":270}}},{"from":[4.0,2.0,4.3],"to":[4.3,10.0,11.7],"rotation":{"origin":[8.0,10.0,8.0],"x":0.0,"y":0.0,"z":0.0},"faces":{"north":{"uv":[0.0,0.0,16.0,1.0],"texture":"#2"},"east":{"uv":[0.0,0.0,16.0,16.0],"texture":"#2"},"south":{"uv":[0.0,0.0,16.0,1.0],"texture":"#2"},"west":{"uv":[1.0,0.0,15.0,16.0],"texture":"#2"},"up":{"uv":[0.0,0.0,16.0,1.0],"texture":"#2"},"down":{"uv":[0.0,0.0,16.0,1.0],"texture":"#2"}}},{"from":[4.3,2.0,4.0],"to":[11.7,10.0,4.3],"rotation":{"origin":[8.0,10.0,8.0],"x":0.0,"y":0.0,"z":0.0},"faces":{"north":{"uv":[1.0,0.0,15.0,16.0],"texture":"#2"},"east":{"uv":[0.0,0.0,16.0,1.0],"texture":"#2"},"south":{"uv":[0.0,0.0,16.0,16.0],"texture":"#2"},"west":{"uv":[0.0,0.0,16.0,1.0],"texture":"#2"},"up":{"uv":[0.0,0.0,16.0,1.0],"texture":"#2","rotation":270},"down":{"uv":[0.0,0.0,16.0,1.0],"texture":"#2","rotation":90}}},{"from":[4.3,2.0,11.7],"to":[11.7,10.0,12.0],"rotation":{"origin":[8.0,10.0,8.0],"x":0.0,"y":0.0,"z":0.0},"faces":{"north":{"uv":[0.0,0.0,16.0,16.0],"texture":"#2"},"east":{"uv":[0.0,0.0,16.0,1.0],"texture":"#2"},"south":{"uv":[1.0,0.0,15.0,16.0],"texture":"#2"},"west":{"uv":[0.0,0.0,16.0,1.0],"texture":"#2"},"up":{"uv":[0.0,0.0,16.0,1.0],"texture":"#2","rotation":270},"down":{"uv":[0.0,0.0,16.0,1.0],"texture":"#2","rotation":90}}},{"from":[7.0,2.4,7.0],"to":[9.0,12.0,9.0],"rotation":{"origin":[8.0,10.0,8.0],"x":0.0,"y":0.0,"z":0.0},"faces":{"north":{"uv":[0.0,0.0,1.0,1.0],"texture":"#3"},"east":{"uv":[0.0,0.0,1.0,1.0],"texture":"#3"},"south":{"uv":[0.0,0.0,1.0,1.0],"texture":"#3"},"west":{"uv":[0.0,0.0,1.0,1.0],"texture":"#3"},"up":{"uv":[0.0,0.0,1.0,1.0],"texture":"#3"},"down":{"uv":[0.0,0.0,1.0,1.0],"texture":"#3"}}},{"from":[4.4,2.0,4.6],"to":[11.4,6.3,11.4],"rotation":{"origin":[8.0,10.0,8.0],"x":0.0,"y":0.0,"z":0.0},"faces":{"north":{"uv":[0.0,0.0,16.0,16.0],"texture":"#5"},"east":{"uv":[0.0,0.0,16.0,16.0],"texture":"#5"},"south":{"uv":[0.0,0.0,16.0,16.0],"texture":"#5"},"west":{"uv":[0.0,0.0,16.0,16.0],"texture":"#5"},"up":{"uv":[0.0,0.0,16.0,16.0],"texture":"#5"},"down":{"uv":[0.0,0.0,16.0,16.0],"texture":"#5"}}},{"from":[7.5,12.0,8.0],"to":[8.5,13.0,8.0],"rotation":{"origin":[8.0,10.0,8.0],"x":0.0,"y":0.0,"z":0.0},"faces":{"north":{"uv":[0.0,0.0,16.0,16.0],"texture":"#4"},"east":{"uv":[0.0,0.0,1.0,2.0],"texture":"#4"},"south":{"uv":[0.0,0.0,16.0,16.0],"texture":"#4"},"west":{"uv":[0.0,0.0,1.0,2.0],"texture":"#4"},"up":{"uv":[0.0,0.0,1.0,2.0],"texture":"#4"},"down":{"uv":[0.0,0.0,1.0,2.0],"texture":"#4"}}},{"from":[8.00001,12.0,7.50873],"to":[8.00001,13.0,8.50873],"rotation":{"origin":[7.99564,12.49999,8.00437],"x":0.0,"y":0.0,"z":0.0},"faces":{"north":{"uv":[0.0,0.0,1.0,2.0],"texture":"#4"},"east":{"uv":[0.0,0.0,16.0,16.0],"texture":"#4"},"south":{"uv":[0.0,0.0,1.0,2.0],"texture":"#4"},"west":{"uv":[0.0,0.0,16.0,16.0],"texture":"#4"},"up":{"uv":[0.0,0.0,1.0,2.0],"texture":"#4"},"down":{"uv":[0.0,0.0,1.0,2.0],"texture":"#4"}}},{"from":[0.0,0.0,0.0],"to":[16.0,2.7,16.0],"faces":{"north":{"uv":[0.0,0.0,8.0,1.7],"texture":"#1"},"east":{"uv":[0.0,0.0,8.0,1.7],"texture":"#1"},"south":{"uv":[0.0,0.0,8.0,1.7],"texture":"#1"},"west":{"uv":[0.0,0.0,8.0,1.7],"texture":"#1"},"up":{"uv":[0.0,0.0,9.0,7.45],"texture":"#1"},"down":{"uv":[0.0,0.0,9.0,7.45],"texture":"#1"}}}],"textures":{"1":"c5756a72-726e-46fd-bfd0-601f260f9b2c:8c648ccb-d97f-40dd-8ebb-b71ec395e8c8","2":"block/glass","3":"block/red_concrete","4":"c5756a72-726e-46fd-bfd0-601f260f9b2c:1f6a0f30-1dfd-42e6-b181-7f6ba987c2ba","5":"block/sand","particle":"block/glass"}}