{"parent":"block/block","display":{"head":{"translation":[0.0,-19.4,0.0],"scale":[1.7,1.7,1.7]}},"elements":[{"from":[5.0,0.0,5.0],"to":[11.0,1.0,11.0],"shade":false,"faces":{"north":{"uv":[0.0,0.0,6.0,1.0],"texture":"#0"},"east":{"uv":[0.0,0.0,6.0,1.0],"texture":"#0"},"south":{"uv":[0.0,0.0,6.0,1.0],"texture":"#0"},"west":{"uv":[0.0,0.0,6.0,1.0],"texture":"#0"},"up":{"uv":[0.0,0.0,16.0,16.0],"texture":"#0"},"down":{"uv":[0.0,0.0,16.0,16.0],"texture":"#0"}}},{"from":[6.0,1.0,6.0],"to":[10.0,2.0,10.0],"shade":false,"faces":{"north":{"uv":[0.0,0.0,4.0,1.0],"texture":"#0"},"east":{"uv":[0.0,0.0,4.0,1.0],"texture":"#0"},"south":{"uv":[0.0,0.0,4.0,1.0],"texture":"#0"},"west":{"uv":[0.0,0.0,4.0,1.0],"texture":"#0"},"up":{"uv":[0.0,0.0,16.0,16.0],"texture":"#0"},"down":{"uv":[0.0,0.0,16.0,16.0],"texture":"#0"}}},{"from":[7.0,2.0,7.0],"to":[9.0,4.0,9.0],"shade":false,"faces":{"north":{"uv":[0.0,0.0,16.0,16.0],"texture":"#0"},"east":{"uv":[0.0,0.0,16.0,16.0],"texture":"#0"},"south":{"uv":[0.0,0.0,16.0,16.0],"texture":"#0"},"west":{"uv":[0.0,0.0,16.0,16.0],"texture":"#0"},"up":{"uv":[0.0,0.0,16.0,16.0],"texture":"#0"},"down":{"uv":[0.0,0.0,16.0,16.0],"texture":"#0"}}},{"from":[6.0,4.0,6.0],"to":[10.0,5.0,10.0],"shade":false,"faces":{"north":{"uv":[0.0,0.0,4.0,1.0],"texture":"#0"},"east":{"uv":[0.0,0.0,4.0,1.0],"texture":"#0"},"south":{"uv":[0.0,0.0,4.0,1.0],"texture":"#0"},"west":{"uv":[0.0,0.0,4.0,1.0],"texture":"#0"},"up":{"uv":[0.0,0.0,16.0,16.0],"texture":"#0"},"down":{"uv":[0.0,0.0,16.0,16.0],"texture":"#0"}}},{"from":[5.5,5.4,5.5],"to":[10.5,10.4,10.5],"shade":false,"faces":{"north":{"uv":[0.0,0.0,5.0,5.0],"texture":"#1"},"east":{"uv":[0.0,0.0,5.0,5.0],"texture":"#1"},"south":{"uv":[0.0,0.0,5.0,5.0],"texture":"#1"},"west":{"uv":[0.0,0.0,5.0,5.0],"texture":"#1"},"up":{"uv":[0.0,0.0,5.0,5.0],"texture":"#1"},"down":{"uv":[0.0,0.0,5.0,5.0],"texture":"#1"}}},{"from":[6.0,5.0,6.0],"to":[10.0,5.4,10.0],"shade":false,"faces":{"north":{"uv":[0.0,0.0,4.0,0.4],"texture":"#1"},"east":{"uv":[0.0,0.0,4.0,0.4],"texture":"#1"},"south":{"uv":[0.0,0.0,4.0,0.4],"texture":"#1"},"west":{"uv":[0.0,0.0,4.0,0.4],"texture":"#1"},"up":{"uv":[0.0,0.0,4.0,4.0],"texture":"#1"},"down":{"uv":[0.0,0.0,4.0,4.0],"texture":"#1"}}},{"from":[6.0,10.4,6.0],"to":[10.0,12.4,10.0],"shade":false,"faces":{"north":{"uv":[0.0,0.0,4.0,2.0],"texture":"#1"},"east":{"uv":[0.0,0.0,4.0,2.0],"texture":"#1"},"south":{"uv":[0.0,0.0,4.0,2.0],"texture":"#1"},"west":{"uv":[0.0,0.0,4.0,2.0],"texture":"#1"},"up":{"uv":[0.0,0.0,4.0,4.0],"texture":"#1"},"down":{"uv":[0.0,0.0,4.0,4.0],"texture":"#1"}}},{"from":[6.5,12.4,6.5],"to":[9.5,14.4,9.5],"shade":false,"faces":{"north":{"uv":[0.0,0.0,3.0,2.0],"texture":"#1"},"east":{"uv":[0.0,0.0,3.0,2.0],"texture":"#1"},"south":{"uv":[0.0,0.0,3.0,2.0],"texture":"#1"},"west":{"uv":[0.0,0.0,3.0,2.0],"texture":"#1"},"up":{"uv":[0.0,0.0,3.0,3.0],"texture":"#1"},"down":{"uv":[0.0,0.0,3.0,3.0],"texture":"#1"}}},{"from":[7.0,14.4,7.0],"to":[9.0,15.4,9.0],"shade":false,"faces":{"north":{"uv":[0.0,0.0,2.0,1.0],"texture":"#1"},"east":{"uv":[0.0,0.0,2.0,1.0],"texture":"#1"},"south":{"uv":[0.0,0.0,2.0,1.0],"texture":"#1"},"west":{"uv":[0.0,0.0,2.0,1.0],"texture":"#1"},"up":{"uv":[0.0,0.0,2.0,2.0],"texture":"#1"},"down":{"uv":[0.0,0.0,2.0,2.0],"texture":"#1"}}},{"from":[7.0,15.4,7.0],"to":[9.0,16.4,9.0],"shade":false,"faces":{"north":{"uv":[0.0,0.0,2.0,1.0],"texture":"#0"},"east":{"uv":[0.0,0.0,2.0,1.0],"texture":"#0"},"south":{"uv":[0.0,0.0,2.0,1.0],"texture":"#0"},"west":{"uv":[0.0,0.0,2.0,1.0],"texture":"#0"},"up":{"uv":[0.0,0.0,2.0,2.0],"texture":"#0"},"down":{"uv":[0.0,0.0,2.0,2.0],"texture":"#0"}}}],"ambientocclusion":false,"textures":{"0":"block/iron_block","1":"block/lava_still","particle":"block/iron_block"}}