{"display":{"thirdperson_righthand":{"rotation":[70.0,45.0,0.0],"translation":[0.0,1.75,0.25],"scale":[0.25,0.25,0.25]},"ground":{"translation":[0.0,3.5,0.0],"scale":[0.25,0.25,0.25]},"gui":{"rotation":[25.0,45.0,0.0],"translation":[0.0,0.5,0.0],"scale":[0.8,0.8,0.8]},"head":{"translation":[0.0,-15.0,0.0],"scale":[2.3,2.3,2.3]}},"elements":[{"from":[10.0,0.0,3.0],"to":[13.0,10.0,6.0],"faces":{"north":{"uv":[0.0,0.0,2.0,10.0],"texture":"#0"},"east":{"uv":[0.0,0.0,2.0,10.0],"texture":"#0"},"south":{"uv":[0.0,0.0,2.0,10.0],"texture":"#0"},"west":{"uv":[0.0,0.0,2.0,10.0],"texture":"#0"},"up":{"uv":[0.0,0.0,2.0,10.0],"texture":"#0"},"down":{"uv":[0.0,0.0,2.0,10.0],"texture":"#0"}}},{"from":[10.0,0.0,10.0],"to":[13.0,10.0,13.0],"faces":{"north":{"uv":[0.0,0.0,2.0,10.0],"texture":"#0"},"east":{"uv":[0.0,0.0,2.0,10.0],"texture":"#0"},"south":{"uv":[0.0,0.0,2.0,10.0],"texture":"#0"},"west":{"uv":[0.0,0.0,2.0,10.0],"texture":"#0"},"up":{"uv":[0.0,0.0,2.0,10.0],"texture":"#0"},"down":{"uv":[0.0,0.0,2.0,10.0],"texture":"#0"}}},{"from":[3.0,0.0,10.0],"to":[6.0,10.0,13.0],"faces":{"north":{"uv":[0.0,0.0,2.0,10.0],"texture":"#0"},"east":{"uv":[0.0,0.0,2.0,10.0],"texture":"#0"},"south":{"uv":[0.0,0.0,2.0,10.0],"texture":"#0"},"west":{"uv":[0.0,0.0,2.0,10.0],"texture":"#0"},"up":{"uv":[0.0,0.0,2.0,10.0],"texture":"#0"},"down":{"uv":[0.0,0.0,2.0,10.0],"texture":"#0"}}},{"from":[3.0,0.0,3.0],"to":[6.0,10.0,6.0],"faces":{"north":{"uv":[0.0,0.0,2.0,10.0],"texture":"#0"},"east":{"uv":[0.0,0.0,2.0,10.0],"texture":"#0"},"south":{"uv":[0.0,0.0,2.0,10.0],"texture":"#0"},"west":{"uv":[0.0,0.0,2.0,10.0],"texture":"#0"},"up":{"uv":[0.0,0.0,2.0,10.0],"texture":"#0"},"down":{"uv":[0.0,0.0,2.0,10.0],"texture":"#0"}}},{"from":[2.0,10.0,2.0],"to":[14.0,14.0,14.0],"faces":{"north":{"uv":[0.0,0.0,16.0,6.0],"texture":"#1"},"east":{"uv":[0.0,0.0,16.0,6.0],"texture":"#1"},"south":{"uv":[0.0,0.0,16.0,6.0],"texture":"#1"},"west":{"uv":[0.0,0.0,16.0,6.0],"texture":"#1"},"up":{"uv":[0.0,0.0,16.0,16.0],"texture":"#1"},"down":{"uv":[0.0,0.0,16.0,16.0],"texture":"#1"}}},{"from":[6.0,5.0,4.0],"to":[10.0,7.0,5.0],"faces":{"north":{"uv":[0.0,0.0,2.0,10.0],"texture":"#0"},"east":{"uv":[0.0,0.0,2.0,10.0],"texture":"#0"},"south":{"uv":[0.0,0.0,2.0,10.0],"texture":"#0"},"west":{"uv":[0.0,0.0,2.0,10.0],"texture":"#0"},"up":{"uv":[0.0,0.0,2.0,10.0],"texture":"#0"},"down":{"uv":[0.0,0.0,2.0,10.0],"texture":"#0"}}},{"from":[6.0,5.0,11.0],"to":[10.0,7.0,12.0],"faces":{"north":{"uv":[0.0,0.0,2.0,10.0],"texture":"#0"},"east":{"uv":[0.0,0.0,2.0,10.0],"texture":"#0"},"south":{"uv":[0.0,0.0,2.0,10.0],"texture":"#0"},"west":{"uv":[0.0,0.0,2.0,10.0],"texture":"#0"},"up":{"uv":[0.0,0.0,2.0,10.0],"texture":"#0"},"down":{"uv":[0.0,0.0,2.0,10.0],"texture":"#0"}}},{"from":[11.1,5.0,6.0],"to":[12.1,7.0,10.0],"faces":{"north":{"uv":[0.0,0.0,2.0,10.0],"texture":"#0"},"east":{"uv":[0.0,0.0,2.0,10.0],"texture":"#0"},"south":{"uv":[0.0,0.0,2.0,10.0],"texture":"#0"},"west":{"uv":[0.0,0.0,2.0,10.0],"texture":"#0"},"up":{"uv":[0.0,0.0,2.0,10.0],"texture":"#0","rotation":90},"down":{"uv":[0.0,0.0,2.0,10.0],"texture":"#0","rotation":270}}},{"from":[4.1,5.0,6.0],"to":[5.1,7.0,10.0],"faces":{"north":{"uv":[0.0,0.0,2.0,10.0],"texture":"#0"},"east":{"uv":[0.0,0.0,2.0,10.0],"texture":"#0"},"south":{"uv":[0.0,0.0,2.0,10.0],"texture":"#0"},"west":{"uv":[0.0,0.0,2.0,10.0],"texture":"#0"},"up":{"uv":[0.0,0.0,2.0,10.0],"texture":"#0","rotation":90},"down":{"uv":[0.0,0.0,2.0,10.0],"texture":"#0","rotation":270}}}],"textures":{"0":"block/white_concrete","1":"block/gray_wool","particle":"block/white_concrete"}}