{"providers":[{"type":"bitmap","file":"fec86c61-be98-4f9d-9891-7ddcc39178d5:cc09ca66-49af-4bfd-a446-65e973e5042f.png","height":114,"ascent":13,"chars":["ꑅ"]},{"type":"bitmap","file":"fec86c61-be98-4f9d-9891-7ddcc39178d5:83d9f351-df06-4d59-913d-40ec9ae6c3ff.png","ascent":8,"chars":["꒚"]},{"type":"bitmap","file":"fec86c61-be98-4f9d-9891-7ddcc39178d5:cb54c645-21a9-4186-94fb-0a35d19e7adc.png","ascent":8,"chars":["ꓯ"]},{"type":"bitmap","file":"fec86c61-be98-4f9d-9891-7ddcc39178d5:9617162e-ef71-4eda-8371-674bcd733d67.png","ascent":8,"chars":["꒽"]},{"type":"bitmap","file":"fec86c61-be98-4f9d-9891-7ddcc39178d5:817c678f-7dab-47a2-b299-950f2c5d8c2b.png","ascent":8,"chars":["ꒈ"]},{"type":"bitmap","file":"fec86c61-be98-4f9d-9891-7ddcc39178d5:5f27bbe1-6d2b-48a0-91da-a08205cca35b.png","height":256,"ascent":37,"chars":["ꐛ"]},{"type":"bitmap","file":"fec86c61-be98-4f9d-9891-7ddcc39178d5:9d9d5e93-f80c-4501-a1f0-17e873a4ad9d.png","ascent":8,"chars":["ꔳ"]},{"type":"bitmap","file":"fec86c61-be98-4f9d-9891-7ddcc39178d5:4d778cd6-395e-4517-9fcf-04bbd106e1ba.png","ascent":8,"chars":["꓿"]},{"type":"bitmap","file":"fec86c61-be98-4f9d-9891-7ddcc39178d5:e62eca81-d82d-4661-ac8f-0299ee1a420c.png","ascent":8,"chars":["ꒅ"]},{"type":"bitmap","file":"fec86c61-be98-4f9d-9891-7ddcc39178d5:d74d4df8-32f4-4f04-9ddd-0208db9a76fd.png","ascent":8,"chars":["꒝"]},{"type":"bitmap","file":"fec86c61-be98-4f9d-9891-7ddcc39178d5:a8e4fa55-0104-4882-bf66-aec03ecff185.png","ascent":8,"chars":["ꔜ"]},{"type":"bitmap","file":"fec86c61-be98-4f9d-9891-7ddcc39178d5:7bd76c87-2f8f-484d-bdc1-cb02f4776d35.png","ascent":8,"chars":["ꓢ"]},{"type":"bitmap","file":"fec86c61-be98-4f9d-9891-7ddcc39178d5:f4c7db27-614a-4f65-b7f5-6d2c6bf88d08.png","ascent":8,"chars":["ꔁ"]},{"type":"bitmap","file":"fec86c61-be98-4f9d-9891-7ddcc39178d5:f281263b-44d3-4232-998a-511aeec473f3.png","ascent":8,"chars":["꓾"]},{"type":"bitmap","file":"fec86c61-be98-4f9d-9891-7ddcc39178d5:a791c846-5f46-4df4-a4e2-cc3bbbd13333.png","height":114,"ascent":13,"chars":["ꑌ"]},{"type":"bitmap","file":"fec86c61-be98-4f9d-9891-7ddcc39178d5:8478c1db-4309-4d58-b72a-3f50974f0a0e.png","ascent":8,"chars":["ꒄ"]},{"type":"bitmap","file":"fec86c61-be98-4f9d-9891-7ddcc39178d5:68428bb6-b562-4a92-b4b7-53b8ed69e4e3.png","ascent":8,"chars":["ꓸ"]},{"type":"bitmap","file":"fec86c61-be98-4f9d-9891-7ddcc39178d5:ffe246f8-ea56-423a-bbb3-09c667fa3589.png","ascent":8,"chars":["꓊"]},{"type":"bitmap","file":"fec86c61-be98-4f9d-9891-7ddcc39178d5:aa9b78ba-46b5-44f6-b7ee-455fe52fa542.png","ascent":8,"chars":["꓇"]},{"type":"bitmap","file":"fec86c61-be98-4f9d-9891-7ddcc39178d5:ee75908f-2560-4924-b26e-d0c9c03f1daf.png","ascent":8,"chars":["ꒉ"]},{"type":"bitmap","file":"fec86c61-be98-4f9d-9891-7ddcc39178d5:aec7af65-039d-445c-a78f-aa7ceb9c817d.png","ascent":8,"chars":["꒜"]},{"type":"bitmap","file":"fec86c61-be98-4f9d-9891-7ddcc39178d5:4140aa0f-791e-4191-bebd-feeb4a71db8c.png","ascent":8,"chars":["ꕆ"]},{"type":"bitmap","file":"fec86c61-be98-4f9d-9891-7ddcc39178d5:4e834070-29f4-4bf9-96ad-d08d338634b8.png","ascent":8,"chars":["ꔬ"]},{"type":"bitmap","file":"fec86c61-be98-4f9d-9891-7ddcc39178d5:3b6ed1ae-ac86-4bb0-be76-bd3d06e5745c.png","ascent":8,"chars":["ꔆ"]},{"type":"bitmap","file":"fec86c61-be98-4f9d-9891-7ddcc39178d5:64b027bb-105a-4913-8f2b-462445b1c387.png","ascent":8,"chars":["ꔭ"]},{"type":"bitmap","file":"fec86c61-be98-4f9d-9891-7ddcc39178d5:e00a1130-e735-4dad-9fad-b2499104e6a4.png","ascent":8,"chars":["ꔒ"]},{"type":"bitmap","file":"fec86c61-be98-4f9d-9891-7ddcc39178d5:3c484430-9980-4576-852a-9ab3c0ea91b8.png","ascent":8,"chars":["ꓡ"]},{"type":"bitmap","file":"fec86c61-be98-4f9d-9891-7ddcc39178d5:f7feb219-1f2a-49d5-bed9-d4395f65e1b9.png","ascent":8,"chars":["ꓨ"]},{"type":"bitmap","file":"fec86c61-be98-4f9d-9891-7ddcc39178d5:f2980b79-c0de-4603-af6c-528d5b8073ac.png","ascent":8,"chars":["ꔵ"]},{"type":"bitmap","file":"fec86c61-be98-4f9d-9891-7ddcc39178d5:c5872498-54d1-42ab-9822-f042d2d6f865.png","ascent":8,"chars":["꒖"]},{"type":"bitmap","file":"fec86c61-be98-4f9d-9891-7ddcc39178d5:be5da420-3954-4efb-a8c7-9747a1cc2683.png","ascent":8,"chars":["꒒"]},{"type":"bitmap","file":"fec86c61-be98-4f9d-9891-7ddcc39178d5:87519533-dc90-4211-a162-2c6d09ac09c1.png","ascent":8,"chars":["ꕂ"]},{"type":"bitmap","file":"fec86c61-be98-4f9d-9891-7ddcc39178d5:cee1c119-5723-4bdb-97b9-d66ecdadbedb.png","ascent":8,"chars":["ꓖ"]},{"type":"bitmap","file":"fec86c61-be98-4f9d-9891-7ddcc39178d5:ae8f0291-a218-44e3-930b-79fe5b4fe4d4.png","ascent":8,"chars":["ꕈ"]},{"type":"bitmap","file":"fec86c61-be98-4f9d-9891-7ddcc39178d5:beea82df-f77f-4054-a969-f0df3c54aa28.png","ascent":8,"chars":["꒼"]},{"type":"bitmap","file":"fec86c61-be98-4f9d-9891-7ddcc39178d5:cd6abaec-b0d2-493e-a717-73f608473ab9.png","ascent":8,"chars":["ꔑ"]},{"type":"bitmap","file":"fec86c61-be98-4f9d-9891-7ddcc39178d5:bf8727fa-7664-433e-8171-34ec3a1937bd.png","ascent":8,"chars":["ꐫ"]},{"type":"bitmap","file":"fec86c61-be98-4f9d-9891-7ddcc39178d5:37979ceb-bb60-4c5f-b100-7a8f0d207f56.png","ascent":8,"chars":["ꔼ"]},{"type":"bitmap","file":"fec86c61-be98-4f9d-9891-7ddcc39178d5:3459d400-212e-4188-8ad2-e090a5335676.png","ascent":8,"chars":["ꔮ"]},{"type":"bitmap","file":"fec86c61-be98-4f9d-9891-7ddcc39178d5:811e9812-3abf-4fee-acdc-fe8ec75c1c2b.png","ascent":8,"chars":["꓃"]},{"type":"bitmap","file":"fec86c61-be98-4f9d-9891-7ddcc39178d5:95a3c167-6bdd-43ea-af53-1e31ae23ee73.png","ascent":8,"chars":["ꓱ"]},{"type":"bitmap","file":"fec86c61-be98-4f9d-9891-7ddcc39178d5:702cb0bb-43b1-41da-8777-ac99c8e3227d.png","ascent":8,"chars":["ꓑ"]},{"type":"bitmap","file":"fec86c61-be98-4f9d-9891-7ddcc39178d5:e94646dd-7472-4695-be67-0e950930d767.png","ascent":8,"chars":["꓈"]},{"type":"bitmap","file":"fec86c61-be98-4f9d-9891-7ddcc39178d5:5a9f3706-b3fe-4d9a-899b-776625adbd60.png","height":114,"ascent":13,"chars":["ꑄ"]},{"type":"bitmap","file":"fec86c61-be98-4f9d-9891-7ddcc39178d5:6394ce92-4f81-488d-ae38-e59368a722c6.png","ascent":8,"chars":["ꓠ"]},{"type":"bitmap","file":"fec86c61-be98-4f9d-9891-7ddcc39178d5:46049b16-e598-47d7-8c27-63f4e9dd73ef.png","ascent":8,"chars":["ꔾ"]},{"type":"bitmap","file":"fec86c61-be98-4f9d-9891-7ddcc39178d5:0162c934-1eb8-4586-92fb-bf817f6a9648.png","ascent":8,"chars":["ꒊ"]},{"type":"bitmap","file":"fec86c61-be98-4f9d-9891-7ddcc39178d5:2787b654-a92a-4bd3-a444-f51e22e54cab.png","ascent":8,"chars":["꒺"]},{"type":"bitmap","file":"fec86c61-be98-4f9d-9891-7ddcc39178d5:a0c05e8e-9db0-4c1d-9d70-745d7807d02b.png","ascent":8,"chars":["꓆"]},{"type":"bitmap","file":"fec86c61-be98-4f9d-9891-7ddcc39178d5:8380782c-6d36-4298-9418-203915164b83.png","ascent":8,"chars":["ꔿ"]},{"type":"bitmap","file":"fec86c61-be98-4f9d-9891-7ddcc39178d5:fd2f9d86-5991-4e95-80fb-bb9d404cb66a.png","ascent":8,"chars":["ꓣ"]},{"type":"bitmap","file":"fec86c61-be98-4f9d-9891-7ddcc39178d5:dd2d4a89-d5c8-4082-86b6-6bd6bf080011.png","ascent":8,"chars":["꒪"]},{"type":"bitmap","file":"fec86c61-be98-4f9d-9891-7ddcc39178d5:b3ee7ee6-b395-4dad-a7ae-921e4802056e.png","ascent":8,"chars":["ꑺ"]},{"type":"bitmap","file":"fec86c61-be98-4f9d-9891-7ddcc39178d5:f78ef632-83e8-4135-8f70-54aa9241bc54.png","ascent":8,"chars":["ꔌ"]},{"type":"bitmap","file":"fec86c61-be98-4f9d-9891-7ddcc39178d5:5c8dbea1-5c26-486a-abb3-342cdce09a43.png","ascent":8,"chars":["ꔷ"]},{"type":"bitmap","file":"fec86c61-be98-4f9d-9891-7ddcc39178d5:383d0b27-dbe0-45f5-bade-e9f88c0ada6a.png","ascent":8,"chars":["ꒀ"]},{"type":"bitmap","file":"fec86c61-be98-4f9d-9891-7ddcc39178d5:fb7b3a26-c9d8-4e6d-b158-409bb9a7c950.png","ascent":8,"chars":["ꓜ"]},{"type":"bitmap","file":"fec86c61-be98-4f9d-9891-7ddcc39178d5:fc7f0fcb-292e-407f-94d3-19e11a035a2f.png","ascent":8,"chars":["ꐵ"]},{"type":"bitmap","file":"fec86c61-be98-4f9d-9891-7ddcc39178d5:3b1d3c51-a2a8-4d91-936b-feb440445c28.png","height":114,"ascent":13,"chars":["ꑊ"]},{"type":"bitmap","file":"fec86c61-be98-4f9d-9891-7ddcc39178d5:1eb99a28-0c78-47ba-9c2e-f46bc1fcd4e1.png","ascent":8,"chars":["ꓝ"]},{"type":"bitmap","file":"fec86c61-be98-4f9d-9891-7ddcc39178d5:77b15256-2ab7-49f6-abf2-7f98bcb76026.png","ascent":8,"chars":["ꔘ"]},{"type":"bitmap","file":"fec86c61-be98-4f9d-9891-7ddcc39178d5:30a0930b-9733-4ebe-bd20-1e8e33d5af83.png","ascent":8,"chars":["꓂"]},{"type":"bitmap","file":"fec86c61-be98-4f9d-9891-7ddcc39178d5:46059f69-9dd8-473a-95e5-bc748cb1bc9a.png","ascent":8,"chars":["꒨"]},{"type":"bitmap","file":"fec86c61-be98-4f9d-9891-7ddcc39178d5:6ede12a6-0339-4310-b993-809eaebba154.png","ascent":8,"chars":["꒦"]},{"type":"bitmap","file":"fec86c61-be98-4f9d-9891-7ddcc39178d5:c59476e7-d80e-40f4-8131-6368ad3923fb.png","ascent":8,"chars":["꒤"]},{"type":"bitmap","file":"fec86c61-be98-4f9d-9891-7ddcc39178d5:296e7087-4913-4428-ae40-1dfcf77becdb.png","ascent":8,"chars":["ꐮ"]},{"type":"bitmap","file":"fec86c61-be98-4f9d-9891-7ddcc39178d5:ef791902-7617-44d8-b17f-0c89ee9d54dc.png","ascent":8,"chars":["꒞"]},{"type":"bitmap","file":"fec86c61-be98-4f9d-9891-7ddcc39178d5:783155d9-c174-4740-ac91-7110cb4a038b.png","ascent":8,"chars":["ꔇ"]},{"type":"bitmap","file":"fec86c61-be98-4f9d-9891-7ddcc39178d5:54fd72bd-eb3b-41a1-9cff-cb08130e65a9.png","ascent":8,"chars":["ꓕ"]},{"type":"bitmap","file":"fec86c61-be98-4f9d-9891-7ddcc39178d5:a369af8f-cfce-42ec-b8cb-6b64082fbcc8.png","ascent":8,"chars":["ꑽ"]},{"type":"bitmap","file":"fec86c61-be98-4f9d-9891-7ddcc39178d5:7cb2b2ad-7583-4d43-8d4e-b9a8830c48da.png","ascent":8,"chars":["ꔻ"]},{"type":"bitmap","file":"fec86c61-be98-4f9d-9891-7ddcc39178d5:743814a4-6da0-4626-8f13-fb38ec08b37a.png","ascent":8,"chars":["ꔸ"]},{"type":"bitmap","file":"fec86c61-be98-4f9d-9891-7ddcc39178d5:7edbcc49-6d65-4ede-ace8-ec23e48ca785.png","ascent":8,"chars":["ꕇ"]},{"type":"bitmap","file":"fec86c61-be98-4f9d-9891-7ddcc39178d5:9e6e55c5-f6e9-46c9-8a76-a7cff855977e.png","ascent":8,"chars":["ꔧ"]},{"type":"bitmap","file":"fec86c61-be98-4f9d-9891-7ddcc39178d5:054127e3-3c49-4b30-a71b-403d134d0eae.png","ascent":8,"chars":["ꓷ"]},{"type":"bitmap","file":"fec86c61-be98-4f9d-9891-7ddcc39178d5:10c8c3e2-baf6-4bb1-aba2-03d5312d7251.png","ascent":8,"chars":["ꕄ"]},{"type":"bitmap","file":"fec86c61-be98-4f9d-9891-7ddcc39178d5:a386b82a-57e8-4797-bb60-0c18d04f2e5f.png","ascent":8,"chars":["ꑴ"]},{"type":"bitmap","file":"fec86c61-be98-4f9d-9891-7ddcc39178d5:41dc3e1c-8dd5-417c-b4c0-bafefaf43893.png","ascent":8,"chars":["꓅"]},{"type":"bitmap","file":"fec86c61-be98-4f9d-9891-7ddcc39178d5:57ecaa53-7742-49f1-992c-80a3b5a81793.png","ascent":8,"chars":["ꔱ"]},{"type":"bitmap","file":"fec86c61-be98-4f9d-9891-7ddcc39178d5:b67a7eef-aaa7-4ade-8250-3219782f2c6a.png","ascent":8,"chars":["ꐧ"]},{"type":"bitmap","file":"fec86c61-be98-4f9d-9891-7ddcc39178d5:b6c17306-ffaa-4c54-a0aa-ae477085f30b.png","ascent":8,"chars":["꓍"]},{"type":"bitmap","file":"fec86c61-be98-4f9d-9891-7ddcc39178d5:3d367379-505b-49bb-8d36-08e27f771176.png","ascent":8,"chars":["ꓞ"]},{"type":"bitmap","file":"fec86c61-be98-4f9d-9891-7ddcc39178d5:fb6de2f9-050f-4ac4-b21b-0902636c5d89.png","ascent":8,"chars":["ꑷ"]},{"type":"bitmap","file":"fec86c61-be98-4f9d-9891-7ddcc39178d5:0fdf07ff-1536-4c66-9a02-f1e538fb05df.png","ascent":8,"chars":["ꓴ"]},{"type":"bitmap","file":"fec86c61-be98-4f9d-9891-7ddcc39178d5:fbd86dbc-bd85-4a05-aefd-e744669abf08.png","ascent":8,"chars":["ꔝ"]},{"type":"bitmap","file":"fec86c61-be98-4f9d-9891-7ddcc39178d5:7268ba93-3264-4a8f-b6bd-551e0eeb0f46.png","ascent":8,"chars":["ꐴ"]},{"type":"bitmap","file":"fec86c61-be98-4f9d-9891-7ddcc39178d5:b35999ee-98bd-4450-aec1-1d7ed6a8a606.png","ascent":8,"chars":["꒔"]},{"type":"bitmap","file":"fec86c61-be98-4f9d-9891-7ddcc39178d5:694de1af-6148-42cb-8e6d-a5309a9310ff.png","ascent":8,"chars":["꒕"]},{"type":"bitmap","file":"fec86c61-be98-4f9d-9891-7ddcc39178d5:3c6aaf18-4c7e-4c50-b777-8a9bd6ffdc0f.png","ascent":8,"chars":["ꔞ"]},{"type":"bitmap","file":"fec86c61-be98-4f9d-9891-7ddcc39178d5:87c5d5e5-c4fb-4226-a4d4-22e9207571d7.png","ascent":8,"chars":["ꕃ"]},{"type":"bitmap","file":"fec86c61-be98-4f9d-9891-7ddcc39178d5:ed9fce97-ac5e-4fe8-8f58-3f5c0d7a912d.png","ascent":8,"chars":["ꔺ"]},{"type":"bitmap","file":"fec86c61-be98-4f9d-9891-7ddcc39178d5:dffb9dc7-12ec-4dd6-93dd-b4791dc21d9d.png","ascent":8,"chars":["ꕅ"]},{"type":"bitmap","file":"fec86c61-be98-4f9d-9891-7ddcc39178d5:e416420b-af19-43b5-af7e-4dbef6ff6a6e.png","ascent":8,"chars":["ꑹ"]},{"type":"bitmap","file":"fec86c61-be98-4f9d-9891-7ddcc39178d5:29399697-9d4a-4761-b773-3e4b5c455f3b.png","ascent":8,"chars":["꒐"]},{"type":"bitmap","file":"fec86c61-be98-4f9d-9891-7ddcc39178d5:0804e934-ee83-4eb3-b926-96154f85bc95.png","ascent":8,"chars":["ꑵ"]},{"type":"bitmap","file":"fec86c61-be98-4f9d-9891-7ddcc39178d5:c07f6268-13a4-4180-b0e9-c8479aedcd50.png","ascent":8,"chars":["꒰"]},{"type":"bitmap","file":"fec86c61-be98-4f9d-9891-7ddcc39178d5:ee0f115e-70a8-4328-83e6-fba5e2b82d39.png","ascent":8,"chars":["꒧"]},{"type":"bitmap","file":"fec86c61-be98-4f9d-9891-7ddcc39178d5:642e48a9-676f-4983-b5bd-f0d84a556041.png","ascent":8,"chars":["ꓟ"]},{"type":"bitmap","file":"fec86c61-be98-4f9d-9891-7ddcc39178d5:e7603410-29e3-40b8-b5ca-a33fd1c862bc.png","ascent":8,"chars":["ꔋ"]},{"type":"bitmap","file":"fec86c61-be98-4f9d-9891-7ddcc39178d5:72c58b80-9203-4799-8341-40054430ef77.png","ascent":8,"chars":["ꓩ"]},{"type":"bitmap","file":"fec86c61-be98-4f9d-9891-7ddcc39178d5:130a0816-7803-4697-b1c4-4849c32709e5.png","ascent":8,"chars":["ꓥ"]},{"type":"bitmap","file":"fec86c61-be98-4f9d-9891-7ddcc39178d5:4e15c11c-76aa-4cd2-88d7-ff5bf5558f52.png","ascent":8,"chars":["ꓫ"]},{"type":"bitmap","file":"fec86c61-be98-4f9d-9891-7ddcc39178d5:94c310ee-6011-4a2d-a54d-76402e2e4f6e.png","ascent":8,"chars":["ꒌ"]},{"type":"bitmap","file":"fec86c61-be98-4f9d-9891-7ddcc39178d5:98b0d966-ead1-4abf-8e0b-04087da68880.png","ascent":8,"chars":["꒎"]},{"type":"bitmap","file":"fec86c61-be98-4f9d-9891-7ddcc39178d5:852186f8-854e-41ab-9bde-d5932c252821.png","ascent":8,"chars":["ꔎ"]},{"type":"bitmap","file":"fec86c61-be98-4f9d-9891-7ddcc39178d5:450f0ca5-2a26-43bf-bae9-80529abc9472.png","ascent":8,"chars":["ꓐ"]},{"type":"bitmap","file":"fec86c61-be98-4f9d-9891-7ddcc39178d5:84b5ecd4-57c1-44cb-8d21-661ba722f2d4.png","ascent":8,"chars":["ꓮ"]},{"type":"bitmap","file":"fec86c61-be98-4f9d-9891-7ddcc39178d5:19cba058-a7b3-454e-9d0b-ed40802e207c.png","ascent":8,"chars":["꒵"]},{"type":"bitmap","file":"fec86c61-be98-4f9d-9891-7ddcc39178d5:641ec597-4881-4ca0-b266-2b20313f2a53.png","ascent":8,"chars":["ꑿ"]},{"type":"bitmap","file":"fec86c61-be98-4f9d-9891-7ddcc39178d5:2f321fa5-6e4b-4d1a-ab51-4f772d5485f6.png","ascent":8,"chars":["ꐳ"]},{"type":"bitmap","file":"fec86c61-be98-4f9d-9891-7ddcc39178d5:eb71c937-8dd8-480b-873f-22959eaf8b4b.png","ascent":8,"chars":["ꔈ"]},{"type":"bitmap","file":"fec86c61-be98-4f9d-9891-7ddcc39178d5:62461b36-7800-4794-bcfe-5bdbd2c0d40f.png","ascent":8,"chars":["ꔦ"]},{"type":"bitmap","file":"fec86c61-be98-4f9d-9891-7ddcc39178d5:1f96930e-27df-4716-aacf-acd24c059bb2.png","ascent":8,"chars":["ꓳ"]},{"type":"bitmap","file":"fec86c61-be98-4f9d-9891-7ddcc39178d5:e53c364a-f29b-485d-b744-b7ac71d16041.png","ascent":8,"chars":["ꔛ"]},{"type":"bitmap","file":"fec86c61-be98-4f9d-9891-7ddcc39178d5:4bb854c1-878c-413c-8ddc-80c767de826a.png","ascent":8,"chars":["ꔤ"]},{"type":"bitmap","file":"fec86c61-be98-4f9d-9891-7ddcc39178d5:2f2a1b24-0504-44bd-8776-c0cebaf072f7.png","ascent":8,"chars":["꓋"]},{"type":"bitmap","file":"fec86c61-be98-4f9d-9891-7ddcc39178d5:b501899d-ebba-4d77-a0dd-90001f3ecc9b.png","ascent":8,"chars":["ꔗ"]},{"type":"bitmap","file":"fec86c61-be98-4f9d-9891-7ddcc39178d5:cf747187-0111-413c-b301-ff578d7cae59.png","ascent":8,"chars":["꒹"]},{"type":"bitmap","file":"fec86c61-be98-4f9d-9891-7ddcc39178d5:e0a7a4d0-03c3-4477-bcea-e28f257bf927.png","ascent":8,"chars":["ꓹ"]},{"type":"bitmap","file":"fec86c61-be98-4f9d-9891-7ddcc39178d5:81a38fb8-b9dc-4486-9471-5d61f2cdaffe.png","ascent":8,"chars":["ꒇ"]},{"type":"bitmap","file":"fec86c61-be98-4f9d-9891-7ddcc39178d5:f09fb0bc-6334-4a5d-8a3e-7d8f7cb52179.png","ascent":8,"chars":["꒿"]},{"type":"bitmap","file":"fec86c61-be98-4f9d-9891-7ddcc39178d5:28434c01-7fb1-4c4e-ad1f-b8f3178f090e.png","ascent":8,"chars":["ꓤ"]},{"type":"bitmap","file":"fec86c61-be98-4f9d-9891-7ddcc39178d5:60352198-e254-4258-bd08-14bec494f470.png","ascent":8,"chars":["ꐢ"]},{"type":"bitmap","file":"fec86c61-be98-4f9d-9891-7ddcc39178d5:37d43cd9-7821-4b9f-80e6-12c87e432295.png","ascent":8,"chars":["ꐡ"]},{"type":"bitmap","file":"fec86c61-be98-4f9d-9891-7ddcc39178d5:4ce9df4d-ea13-423f-b9be-560f08ac0b6b.png","ascent":8,"chars":["ꔂ"]},{"type":"bitmap","file":"fec86c61-be98-4f9d-9891-7ddcc39178d5:e6376f46-03d9-4311-bae8-f87dd993d620.png","ascent":8,"chars":["ꓪ"]},{"type":"bitmap","file":"fec86c61-be98-4f9d-9891-7ddcc39178d5:306b4df7-a6f3-4b15-b51c-3707999fb4b3.png","ascent":8,"chars":["ꐰ"]},{"type":"bitmap","file":"fec86c61-be98-4f9d-9891-7ddcc39178d5:040cfedf-7c55-45f6-8983-2d30b4a3eaf0.png","ascent":8,"chars":["ꓒ"]},{"type":"bitmap","file":"fec86c61-be98-4f9d-9891-7ddcc39178d5:db67d710-a6db-4e22-b113-3bc3ac04c006.png","ascent":8,"chars":["꒛"]},{"type":"bitmap","file":"fec86c61-be98-4f9d-9891-7ddcc39178d5:f3a8a668-e3e8-46e1-9f22-eff6517d9dd1.png","ascent":8,"chars":["꒶"]},{"type":"bitmap","file":"fec86c61-be98-4f9d-9891-7ddcc39178d5:39df34f4-087c-4c98-b106-c287d908f84b.png","ascent":8,"chars":["ꓭ"]},{"type":"bitmap","file":"fec86c61-be98-4f9d-9891-7ddcc39178d5:94f1d906-d4b9-440c-9c4f-b643d7af2b8c.png","ascent":8,"chars":["ꔴ"]},{"type":"bitmap","file":"fec86c61-be98-4f9d-9891-7ddcc39178d5:9e280072-9368-429b-8833-d6ef53152b46.png","ascent":8,"chars":["ꔢ"]},{"type":"bitmap","file":"fec86c61-be98-4f9d-9891-7ddcc39178d5:997eb45f-0398-4815-8fe2-cb17404ed8f1.png","ascent":8,"chars":["ꔡ"]},{"type":"bitmap","file":"fec86c61-be98-4f9d-9891-7ddcc39178d5:b5299c3d-5cd4-43c6-8208-333a2dab1571.png","height":114,"ascent":13,"chars":["ꑋ"]},{"type":"bitmap","file":"fec86c61-be98-4f9d-9891-7ddcc39178d5:1801ae01-1551-48b1-84c5-e0fb9fed26e7.png","ascent":8,"chars":["ꑻ"]},{"type":"bitmap","file":"fec86c61-be98-4f9d-9891-7ddcc39178d5:28421d40-43e4-4486-9147-8cea12c3bfb9.png","height":114,"ascent":13,"chars":["ꑆ"]},{"type":"bitmap","file":"fec86c61-be98-4f9d-9891-7ddcc39178d5:529eac3d-7218-4bbd-9adc-8d5f157f26f4.png","ascent":8,"chars":["ꒁ"]},{"type":"bitmap","file":"fec86c61-be98-4f9d-9891-7ddcc39178d5:97156017-f6f4-4927-9983-4b52ac211575.png","ascent":8,"chars":["ꒆ"]},{"type":"bitmap","file":"fec86c61-be98-4f9d-9891-7ddcc39178d5:1a6cec1a-36c1-417e-840a-6ac21abfd6b9.png","ascent":8,"chars":["ꔕ"]},{"type":"bitmap","file":"fec86c61-be98-4f9d-9891-7ddcc39178d5:c8ca2098-63f8-4680-ba0d-0d1faf2fdff8.png","ascent":8,"chars":["ꔩ"]},{"type":"bitmap","file":"fec86c61-be98-4f9d-9891-7ddcc39178d5:0a3a00bf-5d97-4b7f-baf5-2fcbc9936f74.png","ascent":8,"chars":["ꔠ"]},{"type":"bitmap","file":"fec86c61-be98-4f9d-9891-7ddcc39178d5:5956ad7c-ec56-4b7f-8b16-271336f1b4ed.png","ascent":8,"chars":["ꒃ"]},{"type":"bitmap","file":"fec86c61-be98-4f9d-9891-7ddcc39178d5:dd2e2f23-50af-4646-938f-1466a1498193.png","ascent":8,"chars":["ꐣ"]},{"type":"bitmap","file":"fec86c61-be98-4f9d-9891-7ddcc39178d5:5a9f3706-b3fe-4d9a-899b-776625adbd60.png","height":114,"ascent":13,"chars":["ꑮ"]},{"type":"bitmap","file":"fec86c61-be98-4f9d-9891-7ddcc39178d5:defd41a6-0148-49d1-ab1f-a6abc30da697.png","ascent":8,"chars":["ꐠ"]},{"type":"bitmap","file":"fec86c61-be98-4f9d-9891-7ddcc39178d5:1cb1ac36-be3b-48f0-99ed-c8197298b438.png","ascent":8,"chars":["꒑"]},{"type":"bitmap","file":"fec86c61-be98-4f9d-9891-7ddcc39178d5:3b8e6f2a-b170-44d2-8803-1c7580f4f401.png","ascent":8,"chars":["꒱"]},{"type":"bitmap","file":"fec86c61-be98-4f9d-9891-7ddcc39178d5:b7729a0c-c48b-46b0-ae7a-dc3250df09c0.png","ascent":8,"chars":["꒾"]},{"type":"bitmap","file":"fec86c61-be98-4f9d-9891-7ddcc39178d5:dece34c3-d984-48bc-8bfc-c7381bed89d8.png","ascent":8,"chars":["꒲"]},{"type":"bitmap","file":"fec86c61-be98-4f9d-9891-7ddcc39178d5:75e0a2bf-ec18-4063-b401-3aa358a43293.png","ascent":8,"chars":["ꔃ"]},{"type":"bitmap","file":"fec86c61-be98-4f9d-9891-7ddcc39178d5:06b7c0b8-6b7e-4518-80b0-1d43342ce1b0.png","ascent":8,"chars":["ꐤ"]},{"type":"bitmap","file":"fec86c61-be98-4f9d-9891-7ddcc39178d5:1dcb579e-ff7f-44e2-91bf-44e918eaadbd.png","ascent":8,"chars":["ꓬ"]},{"type":"bitmap","file":"fec86c61-be98-4f9d-9891-7ddcc39178d5:88585583-44dd-4fd4-8885-58f30df0db5a.png","ascent":8,"chars":["ꑸ"]},{"type":"bitmap","file":"fec86c61-be98-4f9d-9891-7ddcc39178d5:e5ca3b41-a17d-415a-a940-30cff987d569.png","ascent":8,"chars":["ꑰ"]},{"type":"bitmap","file":"fec86c61-be98-4f9d-9891-7ddcc39178d5:9f8d032a-3031-4b1a-8aeb-cf79254d07b8.png","ascent":8,"chars":["ꔄ"]},{"type":"bitmap","file":"fec86c61-be98-4f9d-9891-7ddcc39178d5:eb7e9611-cca1-4d26-95ec-f4cea12099bb.png","ascent":8,"chars":["꓀"]},{"type":"bitmap","file":"fec86c61-be98-4f9d-9891-7ddcc39178d5:6bbe5fa2-ae57-4280-83e4-dafe18701b42.png","ascent":8,"chars":["꓁"]},{"type":"bitmap","file":"fec86c61-be98-4f9d-9891-7ddcc39178d5:5d1fe32f-9701-491b-993a-a438e67cd8c5.png","ascent":8,"chars":["꒗"]},{"type":"bitmap","file":"fec86c61-be98-4f9d-9891-7ddcc39178d5:3b27ce48-79fa-4221-8c5c-cb8a61dc9020.png","ascent":8,"chars":["ꐦ"]},{"type":"bitmap","file":"fec86c61-be98-4f9d-9891-7ddcc39178d5:a0138e0b-ce0a-4d36-a703-87a51d1934f7.png","ascent":8,"chars":["ꑳ"]},{"type":"bitmap","file":"fec86c61-be98-4f9d-9891-7ddcc39178d5:fef863b8-1a8f-4f09-bd51-b5bd7983a40a.png","ascent":8,"chars":["꒣"]},{"type":"bitmap","file":"fec86c61-be98-4f9d-9891-7ddcc39178d5:746f05b0-c9c1-448f-9d02-fa16eee72017.png","ascent":8,"chars":["꒯"]},{"type":"bitmap","file":"fec86c61-be98-4f9d-9891-7ddcc39178d5:876581d2-01f8-447c-b129-02877e85ffe7.png","ascent":8,"chars":["ꔖ"]},{"type":"bitmap","file":"fec86c61-be98-4f9d-9891-7ddcc39178d5:f2f0ed15-90d1-4bad-8b84-255bbd06366b.png","ascent":8,"chars":["ꔏ"]},{"type":"bitmap","file":"fec86c61-be98-4f9d-9891-7ddcc39178d5:675b6673-e505-476c-8250-159ed23b7147.png","ascent":8,"chars":["ꓰ"]},{"type":"bitmap","file":"fec86c61-be98-4f9d-9891-7ddcc39178d5:eedbc02b-dc41-4fe7-9c75-36d9fb755cee.png","ascent":8,"chars":["ꓘ"]},{"type":"bitmap","file":"fec86c61-be98-4f9d-9891-7ddcc39178d5:fe748b0c-488d-4269-ab50-d4c68fc64a05.png","ascent":8,"chars":["꒠"]},{"type":"bitmap","file":"fec86c61-be98-4f9d-9891-7ddcc39178d5:7cda4de2-7048-42cd-b894-ad915937665a.png","height":133,"ascent":13,"chars":["ꑭ"]},{"type":"bitmap","file":"fec86c61-be98-4f9d-9891-7ddcc39178d5:66f21831-cce6-4590-8b98-6a2c73c52b64.png","ascent":8,"chars":["ꓶ"]},{"type":"bitmap","file":"fec86c61-be98-4f9d-9891-7ddcc39178d5:cdc3c023-1a92-403e-8616-37a1f656a48e.png","ascent":8,"chars":["ꓛ"]},{"type":"bitmap","file":"fec86c61-be98-4f9d-9891-7ddcc39178d5:1f65f43b-ab61-4a15-875d-571c2eb68a9e.png","ascent":8,"chars":["꒳"]},{"type":"bitmap","file":"fec86c61-be98-4f9d-9891-7ddcc39178d5:389ce837-0a24-4aee-9deb-ce89ebe428c5.png","height":114,"ascent":13,"chars":["ꑇ"]},{"type":"bitmap","file":"fec86c61-be98-4f9d-9891-7ddcc39178d5:71dcea33-dd00-4fd4-b61f-bc498a855adb.png","ascent":8,"chars":["꒡"]},{"type":"bitmap","file":"fec86c61-be98-4f9d-9891-7ddcc39178d5:0b3f6616-d2da-4a3e-a676-eebbb17feac2.png","ascent":8,"chars":["ꔹ"]},{"type":"bitmap","file":"fec86c61-be98-4f9d-9891-7ddcc39178d5:1dd223d2-e551-4452-9231-43bf06d413c2.png","ascent":8,"chars":["꓉"]},{"type":"bitmap","file":"fec86c61-be98-4f9d-9891-7ddcc39178d5:1e6748fe-0efc-4067-a8fb-bc58e8ac33ef.png","ascent":8,"chars":["ꓗ"]},{"type":"bitmap","file":"fec86c61-be98-4f9d-9891-7ddcc39178d5:7f81dde1-11cf-4183-891a-fd17b5dfa5e8.png","height":35,"ascent":34,"chars":["ꕊ"]},{"type":"bitmap","file":"fec86c61-be98-4f9d-9891-7ddcc39178d5:200f2d58-dc73-43aa-8c63-135968762ae5.png","ascent":8,"chars":["ꔫ"]},{"type":"bitmap","file":"fec86c61-be98-4f9d-9891-7ddcc39178d5:ca7c8bfd-40eb-4029-9a6d-4d694e70860f.png","ascent":8,"chars":["꒩"]},{"type":"bitmap","file":"fec86c61-be98-4f9d-9891-7ddcc39178d5:325a0c05-a157-4887-90a2-77405afb8434.png","ascent":8,"chars":["꓏"]},{"type":"bitmap","file":"fec86c61-be98-4f9d-9891-7ddcc39178d5:bef27e3c-c6bf-4acc-a12e-535afa87998e.png","ascent":8,"chars":["ꐲ"]},{"type":"bitmap","file":"fec86c61-be98-4f9d-9891-7ddcc39178d5:7bc158da-75da-4f65-ba09-3f4dde935c1b.png","ascent":8,"chars":["ꔓ"]},{"type":"bitmap","file":"fec86c61-be98-4f9d-9891-7ddcc39178d5:ceb72476-d951-49e7-8d66-0abde53f8aea.png","ascent":8,"chars":["ꔚ"]},{"type":"bitmap","file":"fec86c61-be98-4f9d-9891-7ddcc39178d5:960cf48a-109d-48e5-9b51-d9c31d56ea95.png","ascent":8,"chars":["ꐬ"]},{"type":"bitmap","file":"fec86c61-be98-4f9d-9891-7ddcc39178d5:f2ec6ebf-591a-47cc-a4bf-2bab7f2ec142.png","ascent":8,"chars":["꒢"]},{"type":"bitmap","file":"fec86c61-be98-4f9d-9891-7ddcc39178d5:aa93bc79-abc2-472b-827d-29320eaacaa3.png","ascent":8,"chars":["ꕀ"]},{"type":"bitmap","file":"fec86c61-be98-4f9d-9891-7ddcc39178d5:f153ec8a-97a4-4c36-9344-c679fecb2639.png","ascent":8,"chars":["ꔲ"]},{"type":"bitmap","file":"fec86c61-be98-4f9d-9891-7ddcc39178d5:ab0c0dc7-c15b-4eaa-bc07-daa44f6d9613.png","ascent":8,"chars":["ꔊ"]},{"type":"bitmap","file":"fec86c61-be98-4f9d-9891-7ddcc39178d5:134ac46c-f424-4558-a66d-ef2f035bb338.png","ascent":8,"chars":["꓌"]},{"type":"bitmap","file":"fec86c61-be98-4f9d-9891-7ddcc39178d5:94e71347-2d9d-4901-9582-e84344a042c6.png","ascent":8,"chars":["꒬"]},{"type":"bitmap","file":"fec86c61-be98-4f9d-9891-7ddcc39178d5:52283db3-8300-48e9-9053-9a588f4961b8.png","ascent":8,"chars":["ꔉ"]},{"type":"bitmap","file":"fec86c61-be98-4f9d-9891-7ddcc39178d5:334cdffb-12e6-4833-aa39-c5c4daf494dd.png","ascent":8,"chars":["ꔅ"]},{"type":"bitmap","file":"fec86c61-be98-4f9d-9891-7ddcc39178d5:572784ff-7827-404a-986d-502a4cb205af.png","ascent":8,"chars":["ꐩ"]},{"type":"bitmap","file":"fec86c61-be98-4f9d-9891-7ddcc39178d5:86b446ad-b559-4c47-ad19-b826d31ebde0.png","ascent":8,"chars":["꓄"]},{"type":"bitmap","file":"fec86c61-be98-4f9d-9891-7ddcc39178d5:9db1fc70-b2e5-441a-b1a3-f4272ba2b5d1.png","ascent":8,"chars":["꒟"]},{"type":"bitmap","file":"fec86c61-be98-4f9d-9891-7ddcc39178d5:7022e952-44ea-4658-adbc-493ddf641557.png","ascent":8,"chars":["ꔰ"]},{"type":"bitmap","file":"fec86c61-be98-4f9d-9891-7ddcc39178d5:ed73522e-c061-4054-bc6a-19d8bb09e47d.png","ascent":8,"chars":["ꔥ"]},{"type":"bitmap","file":"fec86c61-be98-4f9d-9891-7ddcc39178d5:eb78ad72-131c-4792-84d8-0f7ffdb339c6.png","ascent":8,"chars":["ꔀ"]},{"type":"bitmap","file":"fec86c61-be98-4f9d-9891-7ddcc39178d5:a4c35a5c-5fc1-4cbc-b1ac-42a7026edee4.png","ascent":8,"chars":["ꓼ"]},{"type":"bitmap","file":"fec86c61-be98-4f9d-9891-7ddcc39178d5:07273c33-d36e-4839-9a22-d517459781b7.png","ascent":8,"chars":["ꓙ"]},{"type":"bitmap","file":"fec86c61-be98-4f9d-9891-7ddcc39178d5:5be048dc-efa6-4aec-99b0-d14948801907.png","ascent":8,"chars":["ꓔ"]},{"type":"bitmap","file":"fec86c61-be98-4f9d-9891-7ddcc39178d5:70276a3e-1893-49cb-b85c-b25e0b53173d.png","ascent":8,"chars":["꒴"]},{"type":"bitmap","file":"fec86c61-be98-4f9d-9891-7ddcc39178d5:105543c9-b5b5-4e57-815a-c375d4846bba.png","ascent":8,"chars":["ꓺ"]},{"type":"bitmap","file":"fec86c61-be98-4f9d-9891-7ddcc39178d5:4ed69147-305e-4fd2-b562-7b46ff15b40b.png","ascent":8,"chars":["ꓧ"]},{"type":"bitmap","file":"fec86c61-be98-4f9d-9891-7ddcc39178d5:979f6a52-a4cd-44ee-b2ce-d20d88d687c6.png","ascent":8,"chars":["ꓓ"]},{"type":"bitmap","file":"fec86c61-be98-4f9d-9891-7ddcc39178d5:f90a2bc8-290c-4565-8b59-edbc3cfc5670.png","ascent":8,"chars":["ꔨ"]},{"type":"bitmap","file":"fec86c61-be98-4f9d-9891-7ddcc39178d5:93151d66-d35d-44b5-bf4f-dffb9d4074d5.png","ascent":8,"chars":["ꑢ"]},{"type":"bitmap","file":"fec86c61-be98-4f9d-9891-7ddcc39178d5:a8c1cc3d-e772-45d4-864d-a77f3d78b87c.png","ascent":8,"chars":["ꐨ"]},{"type":"bitmap","file":"fec86c61-be98-4f9d-9891-7ddcc39178d5:8274965d-5e14-4610-a77d-58866806c9e5.png","ascent":8,"chars":["꒷"]},{"type":"bitmap","file":"fec86c61-be98-4f9d-9891-7ddcc39178d5:514bf0fe-cadc-4f61-96ea-ee52d0d1b4fd.png","ascent":8,"chars":["ꐘ"]},{"type":"bitmap","file":"fec86c61-be98-4f9d-9891-7ddcc39178d5:2229b48d-9c3c-4200-a0ca-2646a1f64f1d.png","ascent":8,"chars":["꒮"]},{"type":"bitmap","file":"fec86c61-be98-4f9d-9891-7ddcc39178d5:cdbf1ad7-781a-433d-acce-6651379a16b9.png","ascent":8,"chars":["꓎"]},{"type":"bitmap","file":"fec86c61-be98-4f9d-9891-7ddcc39178d5:6724a464-7073-41fd-b5b3-d2c32bde7b13.png","ascent":8,"chars":["ꐱ"]},{"type":"bitmap","file":"fec86c61-be98-4f9d-9891-7ddcc39178d5:1099a241-d145-411a-a5dd-cd9be42aa78e.png","ascent":8,"chars":["ꑲ"]},{"type":"bitmap","file":"fec86c61-be98-4f9d-9891-7ddcc39178d5:beb62fc7-ebcf-4a67-8513-dd0b4b4fbba8.png","height":133,"ascent":13,"chars":["ꑏ"]},{"type":"bitmap","file":"fec86c61-be98-4f9d-9891-7ddcc39178d5:f2d08835-f4cf-4234-8993-5ddaaa820a91.png","ascent":8,"chars":["ꐪ"]},{"type":"bitmap","file":"fec86c61-be98-4f9d-9891-7ddcc39178d5:f4f95b5a-3d0d-4a21-93e3-f9e31ac4ed41.png","ascent":8,"chars":["ꑼ"]},{"type":"bitmap","file":"fec86c61-be98-4f9d-9891-7ddcc39178d5:3bcbffb5-e51f-43db-a3f9-37a64a59c9e8.png","ascent":8,"chars":["ꑾ"]},{"type":"bitmap","file":"fec86c61-be98-4f9d-9891-7ddcc39178d5:66acef67-9dbf-4c6f-8fe4-50a8426f977b.png","height":114,"ascent":13,"chars":["ꑎ"]},{"type":"bitmap","file":"fec86c61-be98-4f9d-9891-7ddcc39178d5:ed6710bb-e2e5-42d9-9152-30c4320e09f1.png","ascent":8,"chars":["ꒂ"]},{"type":"bitmap","file":"fec86c61-be98-4f9d-9891-7ddcc39178d5:0e291ccb-2bd3-4581-b53f-4783ec4077ad.png","height":114,"ascent":13,"chars":["ꑍ"]},{"type":"bitmap","file":"fec86c61-be98-4f9d-9891-7ddcc39178d5:026d9a1e-4201-4241-bc39-f2dae71cb8c2.png","ascent":8,"chars":["ꔟ"]},{"type":"bitmap","file":"fec86c61-be98-4f9d-9891-7ddcc39178d5:85914a15-62d4-464a-9304-f0f46615ee9a.png","ascent":8,"chars":["ꔶ"]},{"type":"bitmap","file":"fec86c61-be98-4f9d-9891-7ddcc39178d5:72d9bc2b-b25e-4edd-b7aa-152cfaae1482.png","ascent":8,"chars":["ꓵ"]},{"type":"bitmap","file":"fec86c61-be98-4f9d-9891-7ddcc39178d5:f5939e38-e647-4cdc-b85c-775f2786778c.png","ascent":8,"chars":["ꔯ"]},{"type":"bitmap","file":"fec86c61-be98-4f9d-9891-7ddcc39178d5:4be9a62b-f3c5-4926-bc53-b6550ea4b99e.png","ascent":8,"chars":["ꔣ"]},{"type":"bitmap","file":"fec86c61-be98-4f9d-9891-7ddcc39178d5:3dd2e562-d3ae-46a3-b9d1-3371ba4e6bd3.png","ascent":8,"chars":["꒭"]},{"type":"bitmap","file":"fec86c61-be98-4f9d-9891-7ddcc39178d5:0cfb35a1-0cd1-4555-b3f9-d64d2db0a99e.png","ascent":8,"chars":["ꔐ"]},{"type":"bitmap","file":"fec86c61-be98-4f9d-9891-7ddcc39178d5:a16cb4ec-7a26-4294-8711-e67bb28b0bb9.png","height":133,"ascent":13,"chars":["ꑐ"]},{"type":"bitmap","file":"fec86c61-be98-4f9d-9891-7ddcc39178d5:bc4291f3-47c4-4ed3-91bb-786f8c2e4816.png","ascent":8,"chars":["ꑯ"]},{"type":"bitmap","file":"fec86c61-be98-4f9d-9891-7ddcc39178d5:f961c23f-6c2c-4ff3-8cad-f23729e17781.png","ascent":8,"chars":["꒻"]},{"type":"bitmap","file":"fec86c61-be98-4f9d-9891-7ddcc39178d5:5bb75227-cade-4f4f-a6a2-a5dc827384d9.png","ascent":8,"chars":["ꐥ"]},{"type":"bitmap","file":"fec86c61-be98-4f9d-9891-7ddcc39178d5:9b95af2b-4031-49a3-a4c0-2117cad9e485.png","ascent":8,"chars":["ꑱ"]},{"type":"bitmap","file":"fec86c61-be98-4f9d-9891-7ddcc39178d5:5f795b5a-6f58-47e5-9cea-96b70bb9798f.png","ascent":8,"chars":["ꓚ"]},{"type":"bitmap","file":"fec86c61-be98-4f9d-9891-7ddcc39178d5:df2e7216-5335-4a5b-afb5-875d819fe33b.png","ascent":8,"chars":["ꕁ"]},{"type":"bitmap","file":"fec86c61-be98-4f9d-9891-7ddcc39178d5:68ccfbd6-8eb9-41a5-a483-67343ec31203.png","ascent":8,"chars":["ꓻ"]},{"type":"bitmap","file":"fec86c61-be98-4f9d-9891-7ddcc39178d5:e9f0e963-42fe-4dba-9ad4-27dbaae577c5.png","ascent":8,"chars":["꒫"]},{"type":"bitmap","file":"fec86c61-be98-4f9d-9891-7ddcc39178d5:7fd32e75-09ad-411c-988f-7dc4d23d6518.png","ascent":8,"chars":["ꒋ"]},{"type":"bitmap","file":"fec86c61-be98-4f9d-9891-7ddcc39178d5:3241fa3f-89f1-4793-b91a-03923dc71993.png","height":75,"ascent":74,"chars":["ꑫ"]},{"type":"bitmap","file":"fec86c61-be98-4f9d-9891-7ddcc39178d5:695348a4-a4aa-42d8-8c31-891c4772de70.png","ascent":8,"chars":["꒸"]},{"type":"bitmap","file":"fec86c61-be98-4f9d-9891-7ddcc39178d5:d8ce911c-5de5-49cd-9793-e99f4250cdf9.png","ascent":8,"chars":["ꔽ"]},{"type":"bitmap","file":"fec86c61-be98-4f9d-9891-7ddcc39178d5:79b7aac6-f128-4c07-837b-fab36d120cab.png","ascent":8,"chars":["ꔍ"]},{"type":"bitmap","file":"fec86c61-be98-4f9d-9891-7ddcc39178d5:42a71e54-c0d0-4826-b08e-c629ba79186a.png","ascent":8,"chars":["꒥"]},{"type":"bitmap","file":"fec86c61-be98-4f9d-9891-7ddcc39178d5:705568a5-ac4a-47af-92aa-c7bfdcbffae1.png","ascent":8,"chars":["꒘"]},{"type":"bitmap","file":"fec86c61-be98-4f9d-9891-7ddcc39178d5:97226699-3144-407c-a5b8-e6543ed8b50a.png","ascent":8,"chars":["ꔔ"]},{"type":"bitmap","file":"fec86c61-be98-4f9d-9891-7ddcc39178d5:0656990e-a9c3-4451-bc6e-563179ede807.png","ascent":8,"chars":["ꐯ"]},{"type":"bitmap","file":"fec86c61-be98-4f9d-9891-7ddcc39178d5:1d5395bf-7683-4051-a414-ec1b89b67440.png","ascent":8,"chars":["ꔙ"]},{"type":"bitmap","file":"fec86c61-be98-4f9d-9891-7ddcc39178d5:9bd9d448-71da-4635-9d19-47e63587bb2d.png","ascent":8,"chars":["ꔪ"]},{"type":"bitmap","file":"fec86c61-be98-4f9d-9891-7ddcc39178d5:44ad0171-5929-48ac-9210-645eeaf803cc.png","ascent":8,"chars":["ꓲ"]},{"type":"bitmap","file":"fec86c61-be98-4f9d-9891-7ddcc39178d5:256c787e-510c-4ab8-b8aa-8254607397ac.png","ascent":8,"chars":["ꓦ"]},{"type":"bitmap","file":"fec86c61-be98-4f9d-9891-7ddcc39178d5:4b77c394-7f37-485c-b2da-8bda2ed9d675.png","ascent":8,"chars":["ꐭ"]},{"type":"bitmap","file":"fec86c61-be98-4f9d-9891-7ddcc39178d5:b8304381-73ce-4deb-a0a6-6aa2fe6861f5.png","ascent":8,"chars":["꒏"]},{"type":"bitmap","file":"fec86c61-be98-4f9d-9891-7ddcc39178d5:b362d0bd-a8dd-4e61-9e36-099e1b928207.png","height":114,"ascent":13,"chars":["ꑈ"]},{"type":"bitmap","file":"fec86c61-be98-4f9d-9891-7ddcc39178d5:6135fa66-1657-4b5e-b8f4-8260039eec15.png","ascent":8,"chars":["꒍"]},{"type":"bitmap","file":"fec86c61-be98-4f9d-9891-7ddcc39178d5:bc041521-e1d9-4c83-81e0-45ef1577d37f.png","ascent":8,"chars":["꒓"]},{"type":"bitmap","file":"fec86c61-be98-4f9d-9891-7ddcc39178d5:940db23a-9c88-4d74-b358-500f081fa5da.png","ascent":8,"chars":["꒙"]},{"type":"bitmap","file":"fec86c61-be98-4f9d-9891-7ddcc39178d5:b4424b4b-3a9f-419a-ac73-28acba9e6bd9.png","ascent":8,"chars":["ꓽ"]},{"type":"bitmap","file":"fec86c61-be98-4f9d-9891-7ddcc39178d5:92169f8b-1a6e-4793-b99a-3cd3e5ccd2d8.png","ascent":8,"chars":["ꑶ"]},{"type":"reference","id":"nexo:shift"}]}