{"sources":[{"type":"single","resource":"block/birch_planks"},{"type":"single","resource":"block/black_concrete"},{"type":"single","resource":"block/black_stained_glass"},{"type":"single","resource":"block/black_wool"},{"type":"single","resource":"block/blue_wool"},{"type":"single","resource":"block/brown_wool"},{"type":"single","resource":"block/campfire_fire"},{"type":"single","resource":"block/campfire_log_lit"},{"type":"single","resource":"block/cartography_table_side3"},{"type":"single","resource":"block/cauldron_inner"},{"type":"single","resource":"block/cauldron_side"},{"type":"single","resource":"block/clay"},{"type":"single","resource":"block/cobblestone"},{"type":"single","resource":"block/cyan_wool"},{"type":"single","resource":"block/dark_oak_log"},{"type":"single","resource":"block/furnace_top"},{"type":"single","resource":"block/glass"},{"type":"single","resource":"block/gold_block"},{"type":"single","resource":"block/gray_wool"},{"type":"single","resource":"block/green_wool"},{"type":"single","resource":"block/iron_bars"},{"type":"single","resource":"block/iron_block"},{"type":"single","resource":"block/lava_still"},{"type":"single","resource":"block/light_blue_wool"},{"type":"single","resource":"block/light_gray_concrete"},{"type":"single","resource":"block/light_gray_wool"},{"type":"single","resource":"block/lime_wool"},{"type":"single","resource":"block/magenta_wool"},{"type":"single","resource":"block/mossy_cobblestone"},{"type":"single","resource":"block/oak_log"},{"type":"single","resource":"block/oak_log_top"},{"type":"single","resource":"block/oak_planks"},{"type":"single","resource":"block/orange_wool"},{"type":"single","resource":"block/pink_wool"},{"type":"single","resource":"block/purple_wool"},{"type":"single","resource":"block/quartz_block_side"},{"type":"single","resource":"block/quartz_block_top"},{"type":"single","resource":"block/red_concrete"},{"type":"single","resource":"block/red_wool"},{"type":"single","resource":"block/sand"},{"type":"single","resource":"block/sandstone"},{"type":"single","resource":"block/spruce_log"},{"type":"single","resource":"block/spruce_log_top"},{"type":"single","resource":"block/spruce_planks"},{"type":"single","resource":"block/stone_bricks"},{"type":"single","resource":"block/stripped_spruce_log"},{"type":"single","resource":"block/white_concrete"},{"type":"single","resource":"block/white_wool"},{"type":"single","resource":"block/yellow_wool"},{"type":"single","resource":"de37f472-31e7-4255-8f58-da04aea1e6a2:4940c5d0-a5aa-4b3d-b529-c31ff121efe7"},{"type":"single","resource":"de37f472-31e7-4255-8f58-da04aea1e6a2:9420f54f-6071-4ed8-abc8-ca0b4350c165"},{"type":"single","resource":"de37f472-31e7-4255-8f58-da04aea1e6a2:89160b41-0c02-4ee1-86c1-283e69af8aac"},{"type":"single","resource":"de37f472-31e7-4255-8f58-da04aea1e6a2:87e1ba2c-f977-4825-8062-a07566da831e"},{"type":"single","resource":"de37f472-31e7-4255-8f58-da04aea1e6a2:d323440e-c4f2-42ee-8162-83911adb78c8"},{"type":"single","resource":"entity/chest/normal"},{"type":"single","resource":"entity/villager/profession/farmer"},{"type":"single","resource":"de37f472-31e7-4255-8f58-da04aea1e6a2:38ea3819-9760-4b3e-b026-f9e1130c8243"},{"type":"single","resource":"de37f472-31e7-4255-8f58-da04aea1e6a2:4e8bc897-fcf9-4110-b334-b3c79c1c8511"},{"type":"single","resource":"de37f472-31e7-4255-8f58-da04aea1e6a2:325d5154-212b-4e7c-a377-96e713ad46a4"},{"type":"single","resource":"de37f472-31e7-4255-8f58-da04aea1e6a2:608771df-4001-4c24-b141-6ad72e52832b"},{"type":"single","resource":"de37f472-31e7-4255-8f58-da04aea1e6a2:95910357-cb27-464e-825f-f321f66f3004"},{"type":"single","resource":"de37f472-31e7-4255-8f58-da04aea1e6a2:2434978e-a5fc-4942-9e96-290f77c16284"},{"type":"single","resource":"de37f472-31e7-4255-8f58-da04aea1e6a2:c4d1a772-8360-43a0-b48e-2df262fbef81"},{"type":"single","resource":"de37f472-31e7-4255-8f58-da04aea1e6a2:6b47f6b2-d3d4-40b5-a4c1-b6e9dcc592e0"},{"type":"single","resource":"de37f472-31e7-4255-8f58-da04aea1e6a2:3593bd6c-409f-4b09-8c5b-1125631d5459"},{"type":"single","resource":"de37f472-31e7-4255-8f58-da04aea1e6a2:521d67c7-9c2d-45f3-b15d-9601778e84e3"},{"type":"single","resource":"c5756a72-726e-46fd-bfd0-601f260f9b2c:a58095d4-94cb-43c3-8aa0-383caa82ab05"},{"type":"single","resource":"c5756a72-726e-46fd-bfd0-601f260f9b2c:5e49813c-ecd4-4e55-93db-3c527b7caacb"},{"type":"single","resource":"c5756a72-726e-46fd-bfd0-601f260f9b2c:441c433c-7f67-44b2-82f8-ae18b90929cc"},{"type":"single","resource":"de37f472-31e7-4255-8f58-da04aea1e6a2:064b9b2e-b03a-4306-adee-f6c7d2ba88b5"},{"type":"single","resource":"de37f472-31e7-4255-8f58-da04aea1e6a2:3f8a8f84-4492-4c6c-804f-f27b6d1adb10"},{"type":"single","resource":"de37f472-31e7-4255-8f58-da04aea1e6a2:42b40140-979d-466b-bebc-cb814bfdab1b"},{"type":"single","resource":"c5756a72-726e-46fd-bfd0-601f260f9b2c:84565505-eff7-4432-8ab6-fefa46b798c4"},{"type":"single","resource":"c5756a72-726e-46fd-bfd0-601f260f9b2c:62e27f04-5870-43da-8322-4edd0af947cb"},{"type":"single","resource":"de37f472-31e7-4255-8f58-da04aea1e6a2:c2de958b-aa97-4063-b3bf-a520f15c210a"},{"type":"single","resource":"de37f472-31e7-4255-8f58-da04aea1e6a2:d33ccc4f-139a-464e-bdc9-38579c7293d8"},{"type":"single","resource":"de37f472-31e7-4255-8f58-da04aea1e6a2:e7031f4f-a1aa-4f6d-85f0-ed1a8b101aa0"},{"type":"single","resource":"de37f472-31e7-4255-8f58-da04aea1e6a2:8a8e885f-525b-4ee3-92d8-44ce46b0718c"},{"type":"single","resource":"de37f472-31e7-4255-8f58-da04aea1e6a2:f71fc5a2-db5f-4a45-af80-e397a9136382"},{"type":"single","resource":"de37f472-31e7-4255-8f58-da04aea1e6a2:fc1c8d18-cc54-4741-9eba-6c5e281542f3"},{"type":"single","resource":"de37f472-31e7-4255-8f58-da04aea1e6a2:4e292f1d-af1e-4905-a1e1-4d41e2273b8c"},{"type":"single","resource":"c5756a72-726e-46fd-bfd0-601f260f9b2c:18afb280-e6ca-48fc-bb83-ec0e7d072964"},{"type":"single","resource":"c5756a72-726e-46fd-bfd0-601f260f9b2c:74c00618-276e-4f2c-b47f-18c99c015a0b"},{"type":"single","resource":"item/chainmail_helmet"},{"type":"single","resource":"c5756a72-726e-46fd-bfd0-601f260f9b2c:1f6a0f30-1dfd-42e6-b181-7f6ba987c2ba"},{"type":"single","resource":"c5756a72-726e-46fd-bfd0-601f260f9b2c:8c648ccb-d97f-40dd-8ebb-b71ec395e8c8"},{"type":"single","resource":"c5756a72-726e-46fd-bfd0-601f260f9b2c:884583b3-75f4-48b3-aedc-cd9aeb62b104"},{"type":"single","resource":"c5756a72-726e-46fd-bfd0-601f260f9b2c:3378ac7e-ee5a-4fcc-aa6f-3dc22f84e479"},{"type":"single","resource":"c5756a72-726e-46fd-bfd0-601f260f9b2c:4e72945c-d066-4ab8-b12c-b639f6190de5"},{"type":"single","resource":"c5756a72-726e-46fd-bfd0-601f260f9b2c:c56b839b-8810-42ce-94db-420585ed7b7b"},{"type":"single","resource":"item/crossbow_standby"},{"type":"single","resource":"item/leather_horse_armor"},{"type":"single","resource":"item/leather_horse_armor_overlay"},{"type":"single","resource":"492aa1c7-a7c3-43c3-9b41-294233576a7e:caba0652-98a6-421c-ac4a-33303f61d525"},{"type":"single","resource":"492aa1c7-a7c3-43c3-9b41-294233576a7e:5cf0ad29-a37d-403b-a63e-e33a6020c7eb"},{"type":"single","resource":"492aa1c7-a7c3-43c3-9b41-294233576a7e:9556fb33-e968-4e81-a90d-53ba2eca79bd"},{"type":"single","resource":"492aa1c7-a7c3-43c3-9b41-294233576a7e:4afedb69-25a7-4d84-b3f5-a18a643f19df"},{"type":"single","resource":"492aa1c7-a7c3-43c3-9b41-294233576a7e:71b901b9-386c-4ed2-a296-19cc85cd2d7d"},{"type":"single","resource":"492aa1c7-a7c3-43c3-9b41-294233576a7e:f4ed0302-5ac4-4849-b013-77bc7eeef6e5"},{"type":"single","resource":"492aa1c7-a7c3-43c3-9b41-294233576a7e:bac3a4a9-d514-40db-a7bb-d17fc8fd0c40"},{"type":"single","resource":"492aa1c7-a7c3-43c3-9b41-294233576a7e:9bdddafd-8be2-4e4f-a022-649c0cfea05a"},{"type":"single","resource":"492aa1c7-a7c3-43c3-9b41-294233576a7e:c9673e70-c1f4-451c-9d45-2d10c668b357"},{"type":"single","resource":"492aa1c7-a7c3-43c3-9b41-294233576a7e:b74aa38f-fc6d-4113-861f-fb0718880206"},{"type":"single","resource":"492aa1c7-a7c3-43c3-9b41-294233576a7e:c439fd58-919a-456d-9474-92d87c8725cf"},{"type":"single","resource":"492aa1c7-a7c3-43c3-9b41-294233576a7e:963df254-4490-48c3-9fda-caffd53b6bed"},{"type":"single","resource":"492aa1c7-a7c3-43c3-9b41-294233576a7e:a11bc765-deac-4457-bcd2-909ec909f237"},{"type":"single","resource":"492aa1c7-a7c3-43c3-9b41-294233576a7e:8c340891-8881-44a5-a5d6-5b6b146dcd14"},{"type":"single","resource":"492aa1c7-a7c3-43c3-9b41-294233576a7e:38d89bf5-ac37-479f-83dd-4055a832a441"},{"type":"single","resource":"492aa1c7-a7c3-43c3-9b41-294233576a7e:dfecb964-2139-4950-978b-8094527abf6e"},{"type":"single","resource":"492aa1c7-a7c3-43c3-9b41-294233576a7e:d38c42da-21da-40b1-9ff6-6b9877ed0602"},{"type":"single","resource":"492aa1c7-a7c3-43c3-9b41-294233576a7e:f13c9ae6-f59c-44b3-955e-360f2112845c"},{"type":"single","resource":"492aa1c7-a7c3-43c3-9b41-294233576a7e:7ba97487-3821-4fe3-bdae-552a9b72e496"},{"type":"single","resource":"492aa1c7-a7c3-43c3-9b41-294233576a7e:8f098bf7-b02c-44ba-9b5c-58aa53021dfa"},{"type":"single","resource":"492aa1c7-a7c3-43c3-9b41-294233576a7e:61fa2436-e00c-4937-a665-bcf6df5b54d3"},{"type":"single","resource":"492aa1c7-a7c3-43c3-9b41-294233576a7e:41c96998-a6d4-4c3a-842c-85bee2a833df"},{"type":"single","resource":"492aa1c7-a7c3-43c3-9b41-294233576a7e:f5c081fb-11d9-4a35-8547-749848eb00c1"},{"type":"single","resource":"492aa1c7-a7c3-43c3-9b41-294233576a7e:fcea4093-37a8-437d-9b69-b4fa9126e97a"},{"type":"single","resource":"492aa1c7-a7c3-43c3-9b41-294233576a7e:fe6e857b-2a0d-406f-bc1f-d828eeda6cdc"},{"type":"single","resource":"492aa1c7-a7c3-43c3-9b41-294233576a7e:8483c3de-4cca-452d-9c1e-336923a68714"},{"type":"single","resource":"492aa1c7-a7c3-43c3-9b41-294233576a7e:fd45391d-72f8-4b94-860f-c593586a7bc3"},{"type":"single","resource":"492aa1c7-a7c3-43c3-9b41-294233576a7e:b7fed33b-d666-4676-be4f-eba68619b02d"},{"type":"single","resource":"492aa1c7-a7c3-43c3-9b41-294233576a7e:a5bbc34a-abdb-4a78-9d46-f200fdc234cc"},{"type":"single","resource":"492aa1c7-a7c3-43c3-9b41-294233576a7e:53291a8e-115a-4154-8ec7-3c4eb631ec0b"},{"type":"single","resource":"492aa1c7-a7c3-43c3-9b41-294233576a7e:a302fe5b-069b-4ef1-baa5-817515705e55"},{"type":"single","resource":"item/paper"},{"type":"single","resource":"de37f472-31e7-4255-8f58-da04aea1e6a2:5826b225-01cb-4b16-baea-cedf451581ef"},{"type":"single","resource":"de37f472-31e7-4255-8f58-da04aea1e6a2:71161b4a-4ac1-40cc-9076-5651cee266b2"},{"type":"single","resource":"de37f472-31e7-4255-8f58-da04aea1e6a2:3617b68b-fe73-4589-b6c8-4e7e7e431f57"},{"type":"single","resource":"de37f472-31e7-4255-8f58-da04aea1e6a2:53e0132a-5a0a-49dc-a2a0-7beed0a7d061"},{"type":"single","resource":"de37f472-31e7-4255-8f58-da04aea1e6a2:df809f5b-72c0-4837-94aa-7425ade8e621"},{"type":"single","resource":"de37f472-31e7-4255-8f58-da04aea1e6a2:cd153ca1-391c-42b2-94d4-27380238c554"},{"type":"single","resource":"de37f472-31e7-4255-8f58-da04aea1e6a2:8b138428-3eb4-427e-82aa-d452a4c87a21"}]}