{"parent":"item/generated","textures":{"layer0":"item/paper"},"overrides":[{"predicate":{"custom_model_data":1000},"model":"nexo:item/nexo_furniture/arm_chair"},{"predicate":{"custom_model_data":1001},"model":"nexo:item/nexo_furniture/coffee_table"},{"predicate":{"custom_model_data":1002},"model":"nexo:item/nexo_furniture/end_table"},{"predicate":{"custom_model_data":1003},"model":"nexo:item/nexo_furniture/sofa"},{"predicate":{"custom_model_data":1004},"model":"nexo:item/nexo_furniture/storage_chest"},{"predicate":{"custom_model_data":1005},"model":"nexo:item/nexo_furniture/table_lamp"},{"predicate":{"custom_model_data":1006},"model":"next_page_icon"},{"predicate":{"custom_model_data":1007},"model":"previous_page_icon"},{"predicate":{"custom_model_data":1008},"model":"cancel_icon"},{"predicate":{"custom_model_data":1013},"model":"arrow_next_icon"},{"predicate":{"custom_model_data":1014},"model":"arrow_previous_icon"},{"predicate":{"custom_model_data":1015},"model":"exit_icon"},{"predicate":{"custom_model_data":1040},"model":"close_icon"},{"predicate":{"custom_model_data":1041},"model":"inv_menu"},{"predicate":{"custom_model_data":1042},"model":"next"},{"predicate":{"custom_model_data":1043},"model":"previous"},{"predicate":{"custom_model_data":1044},"model":"blank_button"},{"predicate":{"custom_model_data":1045},"model":"furniture/park_bench"},{"predicate":{"custom_model_data":1046},"model":"furniture/simple_park_bench"},{"predicate":{"custom_model_data":1047},"model":"furniture/dark_park_bench"},{"predicate":{"custom_model_data":1048},"model":"furniture/simple_dark_park_bench"},{"predicate":{"custom_model_data":1049},"model":"furniture/wood_park_bench"},{"predicate":{"custom_model_data":1050},"model":"furniture/dark_wood_park_bench"},{"predicate":{"custom_model_data":1051},"model":"furniture/park_chair"},{"predicate":{"custom_model_data":1052},"model":"furniture/dark_park_chair"},{"predicate":{"custom_model_data":1053},"model":"furniture/wood_park_chair"},{"predicate":{"custom_model_data":1054},"model":"furniture/dark_wood_park_chair"},{"predicate":{"custom_model_data":1055},"model":"furniture/park_table"},{"predicate":{"custom_model_data":1056},"model":"furniture/dark_park_table"},{"predicate":{"custom_model_data":1057},"model":"furniture/glass_park_table"},{"predicate":{"custom_model_data":1058},"model":"furniture/single_park_table"},{"predicate":{"custom_model_data":1059},"model":"furniture/single_dark_park_table"},{"predicate":{"custom_model_data":1060},"model":"furniture/single_glass_park_table"},{"predicate":{"custom_model_data":1061},"model":"furniture/trash_can"},{"predicate":{"custom_model_data":1062},"model":"furniture/traffic_jam"},{"predicate":{"custom_model_data":1063},"model":"furniture/traffic_fence"},{"predicate":{"custom_model_data":1064},"model":"furniture/outdoor_unit"},{"predicate":{"custom_model_data":1065},"model":"furniture/traffic_sign"},{"predicate":{"custom_model_data":1066},"model":"furniture/traffic_sign_2"},{"predicate":{"custom_model_data":1067},"model":"furniture/monitor"},{"predicate":{"custom_model_data":1068},"model":"furniture/tv"},{"predicate":{"custom_model_data":1069},"model":"deco/small_rocks"},{"predicate":{"custom_model_data":1070},"model":"deco/mossy_small_rocks"}]}