{"model":{"type":"range_dispatch","property":"custom_model_data","entries":[{"threshold":1000.0,"model":{"type":"model","model":"492aa1c7-a7c3-43c3-9b41-294233576a7e:45df13c6-52c9-481a-b3c6-ef245461f569","tints":[{"type":"dye","default":-6265536}]}},{"threshold":1001.0,"model":{"type":"model","model":"492aa1c7-a7c3-43c3-9b41-294233576a7e:3f034dbc-c01c-4f32-a51a-dafc454caea0","tints":[{"type":"dye","default":-6265536}]}},{"threshold":1002.0,"model":{"type":"model","model":"492aa1c7-a7c3-43c3-9b41-294233576a7e:4e24a3c7-c169-4262-b5d6-3e2e1cf66931","tints":[{"type":"dye","default":-6265536}]}},{"threshold":1003.0,"model":{"type":"model","model":"492aa1c7-a7c3-43c3-9b41-294233576a7e:b86471a2-e3e0-42b2-930e-5ff459e3e25a","tints":[{"type":"dye","default":-6265536}]}}],"fallback":{"type":"model","model":"item/leather_horse_armor","tints":[{"type":"dye","default":-6265536}]}}}