{"model":{"type":"range_dispatch","property":"custom_model_data","entries":[{"threshold":1000.0,"model":{"type":"model","model":"492aa1c7-a7c3-43c3-9b41-294233576a7e:94874775-34a8-4c1c-9115-ab1e3563cc32","tints":[]}},{"threshold":1001.0,"model":{"type":"model","model":"492aa1c7-a7c3-43c3-9b41-294233576a7e:0834078e-50ab-4e30-9e00-526097773022","tints":[]}},{"threshold":1002.0,"model":{"type":"model","model":"492aa1c7-a7c3-43c3-9b41-294233576a7e:17f15aa1-253d-4177-b7fa-6e8184533d37","tints":[]}},{"threshold":1003.0,"model":{"type":"model","model":"492aa1c7-a7c3-43c3-9b41-294233576a7e:b0741879-78b5-4ff5-bb57-d76d12525ccc","tints":[]}},{"threshold":1004.0,"model":{"type":"model","model":"492aa1c7-a7c3-43c3-9b41-294233576a7e:109fe0b4-7426-4479-9f21-8a5a133333d7","tints":[]}},{"threshold":1005.0,"model":{"type":"model","model":"492aa1c7-a7c3-43c3-9b41-294233576a7e:7b7a81ad-d2c0-4b6e-b2f3-46b573e66c36","tints":[]}},{"threshold":1006.0,"model":{"type":"model","model":"de37f472-31e7-4255-8f58-da04aea1e6a2:19d83beb-b3ce-42c6-9a31-a1afd07d097f","tints":[]}},{"threshold":1007.0,"model":{"type":"model","model":"de37f472-31e7-4255-8f58-da04aea1e6a2:5f29de3f-4cce-411c-a615-7ace8aa97db7","tints":[]}},{"threshold":1008.0,"model":{"type":"model","model":"de37f472-31e7-4255-8f58-da04aea1e6a2:6d40f5c5-9c25-46f5-8e50-27ae6ede2934","tints":[]}},{"threshold":1009.0,"model":{"type":"model","model":"c5756a72-726e-46fd-bfd0-601f260f9b2c:dd635738-b0e7-4298-9484-1a7814e83de0","tints":[]}},{"threshold":1010.0,"model":{"type":"model","model":"c5756a72-726e-46fd-bfd0-601f260f9b2c:16d93424-0b6d-4eb6-b439-186a5968089e","tints":[]}},{"threshold":1011.0,"model":{"type":"model","model":"c5756a72-726e-46fd-bfd0-601f260f9b2c:c46a7e7e-ed2d-4364-8ecb-0198915c90cd","tints":[]}},{"threshold":1012.0,"model":{"type":"model","model":"c5756a72-726e-46fd-bfd0-601f260f9b2c:d64a02ac-bdbe-463b-840c-81be736b0c0a","tints":[]}},{"threshold":1013.0,"model":{"type":"model","model":"de37f472-31e7-4255-8f58-da04aea1e6a2:9cf5a56e-ad4d-46ac-8921-ce4aa0cc521d","tints":[]}},{"threshold":1014.0,"model":{"type":"model","model":"de37f472-31e7-4255-8f58-da04aea1e6a2:fbd9d290-6bfe-425f-9eae-1bdaba2f3c0c","tints":[]}},{"threshold":1015.0,"model":{"type":"model","model":"de37f472-31e7-4255-8f58-da04aea1e6a2:2aaa9fbd-4e69-447a-b81f-6246153baab3","tints":[]}},{"threshold":1016.0,"model":{"type":"model","model":"c5756a72-726e-46fd-bfd0-601f260f9b2c:da7d55e1-cda9-4d9a-8f0b-17d7e51ca3d2","tints":[]}},{"threshold":1017.0,"model":{"type":"model","model":"c5756a72-726e-46fd-bfd0-601f260f9b2c:5c5381de-2fbe-4f27-a888-a93002ebaaed","tints":[]}},{"threshold":1018.0,"model":{"type":"model","model":"c5756a72-726e-46fd-bfd0-601f260f9b2c:72636e52-d72c-4369-9ef9-08b3d54d429c","tints":[]}},{"threshold":1019.0,"model":{"type":"model","model":"c5756a72-726e-46fd-bfd0-601f260f9b2c:1f72f5cb-9f75-4eed-a282-299eae8480d8","tints":[]}},{"threshold":1020.0,"model":{"type":"model","model":"c5756a72-726e-46fd-bfd0-601f260f9b2c:4195667f-00ac-47d2-9e3d-a660a7b9fc6d","tints":[]}},{"threshold":1021.0,"model":{"type":"model","model":"c5756a72-726e-46fd-bfd0-601f260f9b2c:fa8c0bb8-ff8a-4713-98b1-2283c181821d","tints":[]}},{"threshold":1022.0,"model":{"type":"model","model":"c5756a72-726e-46fd-bfd0-601f260f9b2c:596cbf95-d420-4326-a633-0684608c3fb0","tints":[]}},{"threshold":1023.0,"model":{"type":"model","model":"c5756a72-726e-46fd-bfd0-601f260f9b2c:42409d71-2ad1-4971-a3c9-7c6eed591d65","tints":[]}},{"threshold":1024.0,"model":{"type":"model","model":"c5756a72-726e-46fd-bfd0-601f260f9b2c:b82e22a2-4e4a-41dc-a455-a7499fc84818","tints":[]}},{"threshold":1025.0,"model":{"type":"model","model":"c5756a72-726e-46fd-bfd0-601f260f9b2c:69457a9c-b435-4efe-b82b-ae8e7418ba81","tints":[]}},{"threshold":1026.0,"model":{"type":"model","model":"c5756a72-726e-46fd-bfd0-601f260f9b2c:076152d8-0f86-4e11-92e1-eb84daac3509","tints":[]}},{"threshold":1027.0,"model":{"type":"model","model":"c5756a72-726e-46fd-bfd0-601f260f9b2c:51784b3b-56b1-4da9-9f1a-8abc5187dc8b","tints":[]}},{"threshold":1028.0,"model":{"type":"model","model":"c5756a72-726e-46fd-bfd0-601f260f9b2c:bea4e79a-1996-4486-80d2-e09c585b4fda","tints":[]}},{"threshold":1029.0,"model":{"type":"model","model":"c5756a72-726e-46fd-bfd0-601f260f9b2c:4d0be1a6-d440-42f6-843f-e97e5becc35d","tints":[]}},{"threshold":1030.0,"model":{"type":"model","model":"c5756a72-726e-46fd-bfd0-601f260f9b2c:3a667c45-d999-40df-9c23-d474b686d10d","tints":[]}},{"threshold":1031.0,"model":{"type":"model","model":"c5756a72-726e-46fd-bfd0-601f260f9b2c:729c926a-5f17-46fc-9d09-fc472164b699","tints":[]}},{"threshold":1032.0,"model":{"type":"model","model":"c5756a72-726e-46fd-bfd0-601f260f9b2c:b4edddd6-ea17-4482-bf9e-6cc7c19d2c9d","tints":[]}},{"threshold":1033.0,"model":{"type":"model","model":"c5756a72-726e-46fd-bfd0-601f260f9b2c:30d3e836-18b8-47b5-9800-ade56918fa4e","tints":[]}},{"threshold":1034.0,"model":{"type":"model","model":"c5756a72-726e-46fd-bfd0-601f260f9b2c:0af93b1c-e01c-4e80-aa57-33dd6326b4d6","tints":[]}},{"threshold":1035.0,"model":{"type":"model","model":"c5756a72-726e-46fd-bfd0-601f260f9b2c:24daa282-42c3-41e6-b7d4-28b9c236786e","tints":[]}},{"threshold":1036.0,"model":{"type":"model","model":"c5756a72-726e-46fd-bfd0-601f260f9b2c:83732d90-dc67-4940-a855-090fcf91b34e","tints":[]}},{"threshold":1037.0,"model":{"type":"model","model":"c5756a72-726e-46fd-bfd0-601f260f9b2c:fe60adfe-2e69-4f0e-99fb-ecd7e157e000","tints":[]}},{"threshold":1038.0,"model":{"type":"model","model":"c5756a72-726e-46fd-bfd0-601f260f9b2c:8aae615c-46fe-416c-8f11-24f1c81563af","tints":[]}},{"threshold":1039.0,"model":{"type":"model","model":"c5756a72-726e-46fd-bfd0-601f260f9b2c:cb02db54-7342-44d6-987c-f3462f254bc6","tints":[]}},{"threshold":1040.0,"model":{"type":"model","model":"de37f472-31e7-4255-8f58-da04aea1e6a2:0177df82-d117-423a-a482-d618bf98cb2e","tints":[]}},{"threshold":1041.0,"model":{"type":"model","model":"de37f472-31e7-4255-8f58-da04aea1e6a2:9dc4f122-0bef-4bc9-be4b-9419844b4032","tints":[]}},{"threshold":1042.0,"model":{"type":"model","model":"de37f472-31e7-4255-8f58-da04aea1e6a2:09b848a1-7e7a-47da-a340-9052b07b5abe","tints":[]}},{"threshold":1043.0,"model":{"type":"model","model":"de37f472-31e7-4255-8f58-da04aea1e6a2:60cab041-d4f2-4cd5-a1ae-95b635f620a9","tints":[]}},{"threshold":1044.0,"model":{"type":"model","model":"de37f472-31e7-4255-8f58-da04aea1e6a2:f4d429c8-cdcb-45a8-8b52-8d024a634d97","tints":[]}},{"threshold":1045.0,"model":{"type":"model","model":"de37f472-31e7-4255-8f58-da04aea1e6a2:d7734830-ee3d-4968-99ee-4b3ef0a362bc","tints":[]}},{"threshold":1046.0,"model":{"type":"model","model":"de37f472-31e7-4255-8f58-da04aea1e6a2:18a82e25-34a6-46ee-9b2a-a8f0d74dd4cf","tints":[]}},{"threshold":1047.0,"model":{"type":"model","model":"de37f472-31e7-4255-8f58-da04aea1e6a2:14105a77-f0ce-4361-9d8d-c538deb829a5","tints":[]}},{"threshold":1048.0,"model":{"type":"model","model":"de37f472-31e7-4255-8f58-da04aea1e6a2:85e1cc43-5965-4949-a23d-6308391e64b3","tints":[]}},{"threshold":1049.0,"model":{"type":"model","model":"de37f472-31e7-4255-8f58-da04aea1e6a2:7178b1b8-2a5c-4f20-b8dc-da546c4157cb","tints":[]}},{"threshold":1050.0,"model":{"type":"model","model":"de37f472-31e7-4255-8f58-da04aea1e6a2:3db1ec25-e4b8-42ce-ba8c-c3ce956d11a1","tints":[]}},{"threshold":1051.0,"model":{"type":"model","model":"de37f472-31e7-4255-8f58-da04aea1e6a2:8e680239-0e94-4e89-b941-8c8eb4fdd371","tints":[]}},{"threshold":1052.0,"model":{"type":"model","model":"de37f472-31e7-4255-8f58-da04aea1e6a2:599250ad-aad6-4813-beb1-fc9ee677481d","tints":[]}},{"threshold":1053.0,"model":{"type":"model","model":"de37f472-31e7-4255-8f58-da04aea1e6a2:de0ece23-8976-45bf-8ca9-23c005a23649","tints":[]}},{"threshold":1054.0,"model":{"type":"model","model":"de37f472-31e7-4255-8f58-da04aea1e6a2:4d520a1a-da2e-471c-8237-201876443db2","tints":[]}},{"threshold":1055.0,"model":{"type":"model","model":"de37f472-31e7-4255-8f58-da04aea1e6a2:908b45f5-f3e5-4a5c-a154-320ed02816d1","tints":[]}},{"threshold":1056.0,"model":{"type":"model","model":"de37f472-31e7-4255-8f58-da04aea1e6a2:674d5754-b308-4bbb-905d-afd7687e88b9","tints":[]}},{"threshold":1057.0,"model":{"type":"model","model":"de37f472-31e7-4255-8f58-da04aea1e6a2:5bc8d0f0-cacb-40eb-a73d-f5ff8009e6f9","tints":[]}},{"threshold":1058.0,"model":{"type":"model","model":"de37f472-31e7-4255-8f58-da04aea1e6a2:29d3988b-cd85-4de5-9a9e-e89eab0d5dd4","tints":[]}},{"threshold":1059.0,"model":{"type":"model","model":"de37f472-31e7-4255-8f58-da04aea1e6a2:b70cec49-8138-4aa5-a8b7-d952a2a93523","tints":[]}},{"threshold":1060.0,"model":{"type":"model","model":"de37f472-31e7-4255-8f58-da04aea1e6a2:5681d146-e0d7-4df6-8c5d-ea1465597c14","tints":[]}},{"threshold":1061.0,"model":{"type":"model","model":"de37f472-31e7-4255-8f58-da04aea1e6a2:35006919-1998-4b7c-8ec3-c6f965cf0c4d","tints":[]}},{"threshold":1062.0,"model":{"type":"model","model":"de37f472-31e7-4255-8f58-da04aea1e6a2:5fdba998-73cb-428f-bd12-2dbe78ff132f","tints":[]}},{"threshold":1063.0,"model":{"type":"model","model":"de37f472-31e7-4255-8f58-da04aea1e6a2:7372b101-ab21-4f5f-9115-6dffdb5c65c1","tints":[]}},{"threshold":1064.0,"model":{"type":"model","model":"de37f472-31e7-4255-8f58-da04aea1e6a2:db5a5037-5f7f-4c8e-b86e-b8b9fd0c3ebe","tints":[]}},{"threshold":1065.0,"model":{"type":"model","model":"de37f472-31e7-4255-8f58-da04aea1e6a2:ad8b9123-00d6-4adc-b96f-b6b04ea1e41d","tints":[]}},{"threshold":1066.0,"model":{"type":"model","model":"de37f472-31e7-4255-8f58-da04aea1e6a2:adf4ba54-d2fa-4b70-8b5f-f373ca6ab17a","tints":[]}},{"threshold":1067.0,"model":{"type":"model","model":"c5756a72-726e-46fd-bfd0-601f260f9b2c:5dc0f707-ccec-4f05-997c-950cfb0db41e","tints":[]}},{"threshold":1068.0,"model":{"type":"model","model":"c5756a72-726e-46fd-bfd0-601f260f9b2c:ea1293f2-90fa-4bc6-9a56-68faaeaf70af","tints":[]}},{"threshold":1069.0,"model":{"type":"model","model":"de37f472-31e7-4255-8f58-da04aea1e6a2:47d19d0e-be18-41a5-8c98-e71042d838c5","tints":[]}},{"threshold":1070.0,"model":{"type":"model","model":"de37f472-31e7-4255-8f58-da04aea1e6a2:17c7db81-2d33-4d3e-a6d9-17800c9c1c23","tints":[]}},{"threshold":1071.0,"model":{"type":"model","model":"c5756a72-726e-46fd-bfd0-601f260f9b2c:4c935e69-f121-44f6-bbaf-afcea0fd9ccc","tints":[]}},{"threshold":1072.0,"model":{"type":"model","model":"c5756a72-726e-46fd-bfd0-601f260f9b2c:263f6990-9858-413e-b65f-01cff1d0e4ce","tints":[]}},{"threshold":1073.0,"model":{"type":"model","model":"c5756a72-726e-46fd-bfd0-601f260f9b2c:a181d600-8c0e-445e-a20d-2e8e192306e6","tints":[]}},{"threshold":1074.0,"model":{"type":"model","model":"c5756a72-726e-46fd-bfd0-601f260f9b2c:9469bc7e-6eb2-4d49-8619-b04153783fea","tints":[]}},{"threshold":1075.0,"model":{"type":"model","model":"c5756a72-726e-46fd-bfd0-601f260f9b2c:d4c9a8a0-498d-4f92-ac31-5876ff853bc9","tints":[]}},{"threshold":1076.0,"model":{"type":"model","model":"c5756a72-726e-46fd-bfd0-601f260f9b2c:8164daad-9f80-4c49-bce9-c417cd9cbca6","tints":[]}},{"threshold":1077.0,"model":{"type":"model","model":"c5756a72-726e-46fd-bfd0-601f260f9b2c:0b28d657-486a-4ac0-aa9b-eb132c1ec5eb","tints":[]}},{"threshold":1078.0,"model":{"type":"model","model":"c5756a72-726e-46fd-bfd0-601f260f9b2c:7ead5be3-9f99-4bd9-a5f0-6155fdb62591","tints":[]}},{"threshold":1079.0,"model":{"type":"model","model":"c5756a72-726e-46fd-bfd0-601f260f9b2c:d6d6e109-ef3a-445f-8065-c4e2bfde0803","tints":[]}},{"threshold":1080.0,"model":{"type":"model","model":"c5756a72-726e-46fd-bfd0-601f260f9b2c:630b4c85-5afc-4b03-83ca-03af0d22dd65","tints":[]}},{"threshold":1081.0,"model":{"type":"model","model":"c5756a72-726e-46fd-bfd0-601f260f9b2c:a09f41e0-5061-4a38-9953-85aae2e4dcc9","tints":[]}},{"threshold":1082.0,"model":{"type":"model","model":"c5756a72-726e-46fd-bfd0-601f260f9b2c:01fe67c5-7bcb-4422-94ed-9a70893bf8c7","tints":[]}},{"threshold":1083.0,"model":{"type":"model","model":"c5756a72-726e-46fd-bfd0-601f260f9b2c:f5dc6dc0-d02f-4fc7-aedf-c6cc1b2c020b","tints":[]}},{"threshold":1084.0,"model":{"type":"model","model":"c5756a72-726e-46fd-bfd0-601f260f9b2c:80422d68-59bb-4218-b641-79d648a61ea9","tints":[]}},{"threshold":1085.0,"model":{"type":"model","model":"c5756a72-726e-46fd-bfd0-601f260f9b2c:0a703ff3-ccfd-43f5-96d3-df979fe60fc8","tints":[]}},{"threshold":1086.0,"model":{"type":"model","model":"c5756a72-726e-46fd-bfd0-601f260f9b2c:30821f73-1896-49cc-abd2-56800accf54b","tints":[]}},{"threshold":1087.0,"model":{"type":"model","model":"c5756a72-726e-46fd-bfd0-601f260f9b2c:25aaefe6-01b1-42d8-99d3-50c76b4eeafe","tints":[]}},{"threshold":1088.0,"model":{"type":"model","model":"c5756a72-726e-46fd-bfd0-601f260f9b2c:79e99828-3792-4bea-b7e1-577cd4dfacce","tints":[]}}],"fallback":{"type":"model","model":"item/paper","tints":[]}}}