{"parent":"item/generated","textures":{"layer0":"item/leather_horse_armor","layer1":"item/leather_horse_armor_overlay","particle":"item/leather_horse_armor"},"overrides":[{"predicate":{"custom_model_data":1000},"model":"b010ecbc-614c-41d2-baaa-cfdb7227d49f:a8a163ad-7450-49b5-97d8-ff823b22c26a"},{"predicate":{"custom_model_data":1001},"model":"b010ecbc-614c-41d2-baaa-cfdb7227d49f:056d2b41-f44d-4477-b649-d060cc2e4655"},{"predicate":{"custom_model_data":1002},"model":"b010ecbc-614c-41d2-baaa-cfdb7227d49f:01bc6c86-4a66-4754-8243-534a6d7475c1"},{"predicate":{"custom_model_data":1003},"model":"b010ecbc-614c-41d2-baaa-cfdb7227d49f:54f7b63f-3257-464d-8dd9-0c5de1c788de"}]}