{"model":{"type":"range_dispatch","property":"custom_model_data","index":0,"fallback":{"type":"minecraft:model","model":"minecraft:item/cooked_porkchop"},"entries":[{"threshold":10000,"model":{"type":"model","model":"iasurvival:ia_auto_gen/tropical_fish_nigiri"}},{"threshold":10001,"model":{"type":"model","model":"iasurvival:ia_auto_gen/cooked_black_moor_goldfish"}},{"threshold":10002,"model":{"type":"model","model":"iasurvival:ia_auto_gen/pink_donut"}},{"threshold":10003,"model":{"type":"model","model":"iasurvival:ia_auto_gen/french_fries"}},{"threshold":10004,"model":{"type":"model","model":"iasurvival:ia_auto_gen/cooked_tuna"}},{"threshold":10005,"model":{"type":"model","model":"iasurvival:ia_auto_gen/sliced_baguette"}},{"threshold":10006,"model":{"type":"model","model":"iasurvival:ia_auto_gen/goldfish"}},{"threshold":10007,"model":{"type":"model","model":"iasurvival:ia_auto_gen/peeled_potato"}},{"threshold":10008,"model":{"type":"model","model":"iasurvival:ia_auto_gen/pufferfish_nigiri"}},{"threshold":10009,"model":{"type":"model","model":"iasurvival:ia_auto_gen/sliced_roast_beef"}},{"threshold":10010,"model":{"type":"model","model":"iasurvival:ia_auto_gen/cheese"}},{"threshold":10011,"model":{"type":"model","model":"iasurvival:ia_auto_gen/baguette"}},{"threshold":10012,"model":{"type":"model","model":"iasurvival:ia_auto_gen/hamburger"}},{"threshold":10013,"model":{"type":"model","model":"iasurvival:ia_auto_gen/pizza"}},{"threshold":10014,"model":{"type":"model","model":"iasurvival:ia_auto_gen/sweet"}},{"threshold":10015,"model":{"type":"model","model":"iasurvival:ia_auto_gen/donut_base"}},{"threshold":10016,"model":{"type":"model","model":"iasurvival:ia_auto_gen/sausage"}},{"threshold":10017,"model":{"type":"model","model":"iasurvival:ia_auto_gen/blue_parrotfish"}},{"threshold":10018,"model":{"type":"model","model":"iasurvival:ia_auto_gen/broken_egg"}},{"threshold":10019,"model":{"type":"model","model":"iasurvival:ia_auto_gen/nether_donut"}},{"threshold":10020,"model":{"type":"model","model":"iasurvival:ia_auto_gen/sliced_bread_with_apple_jam"}},{"threshold":10021,"model":{"type":"model","model":"iasurvival:ia_auto_gen/sliced_bread_with_pear_jam"}},{"threshold":10022,"model":{"type":"model","model":"iasurvival:ia_auto_gen/sliced_cheese"}},{"threshold":10023,"model":{"type":"model","model":"iasurvival:ia_auto_gen/taco"}},{"threshold":10024,"model":{"type":"model","model":"iasurvival:ia_auto_gen/fried_potato_sticks"}},{"threshold":10025,"model":{"type":"model","model":"iasurvival:ia_auto_gen/sweet_stick"}},{"threshold":10026,"model":{"type":"model","model":"iasurvival:ia_auto_gen/black_moor_goldfish"}},{"threshold":10027,"model":{"type":"model","model":"iasurvival:ia_auto_gen/cooked_donut_base"}},{"threshold":10028,"model":{"type":"model","model":"iasurvival:ia_auto_gen/cooked_sausage"}},{"threshold":10029,"model":{"type":"model","model":"iasurvival:ia_auto_gen/sliced_bread"}},{"threshold":10030,"model":{"type":"model","model":"iasurvival:ia_auto_gen/fried_egg"}},{"threshold":10031,"model":{"type":"model","model":"iasurvival:ia_auto_gen/sliced_bread_with_sweet_berries_jam"}},{"threshold":10032,"model":{"type":"model","model":"iasurvival:ia_auto_gen/hotdog"}},{"threshold":10033,"model":{"type":"model","model":"iasurvival:ia_auto_gen/cooked_goldfish"}},{"threshold":10034,"model":{"type":"model","model":"iasurvival:ia_auto_gen/sliced_raw_beef"}},{"threshold":10035,"model":{"type":"model","model":"iasurvival:ia_auto_gen/chips"}},{"threshold":10036,"model":{"type":"model","model":"iasurvival:ia_auto_gen/cooked_green_sunfish"}},{"threshold":10037,"model":{"type":"model","model":"iasurvival:ia_auto_gen/green_sunfish"}},{"threshold":10038,"model":{"type":"model","model":"iasurvival:ia_auto_gen/salmon_nigiri"}},{"threshold":10039,"model":{"type":"model","model":"iasurvival:ia_auto_gen/tuna"}},{"threshold":10040,"model":{"type":"model","model":"iasurvival:ia_auto_gen/cooked_blue_parrotfish"}},{"threshold":10041,"model":{"type":"model","model":"iasurvival:ia_auto_gen/cod_nigiri"}},{"threshold":10042,"model":{"type":"model","model":"iasurvival:ia_auto_gen/potato_sticks"}},{"threshold":10043,"model":{"type":"model","model":"item/cooked_porkchop"}}]},"oversized_in_gui":true}