{"model":{"type":"range_dispatch","property":"custom_model_data","index":0,"fallback":{"type":"minecraft:model","model":"minecraft:item/paper"},"entries":[{"threshold":1040,"model":{"type":"model","model":"thecastle:ia_auto_gen/close_icon"}},{"threshold":1041,"model":{"type":"model","model":"thecastle:ia_auto_gen/inv_menu"}},{"threshold":1042,"model":{"type":"model","model":"thecastle:ia_auto_gen/next"}},{"threshold":1043,"model":{"type":"model","model":"thecastle:ia_auto_gen/previous"}},{"threshold":1044,"model":{"type":"model","model":"thecastle:ia_auto_gen/blank_button"}},{"threshold":10000,"model":{"type":"model","model":"_iainternal:ia_auto_gen/icon_left_blue"}},{"threshold":10001,"model":{"type":"model","model":"_iainternal:ia_auto_gen/icon_right_blue"}},{"threshold":10002,"model":{"type":"model","model":"_iainternal:ia_auto_gen/icon_search"}},{"threshold":10003,"model":{"type":"model","model":"_iainternal:ia_auto_gen/icon_cancel"}},{"threshold":10004,"model":{"type":"model","model":"_iainternal:ia_auto_gen/icon_arrow_chest"}},{"threshold":10005,"model":{"type":"model","model":"_iainternal:ia_auto_gen/icon_back_orange"}},{"threshold":10006,"model":{"type":"model","model":"_iainternal:ia_auto_gen/icon_next_orange"}},{"threshold":10007,"model":{"type":"model","model":"iasurvival:ia_auto_gen/caveblock"}},{"threshold":10008,"model":{"type":"model","model":"iafestivities:christmas/decorative_candy_cane"}},{"threshold":10009,"model":{"type":"model","model":"iasurvival:ia_auto_gen/nice_wood"}},{"threshold":10013,"model":{"type":"model","model":"iasurvival:ia_auto_gen/modern_quartz"}},{"threshold":10018,"model":{"type":"model","model":"iasurvival:ia_auto_gen/modern_stone"}},{"threshold":10030,"model":{"type":"model","model":"iasurvival:ia_auto_gen/nice_stone"}},{"threshold":10032,"model":{"type":"model","model":"iasurvival:ia_auto_gen/customization_table"}},{"threshold":10033,"model":{"type":"model","model":"iafestivities:christmas/christmas_tree"}},{"threshold":10037,"model":{"type":"model","model":"iafestivities:christmas/christmas_wreath"}},{"threshold":10039,"model":{"type":"model","model":"iafestivities:christmas/christmas_candle"}},{"threshold":10041,"model":{"type":"model","model":"mcicons:ia_auto_gen/icon_left_gray"}},{"threshold":10042,"model":{"type":"model","model":"mcicons:ia_auto_gen/icon_left_blue"}},{"threshold":10043,"model":{"type":"model","model":"mcicons:ia_auto_gen/icon_right_gray"}},{"threshold":10044,"model":{"type":"model","model":"mcicons:ia_auto_gen/icon_right_blue"}},{"threshold":10045,"model":{"type":"model","model":"mcicons:ia_auto_gen/icon_up_gray"}},{"threshold":10046,"model":{"type":"model","model":"mcicons:ia_auto_gen/icon_up_blue"}},{"threshold":10047,"model":{"type":"model","model":"mcicons:ia_auto_gen/icon_down_gray"}},{"threshold":10048,"model":{"type":"model","model":"mcicons:ia_auto_gen/icon_down_blue"}},{"threshold":10049,"model":{"type":"model","model":"mcicons:ia_auto_gen/icon_next_white"}},{"threshold":10050,"model":{"type":"model","model":"mcicons:ia_auto_gen/icon_next_orange"}},{"threshold":10051,"model":{"type":"model","model":"mcicons:ia_auto_gen/icon_back_white"}},{"threshold":10052,"model":{"type":"model","model":"mcicons:ia_auto_gen/icon_back_orange"}},{"threshold":10053,"model":{"type":"model","model":"mcicons:ia_auto_gen/icon_cancel"}},{"threshold":10054,"model":{"type":"model","model":"mcicons:ia_auto_gen/icon_confirm"}},{"threshold":10055,"model":{"type":"model","model":"mcicons:ia_auto_gen/icon_lock"}},{"threshold":10056,"model":{"type":"model","model":"mcicons:ia_auto_gen/icon_unlock"}},{"threshold":10057,"model":{"type":"model","model":"mcicons:ia_auto_gen/icon_web"}},{"threshold":10058,"model":{"type":"model","model":"mcicons:ia_auto_gen/icon_ender_chest"}},{"threshold":10059,"model":{"type":"model","model":"mcicons:ia_auto_gen/icon_refresh"}},{"threshold":10060,"model":{"type":"model","model":"mcicons:ia_auto_gen/icon_time_day"}},{"threshold":10061,"model":{"type":"model","model":"mcicons:ia_auto_gen/icon_time_midnight"}},{"threshold":10062,"model":{"type":"model","model":"mcicons:ia_auto_gen/icon_time_night"}},{"threshold":10063,"model":{"type":"model","model":"mcicons:ia_auto_gen/icon_time_noon"}},{"threshold":10064,"model":{"type":"model","model":"mcicons:ia_auto_gen/icon_time_sunrise"}},{"threshold":10065,"model":{"type":"model","model":"mcicons:ia_auto_gen/icon_time_sunset"}},{"threshold":10066,"model":{"type":"model","model":"mcicons:ia_auto_gen/icon_toggle_off"}},{"threshold":10067,"model":{"type":"model","model":"mcicons:ia_auto_gen/icon_toggle_on"}},{"threshold":10068,"model":{"type":"model","model":"mcicons:ia_auto_gen/icon_arrow_chest"}},{"threshold":10069,"model":{"type":"model","model":"mcicons:ia_auto_gen/icon_plus"}},{"threshold":10070,"model":{"type":"model","model":"mcicons:ia_auto_gen/icon_color_picker"}},{"threshold":10071,"model":{"type":"model","model":"mcicons:ia_auto_gen/icon_comment"}},{"threshold":10072,"model":{"type":"model","model":"mcicons:ia_auto_gen/icon_search"}},{"threshold":10076,"model":{"type":"model","model":"iasurvival:ia_auto_gen/modern_sandstone"}},{"threshold":10080,"model":{"type":"model","model":"furniture:furniture/park_bench"}},{"threshold":10081,"model":{"type":"model","model":"furniture:furniture/dark_park_bench"}},{"threshold":10082,"model":{"type":"model","model":"furniture:furniture/simple_park_bench"}},{"threshold":10083,"model":{"type":"model","model":"furniture:furniture/simple_dark_park_bench"}},{"threshold":10084,"model":{"type":"model","model":"furniture:furniture/wood_park_bench"}},{"threshold":10085,"model":{"type":"model","model":"furniture:furniture/dark_wood_park_bench"}},{"threshold":10086,"model":{"type":"model","model":"furniture:furniture/park_chair"}},{"threshold":10087,"model":{"type":"model","model":"furniture:furniture/dark_park_chair"}},{"threshold":10088,"model":{"type":"model","model":"furniture:furniture/wood_park_chair"}},{"threshold":10089,"model":{"type":"model","model":"furniture:furniture/dark_wood_park_chair"}},{"threshold":10090,"model":{"type":"model","model":"furniture:furniture/park_table"}},{"threshold":10091,"model":{"type":"model","model":"furniture:furniture/dark_park_table"}},{"threshold":10092,"model":{"type":"model","model":"furniture:furniture/glass_park_table"}},{"threshold":10093,"model":{"type":"model","model":"furniture:furniture/single_park_table"}},{"threshold":10094,"model":{"type":"model","model":"furniture:furniture/single_dark_park_table"}},{"threshold":10095,"model":{"type":"model","model":"furniture:furniture/single_glass_park_table"}},{"threshold":10096,"model":{"type":"model","model":"furniture:furniture/trash_can"}},{"threshold":10097,"model":{"type":"model","model":"furniture:furniture/traffic_jam"}},{"threshold":10098,"model":{"type":"model","model":"furniture:furniture/traffic_fence"}},{"threshold":10099,"model":{"type":"model","model":"furniture:furniture/outdoor_unit"}},{"threshold":10100,"model":{"type":"model","model":"furniture:furniture/traffic_sign"}},{"threshold":10101,"model":{"type":"model","model":"furniture:furniture/traffic_sign_2"}},{"threshold":10105,"model":{"type":"model","model":"worlddeco:desert_rose"}},{"threshold":10106,"model":{"type":"model","model":"worlddeco:fallen_leaves"}},{"threshold":10107,"model":{"type":"model","model":"worlddeco:dead_tall_grass"}},{"threshold":10108,"model":{"type":"model","model":"furniture:ia_auto_gen/furniture_icon"}},{"threshold":10109,"model":{"type":"model","model":"worlddeco:small_rocks"}},{"threshold":10110,"model":{"type":"model","model":"worlddeco:mossy_small_rocks"}},{"threshold":10111,"model":{"type":"model","model":"iadeco:monitor"}},{"threshold":10112,"model":{"type":"model","model":"iadeco:opened_chest"}},{"threshold":10113,"model":{"type":"model","model":"iavehicles:air/oak_wood_plane"}},{"threshold":10114,"model":{"type":"model","model":"iavehicles:air/spruce_wood_plane"}},{"threshold":10115,"model":{"type":"model","model":"iavehicles:air/birch_wood_plane"}},{"threshold":10116,"model":{"type":"model","model":"iavehicles:air/jungle_wood_plane"}},{"threshold":10117,"model":{"type":"model","model":"iavehicles:air/acacia_wood_plane"}},{"threshold":10118,"model":{"type":"model","model":"iavehicles:air/dark_oak_wood_plane"}},{"threshold":10119,"model":{"type":"model","model":"iadeco:computer_chair"}},{"threshold":10120,"model":{"type":"model","model":"iadeco:painting_burst"}},{"threshold":10121,"model":{"type":"model","model":"iadeco:painting_courbet"}},{"threshold":10122,"model":{"type":"model","model":"iadeco:painting_graham"}},{"threshold":10123,"model":{"type":"model","model":"iadeco:painting_match"}},{"threshold":10124,"model":{"type":"model","model":"iadeco:painting_pool"}},{"threshold":10125,"model":{"type":"model","model":"iadeco:painting_skull_and_roses"}},{"threshold":10126,"model":{"type":"model","model":"iadeco:painting_stage"}},{"threshold":10127,"model":{"type":"model","model":"iadeco:painting_void"}},{"threshold":10128,"model":{"type":"model","model":"iadeco:painting_wanderer"}},{"threshold":10129,"model":{"type":"model","model":"iadeco:lava_lamp"}},{"threshold":10130,"model":{"type":"model","model":"iadeco:old_clock"}},{"threshold":10131,"model":{"type":"model","model":"iadeco:white_chair"}},{"threshold":10132,"model":{"type":"model","model":"iadeco:dark_throne"}},{"threshold":10133,"model":{"type":"model","model":"iavehicles:air/ufo"}},{"threshold":10134,"model":{"type":"model","model":"iadeco:coffee_machine"}},{"threshold":10135,"model":{"type":"model","model":"iadeco:tv"}},{"threshold":10136,"model":{"type":"model","model":"iavehicles:ground/shopping_cart"}},{"threshold":10137,"model":{"type":"model","model":"iadeco:mini_fridge"}},{"threshold":10138,"model":{"type":"model","model":"iavehicles:air/broomstick"}},{"threshold":10139,"model":{"type":"model","model":"iadeco:school_chair"}},{"threshold":10140,"model":{"type":"model","model":"iadeco:school_chair_lazy"}},{"threshold":10141,"model":{"type":"model","model":"iadeco:white_wood_chair"}},{"threshold":10142,"model":{"type":"model","model":"iadeco:orange_wood_chair"}},{"threshold":10143,"model":{"type":"model","model":"iadeco:magenta_wood_chair"}},{"threshold":10144,"model":{"type":"model","model":"iadeco:light_blue_wood_chair"}},{"threshold":10145,"model":{"type":"model","model":"iadeco:yellow_wood_chair"}},{"threshold":10146,"model":{"type":"model","model":"iadeco:lime_wood_chair"}},{"threshold":10147,"model":{"type":"model","model":"iadeco:pink_wood_chair"}},{"threshold":10148,"model":{"type":"model","model":"iadeco:gray_wood_chair"}},{"threshold":10149,"model":{"type":"model","model":"iadeco:light_gray_wood_chair"}},{"threshold":10150,"model":{"type":"model","model":"iadeco:cyan_wood_chair"}},{"threshold":10151,"model":{"type":"model","model":"iadeco:purple_wood_chair"}},{"threshold":10152,"model":{"type":"model","model":"iadeco:blue_wood_chair"}},{"threshold":10153,"model":{"type":"model","model":"iadeco:brown_wood_chair"}},{"threshold":10154,"model":{"type":"model","model":"iadeco:green_wood_chair"}},{"threshold":10155,"model":{"type":"model","model":"iadeco:red_wood_chair"}},{"threshold":10156,"model":{"type":"model","model":"iadeco:black_wood_chair"}},{"threshold":10157,"model":{"type":"model","model":"iavehicles:ground/white_go_cart"}},{"threshold":10158,"model":{"type":"model","model":"iavehicles:ground/orange_go_cart"}},{"threshold":10159,"model":{"type":"model","model":"iavehicles:ground/magenta_go_cart"}},{"threshold":10160,"model":{"type":"model","model":"iavehicles:ground/light_blue_go_cart"}},{"threshold":10161,"model":{"type":"model","model":"iavehicles:ground/yellow_go_cart"}},{"threshold":10162,"model":{"type":"model","model":"iavehicles:ground/lime_go_cart"}},{"threshold":10163,"model":{"type":"model","model":"iavehicles:ground/pink_go_cart"}},{"threshold":10164,"model":{"type":"model","model":"iavehicles:ground/gray_go_cart"}},{"threshold":10165,"model":{"type":"model","model":"iavehicles:ground/light_gray_go_cart"}},{"threshold":10166,"model":{"type":"model","model":"iavehicles:ground/cyan_go_cart"}},{"threshold":10167,"model":{"type":"model","model":"iavehicles:ground/purple_go_cart"}},{"threshold":10168,"model":{"type":"model","model":"iavehicles:ground/blue_go_cart"}},{"threshold":10169,"model":{"type":"model","model":"iavehicles:ground/brown_go_cart"}},{"threshold":10170,"model":{"type":"model","model":"iavehicles:ground/green_go_cart"}},{"threshold":10171,"model":{"type":"model","model":"iavehicles:ground/red_go_cart"}},{"threshold":10172,"model":{"type":"model","model":"iavehicles:ground/black_go_cart"}},{"threshold":10173,"model":{"type":"model","model":"iadeco:white_chandeliers"}},{"threshold":10174,"model":{"type":"model","model":"iadeco:black_chandeliers"}},{"threshold":10175,"model":{"type":"model","model":"iadeco:black_and_red_chandeliers"}},{"threshold":10176,"model":{"type":"model","model":"iadeco:glass_table"}},{"threshold":10177,"model":{"type":"model","model":"iadeco:lamp"}},{"threshold":10178,"model":{"type":"model","model":"iadeco:vending_machine"}},{"threshold":10179,"model":{"type":"model","model":"iadeco:white_bar_chair"}},{"threshold":10180,"model":{"type":"model","model":"iadeco:orange_bar_chair"}},{"threshold":10181,"model":{"type":"model","model":"iadeco:magenta_bar_chair"}},{"threshold":10182,"model":{"type":"model","model":"iadeco:light_blue_bar_chair"}},{"threshold":10183,"model":{"type":"model","model":"iadeco:yellow_bar_chair"}},{"threshold":10184,"model":{"type":"model","model":"iadeco:lime_bar_chair"}},{"threshold":10185,"model":{"type":"model","model":"iadeco:pink_bar_chair"}},{"threshold":10186,"model":{"type":"model","model":"iadeco:gray_bar_chair"}},{"threshold":10187,"model":{"type":"model","model":"iadeco:light_gray_bar_chair"}},{"threshold":10188,"model":{"type":"model","model":"iadeco:cyan_bar_chair"}},{"threshold":10189,"model":{"type":"model","model":"iadeco:purple_bar_chair"}},{"threshold":10190,"model":{"type":"model","model":"iadeco:blue_bar_chair"}},{"threshold":10191,"model":{"type":"model","model":"iadeco:brown_bar_chair"}},{"threshold":10192,"model":{"type":"model","model":"iadeco:green_bar_chair"}},{"threshold":10193,"model":{"type":"model","model":"iadeco:red_bar_chair"}},{"threshold":10194,"model":{"type":"model","model":"iadeco:black_bar_chair"}},{"threshold":10195,"model":{"type":"model","model":"iadeco:computer_desk"}},{"threshold":10196,"model":{"type":"model","model":"iadeco:small_fountain"}},{"threshold":10197,"model":{"type":"model","model":"iadeco:simple_chair"}},{"threshold":10198,"model":{"type":"model","model":"iadeco:lit_campfire"}},{"threshold":10199,"model":{"type":"model","model":"iadeco:table"}},{"threshold":10200,"model":{"type":"model","model":"item/paper"}}]},"oversized_in_gui":true}