{"model":{"type":"range_dispatch","property":"custom_model_data","index":0,"fallback":{"type":"minecraft:model","model":"minecraft:item/wooden_sword"},"entries":[{"threshold":10000,"model":{"type":"model","model":"iasurvival:ia_auto_gen/knife"}},{"threshold":10001,"model":{"type":"model","model":"iasurvival:ia_auto_gen/chisel"}},{"threshold":10002,"model":{"type":"model","model":"iasurvival:ia_auto_gen/waterskin"}},{"threshold":10003,"model":{"type":"model","model":"item/wooden_sword"}}]},"oversized_in_gui":true}