{"model":{"type":"select","property":"block_state","block_state_property":"connectable","cases":[{"when":"straight","model":{"type":"model","model":"492aa1c7-a7c3-43c3-9b41-294233576a7e:10b29626-ea03-4f62-95c7-d02c7e47784a","tints":[]}},{"when":"left","model":{"type":"model","model":"492aa1c7-a7c3-43c3-9b41-294233576a7e:7adb63fb-97d9-4aa7-b90a-b6eaa40dfea6","tints":[]}},{"when":"right","model":{"type":"model","model":"492aa1c7-a7c3-43c3-9b41-294233576a7e:a4f883b3-a900-4b2d-b4f7-bcde94c5dfc8","tints":[]}},{"when":"inner","model":{"type":"model","model":"492aa1c7-a7c3-43c3-9b41-294233576a7e:fd9fd03c-15ce-40c5-b45b-6073f4d84e1f","tints":[]}},{"when":"outer","model":{"type":"model","model":"492aa1c7-a7c3-43c3-9b41-294233576a7e:53598e23-faa3-4b05-b20e-6ccd24c50c30","tints":[]}}],"fallback":{"type":"model","model":"492aa1c7-a7c3-43c3-9b41-294233576a7e:2a98d8ff-c5c4-4e84-a966-8be4a685f355","tints":[]}}}