{"parent":"item/generated","display":{"thirdperson_righthand":{"rotation":[-80.0,260.0,-40.0],"translation":[-1.0,-2.0,2.5],"scale":[0.9,0.9,0.9]},"thirdperson_lefthand":{"rotation":[-80.0,-280.0,40.0],"translation":[-1.0,-2.0,2.5],"scale":[0.9,0.9,0.9]},"firstperson_righthand":{"rotation":[0.0,-90.0,25.0],"translation":[1.13,3.2,1.13],"scale":[0.68,0.68,0.68]},"firstperson_lefthand":{"rotation":[0.0,90.0,-25.0],"translation":[1.13,3.2,1.13],"scale":[0.68,0.68,0.68]}},"textures":{"layer0":"item/bow"},"overrides":[{"predicate":{"pulling":1},"model":"item/bow_pulling_0"},{"predicate":{"pulling":1,"pull":0.65},"model":"item/bow_pulling_1"},{"predicate":{"pulling":1,"pull":0.9},"model":"item/bow_pulling_2"},{"predicate":{"custom_model_data":1450104},"model":"3996ac82-b75e-4563-a23b-b3de06ceb947:5016aee5-2321-4852-a150-4374cfe4ecdd"},{"predicate":{"custom_model_data":1450104,"pulling":1},"model":"3996ac82-b75e-4563-a23b-b3de06ceb947:b4f588fa-8e74-4646-9585-a2f960fbf96b"},{"predicate":{"custom_model_data":1450104,"pulling":1,"pull":0.65},"model":"3996ac82-b75e-4563-a23b-b3de06ceb947:b3d7905b-fa13-44cc-b9f3-9bf26b9af4b6"},{"predicate":{"custom_model_data":1450104,"pulling":1,"pull":0.9},"model":"3996ac82-b75e-4563-a23b-b3de06ceb947:b20b30ba-9c13-4621-a2d3-f2b89c1a0f4b"},{"predicate":{"custom_model_data":1450105},"model":"3996ac82-b75e-4563-a23b-b3de06ceb947:943ee974-2c29-45bc-a4ea-04d3cc366345"},{"predicate":{"custom_model_data":1450105,"pulling":1},"model":"3996ac82-b75e-4563-a23b-b3de06ceb947:848fe7c4-ede2-4d03-a31d-a71ef0ec4449"},{"predicate":{"custom_model_data":1450105,"pulling":1,"pull":0.65},"model":"3996ac82-b75e-4563-a23b-b3de06ceb947:70ec5c19-8168-4b14-9cfc-74dc29262469"},{"predicate":{"custom_model_data":1450105,"pulling":1,"pull":0.9},"model":"3996ac82-b75e-4563-a23b-b3de06ceb947:3ad47a6d-a38b-4bbf-9baf-b37c01658080"},{"predicate":{"custom_model_data":1451104,"pulling":1,"pull":0.9},"model":"3996ac82-b75e-4563-a23b-b3de06ceb947:5d27831d-d977-4078-98c8-68f33c2210bb"},{"predicate":{"custom_model_data":1451105,"pulling":1,"pull":0.9},"model":"3996ac82-b75e-4563-a23b-b3de06ceb947:4feb2eb3-b2fa-4794-80a3-5f53f38e5e01"},{"predicate":{"custom_model_data":1452104,"pulling":1,"pull":0.9},"model":"3996ac82-b75e-4563-a23b-b3de06ceb947:aa7800fb-cfca-43c3-9fed-94a58181c4ed"},{"predicate":{"custom_model_data":1452105,"pulling":1,"pull":0.9},"model":"3996ac82-b75e-4563-a23b-b3de06ceb947:e81ea108-4cba-46ce-bcd4-cbb1e67477d0"},{"predicate":{"custom_model_data":1453104,"pulling":1,"pull":0.9},"model":"3996ac82-b75e-4563-a23b-b3de06ceb947:0775396e-8d49-4ac0-90c2-3668a1b5d8c7"},{"predicate":{"custom_model_data":1453105,"pulling":1,"pull":0.9},"model":"3996ac82-b75e-4563-a23b-b3de06ceb947:7d91d7a1-64a0-4fff-9e02-78be6ce1880b"},{"predicate":{"custom_model_data":1454104,"pulling":1,"pull":0.9},"model":"3996ac82-b75e-4563-a23b-b3de06ceb947:94338d28-4035-4bac-9efe-5eef63d4228d"},{"predicate":{"custom_model_data":1454105,"pulling":1,"pull":0.9},"model":"3996ac82-b75e-4563-a23b-b3de06ceb947:e3ac3775-1d10-4ba0-8a96-748e60b9aa0d"}]}