{"parent":"item/generated","display":{"thirdperson_righthand":{"rotation":[-80.0,260.0,-40.0],"translation":[-1.0,-2.0,2.5],"scale":[0.9,0.9,0.9]},"thirdperson_lefthand":{"rotation":[-80.0,-280.0,40.0],"translation":[-1.0,-2.0,2.5],"scale":[0.9,0.9,0.9]},"firstperson_righthand":{"rotation":[0.0,-90.0,25.0],"translation":[1.13,3.2,1.13],"scale":[0.68,0.68,0.68]},"firstperson_lefthand":{"rotation":[0.0,90.0,-25.0],"translation":[1.13,3.2,1.13],"scale":[0.68,0.68,0.68]}},"textures":{"layer0":"item/bow"},"overrides":[{"predicate":{"pulling":1},"model":"item/bow_pulling_0"},{"predicate":{"pulling":1,"pull":0.65},"model":"item/bow_pulling_1"},{"predicate":{"pulling":1,"pull":0.9},"model":"item/bow_pulling_2"},{"predicate":{"custom_model_data":1450104},"model":"d1bd5627-bb7c-46a6-b42d-2d4aad20cad2:fb82c66a-32e4-4bd3-827c-58c832a32a56"},{"predicate":{"custom_model_data":1450104,"pulling":1},"model":"d1bd5627-bb7c-46a6-b42d-2d4aad20cad2:e7111c8a-9b03-4242-94df-9ca2fd51efd4"},{"predicate":{"custom_model_data":1450104,"pulling":1,"pull":0.65},"model":"d1bd5627-bb7c-46a6-b42d-2d4aad20cad2:ebdd118f-f8bd-4ad8-ab03-66fdb8dbc70c"},{"predicate":{"custom_model_data":1450104,"pulling":1,"pull":0.9},"model":"d1bd5627-bb7c-46a6-b42d-2d4aad20cad2:efd87b81-9ef3-4dde-8c57-25ec6d6e963b"},{"predicate":{"custom_model_data":1450105},"model":"d1bd5627-bb7c-46a6-b42d-2d4aad20cad2:16547c39-3f2c-47dc-967d-047dd2139838"},{"predicate":{"custom_model_data":1450105,"pulling":1},"model":"d1bd5627-bb7c-46a6-b42d-2d4aad20cad2:292416ef-70bc-48bf-86c0-f0e86db6576c"},{"predicate":{"custom_model_data":1450105,"pulling":1,"pull":0.65},"model":"d1bd5627-bb7c-46a6-b42d-2d4aad20cad2:9d34c707-89fe-4da2-b438-e09db57b40a6"},{"predicate":{"custom_model_data":1450105,"pulling":1,"pull":0.9},"model":"d1bd5627-bb7c-46a6-b42d-2d4aad20cad2:7bc52945-0a67-4c5a-a9ed-a7743b393ec2"},{"predicate":{"custom_model_data":1451104,"pulling":1,"pull":0.9},"model":"d1bd5627-bb7c-46a6-b42d-2d4aad20cad2:ac6241f6-e174-4654-89dc-f029aa2477ee"},{"predicate":{"custom_model_data":1451105,"pulling":1,"pull":0.9},"model":"d1bd5627-bb7c-46a6-b42d-2d4aad20cad2:dd2caa53-1ff5-4408-80f5-3cd99e922173"},{"predicate":{"custom_model_data":1452104,"pulling":1,"pull":0.9},"model":"d1bd5627-bb7c-46a6-b42d-2d4aad20cad2:c9a6dc88-719c-4d46-90e4-d7fc5ecd5d39"},{"predicate":{"custom_model_data":1452105,"pulling":1,"pull":0.9},"model":"d1bd5627-bb7c-46a6-b42d-2d4aad20cad2:a218560d-0fde-4b52-ab77-df18018f6c30"},{"predicate":{"custom_model_data":1453104,"pulling":1,"pull":0.9},"model":"d1bd5627-bb7c-46a6-b42d-2d4aad20cad2:ae92d918-0ec7-4d1e-ad9f-e621b3680c30"},{"predicate":{"custom_model_data":1453105,"pulling":1,"pull":0.9},"model":"d1bd5627-bb7c-46a6-b42d-2d4aad20cad2:61042aa6-2a1a-4770-a774-d4e2b71e31ab"},{"predicate":{"custom_model_data":1454104,"pulling":1,"pull":0.9},"model":"d1bd5627-bb7c-46a6-b42d-2d4aad20cad2:b3eba94f-f305-404e-8dfa-bbf973c12c86"},{"predicate":{"custom_model_data":1454105,"pulling":1,"pull":0.9},"model":"d1bd5627-bb7c-46a6-b42d-2d4aad20cad2:20ffcb7d-8326-4e30-97d8-224a5a0c6fe1"}]}