{"parent":"item/generated","display":{"thirdperson_righthand":{"rotation":[-90.0,0.0,-60.0],"translation":[2.0,0.1,-3.0],"scale":[0.9,0.9,0.9]},"thirdperson_lefthand":{"rotation":[-90.0,0.0,30.0],"translation":[2.0,0.1,-3.0],"scale":[0.9,0.9,0.9]},"firstperson_righthand":{"rotation":[-90.0,0.0,-55.0],"translation":[1.13,3.2,1.13],"scale":[0.68,0.68,0.68]},"firstperson_lefthand":{"rotation":[-90.0,0.0,35.0],"translation":[1.13,3.2,1.13],"scale":[0.68,0.68,0.68]}},"textures":{"layer0":"item/crossbow_standby"},"overrides":[{"predicate":{"pulling":1},"model":"item/crossbow_pulling_0"},{"predicate":{"pulling":1,"pull":0.58},"model":"item/crossbow_pulling_1"},{"predicate":{"pulling":1,"pull":1.0},"model":"item/crossbow_pulling_2"},{"predicate":{"charged":1},"model":"item/crossbow_arrow"},{"predicate":{"charged":1,"firework":1},"model":"item/crossbow_firework"},{"predicate":{"custom_model_data":1450100},"model":"3996ac82-b75e-4563-a23b-b3de06ceb947:edb147a4-b5e9-43e1-bbb8-b1a605a71375"},{"predicate":{"custom_model_data":1450100,"pulling":1},"model":"3996ac82-b75e-4563-a23b-b3de06ceb947:d768687e-e523-4824-a245-c778bce85b00"},{"predicate":{"custom_model_data":1450100,"pulling":1,"pull":0.58},"model":"3996ac82-b75e-4563-a23b-b3de06ceb947:69beaa80-150e-4b50-8bf5-5bb0f59bf146"},{"predicate":{"custom_model_data":1450100,"pulling":1,"pull":1.0},"model":"3996ac82-b75e-4563-a23b-b3de06ceb947:fe1dcfd2-ccbf-4518-9712-460b3e55e6df"},{"predicate":{"custom_model_data":1450100,"charged":1},"model":"3996ac82-b75e-4563-a23b-b3de06ceb947:010a45dc-961f-481e-9082-4bc36078a7e0"},{"predicate":{"custom_model_data":1450100,"charged":1,"firework":1},"model":"3996ac82-b75e-4563-a23b-b3de06ceb947:d517f63e-d341-4583-a0a0-9c4bf77aa680"},{"predicate":{"custom_model_data":1450101},"model":"3996ac82-b75e-4563-a23b-b3de06ceb947:78835db5-b0a2-4548-b20d-c12e517e5f7f"},{"predicate":{"custom_model_data":1450101,"pulling":1},"model":"3996ac82-b75e-4563-a23b-b3de06ceb947:916a6d25-fa5c-4315-a74e-1bf5616ba316"},{"predicate":{"custom_model_data":1450101,"pulling":1,"pull":0.58},"model":"3996ac82-b75e-4563-a23b-b3de06ceb947:7c7bb2c7-1daa-4a3d-a3da-76c08cda1a4a"},{"predicate":{"custom_model_data":1450101,"pulling":1,"pull":1.0},"model":"3996ac82-b75e-4563-a23b-b3de06ceb947:ee43378a-4a56-495a-a85b-ccd6d9a1e4f6"},{"predicate":{"custom_model_data":1450101,"charged":1},"model":"3996ac82-b75e-4563-a23b-b3de06ceb947:24a150ed-bbc9-4868-b6f7-dacb4eefa645"},{"predicate":{"custom_model_data":1450101,"charged":1,"firework":1},"model":"3996ac82-b75e-4563-a23b-b3de06ceb947:83f5600c-419e-4cda-b705-cb2b7e5e621b"},{"predicate":{"custom_model_data":1450102},"model":"3996ac82-b75e-4563-a23b-b3de06ceb947:ae086c90-27fe-4956-9af8-9e4501ff197f"},{"predicate":{"custom_model_data":1450102,"pulling":1},"model":"3996ac82-b75e-4563-a23b-b3de06ceb947:e61831e9-f7c8-4b51-b9f1-cbce424b3c32"},{"predicate":{"custom_model_data":1450102,"pulling":1,"pull":0.58},"model":"3996ac82-b75e-4563-a23b-b3de06ceb947:b26c0ebd-3748-46de-b808-3f645240c4ba"},{"predicate":{"custom_model_data":1450102,"pulling":1,"pull":1.0},"model":"3996ac82-b75e-4563-a23b-b3de06ceb947:4920e8b3-d5bc-49c3-b69b-753c3bd64a85"},{"predicate":{"custom_model_data":1450102,"charged":1},"model":"3996ac82-b75e-4563-a23b-b3de06ceb947:7fcef7dd-a603-4ccb-9cb1-291a3fbe85b8"},{"predicate":{"custom_model_data":1450102,"charged":1,"firework":1},"model":"3996ac82-b75e-4563-a23b-b3de06ceb947:4900118a-a3df-4676-a011-a43e897f258e"},{"predicate":{"custom_model_data":1450103},"model":"3996ac82-b75e-4563-a23b-b3de06ceb947:e024416f-6e85-4402-819b-4f62908a567c"},{"predicate":{"custom_model_data":1450103,"pulling":1},"model":"3996ac82-b75e-4563-a23b-b3de06ceb947:d43ea458-d479-4b75-a011-d14b30628b73"},{"predicate":{"custom_model_data":1450103,"pulling":1,"pull":0.58},"model":"3996ac82-b75e-4563-a23b-b3de06ceb947:9dd184a6-2f62-4ad4-b3c5-568dd70e329d"},{"predicate":{"custom_model_data":1450103,"pulling":1,"pull":1.0},"model":"3996ac82-b75e-4563-a23b-b3de06ceb947:fd95be4d-e1df-4167-8e6e-c1074aaa9c87"},{"predicate":{"custom_model_data":1450103,"charged":1},"model":"3996ac82-b75e-4563-a23b-b3de06ceb947:0d5954ed-256b-4fd3-8e3d-2b67b65d55fc"},{"predicate":{"custom_model_data":1450103,"charged":1,"firework":1},"model":"3996ac82-b75e-4563-a23b-b3de06ceb947:73fc3d8c-f616-42a2-8306-62683f3b3405"}]}