{"parent":"item/generated","display":{"thirdperson_righthand":{"rotation":[-90.0,0.0,-60.0],"translation":[2.0,0.1,-3.0],"scale":[0.9,0.9,0.9]},"thirdperson_lefthand":{"rotation":[-90.0,0.0,30.0],"translation":[2.0,0.1,-3.0],"scale":[0.9,0.9,0.9]},"firstperson_righthand":{"rotation":[-90.0,0.0,-55.0],"translation":[1.13,3.2,1.13],"scale":[0.68,0.68,0.68]},"firstperson_lefthand":{"rotation":[-90.0,0.0,35.0],"translation":[1.13,3.2,1.13],"scale":[0.68,0.68,0.68]}},"textures":{"layer0":"item/crossbow_standby"},"overrides":[{"predicate":{"pulling":1},"model":"item/crossbow_pulling_0"},{"predicate":{"pulling":1,"pull":0.58},"model":"item/crossbow_pulling_1"},{"predicate":{"pulling":1,"pull":1.0},"model":"item/crossbow_pulling_2"},{"predicate":{"charged":1},"model":"item/crossbow_arrow"},{"predicate":{"charged":1,"firework":1},"model":"item/crossbow_firework"},{"predicate":{"custom_model_data":1450100},"model":"d1bd5627-bb7c-46a6-b42d-2d4aad20cad2:52ffe6f7-b22e-411b-8fe2-8bbd441f490c"},{"predicate":{"custom_model_data":1450100,"pulling":1},"model":"d1bd5627-bb7c-46a6-b42d-2d4aad20cad2:15826832-42e2-48f8-978b-2b6a4ed216a5"},{"predicate":{"custom_model_data":1450100,"pulling":1,"pull":0.58},"model":"d1bd5627-bb7c-46a6-b42d-2d4aad20cad2:0782a929-99e1-4898-b5f9-bbf87edd8016"},{"predicate":{"custom_model_data":1450100,"pulling":1,"pull":1.0},"model":"d1bd5627-bb7c-46a6-b42d-2d4aad20cad2:fb6ba28b-3908-4594-91b4-38cfb6d8ac05"},{"predicate":{"custom_model_data":1450100,"charged":1},"model":"d1bd5627-bb7c-46a6-b42d-2d4aad20cad2:ca44c812-d1a4-40f7-ab99-9450871a84ff"},{"predicate":{"custom_model_data":1450100,"charged":1,"firework":1},"model":"d1bd5627-bb7c-46a6-b42d-2d4aad20cad2:a4f71f5a-2648-4b90-9dc4-f8f5ff2c8d4f"},{"predicate":{"custom_model_data":1450101},"model":"d1bd5627-bb7c-46a6-b42d-2d4aad20cad2:eeb9bc46-e2ae-47f1-a05c-291c0b2f1348"},{"predicate":{"custom_model_data":1450101,"pulling":1},"model":"d1bd5627-bb7c-46a6-b42d-2d4aad20cad2:e5d7efa6-bb7b-4922-90cd-b337807b2112"},{"predicate":{"custom_model_data":1450101,"pulling":1,"pull":0.58},"model":"d1bd5627-bb7c-46a6-b42d-2d4aad20cad2:ff5f54de-66bf-4c20-a4ef-e8f456b84548"},{"predicate":{"custom_model_data":1450101,"pulling":1,"pull":1.0},"model":"d1bd5627-bb7c-46a6-b42d-2d4aad20cad2:a2f46180-cef0-43b4-a352-469e19ec2765"},{"predicate":{"custom_model_data":1450101,"charged":1},"model":"d1bd5627-bb7c-46a6-b42d-2d4aad20cad2:454036c9-7076-47aa-a8b1-682e61e11b05"},{"predicate":{"custom_model_data":1450101,"charged":1,"firework":1},"model":"d1bd5627-bb7c-46a6-b42d-2d4aad20cad2:44334f97-f3e3-4312-9b05-ef7b02af2907"},{"predicate":{"custom_model_data":1450102},"model":"d1bd5627-bb7c-46a6-b42d-2d4aad20cad2:1bfcecbc-7283-46b5-9c71-41004dbeb239"},{"predicate":{"custom_model_data":1450102,"pulling":1},"model":"d1bd5627-bb7c-46a6-b42d-2d4aad20cad2:055bc8cb-e3af-44c4-b984-55a13336fe48"},{"predicate":{"custom_model_data":1450102,"pulling":1,"pull":0.58},"model":"d1bd5627-bb7c-46a6-b42d-2d4aad20cad2:b2c86a17-187e-487c-9d28-5f250e1c95bf"},{"predicate":{"custom_model_data":1450102,"pulling":1,"pull":1.0},"model":"d1bd5627-bb7c-46a6-b42d-2d4aad20cad2:431e4bd5-6ecb-497f-8261-7fea0d0d27f5"},{"predicate":{"custom_model_data":1450102,"charged":1},"model":"d1bd5627-bb7c-46a6-b42d-2d4aad20cad2:bd32e799-0751-4db3-9765-98fde08534ee"},{"predicate":{"custom_model_data":1450102,"charged":1,"firework":1},"model":"d1bd5627-bb7c-46a6-b42d-2d4aad20cad2:cf8d0cf4-53b9-4251-bcc2-98e587a131c6"},{"predicate":{"custom_model_data":1450103},"model":"d1bd5627-bb7c-46a6-b42d-2d4aad20cad2:0e82deb3-8e33-4421-8d30-f071869ba261"},{"predicate":{"custom_model_data":1450103,"pulling":1},"model":"d1bd5627-bb7c-46a6-b42d-2d4aad20cad2:638dadb2-85c8-480e-8cf6-319bc30bf808"},{"predicate":{"custom_model_data":1450103,"pulling":1,"pull":0.58},"model":"d1bd5627-bb7c-46a6-b42d-2d4aad20cad2:71925cd6-87a2-48a7-8156-32ea92c2af5e"},{"predicate":{"custom_model_data":1450103,"pulling":1,"pull":1.0},"model":"d1bd5627-bb7c-46a6-b42d-2d4aad20cad2:13c2ec6e-51d7-446a-bd17-05291b61941a"},{"predicate":{"custom_model_data":1450103,"charged":1},"model":"d1bd5627-bb7c-46a6-b42d-2d4aad20cad2:f766ea65-851c-45b8-8a67-75e0312cdbe4"},{"predicate":{"custom_model_data":1450103,"charged":1,"firework":1},"model":"d1bd5627-bb7c-46a6-b42d-2d4aad20cad2:d21328d5-1c81-43b1-8adf-1caaf48ffc04"}]}