{"parent":"item/generated","textures":{"layer0":"item/leather_horse_armor"},"overrides":[{"predicate":{"custom_model_data":1000},"model":"61af1cb3-6f1e-42e0-8645-6e50db405345:a0a6ec23-9c27-4a3e-9efe-6b822c17a174"},{"predicate":{"custom_model_data":1001},"model":"61af1cb3-6f1e-42e0-8645-6e50db405345:8959200a-f21f-481a-9508-7f9fe18c0063"},{"predicate":{"custom_model_data":1002},"model":"61af1cb3-6f1e-42e0-8645-6e50db405345:284b784b-0adf-4ad8-ae1c-a41f53a6d87c"},{"predicate":{"custom_model_data":1003},"model":"61af1cb3-6f1e-42e0-8645-6e50db405345:9a5cf351-2eb5-4233-ba33-892ffb229a68"}]}