{"parent":"item/generated","textures":{"layer0":"item/leather_horse_armor"},"overrides":[{"predicate":{"custom_model_data":1000},"model":"abcd37ac-04d0-4c2c-9269-3490fb32be68:c502a3a0-91b7-4c75-aef6-e3597d432561"},{"predicate":{"custom_model_data":1001},"model":"abcd37ac-04d0-4c2c-9269-3490fb32be68:94cacb01-7d0b-4717-aa1a-0ae8205668f6"},{"predicate":{"custom_model_data":1002},"model":"abcd37ac-04d0-4c2c-9269-3490fb32be68:44b17c7f-2b02-41ca-9ddc-73b689db7a42"},{"predicate":{"custom_model_data":1003},"model":"abcd37ac-04d0-4c2c-9269-3490fb32be68:7cfaa913-0376-455f-b9c9-43a4676ab5be"}]}