{"parent":"item/handheld","textures":{"layer0":"item/netherite_sword"},"overrides":[{"predicate":{"custom_model_data":1001},"model":"61af1cb3-6f1e-42e0-8645-6e50db405345:b0e77028-adcf-4904-ad93-812650a9059a"},{"predicate":{"custom_model_data":1450000},"model":"3996ac82-b75e-4563-a23b-b3de06ceb947:82755883-430a-42c8-b5d4-856e7bc1935b"},{"predicate":{"custom_model_data":1450001},"model":"3996ac82-b75e-4563-a23b-b3de06ceb947:39bff51a-3d57-4282-a5f4-199ef7c069c9"},{"predicate":{"custom_model_data":1450003},"model":"3996ac82-b75e-4563-a23b-b3de06ceb947:9c28399c-441f-438c-bc1d-e220bb6c826e"},{"predicate":{"custom_model_data":1450004},"model":"3996ac82-b75e-4563-a23b-b3de06ceb947:0fd7a079-2682-437b-9bb0-7749419674e9"},{"predicate":{"custom_model_data":1450005},"model":"3996ac82-b75e-4563-a23b-b3de06ceb947:1d997fd9-7e72-42cb-95ba-12f3109e4d3d"}]}