{"parent":"item/handheld","textures":{"layer0":"item/netherite_sword"},"overrides":[{"predicate":{"custom_model_data":1001},"model":"abcd37ac-04d0-4c2c-9269-3490fb32be68:265bcdfa-e6db-4346-902b-950734f14c19"},{"predicate":{"custom_model_data":1450000},"model":"d1bd5627-bb7c-46a6-b42d-2d4aad20cad2:68433e92-e2f5-4bbd-b0c2-2bb73431ebcc"},{"predicate":{"custom_model_data":1450001},"model":"d1bd5627-bb7c-46a6-b42d-2d4aad20cad2:80cf10c9-64a1-47a2-b249-27e4dc7ae7ec"},{"predicate":{"custom_model_data":1450003},"model":"d1bd5627-bb7c-46a6-b42d-2d4aad20cad2:e9b48b0f-b675-4b03-aa1c-6ae7267763b0"},{"predicate":{"custom_model_data":1450004},"model":"d1bd5627-bb7c-46a6-b42d-2d4aad20cad2:b13e7083-406b-4f34-a06d-92f850dab95c"},{"predicate":{"custom_model_data":1450005},"model":"d1bd5627-bb7c-46a6-b42d-2d4aad20cad2:4816c7f1-8093-4cbc-84e5-403e8145b6d0"}]}