{"parent":"item/generated","textures":{"layer0":"item/paper"},"overrides":[{"predicate":{"custom_model_data":1000},"model":"abcd37ac-04d0-4c2c-9269-3490fb32be68:74387a09-dac1-4168-9964-6da3a18ef6f8"},{"predicate":{"custom_model_data":1001},"model":"abcd37ac-04d0-4c2c-9269-3490fb32be68:11110c8a-924b-4e22-b6bc-e8fa530856d6"},{"predicate":{"custom_model_data":1002},"model":"abcd37ac-04d0-4c2c-9269-3490fb32be68:d94e1df8-0309-41d9-bc5f-74ca24184612"},{"predicate":{"custom_model_data":1003},"model":"abcd37ac-04d0-4c2c-9269-3490fb32be68:8dd7a73b-8e74-440a-8b05-399b91975fa4"},{"predicate":{"custom_model_data":1004},"model":"abcd37ac-04d0-4c2c-9269-3490fb32be68:30bc0e0b-5470-4abb-9eec-0999b9590ad8"},{"predicate":{"custom_model_data":1005},"model":"abcd37ac-04d0-4c2c-9269-3490fb32be68:0cd8f48b-13d0-4e42-b26d-049e993e2972"},{"predicate":{"custom_model_data":1006},"model":"bcadbfae-ea80-4099-8a72-4d12fa5220f8:63c5e337-2b15-4684-b1be-7dc1aa835a1a"},{"predicate":{"custom_model_data":1007},"model":"bcadbfae-ea80-4099-8a72-4d12fa5220f8:8127f1a0-3ad6-4019-8c09-40df549af1ba"},{"predicate":{"custom_model_data":1008},"model":"bcadbfae-ea80-4099-8a72-4d12fa5220f8:6540b7b5-7cba-4415-b4ff-ce4bf079601b"},{"predicate":{"custom_model_data":1009},"model":"e6ae7d5c-9286-49ff-a255-6ef3d02d8e2a:fff5a93a-b9a8-4125-baf1-38e810848753"},{"predicate":{"custom_model_data":1010},"model":"e6ae7d5c-9286-49ff-a255-6ef3d02d8e2a:98e9d9b2-1b88-40b1-b904-2ea189010581"},{"predicate":{"custom_model_data":1011},"model":"e6ae7d5c-9286-49ff-a255-6ef3d02d8e2a:ab3b102c-65a1-4936-a4cb-3c4687bc24c0"},{"predicate":{"custom_model_data":1012},"model":"e6ae7d5c-9286-49ff-a255-6ef3d02d8e2a:237e1961-bef4-470e-82da-f0cba50e4c72"},{"predicate":{"custom_model_data":1013},"model":"bcadbfae-ea80-4099-8a72-4d12fa5220f8:79a8f537-a2d6-4b59-a9c9-e5dccf0afb8b"},{"predicate":{"custom_model_data":1014},"model":"bcadbfae-ea80-4099-8a72-4d12fa5220f8:c724bc65-7743-4aae-8819-c863e462c5e7"},{"predicate":{"custom_model_data":1015},"model":"bcadbfae-ea80-4099-8a72-4d12fa5220f8:4c39bd26-a97e-4d6d-8794-75d95a9b809f"},{"predicate":{"custom_model_data":1016},"model":"e6ae7d5c-9286-49ff-a255-6ef3d02d8e2a:03a164ee-addd-4d2d-aded-ff9257811be9"},{"predicate":{"custom_model_data":1017},"model":"e6ae7d5c-9286-49ff-a255-6ef3d02d8e2a:549747d1-a7c1-42f6-8022-dba8d0558e12"},{"predicate":{"custom_model_data":1018},"model":"e6ae7d5c-9286-49ff-a255-6ef3d02d8e2a:9278c82d-6112-4dcd-817f-5ca4883d865c"},{"predicate":{"custom_model_data":1019},"model":"e6ae7d5c-9286-49ff-a255-6ef3d02d8e2a:4a453882-4104-4dd1-a351-e5fba0c7f37d"},{"predicate":{"custom_model_data":1020},"model":"e6ae7d5c-9286-49ff-a255-6ef3d02d8e2a:d038564d-aaff-4ecb-96d0-8d8a585fdfab"},{"predicate":{"custom_model_data":1021},"model":"e6ae7d5c-9286-49ff-a255-6ef3d02d8e2a:764c01d4-518d-4850-acc7-d39a515a1071"},{"predicate":{"custom_model_data":1022},"model":"e6ae7d5c-9286-49ff-a255-6ef3d02d8e2a:ae69993a-9248-4d19-b6a4-c5a248455125"},{"predicate":{"custom_model_data":1023},"model":"e6ae7d5c-9286-49ff-a255-6ef3d02d8e2a:eba86a8d-5b13-4bae-9281-712953088628"},{"predicate":{"custom_model_data":1024},"model":"e6ae7d5c-9286-49ff-a255-6ef3d02d8e2a:49011ce6-85c1-40cb-ba80-11c67de937cc"},{"predicate":{"custom_model_data":1025},"model":"e6ae7d5c-9286-49ff-a255-6ef3d02d8e2a:fadb1192-b544-48e2-89d4-1aea8d144090"},{"predicate":{"custom_model_data":1026},"model":"e6ae7d5c-9286-49ff-a255-6ef3d02d8e2a:633d67c8-470b-40f4-8c34-e84adde3ba62"},{"predicate":{"custom_model_data":1027},"model":"e6ae7d5c-9286-49ff-a255-6ef3d02d8e2a:ccc97c4b-cf99-4ec7-873b-ade98f79083e"},{"predicate":{"custom_model_data":1028},"model":"e6ae7d5c-9286-49ff-a255-6ef3d02d8e2a:6bae07d9-7ab0-4b86-9051-b4eef18f3e76"},{"predicate":{"custom_model_data":1029},"model":"e6ae7d5c-9286-49ff-a255-6ef3d02d8e2a:7aff3dec-8bca-4b8d-9f21-49c967b0f2c2"},{"predicate":{"custom_model_data":1030},"model":"e6ae7d5c-9286-49ff-a255-6ef3d02d8e2a:3fe6fb87-5d33-4401-b117-d47df13ee17b"},{"predicate":{"custom_model_data":1031},"model":"e6ae7d5c-9286-49ff-a255-6ef3d02d8e2a:11794261-8cfe-4ba2-b38a-feec2269f1da"},{"predicate":{"custom_model_data":1032},"model":"e6ae7d5c-9286-49ff-a255-6ef3d02d8e2a:fb04b6e5-3c3e-4ead-bfd7-0edc855f2dac"},{"predicate":{"custom_model_data":1033},"model":"e6ae7d5c-9286-49ff-a255-6ef3d02d8e2a:898acc06-47df-4098-99c6-96be21032843"},{"predicate":{"custom_model_data":1034},"model":"e6ae7d5c-9286-49ff-a255-6ef3d02d8e2a:25d50d68-5e67-483c-87b7-895a0217d4b2"},{"predicate":{"custom_model_data":1035},"model":"e6ae7d5c-9286-49ff-a255-6ef3d02d8e2a:1e51b12e-458c-4cd9-9e1d-8e510b249a05"},{"predicate":{"custom_model_data":1036},"model":"e6ae7d5c-9286-49ff-a255-6ef3d02d8e2a:ac4382a4-7769-46bb-9650-297a3e91719b"},{"predicate":{"custom_model_data":1037},"model":"e6ae7d5c-9286-49ff-a255-6ef3d02d8e2a:a3c810b5-f25b-4b16-a55d-7575f0f6b23d"},{"predicate":{"custom_model_data":1038},"model":"e6ae7d5c-9286-49ff-a255-6ef3d02d8e2a:582bff42-d0b1-490f-b322-6f0ad89114a3"},{"predicate":{"custom_model_data":1039},"model":"e6ae7d5c-9286-49ff-a255-6ef3d02d8e2a:c68edf98-d74f-47b1-9a1e-e044f385bb1c"},{"predicate":{"custom_model_data":1040},"model":"bcadbfae-ea80-4099-8a72-4d12fa5220f8:759130be-3fc0-44fc-90aa-39dc624f1df8"},{"predicate":{"custom_model_data":1041},"model":"bcadbfae-ea80-4099-8a72-4d12fa5220f8:6b0d468b-7bd0-450b-940f-3e1d89c4b090"},{"predicate":{"custom_model_data":1042},"model":"bcadbfae-ea80-4099-8a72-4d12fa5220f8:0274a16a-dc08-4c7f-aa46-407db121d34d"},{"predicate":{"custom_model_data":1043},"model":"bcadbfae-ea80-4099-8a72-4d12fa5220f8:40f19bca-c4be-4c55-aaba-81c1d67ca533"},{"predicate":{"custom_model_data":1044},"model":"bcadbfae-ea80-4099-8a72-4d12fa5220f8:8ddf9f1b-1d3a-4b28-b7b3-64ed47b662c1"},{"predicate":{"custom_model_data":1045},"model":"bcadbfae-ea80-4099-8a72-4d12fa5220f8:754d8b21-bda7-412f-9770-6137d6346244"},{"predicate":{"custom_model_data":1046},"model":"bcadbfae-ea80-4099-8a72-4d12fa5220f8:365cc448-8e02-4581-b114-8ed9a1e70a8c"},{"predicate":{"custom_model_data":1047},"model":"bcadbfae-ea80-4099-8a72-4d12fa5220f8:a1b6c18e-1f18-4dc3-961a-e6e0d0b4db06"},{"predicate":{"custom_model_data":1048},"model":"bcadbfae-ea80-4099-8a72-4d12fa5220f8:6da316a3-7ddf-46ce-b3e6-41691353cb58"},{"predicate":{"custom_model_data":1049},"model":"bcadbfae-ea80-4099-8a72-4d12fa5220f8:318ad80c-244e-4f77-98ca-11c99bd47f17"},{"predicate":{"custom_model_data":1050},"model":"bcadbfae-ea80-4099-8a72-4d12fa5220f8:635db698-8d92-47ec-86a3-a0639cabb082"},{"predicate":{"custom_model_data":1051},"model":"bcadbfae-ea80-4099-8a72-4d12fa5220f8:42d6cc74-5131-4876-b774-b9dd5281e868"},{"predicate":{"custom_model_data":1052},"model":"bcadbfae-ea80-4099-8a72-4d12fa5220f8:d561e490-234a-434c-99e9-c20071e11ddd"},{"predicate":{"custom_model_data":1053},"model":"bcadbfae-ea80-4099-8a72-4d12fa5220f8:9c890a73-f049-4b3b-81bd-ff5cc908493b"},{"predicate":{"custom_model_data":1054},"model":"bcadbfae-ea80-4099-8a72-4d12fa5220f8:64984056-6367-48fa-b61a-b37b83a7d106"},{"predicate":{"custom_model_data":1055},"model":"bcadbfae-ea80-4099-8a72-4d12fa5220f8:1d747766-156b-4710-9b0b-9168cbd2292c"},{"predicate":{"custom_model_data":1056},"model":"bcadbfae-ea80-4099-8a72-4d12fa5220f8:f5ef913c-11be-48ab-acee-24d34de48765"},{"predicate":{"custom_model_data":1057},"model":"bcadbfae-ea80-4099-8a72-4d12fa5220f8:e31dcc72-0970-40d6-9c72-5fc443198064"},{"predicate":{"custom_model_data":1058},"model":"bcadbfae-ea80-4099-8a72-4d12fa5220f8:8a58110c-bc20-441c-85e4-c280926c5408"},{"predicate":{"custom_model_data":1059},"model":"bcadbfae-ea80-4099-8a72-4d12fa5220f8:d402228b-a3d4-407f-9621-2c4ac3b63bc3"},{"predicate":{"custom_model_data":1060},"model":"bcadbfae-ea80-4099-8a72-4d12fa5220f8:58baa107-224c-4e8b-9b8d-6b94f0a696b6"},{"predicate":{"custom_model_data":1061},"model":"bcadbfae-ea80-4099-8a72-4d12fa5220f8:b98b2b1e-b7f7-4255-82ad-f4aed5453664"},{"predicate":{"custom_model_data":1062},"model":"bcadbfae-ea80-4099-8a72-4d12fa5220f8:e3760f13-b5af-4041-9729-0b77b7364ddd"},{"predicate":{"custom_model_data":1063},"model":"bcadbfae-ea80-4099-8a72-4d12fa5220f8:1f7a254a-34aa-4447-8d2f-e95e47c1d405"},{"predicate":{"custom_model_data":1064},"model":"bcadbfae-ea80-4099-8a72-4d12fa5220f8:e51f3607-1061-41b2-bb32-bb07d16db7ae"},{"predicate":{"custom_model_data":1065},"model":"bcadbfae-ea80-4099-8a72-4d12fa5220f8:07454162-3712-4667-8179-d51be90422a3"},{"predicate":{"custom_model_data":1066},"model":"bcadbfae-ea80-4099-8a72-4d12fa5220f8:7e05832c-4bb8-44aa-a49a-89adafcea03c"},{"predicate":{"custom_model_data":1067},"model":"e6ae7d5c-9286-49ff-a255-6ef3d02d8e2a:ebebabcb-2333-45b8-9241-4e0c819bc76c"},{"predicate":{"custom_model_data":1068},"model":"e6ae7d5c-9286-49ff-a255-6ef3d02d8e2a:4cc99d3c-e4df-417f-af81-21651dcb88cc"},{"predicate":{"custom_model_data":1069},"model":"bcadbfae-ea80-4099-8a72-4d12fa5220f8:ec9d6585-a781-4b22-b0c7-a63d54952dd1"},{"predicate":{"custom_model_data":1070},"model":"bcadbfae-ea80-4099-8a72-4d12fa5220f8:06bdbb08-d901-44cc-9c97-0059cfe04b80"},{"predicate":{"custom_model_data":1071},"model":"e6ae7d5c-9286-49ff-a255-6ef3d02d8e2a:6f85316b-9d8c-460d-8f12-b9da3a29b20f"},{"predicate":{"custom_model_data":1072},"model":"e6ae7d5c-9286-49ff-a255-6ef3d02d8e2a:9cf0339f-7c8f-471e-8c8a-b5221d7a61f5"},{"predicate":{"custom_model_data":1073},"model":"e6ae7d5c-9286-49ff-a255-6ef3d02d8e2a:44a3f89c-c280-442a-84bf-8f5fafce1544"},{"predicate":{"custom_model_data":1074},"model":"e6ae7d5c-9286-49ff-a255-6ef3d02d8e2a:0eb9d363-c287-4131-8a0c-b8987959660b"},{"predicate":{"custom_model_data":1075},"model":"e6ae7d5c-9286-49ff-a255-6ef3d02d8e2a:53c049bd-7293-40d0-92ae-818a0e019f4a"},{"predicate":{"custom_model_data":1076},"model":"e6ae7d5c-9286-49ff-a255-6ef3d02d8e2a:5f4cf287-c240-4f9f-9708-48bb7e0874c2"},{"predicate":{"custom_model_data":1077},"model":"e6ae7d5c-9286-49ff-a255-6ef3d02d8e2a:97dae0e7-8aec-4763-aa25-76f6805d5582"},{"predicate":{"custom_model_data":1078},"model":"e6ae7d5c-9286-49ff-a255-6ef3d02d8e2a:d0709d31-ff00-4d18-a207-88ca6d6cf3d0"},{"predicate":{"custom_model_data":1079},"model":"e6ae7d5c-9286-49ff-a255-6ef3d02d8e2a:3adfab96-fd88-4545-b1b6-8bf61b8ad9bc"},{"predicate":{"custom_model_data":1080},"model":"e6ae7d5c-9286-49ff-a255-6ef3d02d8e2a:fc1c4cf5-26f9-4741-a6c0-db6aadc49acf"},{"predicate":{"custom_model_data":1081},"model":"e6ae7d5c-9286-49ff-a255-6ef3d02d8e2a:9d51f7e7-eda8-4054-9006-295a048515a9"},{"predicate":{"custom_model_data":1082},"model":"e6ae7d5c-9286-49ff-a255-6ef3d02d8e2a:a6b41f13-7480-42b1-834b-76445222c7e4"},{"predicate":{"custom_model_data":1083},"model":"e6ae7d5c-9286-49ff-a255-6ef3d02d8e2a:bb205685-ff37-4273-9609-2b9faf27b2ff"},{"predicate":{"custom_model_data":1084},"model":"e6ae7d5c-9286-49ff-a255-6ef3d02d8e2a:e99e245b-6916-4e1a-8329-b3267dca1ad5"},{"predicate":{"custom_model_data":1085},"model":"e6ae7d5c-9286-49ff-a255-6ef3d02d8e2a:3ada20fb-c4f4-48b9-b0d1-4ec6a8e834b4"},{"predicate":{"custom_model_data":1086},"model":"e6ae7d5c-9286-49ff-a255-6ef3d02d8e2a:0f88532c-6aeb-4542-8481-3afd1736adef"},{"predicate":{"custom_model_data":1087},"model":"e6ae7d5c-9286-49ff-a255-6ef3d02d8e2a:a36850b7-09d7-4e6f-a702-9012a5e6b964"},{"predicate":{"custom_model_data":1088},"model":"e6ae7d5c-9286-49ff-a255-6ef3d02d8e2a:48d6c3e5-17fb-4226-ba70-53d467db9ed3"}]}