{"parent":"item/generated","textures":{"layer0":"item/paper"},"overrides":[{"predicate":{"custom_model_data":1000},"model":"61af1cb3-6f1e-42e0-8645-6e50db405345:962c8573-10c7-481b-935f-0cee9b7f4fa8"},{"predicate":{"custom_model_data":1001},"model":"61af1cb3-6f1e-42e0-8645-6e50db405345:b0c249a4-e597-481e-b046-85ddb6685534"},{"predicate":{"custom_model_data":1002},"model":"61af1cb3-6f1e-42e0-8645-6e50db405345:b64d44ec-9570-4bb8-b2d1-99b3b66d3e85"},{"predicate":{"custom_model_data":1003},"model":"61af1cb3-6f1e-42e0-8645-6e50db405345:fefddc42-c393-4d13-928f-6eb0c7f24a43"},{"predicate":{"custom_model_data":1004},"model":"61af1cb3-6f1e-42e0-8645-6e50db405345:a9378746-ff17-4b78-a668-d05e1ed4ae82"},{"predicate":{"custom_model_data":1005},"model":"61af1cb3-6f1e-42e0-8645-6e50db405345:5c8963d2-561c-4d84-9954-5b9df3a57afc"},{"predicate":{"custom_model_data":1006},"model":"dad88030-02e3-450c-864e-d3cea524b91a:fa439a33-fa44-4472-ba2d-9e7b8b935faa"},{"predicate":{"custom_model_data":1007},"model":"dad88030-02e3-450c-864e-d3cea524b91a:4296b488-fac1-4d8d-b13d-ba517936c870"},{"predicate":{"custom_model_data":1008},"model":"dad88030-02e3-450c-864e-d3cea524b91a:74ecde48-4c3b-4ae3-b565-c54a2c542108"},{"predicate":{"custom_model_data":1009},"model":"a14f9ea9-dc90-4f4c-a0de-24e46486d6ca:8c049478-7099-432a-a803-a3a92dbb36ad"},{"predicate":{"custom_model_data":1010},"model":"a14f9ea9-dc90-4f4c-a0de-24e46486d6ca:77cf6755-fc18-4820-b64e-1afc0c434baa"},{"predicate":{"custom_model_data":1011},"model":"a14f9ea9-dc90-4f4c-a0de-24e46486d6ca:895b0bf5-c5aa-4cd6-916f-63070fb92fc1"},{"predicate":{"custom_model_data":1012},"model":"a14f9ea9-dc90-4f4c-a0de-24e46486d6ca:60145af0-ba5a-4d09-9d0c-f98eb01ab5ee"},{"predicate":{"custom_model_data":1013},"model":"dad88030-02e3-450c-864e-d3cea524b91a:97aa1572-b0f0-45e1-ae2c-6e2a0532b92d"},{"predicate":{"custom_model_data":1014},"model":"dad88030-02e3-450c-864e-d3cea524b91a:4c783e01-ed0f-4da6-b83c-3c5084d775fe"},{"predicate":{"custom_model_data":1015},"model":"dad88030-02e3-450c-864e-d3cea524b91a:7068388a-7b21-4eb8-8907-af1dd47dfba1"},{"predicate":{"custom_model_data":1016},"model":"a14f9ea9-dc90-4f4c-a0de-24e46486d6ca:4093e597-441b-486f-a41a-d5cfe67312db"},{"predicate":{"custom_model_data":1017},"model":"a14f9ea9-dc90-4f4c-a0de-24e46486d6ca:1cbed65a-c7e5-4cfa-b540-6545dda12074"},{"predicate":{"custom_model_data":1018},"model":"a14f9ea9-dc90-4f4c-a0de-24e46486d6ca:1074edb7-61f2-4a91-bee1-dca936c7ea8a"},{"predicate":{"custom_model_data":1019},"model":"a14f9ea9-dc90-4f4c-a0de-24e46486d6ca:08331163-96eb-4f60-8c03-0af99c24769d"},{"predicate":{"custom_model_data":1020},"model":"a14f9ea9-dc90-4f4c-a0de-24e46486d6ca:5eb86f1c-ddb6-40fe-8889-d81283d076ca"},{"predicate":{"custom_model_data":1021},"model":"a14f9ea9-dc90-4f4c-a0de-24e46486d6ca:37fce263-3422-49f9-96e4-b1bbf8b1c977"},{"predicate":{"custom_model_data":1022},"model":"a14f9ea9-dc90-4f4c-a0de-24e46486d6ca:90ce6ca1-13f6-49b0-81b5-5467ba0887d3"},{"predicate":{"custom_model_data":1023},"model":"a14f9ea9-dc90-4f4c-a0de-24e46486d6ca:9cdd3727-adb2-41ec-8442-b94b848c4a54"},{"predicate":{"custom_model_data":1024},"model":"a14f9ea9-dc90-4f4c-a0de-24e46486d6ca:e8e1ded8-fa73-428d-b127-ae25f371ed78"},{"predicate":{"custom_model_data":1025},"model":"a14f9ea9-dc90-4f4c-a0de-24e46486d6ca:93c247c7-0935-43de-93f0-cf369cb3a8cc"},{"predicate":{"custom_model_data":1026},"model":"a14f9ea9-dc90-4f4c-a0de-24e46486d6ca:0739547e-1f8e-4326-8632-b6ae34a71b61"},{"predicate":{"custom_model_data":1027},"model":"a14f9ea9-dc90-4f4c-a0de-24e46486d6ca:6e98f05d-15ef-4b28-9d13-afd308170748"},{"predicate":{"custom_model_data":1028},"model":"a14f9ea9-dc90-4f4c-a0de-24e46486d6ca:abb6e23d-4402-4220-b1a9-f72766ec1cc2"},{"predicate":{"custom_model_data":1029},"model":"a14f9ea9-dc90-4f4c-a0de-24e46486d6ca:cae27fd6-3c1f-47b0-974a-086e47bb96de"},{"predicate":{"custom_model_data":1030},"model":"a14f9ea9-dc90-4f4c-a0de-24e46486d6ca:0768d07c-80e5-4f85-91ac-c6f05f936dc9"},{"predicate":{"custom_model_data":1031},"model":"a14f9ea9-dc90-4f4c-a0de-24e46486d6ca:3c72fc9f-3308-4dd5-becc-01cdb352184c"},{"predicate":{"custom_model_data":1032},"model":"a14f9ea9-dc90-4f4c-a0de-24e46486d6ca:114a8bc4-2db5-498c-9e94-42c564ad72f5"},{"predicate":{"custom_model_data":1033},"model":"a14f9ea9-dc90-4f4c-a0de-24e46486d6ca:50734d9f-e548-45de-8969-6edaecea0fe2"},{"predicate":{"custom_model_data":1034},"model":"a14f9ea9-dc90-4f4c-a0de-24e46486d6ca:df32e461-7ae4-49d6-a809-1bd8ec6e88ac"},{"predicate":{"custom_model_data":1035},"model":"a14f9ea9-dc90-4f4c-a0de-24e46486d6ca:136f957b-e476-4d63-a850-e62da087ccc7"},{"predicate":{"custom_model_data":1036},"model":"a14f9ea9-dc90-4f4c-a0de-24e46486d6ca:4ec39423-1d05-40c6-b471-93bef4252faa"},{"predicate":{"custom_model_data":1037},"model":"a14f9ea9-dc90-4f4c-a0de-24e46486d6ca:c6521932-2049-489a-a7d5-6ab1515db5d1"},{"predicate":{"custom_model_data":1038},"model":"a14f9ea9-dc90-4f4c-a0de-24e46486d6ca:2b7f02ad-4e2f-4499-b68b-3168076742b1"},{"predicate":{"custom_model_data":1039},"model":"a14f9ea9-dc90-4f4c-a0de-24e46486d6ca:f25e16f1-c83f-4b6f-8cb6-66a76794e8b7"},{"predicate":{"custom_model_data":1040},"model":"dad88030-02e3-450c-864e-d3cea524b91a:f12d0596-4e69-49a1-a5c2-8fbf76c5a40c"},{"predicate":{"custom_model_data":1041},"model":"dad88030-02e3-450c-864e-d3cea524b91a:2bd70e4e-3a64-4977-8ff0-92d61cc37eeb"},{"predicate":{"custom_model_data":1042},"model":"dad88030-02e3-450c-864e-d3cea524b91a:47e2f4d2-06ee-4249-ac0a-5b651534a2c6"},{"predicate":{"custom_model_data":1043},"model":"dad88030-02e3-450c-864e-d3cea524b91a:60b6b0bc-f33b-4289-87cc-3dcc43682cb3"},{"predicate":{"custom_model_data":1044},"model":"dad88030-02e3-450c-864e-d3cea524b91a:0a11afff-c30f-4b90-9d24-b4188f8a364f"},{"predicate":{"custom_model_data":1045},"model":"dad88030-02e3-450c-864e-d3cea524b91a:eabee161-b001-44d7-a022-3799f2cb6186"},{"predicate":{"custom_model_data":1046},"model":"dad88030-02e3-450c-864e-d3cea524b91a:486e357e-8c29-4859-839b-3dfe2f92b52c"},{"predicate":{"custom_model_data":1047},"model":"dad88030-02e3-450c-864e-d3cea524b91a:3b3321cf-796a-41db-a446-6cd3866c3178"},{"predicate":{"custom_model_data":1048},"model":"dad88030-02e3-450c-864e-d3cea524b91a:f7922edb-d0a2-4299-9a44-cab876c9a782"},{"predicate":{"custom_model_data":1049},"model":"dad88030-02e3-450c-864e-d3cea524b91a:c61e1f56-386b-4480-9298-21bdd1449142"},{"predicate":{"custom_model_data":1050},"model":"dad88030-02e3-450c-864e-d3cea524b91a:e326a47b-c415-47df-bedf-ae013416f5cb"},{"predicate":{"custom_model_data":1051},"model":"dad88030-02e3-450c-864e-d3cea524b91a:3182e848-ca9d-4443-ba84-6e5f764a04c1"},{"predicate":{"custom_model_data":1052},"model":"dad88030-02e3-450c-864e-d3cea524b91a:4707783b-71eb-4020-a865-1e9aa26c9490"},{"predicate":{"custom_model_data":1053},"model":"dad88030-02e3-450c-864e-d3cea524b91a:5a955316-56dc-42bf-8e6f-102309f42446"},{"predicate":{"custom_model_data":1054},"model":"dad88030-02e3-450c-864e-d3cea524b91a:fcaea36b-1352-4cfb-b81f-94782e4921c7"},{"predicate":{"custom_model_data":1055},"model":"dad88030-02e3-450c-864e-d3cea524b91a:d714c1cb-2679-4a66-96d5-019dbd1208cc"},{"predicate":{"custom_model_data":1056},"model":"dad88030-02e3-450c-864e-d3cea524b91a:b384ac73-ed19-45b8-b517-0934df395b20"},{"predicate":{"custom_model_data":1057},"model":"dad88030-02e3-450c-864e-d3cea524b91a:4f1d6476-a564-42f0-9646-816d107b7727"},{"predicate":{"custom_model_data":1058},"model":"dad88030-02e3-450c-864e-d3cea524b91a:57e16d44-b1ca-412d-a4ce-203f8ce7a534"},{"predicate":{"custom_model_data":1059},"model":"dad88030-02e3-450c-864e-d3cea524b91a:6e7a22af-2620-4789-b489-99e2eb39af13"},{"predicate":{"custom_model_data":1060},"model":"dad88030-02e3-450c-864e-d3cea524b91a:dd773805-23ff-4e39-a42f-0b4502b0c0ac"},{"predicate":{"custom_model_data":1061},"model":"dad88030-02e3-450c-864e-d3cea524b91a:92a08155-4400-46a4-862e-295d7ff3d89a"},{"predicate":{"custom_model_data":1062},"model":"dad88030-02e3-450c-864e-d3cea524b91a:7737e400-79c7-470d-93f2-a50df717a727"},{"predicate":{"custom_model_data":1063},"model":"dad88030-02e3-450c-864e-d3cea524b91a:dcf06a74-f791-400d-b2a3-404eb36b0919"},{"predicate":{"custom_model_data":1064},"model":"dad88030-02e3-450c-864e-d3cea524b91a:225478d6-27b3-46e7-a5c6-dad92f8ea50d"},{"predicate":{"custom_model_data":1065},"model":"dad88030-02e3-450c-864e-d3cea524b91a:a8ffcaac-beff-4678-af1c-99e1c6c33ce5"},{"predicate":{"custom_model_data":1066},"model":"dad88030-02e3-450c-864e-d3cea524b91a:3a4d3db3-4f12-452e-9385-00ed91268ad2"},{"predicate":{"custom_model_data":1067},"model":"a14f9ea9-dc90-4f4c-a0de-24e46486d6ca:20d7c827-c7a9-448a-8e5f-866b32de4cdd"},{"predicate":{"custom_model_data":1068},"model":"a14f9ea9-dc90-4f4c-a0de-24e46486d6ca:a005a6ac-a7e8-41cb-b66a-bc1cc87a707c"},{"predicate":{"custom_model_data":1069},"model":"dad88030-02e3-450c-864e-d3cea524b91a:be3e06c9-4e77-4a0a-8c07-d2a4a84a9f60"},{"predicate":{"custom_model_data":1070},"model":"dad88030-02e3-450c-864e-d3cea524b91a:69e3ab42-5d8d-4b20-9354-5cb291acfca9"},{"predicate":{"custom_model_data":1071},"model":"a14f9ea9-dc90-4f4c-a0de-24e46486d6ca:e11b1b02-100f-4156-ae8a-a0a3bcb3e408"},{"predicate":{"custom_model_data":1072},"model":"a14f9ea9-dc90-4f4c-a0de-24e46486d6ca:ee455c4c-bcf9-4756-a5e7-f03c04978c84"},{"predicate":{"custom_model_data":1073},"model":"a14f9ea9-dc90-4f4c-a0de-24e46486d6ca:1b4a3aaf-2e63-4508-b1ab-2898b962657c"},{"predicate":{"custom_model_data":1074},"model":"a14f9ea9-dc90-4f4c-a0de-24e46486d6ca:2533a0d0-72f7-40b9-ab62-9a951eb1f540"},{"predicate":{"custom_model_data":1075},"model":"a14f9ea9-dc90-4f4c-a0de-24e46486d6ca:c8053a8f-8dfc-4443-9f51-924fc1c8ca1b"},{"predicate":{"custom_model_data":1076},"model":"a14f9ea9-dc90-4f4c-a0de-24e46486d6ca:677ac6a7-c7f5-4ae6-8df5-e1714b8fa93c"},{"predicate":{"custom_model_data":1077},"model":"a14f9ea9-dc90-4f4c-a0de-24e46486d6ca:cadd8a92-bca3-483d-93cd-54be0e2cae31"},{"predicate":{"custom_model_data":1078},"model":"a14f9ea9-dc90-4f4c-a0de-24e46486d6ca:be751e70-e7fe-4cda-b490-3dab2b4544c9"},{"predicate":{"custom_model_data":1079},"model":"a14f9ea9-dc90-4f4c-a0de-24e46486d6ca:909ab06a-8c02-4d59-ad2b-13114f988ba1"},{"predicate":{"custom_model_data":1080},"model":"a14f9ea9-dc90-4f4c-a0de-24e46486d6ca:808e5424-194d-4979-804d-4ac00cfc67f5"},{"predicate":{"custom_model_data":1081},"model":"a14f9ea9-dc90-4f4c-a0de-24e46486d6ca:8b4f1aa0-be28-4829-9049-fede54cb15e5"},{"predicate":{"custom_model_data":1082},"model":"a14f9ea9-dc90-4f4c-a0de-24e46486d6ca:98ad52bd-7f7b-45db-9049-82dc5b438701"},{"predicate":{"custom_model_data":1083},"model":"a14f9ea9-dc90-4f4c-a0de-24e46486d6ca:eadc3c22-a061-4781-a460-197008d090f6"},{"predicate":{"custom_model_data":1084},"model":"a14f9ea9-dc90-4f4c-a0de-24e46486d6ca:68bccf3c-719f-4470-b9de-7da055dfcd9f"},{"predicate":{"custom_model_data":1085},"model":"a14f9ea9-dc90-4f4c-a0de-24e46486d6ca:8c0c67c3-7c1b-4fc0-a42c-7a5ef036e758"},{"predicate":{"custom_model_data":1086},"model":"a14f9ea9-dc90-4f4c-a0de-24e46486d6ca:cb376722-576e-4c0a-8a5b-8bfca9e9c8fe"},{"predicate":{"custom_model_data":1087},"model":"a14f9ea9-dc90-4f4c-a0de-24e46486d6ca:153be292-00d7-484e-925d-b47bbc148bdb"},{"predicate":{"custom_model_data":1088},"model":"a14f9ea9-dc90-4f4c-a0de-24e46486d6ca:f70d5ee5-a488-4bac-8b24-80cd47ea04f7"}]}