{"providers":[{"file":"iasurvival:hud/thirst_bar/positive.png","chars":[""],"height":11,"ascent":-15,"type":"bitmap"},{"file":"iasurvival:hud/thirst_bar/negative.png","chars":[""],"height":11,"ascent":-15,"type":"bitmap"},{"file":"iasurvival:hud/thirst_bar/half.png","chars":[""],"height":11,"ascent":-15,"type":"bitmap"},{"file":"thecastle:menu/lobby/game_menu.png","chars":[""],"height":114,"ascent":13,"type":"bitmap"},{"file":"thecastle:menu/lobby/game_menu_empty.png","chars":[""],"height":114,"ascent":13,"type":"bitmap"},{"file":"thecastle:menu/lobby/game_menu_smp.png","chars":[""],"height":114,"ascent":13,"type":"bitmap"},{"file":"thecastle:menu/lobby/game_menu_event.png","chars":[""],"height":114,"ascent":13,"type":"bitmap"},{"file":"thecastle:menu/creative/creative_menu.png","chars":[""],"height":114,"ascent":13,"type":"bitmap"},{"file":"thecastle:menu/smp/shop_menu.png","chars":[""],"height":114,"ascent":13,"type":"bitmap"},{"file":"thecastle:menu/smp/book_menu.png","chars":[""],"height":133,"ascent":13,"type":"bitmap"},{"file":"thecastle:menu/smp/realm_spawn.png","chars":[""],"height":114,"ascent":13,"type":"bitmap"},{"file":"thecastle:menu/smp/realm_survival.png","chars":[""],"height":114,"ascent":13,"type":"bitmap"},{"file":"thecastle:menu/smp/realm_resource.png","chars":[""],"height":114,"ascent":13,"type":"bitmap"},{"file":"thecastle:menu/smp/realm_pvp.png","chars":[""],"height":114,"ascent":13,"type":"bitmap"},{"file":"thecastle:menu/smp/realm_event.png","chars":[""],"height":114,"ascent":13,"type":"bitmap"},{"file":"thecastle:menu/smp/menu_nostats.png","chars":[""],"height":133,"ascent":13,"type":"bitmap"},{"file":"thecastle:menu/smp/menu_nogadgets.png","chars":[""],"height":133,"ascent":13,"type":"bitmap"},{"file":"thecastle:systemicon/warn_red.png","chars":[""],"height":9,"ascent":8,"type":"bitmap"},{"file":"thecastle:systemicon/warn_orange.png","chars":[""],"height":9,"ascent":8,"type":"bitmap"},{"file":"thecastle:systemicon/warn_green.png","chars":[""],"height":9,"ascent":8,"type":"bitmap"},{"file":"thecastle:systemicon/warn_cyan.png","chars":[""],"height":9,"ascent":8,"type":"bitmap"},{"file":"thecastle:systemicon/warn_aqua.png","chars":[""],"height":9,"ascent":8,"type":"bitmap"},{"file":"thecastle:systemicon/warn_gray.png","chars":[""],"height":9,"ascent":8,"type":"bitmap"},{"file":"thecastle:systemicon/warn_magenta.png","chars":[""],"height":9,"ascent":8,"type":"bitmap"},{"file":"thecastle:systemicon/locked.png","chars":[""],"height":9,"ascent":8,"type":"bitmap"},{"file":"thecastle:systemicon/afked0.png","chars":[""],"height":9,"ascent":8,"type":"bitmap"},{"file":"thecastle:systemicon/afked1.png","chars":[""],"height":9,"ascent":8,"type":"bitmap"},{"file":"thecastle:systemicon/heart.png","chars":[""],"height":9,"ascent":8,"type":"bitmap"},{"file":"thecastle:systemicon/online.png","chars":[""],"height":9,"ascent":8,"type":"bitmap"},{"file":"thecastle:systemicon/info.png","chars":[""],"height":7,"ascent":7,"type":"bitmap"},{"file":"thecastle:systemicon/playerhead.png","chars":[""],"height":7,"ascent":7,"type":"bitmap"},{"file":"thecastle:systemicon/ping.png","chars":[""],"height":9,"ascent":8,"type":"bitmap"},{"file":"thecastle:systemicon/token.png","chars":[""],"height":9,"ascent":8,"type":"bitmap"},{"file":"thecastle:systemicon/rank.png","chars":[""],"height":9,"ascent":8,"type":"bitmap"},{"file":"thecastle:systemicon/plot.png","chars":[""],"height":9,"ascent":8,"type":"bitmap"},{"file":"thecastle:systemicon/game.png","chars":[""],"height":9,"ascent":8,"type":"bitmap"},{"file":"thecastle:systemicon/world.png","chars":[""],"height":9,"ascent":8,"type":"bitmap"},{"file":"thecastle:systemicon/sus.png","chars":[""],"height":9,"ascent":8,"type":"bitmap"},{"file":"thecastle:systemicon/skull.png","chars":[""],"height":9,"ascent":8,"type":"bitmap"},{"file":"thecastle:systemicon/left_click.png","chars":[""],"height":9,"ascent":8,"type":"bitmap"},{"file":"thecastle:systemicon/right_click.png","chars":[""],"height":9,"ascent":8,"type":"bitmap"},{"file":"thecastle:systemicon/global_chat.png","chars":[""],"height":9,"ascent":8,"type":"bitmap"},{"file":"thecastle:systemicon/local_chat.png","chars":[""],"height":9,"ascent":8,"type":"bitmap"},{"file":"thecastle:systemicon/coin.png","chars":[""],"height":9,"ascent":8,"type":"bitmap"},{"file":"thecastle:systemicon/kills.png","chars":[""],"height":9,"ascent":8,"type":"bitmap"},{"file":"thecastle:systemicon/claims.png","chars":[""],"height":9,"ascent":8,"type":"bitmap"},{"file":"thecastle:systemicon/power.png","chars":[""],"height":9,"ascent":8,"type":"bitmap"},{"file":"thecastle:systemicon/levels.png","chars":[""],"height":9,"ascent":8,"type":"bitmap"},{"file":"thecastle:systemicon/time.png","chars":[""],"height":9,"ascent":8,"type":"bitmap"},{"file":"thecastle:systemicon/vanish.png","chars":[""],"height":9,"ascent":8,"type":"bitmap"},{"file":"thecastle:systemicon/chat.png","chars":[""],"height":9,"ascent":8,"type":"bitmap"},{"file":"thecastle:systemicon/shift.png","chars":[""],"height":9,"ascent":8,"type":"bitmap"},{"file":"thecastle:systemicon/temperature.png","chars":[""],"height":9,"ascent":8,"type":"bitmap"},{"file":"thecastle:systemicon/voice_installed.png","chars":[""],"height":9,"ascent":8,"type":"bitmap"},{"file":"thecastle:systemicon/voice_not_installed.png","chars":[""],"height":9,"ascent":8,"type":"bitmap"},{"file":"thecastle:systemicon/voice_disabled.png","chars":[""],"height":9,"ascent":8,"type":"bitmap"},{"file":"twitteremojis:font/emoji/0.png","chars":[""],"height":9,"ascent":8,"type":"bitmap"},{"file":"twitteremojis:font/emoji/1.png","chars":[""],"height":9,"ascent":8,"type":"bitmap"},{"file":"twitteremojis:font/emoji/2.png","chars":[""],"height":9,"ascent":8,"type":"bitmap"},{"file":"twitteremojis:font/emoji/3.png","chars":[""],"height":9,"ascent":8,"type":"bitmap"},{"file":"twitteremojis:font/emoji/4.png","chars":[""],"height":9,"ascent":8,"type":"bitmap"},{"file":"twitteremojis:font/emoji/5.png","chars":[""],"height":9,"ascent":8,"type":"bitmap"},{"file":"twitteremojis:font/emoji/6.png","chars":[""],"height":9,"ascent":8,"type":"bitmap"},{"file":"twitteremojis:font/emoji/7.png","chars":[""],"height":9,"ascent":8,"type":"bitmap"},{"file":"twitteremojis:font/emoji/8.png","chars":[""],"height":9,"ascent":8,"type":"bitmap"},{"file":"twitteremojis:font/emoji/9.png","chars":[""],"height":9,"ascent":8,"type":"bitmap"},{"file":"twitteremojis:font/emoji/alarmclock.png","chars":[""],"height":9,"ascent":8,"type":"bitmap"},{"file":"twitteremojis:font/emoji/alien.png","chars":[""],"height":9,"ascent":8,"type":"bitmap"},{"file":"twitteremojis:font/emoji/angry.png","chars":[""],"height":9,"ascent":8,"type":"bitmap"},{"file":"twitteremojis:font/emoji/angry1.png","chars":[""],"height":9,"ascent":8,"type":"bitmap"},{"file":"twitteremojis:font/emoji/angry2.png","chars":[""],"height":9,"ascent":8,"type":"bitmap"},{"file":"twitteremojis:font/emoji/angry3.png","chars":[""],"height":9,"ascent":8,"type":"bitmap"},{"file":"twitteremojis:font/emoji/anxious.png","chars":[""],"height":9,"ascent":8,"type":"bitmap"},{"file":"twitteremojis:font/emoji/aquarius.png","chars":[""],"height":9,"ascent":8,"type":"bitmap"},{"file":"twitteremojis:font/emoji/aries.png","chars":[""],"height":9,"ascent":8,"type":"bitmap"},{"file":"twitteremojis:font/emoji/asterisk.png","chars":[""],"height":9,"ascent":8,"type":"bitmap"},{"file":"twitteremojis:font/emoji/atm.png","chars":[""],"height":9,"ascent":8,"type":"bitmap"},{"file":"twitteremojis:font/emoji/avocado.png","chars":[""],"height":9,"ascent":8,"type":"bitmap"},{"file":"twitteremojis:font/emoji/bacon.png","chars":[""],"height":9,"ascent":8,"type":"bitmap"},{"file":"twitteremojis:font/emoji/baguette.png","chars":[""],"height":9,"ascent":8,"type":"bitmap"},{"file":"twitteremojis:font/emoji/bandage.png","chars":[""],"height":9,"ascent":8,"type":"bitmap"},{"file":"twitteremojis:font/emoji/bat.png","chars":[""],"height":9,"ascent":8,"type":"bitmap"},{"file":"twitteremojis:font/emoji/biceps.png","chars":[""],"height":9,"ascent":8,"type":"bitmap"},{"file":"twitteremojis:font/emoji/biohazard.png","chars":[""],"height":9,"ascent":8,"type":"bitmap"},{"file":"twitteremojis:font/emoji/blocked.png","chars":[""],"height":9,"ascent":8,"type":"bitmap"},{"file":"twitteremojis:font/emoji/blood.png","chars":[""],"height":9,"ascent":8,"type":"bitmap"},{"file":"twitteremojis:font/emoji/blush.png","chars":[""],"height":9,"ascent":8,"type":"bitmap"},{"file":"twitteremojis:font/emoji/bye.png","chars":[""],"height":9,"ascent":8,"type":"bitmap"},{"file":"twitteremojis:font/emoji/callme.png","chars":[""],"height":9,"ascent":8,"type":"bitmap"},{"file":"twitteremojis:font/emoji/cancel.png","chars":[""],"height":9,"ascent":8,"type":"bitmap"},{"file":"twitteremojis:font/emoji/cancer.png","chars":[""],"height":9,"ascent":8,"type":"bitmap"},{"file":"twitteremojis:font/emoji/capricorn.png","chars":[""],"height":9,"ascent":8,"type":"bitmap"},{"file":"twitteremojis:font/emoji/carrot.png","chars":[""],"height":9,"ascent":8,"type":"bitmap"},{"file":"twitteremojis:font/emoji/chair.png","chars":[""],"height":9,"ascent":8,"type":"bitmap"},{"file":"twitteremojis:font/emoji/chick.png","chars":[""],"height":9,"ascent":8,"type":"bitmap"},{"file":"twitteremojis:font/emoji/chick1.png","chars":[""],"height":9,"ascent":8,"type":"bitmap"},{"file":"twitteremojis:font/emoji/chick2.png","chars":[""],"height":9,"ascent":8,"type":"bitmap"},{"file":"twitteremojis:font/emoji/clap.png","chars":[""],"height":9,"ascent":8,"type":"bitmap"},{"file":"twitteremojis:font/emoji/coffin.png","chars":[""],"height":9,"ascent":8,"type":"bitmap"},{"file":"twitteremojis:font/emoji/cold.png","chars":[""],"height":9,"ascent":8,"type":"bitmap"},{"file":"twitteremojis:font/emoji/confirm.png","chars":[""],"height":9,"ascent":8,"type":"bitmap"},{"file":"twitteremojis:font/emoji/confused.png","chars":[""],"height":9,"ascent":8,"type":"bitmap"},{"file":"twitteremojis:font/emoji/confused1.png","chars":[""],"height":9,"ascent":8,"type":"bitmap"},{"file":"twitteremojis:font/emoji/couple.png","chars":[""],"height":9,"ascent":8,"type":"bitmap"},{"file":"twitteremojis:font/emoji/cowboy.png","chars":[""],"height":9,"ascent":8,"type":"bitmap"},{"file":"twitteremojis:font/emoji/crab.png","chars":[""],"height":9,"ascent":8,"type":"bitmap"},{"file":"twitteremojis:font/emoji/croissant.png","chars":[""],"height":9,"ascent":8,"type":"bitmap"},{"file":"twitteremojis:font/emoji/crossedfingers.png","chars":[""],"height":9,"ascent":8,"type":"bitmap"},{"file":"twitteremojis:font/emoji/cry.png","chars":[""],"height":9,"ascent":8,"type":"bitmap"},{"file":"twitteremojis:font/emoji/cry1.png","chars":[""],"height":9,"ascent":8,"type":"bitmap"},{"file":"twitteremojis:font/emoji/crycat.png","chars":[""],"height":9,"ascent":8,"type":"bitmap"},{"file":"twitteremojis:font/emoji/cucumber.png","chars":[""],"height":9,"ascent":8,"type":"bitmap"},{"file":"twitteremojis:font/emoji/dead.png","chars":[""],"height":9,"ascent":8,"type":"bitmap"},{"file":"twitteremojis:font/emoji/dead1.png","chars":[""],"height":9,"ascent":8,"type":"bitmap"},{"file":"twitteremojis:font/emoji/dollar.png","chars":[""],"height":9,"ascent":8,"type":"bitmap"},{"file":"twitteremojis:font/emoji/doubleexclamation.png","chars":[""],"height":9,"ascent":8,"type":"bitmap"},{"file":"twitteremojis:font/emoji/down.png","chars":[""],"height":9,"ascent":8,"type":"bitmap"},{"file":"twitteremojis:font/emoji/drops.png","chars":[""],"height":9,"ascent":8,"type":"bitmap"},{"file":"twitteremojis:font/emoji/drumstick.png","chars":[""],"height":9,"ascent":8,"type":"bitmap"},{"file":"twitteremojis:font/emoji/duck.png","chars":[""],"height":9,"ascent":8,"type":"bitmap"},{"file":"twitteremojis:font/emoji/eagle.png","chars":[""],"height":9,"ascent":8,"type":"bitmap"},{"file":"twitteremojis:font/emoji/eggplant.png","chars":[""],"height":9,"ascent":8,"type":"bitmap"},{"file":"twitteremojis:font/emoji/eject.png","chars":[""],"height":9,"ascent":8,"type":"bitmap"},{"file":"twitteremojis:font/emoji/evil.png","chars":[""],"height":9,"ascent":8,"type":"bitmap"},{"file":"twitteremojis:font/emoji/explodehead.png","chars":[""],"height":9,"ascent":8,"type":"bitmap"},{"file":"twitteremojis:font/emoji/eyes.png","chars":[""],"height":9,"ascent":8,"type":"bitmap"},{"file":"twitteremojis:font/emoji/facemask.png","chars":[""],"height":9,"ascent":8,"type":"bitmap"},{"file":"twitteremojis:font/emoji/fastdown.png","chars":[""],"height":9,"ascent":8,"type":"bitmap"},{"file":"twitteremojis:font/emoji/fastforward.png","chars":[""],"height":9,"ascent":8,"type":"bitmap"},{"file":"twitteremojis:font/emoji/fastreverse.png","chars":[""],"height":9,"ascent":8,"type":"bitmap"},{"file":"twitteremojis:font/emoji/fastup.png","chars":[""],"height":9,"ascent":8,"type":"bitmap"},{"file":"twitteremojis:font/emoji/fbowing.png","chars":[""],"height":9,"ascent":8,"type":"bitmap"},{"file":"twitteremojis:font/emoji/fear.png","chars":[""],"height":9,"ascent":8,"type":"bitmap"},{"file":"twitteremojis:font/emoji/fear1.png","chars":[""],"height":9,"ascent":8,"type":"bitmap"},{"file":"twitteremojis:font/emoji/fear3.png","chars":[""],"height":9,"ascent":8,"type":"bitmap"},{"file":"twitteremojis:font/emoji/featcat.png","chars":[""],"height":9,"ascent":8,"type":"bitmap"},{"file":"twitteremojis:font/emoji/ffacepalm.png","chars":[""],"height":9,"ascent":8,"type":"bitmap"},{"file":"twitteremojis:font/emoji/fidk.png","chars":[""],"height":9,"ascent":8,"type":"bitmap"},{"file":"twitteremojis:font/emoji/finger.png","chars":[""],"height":9,"ascent":8,"type":"bitmap"},{"file":"twitteremojis:font/emoji/fire.png","chars":[""],"height":9,"ascent":8,"type":"bitmap"},{"file":"twitteremojis:font/emoji/fish.png","chars":[""],"height":9,"ascent":8,"type":"bitmap"},{"file":"twitteremojis:font/emoji/flamingo.png","chars":[""],"height":9,"ascent":8,"type":"bitmap"},{"file":"twitteremojis:font/emoji/fmage.png","chars":[""],"height":9,"ascent":8,"type":"bitmap"},{"file":"twitteremojis:font/emoji/fno.png","chars":[""],"height":9,"ascent":8,"type":"bitmap"},{"file":"twitteremojis:font/emoji/fok.png","chars":[""],"height":9,"ascent":8,"type":"bitmap"},{"file":"twitteremojis:font/emoji/frown.png","chars":[""],"height":9,"ascent":8,"type":"bitmap"},{"file":"twitteremojis:font/emoji/frown2.png","chars":[""],"height":9,"ascent":8,"type":"bitmap"},{"file":"twitteremojis:font/emoji/frown3.png","chars":[""],"height":9,"ascent":8,"type":"bitmap"},{"file":"twitteremojis:font/emoji/frown4.png","chars":[""],"height":9,"ascent":8,"type":"bitmap"},{"file":"twitteremojis:font/emoji/frown5.png","chars":[""],"height":9,"ascent":8,"type":"bitmap"},{"file":"twitteremojis:font/emoji/frown6.png","chars":[""],"height":9,"ascent":8,"type":"bitmap"},{"file":"twitteremojis:font/emoji/gemini.png","chars":[""],"height":9,"ascent":8,"type":"bitmap"},{"file":"twitteremojis:font/emoji/giraffe.png","chars":[""],"height":9,"ascent":8,"type":"bitmap"},{"file":"twitteremojis:font/emoji/halo.png","chars":[""],"height":9,"ascent":8,"type":"bitmap"},{"file":"twitteremojis:font/emoji/hamburger.png","chars":[""],"height":9,"ascent":8,"type":"bitmap"},{"file":"twitteremojis:font/emoji/handshake.png","chars":[""],"height":9,"ascent":8,"type":"bitmap"},{"file":"twitteremojis:font/emoji/hashtag.png","chars":[""],"height":9,"ascent":8,"type":"bitmap"},{"file":"twitteremojis:font/emoji/heart.png","chars":[""],"height":9,"ascent":8,"type":"bitmap"},{"file":"twitteremojis:font/emoji/heart1.png","chars":[""],"height":9,"ascent":8,"type":"bitmap"},{"file":"twitteremojis:font/emoji/heart2.png","chars":[""],"height":9,"ascent":8,"type":"bitmap"},{"file":"twitteremojis:font/emoji/heart3.png","chars":[""],"height":9,"ascent":8,"type":"bitmap"},{"file":"twitteremojis:font/emoji/heart4.png","chars":[""],"height":9,"ascent":8,"type":"bitmap"},{"file":"twitteremojis:font/emoji/heart5.png","chars":[""],"height":9,"ascent":8,"type":"bitmap"},{"file":"twitteremojis:font/emoji/heart6.png","chars":[""],"height":9,"ascent":8,"type":"bitmap"},{"file":"twitteremojis:font/emoji/hehe.png","chars":[""],"height":9,"ascent":8,"type":"bitmap"},{"file":"twitteremojis:font/emoji/hot.png","chars":[""],"height":9,"ascent":8,"type":"bitmap"},{"file":"twitteremojis:font/emoji/hourglass.png","chars":[""],"height":9,"ascent":8,"type":"bitmap"},{"file":"twitteremojis:font/emoji/hourglass1.png","chars":[""],"height":9,"ascent":8,"type":"bitmap"},{"file":"twitteremojis:font/emoji/hug.png","chars":[""],"height":9,"ascent":8,"type":"bitmap"},{"file":"twitteremojis:font/emoji/ice.png","chars":[""],"height":9,"ascent":8,"type":"bitmap"},{"file":"twitteremojis:font/emoji/ill.png","chars":[""],"height":9,"ascent":8,"type":"bitmap"},{"file":"twitteremojis:font/emoji/inlove.png","chars":[""],"height":9,"ascent":8,"type":"bitmap"},{"file":"twitteremojis:font/emoji/inlove1.png","chars":[""],"height":9,"ascent":8,"type":"bitmap"},{"file":"twitteremojis:font/emoji/inlovecat.png","chars":[""],"height":9,"ascent":8,"type":"bitmap"},{"file":"twitteremojis:font/emoji/jackolantern.png","chars":[""],"height":9,"ascent":8,"type":"bitmap"},{"file":"twitteremojis:font/emoji/kebab.png","chars":[""],"height":9,"ascent":8,"type":"bitmap"},{"file":"twitteremojis:font/emoji/kiss.png","chars":[""],"height":9,"ascent":8,"type":"bitmap"},{"file":"twitteremojis:font/emoji/kiss1.png","chars":[""],"height":9,"ascent":8,"type":"bitmap"},{"file":"twitteremojis:font/emoji/kiss2.png","chars":[""],"height":9,"ascent":8,"type":"bitmap"},{"file":"twitteremojis:font/emoji/kiss3.png","chars":[""],"height":9,"ascent":8,"type":"bitmap"},{"file":"twitteremojis:font/emoji/lasttrack.png","chars":[""],"height":9,"ascent":8,"type":"bitmap"},{"file":"twitteremojis:font/emoji/laugh.png","chars":[""],"height":9,"ascent":8,"type":"bitmap"},{"file":"twitteremojis:font/emoji/laugh2.png","chars":[""],"height":9,"ascent":8,"type":"bitmap"},{"file":"twitteremojis:font/emoji/laugh3.png","chars":[""],"height":9,"ascent":8,"type":"bitmap"},{"file":"twitteremojis:font/emoji/laugh4.png","chars":[""],"height":9,"ascent":8,"type":"bitmap"},{"file":"twitteremojis:font/emoji/laughcat.png","chars":[""],"height":9,"ascent":8,"type":"bitmap"},{"file":"twitteremojis:font/emoji/left.png","chars":[""],"height":9,"ascent":8,"type":"bitmap"},{"file":"twitteremojis:font/emoji/leftcurve.png","chars":[""],"height":9,"ascent":8,"type":"bitmap"},{"file":"twitteremojis:font/emoji/leo.png","chars":[""],"height":9,"ascent":8,"type":"bitmap"},{"file":"twitteremojis:font/emoji/lion.png","chars":[""],"height":9,"ascent":8,"type":"bitmap"},{"file":"twitteremojis:font/emoji/lock.png","chars":[""],"height":9,"ascent":8,"type":"bitmap"},{"file":"twitteremojis:font/emoji/luck.png","chars":[""],"height":9,"ascent":8,"type":"bitmap"},{"file":"twitteremojis:font/emoji/lying.png","chars":[""],"height":9,"ascent":8,"type":"bitmap"},{"file":"twitteremojis:font/emoji/m.png","chars":[""],"height":9,"ascent":8,"type":"bitmap"},{"file":"twitteremojis:font/emoji/mad.png","chars":[""],"height":9,"ascent":8,"type":"bitmap"},{"file":"twitteremojis:font/emoji/mbowing.png","chars":[""],"height":9,"ascent":8,"type":"bitmap"},{"file":"twitteremojis:font/emoji/medal.png","chars":[""],"height":9,"ascent":8,"type":"bitmap"},{"file":"twitteremojis:font/emoji/mfacepalm.png","chars":[""],"height":9,"ascent":8,"type":"bitmap"},{"file":"twitteremojis:font/emoji/midk.png","chars":[""],"height":9,"ascent":8,"type":"bitmap"},{"file":"twitteremojis:font/emoji/mmage.png","chars":[""],"height":9,"ascent":8,"type":"bitmap"},{"file":"twitteremojis:font/emoji/mmh.png","chars":[""],"height":9,"ascent":8,"type":"bitmap"},{"file":"twitteremojis:font/emoji/mno.png","chars":[""],"height":9,"ascent":8,"type":"bitmap"},{"file":"twitteremojis:font/emoji/mok.png","chars":[""],"height":9,"ascent":8,"type":"bitmap"},{"file":"twitteremojis:font/emoji/money.png","chars":[""],"height":9,"ascent":8,"type":"bitmap"},{"file":"twitteremojis:font/emoji/moneyface.png","chars":[""],"height":9,"ascent":8,"type":"bitmap"},{"file":"twitteremojis:font/emoji/monkey1.png","chars":[""],"height":9,"ascent":8,"type":"bitmap"},{"file":"twitteremojis:font/emoji/monkey2.png","chars":[""],"height":9,"ascent":8,"type":"bitmap"},{"file":"twitteremojis:font/emoji/monkey3.png","chars":[""],"height":9,"ascent":8,"type":"bitmap"},{"file":"twitteremojis:font/emoji/monocle.png","chars":[""],"height":9,"ascent":8,"type":"bitmap"},{"file":"twitteremojis:font/emoji/moon.png","chars":[""],"height":9,"ascent":8,"type":"bitmap"},{"file":"twitteremojis:font/emoji/moon1.png","chars":[""],"height":9,"ascent":8,"type":"bitmap"},{"file":"twitteremojis:font/emoji/moon2.png","chars":[""],"height":9,"ascent":8,"type":"bitmap"},{"file":"twitteremojis:font/emoji/moon3.png","chars":[""],"height":9,"ascent":8,"type":"bitmap"},{"file":"twitteremojis:font/emoji/moon4.png","chars":[""],"height":9,"ascent":8,"type":"bitmap"},{"file":"twitteremojis:font/emoji/moon5.png","chars":[""],"height":9,"ascent":8,"type":"bitmap"},{"file":"twitteremojis:font/emoji/nausea.png","chars":[""],"height":9,"ascent":8,"type":"bitmap"},{"file":"twitteremojis:font/emoji/nerd.png","chars":[""],"height":9,"ascent":8,"type":"bitmap"},{"file":"twitteremojis:font/emoji/neutral.png","chars":[""],"height":9,"ascent":8,"type":"bitmap"},{"file":"twitteremojis:font/emoji/nexttrack.png","chars":[""],"height":9,"ascent":8,"type":"bitmap"},{"file":"twitteremojis:font/emoji/no1.png","chars":[""],"height":9,"ascent":8,"type":"bitmap"},{"file":"twitteremojis:font/emoji/noexpression.png","chars":[""],"height":9,"ascent":8,"type":"bitmap"},{"file":"twitteremojis:font/emoji/nomouth.png","chars":[""],"height":9,"ascent":8,"type":"bitmap"},{"file":"twitteremojis:font/emoji/ok.png","chars":[""],"height":9,"ascent":8,"type":"bitmap"},{"file":"twitteremojis:font/emoji/ok1.png","chars":[""],"height":9,"ascent":8,"type":"bitmap"},{"file":"twitteremojis:font/emoji/owl.png","chars":[""],"height":9,"ascent":8,"type":"bitmap"},{"file":"twitteremojis:font/emoji/pan.png","chars":[""],"height":9,"ascent":8,"type":"bitmap"},{"file":"twitteremojis:font/emoji/party.png","chars":[""],"height":9,"ascent":8,"type":"bitmap"},{"file":"twitteremojis:font/emoji/party1.png","chars":[""],"height":9,"ascent":8,"type":"bitmap"},{"file":"twitteremojis:font/emoji/pause.png","chars":[""],"height":9,"ascent":8,"type":"bitmap"},{"file":"twitteremojis:font/emoji/peace.png","chars":[""],"height":9,"ascent":8,"type":"bitmap"},{"file":"twitteremojis:font/emoji/peach.png","chars":[""],"height":9,"ascent":8,"type":"bitmap"},{"file":"twitteremojis:font/emoji/pencil.png","chars":[""],"height":9,"ascent":8,"type":"bitmap"},{"file":"twitteremojis:font/emoji/person.png","chars":[""],"height":9,"ascent":8,"type":"bitmap"},{"file":"twitteremojis:font/emoji/pick.png","chars":[""],"height":9,"ascent":8,"type":"bitmap"},{"file":"twitteremojis:font/emoji/pig.png","chars":[""],"height":9,"ascent":8,"type":"bitmap"},{"file":"twitteremojis:font/emoji/pisces.png","chars":[""],"height":9,"ascent":8,"type":"bitmap"},{"file":"twitteremojis:font/emoji/pizza.png","chars":[""],"height":9,"ascent":8,"type":"bitmap"},{"file":"twitteremojis:font/emoji/play.png","chars":[""],"height":9,"ascent":8,"type":"bitmap"},{"file":"twitteremojis:font/emoji/playpause.png","chars":[""],"height":9,"ascent":8,"type":"bitmap"},{"file":"twitteremojis:font/emoji/please.png","chars":[""],"height":9,"ascent":8,"type":"bitmap"},{"file":"twitteremojis:font/emoji/poo.png","chars":[""],"height":9,"ascent":8,"type":"bitmap"},{"file":"twitteremojis:font/emoji/potato.png","chars":[""],"height":9,"ascent":8,"type":"bitmap"},{"file":"twitteremojis:font/emoji/puke.png","chars":[""],"height":9,"ascent":8,"type":"bitmap"},{"file":"twitteremojis:font/emoji/punch.png","chars":[""],"height":9,"ascent":8,"type":"bitmap"},{"file":"twitteremojis:font/emoji/question.png","chars":[""],"height":9,"ascent":8,"type":"bitmap"},{"file":"twitteremojis:font/emoji/radioactive.png","chars":[""],"height":9,"ascent":8,"type":"bitmap"},{"file":"twitteremojis:font/emoji/raisedfist.png","chars":[""],"height":9,"ascent":8,"type":"bitmap"},{"file":"twitteremojis:font/emoji/raisedhand.png","chars":[""],"height":9,"ascent":8,"type":"bitmap"},{"file":"twitteremojis:font/emoji/record.png","chars":[""],"height":9,"ascent":8,"type":"bitmap"},{"file":"twitteremojis:font/emoji/redcircle.png","chars":[""],"height":9,"ascent":8,"type":"bitmap"},{"file":"twitteremojis:font/emoji/reverse.png","chars":[""],"height":9,"ascent":8,"type":"bitmap"},{"file":"twitteremojis:font/emoji/riceball.png","chars":[""],"height":9,"ascent":8,"type":"bitmap"},{"file":"twitteremojis:font/emoji/rightarrow.png","chars":[""],"height":9,"ascent":8,"type":"bitmap"},{"file":"twitteremojis:font/emoji/rightcurve.png","chars":[""],"height":9,"ascent":8,"type":"bitmap"},{"file":"twitteremojis:font/emoji/robot.png","chars":[""],"height":9,"ascent":8,"type":"bitmap"},{"file":"twitteremojis:font/emoji/rock.png","chars":[""],"height":9,"ascent":8,"type":"bitmap"},{"file":"twitteremojis:font/emoji/rolling.png","chars":[""],"height":9,"ascent":8,"type":"bitmap"},{"file":"twitteremojis:font/emoji/rooster.png","chars":[""],"height":9,"ascent":8,"type":"bitmap"},{"file":"twitteremojis:font/emoji/sad.png","chars":[""],"height":9,"ascent":8,"type":"bitmap"},{"file":"twitteremojis:font/emoji/sagittarius.png","chars":[""],"height":9,"ascent":8,"type":"bitmap"},{"file":"twitteremojis:font/emoji/salad.png","chars":[""],"height":9,"ascent":8,"type":"bitmap"},{"file":"twitteremojis:font/emoji/salt.png","chars":[""],"height":9,"ascent":8,"type":"bitmap"},{"file":"twitteremojis:font/emoji/scorpio.png","chars":[""],"height":9,"ascent":8,"type":"bitmap"},{"file":"twitteremojis:font/emoji/scorpion.png","chars":[""],"height":9,"ascent":8,"type":"bitmap"},{"file":"twitteremojis:font/emoji/shark.png","chars":[""],"height":9,"ascent":8,"type":"bitmap"},{"file":"twitteremojis:font/emoji/shh.png","chars":[""],"height":9,"ascent":8,"type":"bitmap"},{"file":"twitteremojis:font/emoji/shrimp.png","chars":[""],"height":9,"ascent":8,"type":"bitmap"},{"file":"twitteremojis:font/emoji/sleeping.png","chars":[""],"height":9,"ascent":8,"type":"bitmap"},{"file":"twitteremojis:font/emoji/sleepy.png","chars":[""],"height":9,"ascent":8,"type":"bitmap"},{"file":"twitteremojis:font/emoji/small.png","chars":[""],"height":9,"ascent":8,"type":"bitmap"},{"file":"twitteremojis:font/emoji/smile.png","chars":[""],"height":9,"ascent":8,"type":"bitmap"},{"file":"twitteremojis:font/emoji/smile2.png","chars":[""],"height":9,"ascent":8,"type":"bitmap"},{"file":"twitteremojis:font/emoji/smile3.png","chars":[""],"height":9,"ascent":8,"type":"bitmap"},{"file":"twitteremojis:font/emoji/smile4.png","chars":[""],"height":9,"ascent":8,"type":"bitmap"},{"file":"twitteremojis:font/emoji/smile5.png","chars":[""],"height":9,"ascent":8,"type":"bitmap"},{"file":"twitteremojis:font/emoji/smile6.png","chars":[""],"height":9,"ascent":8,"type":"bitmap"},{"file":"twitteremojis:font/emoji/smilecat.png","chars":[""],"height":9,"ascent":8,"type":"bitmap"},{"file":"twitteremojis:font/emoji/sneeze.png","chars":[""],"height":9,"ascent":8,"type":"bitmap"},{"file":"twitteremojis:font/emoji/soccerball.png","chars":[""],"height":9,"ascent":8,"type":"bitmap"},{"file":"twitteremojis:font/emoji/sparkles.png","chars":[""],"height":9,"ascent":8,"type":"bitmap"},{"file":"twitteremojis:font/emoji/squid.png","chars":[""],"height":9,"ascent":8,"type":"bitmap"},{"file":"twitteremojis:font/emoji/star.png","chars":[""],"height":9,"ascent":8,"type":"bitmap"},{"file":"twitteremojis:font/emoji/starcrescent.png","chars":[""],"height":9,"ascent":8,"type":"bitmap"},{"file":"twitteremojis:font/emoji/stareyes.png","chars":[""],"height":9,"ascent":8,"type":"bitmap"},{"file":"twitteremojis:font/emoji/stop.png","chars":[""],"height":9,"ascent":8,"type":"bitmap"},{"file":"twitteremojis:font/emoji/stopsign.png","chars":[""],"height":9,"ascent":8,"type":"bitmap"},{"file":"twitteremojis:font/emoji/sun.png","chars":[""],"height":9,"ascent":8,"type":"bitmap"},{"file":"twitteremojis:font/emoji/sunglasses.png","chars":[""],"height":9,"ascent":8,"type":"bitmap"},{"file":"twitteremojis:font/emoji/surprised.png","chars":[""],"height":9,"ascent":8,"type":"bitmap"},{"file":"twitteremojis:font/emoji/sushi.png","chars":[""],"height":9,"ascent":8,"type":"bitmap"},{"file":"twitteremojis:font/emoji/sweat.png","chars":[""],"height":9,"ascent":8,"type":"bitmap"},{"file":"twitteremojis:font/emoji/taurus.png","chars":[""],"height":9,"ascent":8,"type":"bitmap"},{"file":"twitteremojis:font/emoji/think.png","chars":[""],"height":9,"ascent":8,"type":"bitmap"},{"file":"twitteremojis:font/emoji/think1.png","chars":[""],"height":9,"ascent":8,"type":"bitmap"},{"file":"twitteremojis:font/emoji/think2.png","chars":[""],"height":9,"ascent":8,"type":"bitmap"},{"file":"twitteremojis:font/emoji/think3.png","chars":[""],"height":9,"ascent":8,"type":"bitmap"},{"file":"twitteremojis:font/emoji/think4.png","chars":[""],"height":9,"ascent":8,"type":"bitmap"},{"file":"twitteremojis:font/emoji/think5.png","chars":[""],"height":9,"ascent":8,"type":"bitmap"},{"file":"twitteremojis:font/emoji/think6.png","chars":[""],"height":9,"ascent":8,"type":"bitmap"},{"file":"twitteremojis:font/emoji/tongue.png","chars":[""],"height":9,"ascent":8,"type":"bitmap"},{"file":"twitteremojis:font/emoji/tree.png","chars":[""],"height":9,"ascent":8,"type":"bitmap"},{"file":"twitteremojis:font/emoji/trex.png","chars":[""],"height":9,"ascent":8,"type":"bitmap"},{"file":"twitteremojis:font/emoji/turkey.png","chars":[""],"height":9,"ascent":8,"type":"bitmap"},{"file":"twitteremojis:font/emoji/twofingers.png","chars":[""],"height":9,"ascent":8,"type":"bitmap"},{"file":"twitteremojis:font/emoji/unamused.png","chars":[""],"height":9,"ascent":8,"type":"bitmap"},{"file":"twitteremojis:font/emoji/unicorn.png","chars":[""],"height":9,"ascent":8,"type":"bitmap"},{"file":"twitteremojis:font/emoji/unlock.png","chars":[""],"height":9,"ascent":8,"type":"bitmap"},{"file":"twitteremojis:font/emoji/up.png","chars":[""],"height":9,"ascent":8,"type":"bitmap"},{"file":"twitteremojis:font/emoji/upsidedown.png","chars":[""],"height":9,"ascent":8,"type":"bitmap"},{"file":"twitteremojis:font/emoji/virgo.png","chars":[""],"height":9,"ascent":8,"type":"bitmap"},{"file":"twitteremojis:font/emoji/voltage.png","chars":[""],"height":9,"ascent":8,"type":"bitmap"},{"file":"twitteremojis:font/emoji/warning.png","chars":[""],"height":9,"ascent":8,"type":"bitmap"},{"file":"twitteremojis:font/emoji/wc.png","chars":[""],"height":9,"ascent":8,"type":"bitmap"},{"file":"twitteremojis:font/emoji/what.png","chars":[""],"height":9,"ascent":8,"type":"bitmap"},{"file":"twitteremojis:font/emoji/wink.png","chars":[""],"height":9,"ascent":8,"type":"bitmap"},{"file":"twitteremojis:font/emoji/woozy.png","chars":[""],"height":9,"ascent":8,"type":"bitmap"},{"file":"twitteremojis:font/emoji/write.png","chars":[""],"height":9,"ascent":8,"type":"bitmap"},{"file":"twitteremojis:font/emoji/xd.png","chars":[""],"height":9,"ascent":8,"type":"bitmap"},{"file":"twitteremojis:font/emoji/yawn.png","chars":[""],"height":9,"ascent":8,"type":"bitmap"},{"file":"twitteremojis:font/emoji/yinyang.png","chars":[""],"height":9,"ascent":8,"type":"bitmap"},{"file":"twitteremojis:font/emoji/yum.png","chars":[""],"height":9,"ascent":8,"type":"bitmap"},{"file":"twitteremojis:font/emoji/zebra.png","chars":[""],"height":9,"ascent":8,"type":"bitmap"},{"file":"twitteremojis:font/emoji/zip.png","chars":[""],"height":9,"ascent":8,"type":"bitmap"},{"file":"iasurvival:gui/customization_table_left.png","chars":[""],"height":164,"ascent":12,"type":"bitmap"},{"file":"iasurvival:gui/customization_table_right.png","chars":[""],"height":164,"ascent":12,"type":"bitmap"},{"file":"_iainternal:hud/small_cooldown_bar/0.png","chars":[""],"height":22,"ascent":-42,"type":"bitmap"},{"file":"_iainternal:hud/small_cooldown_bar/1.png","chars":[""],"height":22,"ascent":-42,"type":"bitmap"},{"file":"_iainternal:hud/small_cooldown_bar/2.png","chars":[""],"height":22,"ascent":-42,"type":"bitmap"},{"file":"_iainternal:hud/small_cooldown_bar/3.png","chars":[""],"height":22,"ascent":-42,"type":"bitmap"},{"file":"_iainternal:hud/small_cooldown_bar/4.png","chars":[""],"height":22,"ascent":-42,"type":"bitmap"},{"file":"_iainternal:hud/small_cooldown_bar/5.png","chars":[""],"height":22,"ascent":-42,"type":"bitmap"},{"file":"_iainternal:hud/small_cooldown_bar/6.png","chars":[""],"height":22,"ascent":-42,"type":"bitmap"},{"file":"_iainternal:hud/small_cooldown_bar/7.png","chars":[""],"height":22,"ascent":-42,"type":"bitmap"},{"file":"_iainternal:hud/small_cooldown_bar/8.png","chars":[""],"height":22,"ascent":-42,"type":"bitmap"},{"file":"_iainternal:hud/small_cooldown_bar/9.png","chars":[""],"height":22,"ascent":-42,"type":"bitmap"},{"file":"_iainternal:hud/small_cooldown_bar/10.png","chars":[""],"height":22,"ascent":-42,"type":"bitmap"},{"file":"_iainternal:hud/small_cooldown_bar/11.png","chars":[""],"height":22,"ascent":-42,"type":"bitmap"},{"file":"_iainternal:hud/small_cooldown_bar/12.png","chars":[""],"height":22,"ascent":-42,"type":"bitmap"},{"file":"_iainternal:hud/small_cooldown_bar/13.png","chars":[""],"height":22,"ascent":-42,"type":"bitmap"},{"file":"_iainternal:hud/small_cooldown_bar/14.png","chars":[""],"height":22,"ascent":-42,"type":"bitmap"},{"file":"_iainternal:hud/small_cooldown_bar/15.png","chars":[""],"height":22,"ascent":-42,"type":"bitmap"},{"file":"_iainternal:hud/small_cooldown_bar/16.png","chars":[""],"height":22,"ascent":-42,"type":"bitmap"},{"file":"_iainternal:hud/small_cooldown_bar/17.png","chars":[""],"height":22,"ascent":-42,"type":"bitmap"},{"file":"_iainternal:hud/small_cooldown_bar/18.png","chars":[""],"height":22,"ascent":-42,"type":"bitmap"},{"file":"_iainternal:hud/small_cooldown_bar/19.png","chars":[""],"height":22,"ascent":-42,"type":"bitmap"},{"file":"_iainternal:hud/small_cooldown_bar/20.png","chars":[""],"height":22,"ascent":-42,"type":"bitmap"},{"file":"iadeco:gui/vending_machine_left.png","chars":[""],"height":164,"ascent":12,"type":"bitmap"},{"file":"iadeco:gui/vending_machine_right.png","chars":[""],"height":164,"ascent":12,"type":"bitmap"},{"file":"thecastle:interface/logo.png","chars":[""],"height":78,"ascent":78,"type":"bitmap"},{"file":"thecastle:interface/pause_menu.png","chars":[""],"height":227,"ascent":133,"type":"bitmap"},{"file":"thecastle:interface/tab_header.png","chars":[""],"height":75,"ascent":74,"type":"bitmap"},{"file":"thecastle:interface/scoreboard/logo_frame0.png","chars":[""],"height":38,"ascent":37,"type":"bitmap"},{"file":"thecastle:interface/scoreboard/logo_frame1.png","chars":[""],"height":38,"ascent":37,"type":"bitmap"},{"file":"thecastle:interface/scoreboard/logo_frame2.png","chars":[""],"height":38,"ascent":37,"type":"bitmap"},{"file":"thecastle:interface/scoreboard/logo_frame3.png","chars":[""],"height":38,"ascent":37,"type":"bitmap"},{"file":"thecastle:interface/scoreboard/logo_frame4.png","chars":[""],"height":38,"ascent":37,"type":"bitmap"},{"file":"thecastle:interface/scoreboard/logo_frame5.png","chars":[""],"height":38,"ascent":37,"type":"bitmap"},{"file":"thecastle:interface/scoreboard/logo_frame6.png","chars":[""],"height":38,"ascent":37,"type":"bitmap"},{"file":"thecastle:interface/scoreboard/logo_frame7.png","chars":[""],"height":38,"ascent":37,"type":"bitmap"},{"file":"thecastle:tags/flags/aroace.png","chars":[""],"height":9,"ascent":8,"type":"bitmap"},{"file":"thecastle:tags/flags/aromantic.png","chars":[""],"height":9,"ascent":8,"type":"bitmap"},{"file":"thecastle:tags/flags/asexual.png","chars":[""],"height":9,"ascent":8,"type":"bitmap"},{"file":"thecastle:tags/flags/bisexual.png","chars":[""],"height":9,"ascent":8,"type":"bitmap"},{"file":"thecastle:tags/flags/demisexual.png","chars":[""],"height":9,"ascent":8,"type":"bitmap"},{"file":"thecastle:tags/flags/lesbian.png","chars":[""],"height":9,"ascent":8,"type":"bitmap"},{"file":"thecastle:tags/flags/non_binary.png","chars":[""],"height":9,"ascent":8,"type":"bitmap"},{"file":"thecastle:tags/flags/transgender.png","chars":[""],"height":9,"ascent":8,"type":"bitmap"},{"file":"thecastle:tags/flags/gay.png","chars":[""],"height":9,"ascent":8,"type":"bitmap"},{"file":"thecastle:tags/flags/straight.png","chars":[""],"height":9,"ascent":8,"type":"bitmap"},{"file":"thecastle:tags/flags/pansexual.png","chars":[""],"height":9,"ascent":8,"type":"bitmap"},{"file":"iadeco:gui/coffee_machine_left.png","chars":[""],"height":164,"ascent":12,"type":"bitmap"},{"file":"iadeco:gui/coffee_machine_right.png","chars":[""],"height":164,"ascent":12,"type":"bitmap"},{"file":"_iainternal:gui/no_recipe.png","chars":[""],"height":170,"ascent":47,"type":"bitmap"},{"file":"_iainternal:gui/crafting.png","chars":[""],"height":170,"ascent":47,"type":"bitmap"},{"file":"_iainternal:gui/cooking.png","chars":[""],"height":170,"ascent":47,"type":"bitmap"},{"file":"_iainternal:gui/blank_menu.png","chars":[""],"height":170,"ascent":47,"type":"bitmap"},{"file":"_iainternal:gui/anvil_repair.png","chars":[""],"height":170,"ascent":47,"type":"bitmap"},{"file":"_iainternal:gui/smithing.png","chars":[""],"height":170,"ascent":47,"type":"bitmap"},{"file":"thecastle:prefix/owner.png","chars":[""],"height":9,"ascent":8,"type":"bitmap"},{"file":"thecastle:prefix/cute.png","chars":[""],"height":9,"ascent":8,"type":"bitmap"},{"file":"thecastle:prefix/admin.png","chars":[""],"height":9,"ascent":8,"type":"bitmap"},{"file":"thecastle:prefix/dev.png","chars":[""],"height":9,"ascent":8,"type":"bitmap"},{"file":"thecastle:prefix/team.png","chars":[""],"height":9,"ascent":8,"type":"bitmap"},{"file":"thecastle:prefix/mod.png","chars":[""],"height":9,"ascent":8,"type":"bitmap"},{"file":"thecastle:prefix/helper.png","chars":[""],"height":9,"ascent":8,"type":"bitmap"},{"file":"thecastle:prefix/media.png","chars":[""],"height":9,"ascent":8,"type":"bitmap"},{"file":"thecastle:prefix/terrorist.png","chars":[""],"height":9,"ascent":8,"type":"bitmap"},{"file":"thecastle:prefix/pro.png","chars":[""],"height":9,"ascent":8,"type":"bitmap"},{"file":"thecastle:prefix/plus.png","chars":[""],"height":9,"ascent":8,"type":"bitmap"},{"file":"thecastle:prefix/player.png","chars":[""],"height":9,"ascent":8,"type":"bitmap"},{"file":"thecastle:prefix/discord.png","chars":[""],"height":9,"ascent":8,"type":"bitmap"},{"file":"thecastle:prefix/staff.png","chars":[""],"height":9,"ascent":8,"type":"bitmap"},{"file":"thecastle:prefix/friend.png","chars":[""],"height":9,"ascent":8,"type":"bitmap"},{"file":"char/black.png","chars":[""],"height":1,"ascent":-5000,"type":"bitmap"},{"file":"char/black.png","chars":[""],"height":2,"ascent":-5000,"type":"bitmap"},{"file":"char/black.png","chars":[""],"height":3,"ascent":-5000,"type":"bitmap"},{"file":"char/black.png","chars":[""],"height":4,"ascent":-5000,"type":"bitmap"},{"file":"char/black.png","chars":[""],"height":5,"ascent":-5000,"type":"bitmap"},{"file":"char/black.png","chars":[""],"height":6,"ascent":-5000,"type":"bitmap"},{"file":"char/black.png","chars":[""],"height":7,"ascent":-5000,"type":"bitmap"},{"file":"char/black.png","chars":[""],"height":15,"ascent":-5000,"type":"bitmap"},{"file":"char/black.png","chars":[""],"height":31,"ascent":-5000,"type":"bitmap"},{"file":"char/black.png","chars":[""],"height":63,"ascent":-5000,"type":"bitmap"},{"file":"char/black.png","chars":[""],"height":127,"ascent":-5000,"type":"bitmap"},{"file":"char/black.png","chars":[""],"height":256,"ascent":-5000,"type":"bitmap"},{"file":"char/black.png","chars":[""],"height":512,"ascent":-5000,"type":"bitmap"},{"file":"char/black.png","chars":[""],"height":1024,"ascent":-5000,"type":"bitmap"},{"file":"char/black.png","chars":[""],"height":-3,"ascent":-5000,"type":"bitmap"},{"file":"char/black.png","chars":[""],"height":-4,"ascent":-5000,"type":"bitmap"},{"file":"char/black.png","chars":[""],"height":-5,"ascent":-5000,"type":"bitmap"},{"file":"char/black.png","chars":[""],"height":-6,"ascent":-5000,"type":"bitmap"},{"file":"char/black.png","chars":[""],"height":-7,"ascent":-5000,"type":"bitmap"},{"file":"char/black.png","chars":[""],"height":-8,"ascent":-5000,"type":"bitmap"},{"file":"char/black.png","chars":[""],"height":-9,"ascent":-5000,"type":"bitmap"},{"file":"char/black.png","chars":[""],"height":-10,"ascent":-5000,"type":"bitmap"},{"file":"char/black.png","chars":[""],"height":-18,"ascent":-5000,"type":"bitmap"},{"file":"char/black.png","chars":[""],"height":-34,"ascent":-5000,"type":"bitmap"},{"file":"char/black.png","chars":[""],"height":-66,"ascent":-5000,"type":"bitmap"},{"file":"char/black.png","chars":[""],"height":-130,"ascent":-5000,"type":"bitmap"},{"file":"char/black.png","chars":[""],"height":-259,"ascent":-5000,"type":"bitmap"},{"file":"char/black.png","chars":[""],"height":-515,"ascent":-5000,"type":"bitmap"},{"file":"char/black.png","chars":[""],"height":-1027,"ascent":-5000,"type":"bitmap"}]}