{"model":{"type":"minecraft:range_dispatch","property":"minecraft:custom_model_data","entries":[{"model":{"type":"minecraft:model","model":"minecraft:item/leather_horse_armor","tints":[{"type":"minecraft:dye","default":-6265536}]},"threshold":0.0},{"threshold":1000.0,"model":{"model":"nexo:11c04624-42a9-4fe3-a416-2ac054e6dd03","type":"minecraft:model","tints":[{"type":"minecraft:dye","default":-6265536}]}},{"threshold":1001.0,"model":{"model":"nexo:f40c7cc8-970c-4141-b0fc-ee3b10b77ec7","type":"minecraft:model","tints":[{"type":"minecraft:dye","default":-6265536}]}},{"threshold":1002.0,"model":{"model":"nexo:fd350b33-b5db-4f9a-a35f-8673b8ab4fb5","type":"minecraft:model","tints":[{"type":"minecraft:dye","default":-6265536}]}},{"threshold":1003.0,"model":{"model":"nexo:cfa51e21-9d86-4fdd-b2de-f956b1fec0c1","type":"minecraft:model","tints":[{"type":"minecraft:dye","default":-6265536}]}}]}}