{"model":{"type":"minecraft:range_dispatch","property":"minecraft:custom_model_data","entries":[{"threshold":1000.0,"model":{"model":"nexo:1e1bf314-4535-4c42-ae66-9af3a4a58186","type":"minecraft:model"}},{"threshold":1001.0,"model":{"model":"nexo:8cabec6d-5339-4781-a115-98655773fa59","type":"minecraft:model"}},{"threshold":1002.0,"model":{"model":"nexo:14e47d86-a73d-4926-b438-b43a3c777b8c","type":"minecraft:model"}},{"threshold":1003.0,"model":{"model":"nexo:71226ca3-43b3-4b77-b64d-da6cc77fc8e7","type":"minecraft:model"}},{"threshold":1004.0,"model":{"model":"nexo:4569ad55-41e9-4438-a23f-c1f13336f9e8","type":"minecraft:model"}},{"threshold":1005.0,"model":{"model":"nexo:9083e178-eda4-4fb4-97e2-9b926e972431","type":"minecraft:model"}},{"threshold":1006.0,"model":{"model":"minecraft:0138e8bc-b192-43b9-9c34-3ea56d547886","type":"minecraft:model"}},{"threshold":1007.0,"model":{"model":"minecraft:377344ab-9274-44cc-9606-469152032fdf","type":"minecraft:model"}},{"threshold":1008.0,"model":{"model":"minecraft:af0a0212-5d10-4322-94fe-dc7ab359e144","type":"minecraft:model"}},{"threshold":1013.0,"model":{"model":"minecraft:bb85ae13-f833-471c-ad12-61fdfc82ce76","type":"minecraft:model"}},{"threshold":1014.0,"model":{"model":"minecraft:5714e949-a20a-4417-bf22-6f637985abe8","type":"minecraft:model"}},{"threshold":1015.0,"model":{"model":"minecraft:de24f5c0-62de-4763-8656-5cdec8085fbe","type":"minecraft:model"}},{"threshold":1040.0,"model":{"model":"minecraft:4b453ab3-7a14-49ac-8ed1-fd8395246f04","type":"minecraft:model"}},{"threshold":1041.0,"model":{"model":"minecraft:11163896-40f6-4da7-85a9-24cae466d31f","type":"minecraft:model"}},{"threshold":1042.0,"model":{"model":"minecraft:0c60fc0f-ebc0-4011-9134-4b59f01c044e","type":"minecraft:model"}},{"threshold":1043.0,"model":{"model":"minecraft:cfd30e27-55af-43e7-a80d-44895cbe4705","type":"minecraft:model"}},{"threshold":1044.0,"model":{"model":"minecraft:aee7e800-c9dd-465a-9666-2cf5a3308982","type":"minecraft:model"}},{"threshold":1045.0,"model":{"model":"minecraft:d621b95f-992d-4522-a574-3c93478cc69d","type":"minecraft:model"}},{"threshold":1046.0,"model":{"model":"minecraft:1cf0a35d-a0b0-48b5-abbf-47239eb7ac68","type":"minecraft:model"}},{"threshold":1047.0,"model":{"model":"minecraft:ac42c1bd-55b9-48c4-8e4f-98601a92f655","type":"minecraft:model"}},{"threshold":1048.0,"model":{"model":"minecraft:ec9fc06b-676d-4e0b-a32b-1bbd63f2d474","type":"minecraft:model"}},{"threshold":1049.0,"model":{"model":"minecraft:e686e616-14b5-47d8-a4c4-c298e8834a67","type":"minecraft:model"}},{"threshold":1050.0,"model":{"model":"minecraft:4ee93c27-0329-4232-9613-958f8c0eaf3b","type":"minecraft:model"}},{"threshold":1051.0,"model":{"model":"minecraft:a17f14d1-e254-4e65-9e64-346aa02d94cd","type":"minecraft:model"}},{"threshold":1052.0,"model":{"model":"minecraft:f2a6a27d-f75d-42bd-a058-5d259699938e","type":"minecraft:model"}},{"threshold":1053.0,"model":{"model":"minecraft:ff6fd3e1-5cf0-47cb-8863-8e191af2e2bd","type":"minecraft:model"}},{"threshold":1054.0,"model":{"model":"minecraft:98514b64-706a-4b13-99a0-8ed296d18a9d","type":"minecraft:model"}},{"threshold":1055.0,"model":{"model":"minecraft:53e2e388-c1bc-48f9-860a-3d7187e5d3e5","type":"minecraft:model"}},{"threshold":1056.0,"model":{"model":"minecraft:42834098-dec0-4f02-82a4-c1506d98aa64","type":"minecraft:model"}},{"threshold":1057.0,"model":{"model":"minecraft:0c9e3920-0c24-4b9d-b0b4-a69e7784887a","type":"minecraft:model"}},{"threshold":1058.0,"model":{"model":"minecraft:7f6d9941-db42-4342-8c6f-c024e1cb8c6a","type":"minecraft:model"}},{"threshold":1059.0,"model":{"model":"minecraft:f29308c0-f396-4b8b-9133-4a83878d5b5f","type":"minecraft:model"}},{"threshold":1060.0,"model":{"model":"minecraft:bd2a02e3-6e23-448b-869e-77605f10f647","type":"minecraft:model"}},{"threshold":1061.0,"model":{"model":"minecraft:bd2d01fd-790a-406e-847d-d223f77f63f5","type":"minecraft:model"}},{"threshold":1062.0,"model":{"model":"minecraft:d7f3f36f-9932-4ccf-abf2-917b44263682","type":"minecraft:model"}},{"threshold":1063.0,"model":{"model":"minecraft:5aafd6f1-8da8-4251-b0db-a22a1dd3d68b","type":"minecraft:model"}},{"threshold":1064.0,"model":{"model":"minecraft:a2dc86bf-e282-45df-a0b0-735de9de0511","type":"minecraft:model"}},{"threshold":1065.0,"model":{"model":"minecraft:56736aae-77f5-4608-badb-9f4d150d8ba1","type":"minecraft:model"}},{"threshold":1066.0,"model":{"model":"minecraft:dde6c658-8728-4bb4-aaad-649e7ecd81fb","type":"minecraft:model"}},{"threshold":1067.0,"model":{"model":"minecraft:a1bceb77-5fb2-41a1-9b5d-a8e1301e276b","type":"minecraft:model"}},{"threshold":1068.0,"model":{"model":"minecraft:d7d190b4-230e-4814-ac7e-eda0a03fb596","type":"minecraft:model"}},{"threshold":1069.0,"model":{"model":"minecraft:21e7b6b9-225b-41e6-82a0-98dfe3775288","type":"minecraft:model"}},{"threshold":1070.0,"model":{"model":"minecraft:891bcfef-8601-4def-a892-fa13ecd798d1","type":"minecraft:model"}}],"scale":1.0,"fallback":{"type":"minecraft:model","model":"minecraft:item/paper"}}}