{"model":{"type":"minecraft:condition","on_false":{"type":"minecraft:range_dispatch","property":"minecraft:custom_model_data","entries":[{"model":{"type":"minecraft:special","base":"minecraft:item/shield","model":{"type":"minecraft:shield"}},"threshold":0.0},{"threshold":1000.0,"model":{"model":"nexo:61f6d512-f1b7-44bd-b8dc-801affcfb888","type":"minecraft:model"}}]},"on_true":{"type":"minecraft:range_dispatch","property":"minecraft:custom_model_data","entries":[{"model":{"type":"minecraft:special","base":"minecraft:item/shield_blocking","model":{"type":"minecraft:shield"}},"threshold":0.0},{"threshold":1000.0,"model":{"model":"nexo:2d9a5d51-ae1f-491a-907b-a0ffd7217575","type":"minecraft:model"}}]},"property":"minecraft:using_item"}}