{"textures":{"1":"item/firework_rocket","2":"block/iron_block","particle":"block/iron_block"},"elements":[{"from":[4,5,30],"to":[11,12,31],"faces":{"north":{"uv":[0,0,16,3],"texture":"#2"},"east":{"uv":[0,0,16,3],"texture":"#2"},"south":{"uv":[0,0,16,3],"texture":"#2"},"west":{"uv":[0,0,16,3],"texture":"#2"},"up":{"uv":[0,0,16,3],"texture":"#2"},"down":{"uv":[0,0,16,3],"texture":"#2"}}},{"from":[6,7,-2],"to":[9,10,30],"faces":{"north":{"uv":[0,0,16,3],"texture":"#2"},"east":{"uv":[0,0,16,3],"texture":"#2"},"south":{"uv":[0,0,16,3],"texture":"#2"},"west":{"uv":[0,0,16,3],"texture":"#2"},"up":{"uv":[0,0,16,3],"texture":"#2"},"down":{"uv":[0,0,16,3],"texture":"#2"}}},{"from":[7,2,7],"to":[8,7,8],"faces":{"north":{"uv":[0,0,16,3],"texture":"#2"},"east":{"uv":[0,0,16,3],"texture":"#2"},"south":{"uv":[0,0,16,3],"texture":"#2"},"west":{"uv":[0,0,16,3],"texture":"#2"},"up":{"uv":[0,0,16,3],"texture":"#2"},"down":{"uv":[0,0,16,3],"texture":"#2"}}},{"from":[7,4,17],"to":[8,7,18],"faces":{"north":{"uv":[0,0,16,3],"texture":"#2"},"east":{"uv":[0,0,16,3],"texture":"#2"},"south":{"uv":[0,0,16,3],"texture":"#2"},"west":{"uv":[0,0,16,3],"texture":"#2"},"up":{"uv":[0,0,16,3],"texture":"#2"},"down":{"uv":[0,0,16,3],"texture":"#2"}}},{"name":"firework_rocket_0","from":[7.20285,8.20356,-16],"to":[8.20285,9.20356,-4],"rotation":{"angle":0,"axis":"z","origin":[7.7032,7.50036,-8.51606]},"faces":{"north":{"uv":[9,2,8,3],"rotation":270,"texture":"#1"},"east":{"uv":[8,2,9,14],"rotation":90,"texture":"#1"},"south":{"uv":[8,13,9,14],"rotation":90,"texture":"#1"},"west":{"uv":[8,14,9,2],"rotation":90,"texture":"#1"},"up":{"uv":[8,2,9,14],"texture":"#1"},"down":{"uv":[8,2,9,14],"rotation":180,"texture":"#1"}}},{"name":"firework_rocket_1","from":[7.20285,8.20356,-4],"to":[8.20285,9.20356,-2],"rotation":{"angle":0,"axis":"z","origin":[7.7032,7.50036,-8.51606]},"faces":{"north":{"uv":[8,14,9,13],"rotation":90,"texture":"#1"},"east":{"uv":[8,14,9,13],"rotation":90,"texture":"#1"},"south":{"uv":[8,14,9,13],"rotation":90,"texture":"#1"},"west":{"uv":[8,14,9,13],"rotation":90,"texture":"#1"},"up":{"uv":[8,14,9,13],"rotation":90,"texture":"#1"},"down":{"uv":[8,14,9,13],"rotation":90,"texture":"#1"}}},{"name":"firework_rocket_1","from":[7.20285,9.20356,-15],"to":[8.20285,10.20356,-4],"rotation":{"angle":0,"axis":"z","origin":[7.7032,7.50036,-8.51606]},"faces":{"north":{"uv":[8,3,7,4],"rotation":270,"texture":"#1"},"east":{"uv":[7,3,8,14],"rotation":90,"texture":"#1"},"south":{"uv":[7,13,8,14],"rotation":90,"texture":"#1"},"west":{"uv":[7,14,8,3],"rotation":90,"texture":"#1"},"up":{"uv":[7,3,8,14],"texture":"#1"},"down":{"uv":[7,3,8,14],"rotation":180,"texture":"#1"}}},{"name":"firework_rocket_2","from":[7.20285,7.20356,-15],"to":[8.20285,8.20356,-4],"rotation":{"angle":0,"axis":"z","origin":[7.7032,7.50036,-8.51606]},"faces":{"north":{"uv":[10,3,9,4],"rotation":270,"texture":"#1"},"east":{"uv":[9,3,10,15],"rotation":90,"texture":"#1"},"south":{"uv":[9,14,10,15],"rotation":90,"texture":"#1"},"west":{"uv":[9,14,10,3],"rotation":90,"texture":"#1"},"up":{"uv":[9,3,10,15],"texture":"#1"},"down":{"uv":[9,3,10,15],"rotation":180,"texture":"#1"}}},{"name":"firework_rocket_3","from":[7.20285,10.20356,-14],"to":[8.20285,11.20356,-12],"rotation":{"angle":0,"axis":"z","origin":[7.7032,7.50036,-8.51606]},"faces":{"north":{"uv":[7,4,6,5],"rotation":270,"texture":"#1"},"east":{"uv":[6,4,7,6],"rotation":90,"texture":"#1"},"south":{"uv":[6,5,7,6],"rotation":90,"texture":"#1"},"west":{"uv":[6,6,7,4],"rotation":90,"texture":"#1"},"up":{"uv":[6,4,7,6],"texture":"#1"},"down":{"uv":[6,4,7,6],"rotation":180,"texture":"#1"}}},{"name":"firework_rocket_4","from":[7.20285,6.20356,-14],"to":[8.20285,7.20356,-12],"rotation":{"angle":0,"axis":"z","origin":[7.7032,7.50036,-8.51606]},"faces":{"north":{"uv":[11,4,10,5],"rotation":270,"texture":"#1"},"east":{"uv":[10,4,11,6],"rotation":90,"texture":"#1"},"south":{"uv":[10,5,11,6],"rotation":90,"texture":"#1"},"west":{"uv":[10,6,11,4],"rotation":90,"texture":"#1"},"up":{"uv":[10,4,11,6],"texture":"#1"},"down":{"uv":[10,4,11,6],"rotation":180,"texture":"#1"}}}],"display":{"thirdperson_righthand":{"translation":[0.5,1.25,0.5]},"firstperson_righthand":{"rotation":[0,-17,0],"translation":[8.25,4.5,2]},"ground":{"translation":[0,5.5,0],"scale":[0.6,0.6,0.6]},"gui":{"rotation":[-90,-133,-90],"translation":[0.5,0,0],"scale":[0.46,0.46,0.42]},"head":{"rotation":[0,90,0],"translation":[-4.5,9.25,0]},"fixed":{"rotation":[90,44,-90],"translation":[-0.25,0,-1.5],"scale":[0.5,0.5,0.5]}},"groups":[{"name":"group","origin":[8,8,8],"color":0,"boneType":"","children":[0,1,2,3]},{"name":"firework_rocket","origin":[8,8,8],"color":0,"boneType":"","children":[4,5,6,7,8,9]}]}