{"sources":[{"type":"single","resource":"block/black_concrete"},{"type":"single","resource":"block/black_concrete"},{"type":"single","resource":"block/black_wool"},{"type":"single","resource":"block/black_wool"},{"type":"single","resource":"block/black_wool"},{"type":"single","resource":"block/black_wool"},{"type":"single","resource":"block/cobblestone"},{"type":"single","resource":"block/cobblestone"},{"type":"single","resource":"block/dark_oak_planks"},{"type":"single","resource":"block/mossy_cobblestone"},{"type":"single","resource":"block/mossy_cobblestone"},{"type":"single","resource":"block/white_concrete"},{"type":"single","resource":"block/white_concrete"},{"type":"single","resource":"block/white_concrete"},{"type":"single","resource":"block/white_concrete"},{"type":"single","resource":"37612d07-f312-4ef7-bdc9-bcc933b6896a:7690f282-ea5e-480f-af68-2c6e9f1ce9ea"},{"type":"single","resource":"37612d07-f312-4ef7-bdc9-bcc933b6896a:7690f282-ea5e-480f-af68-2c6e9f1ce9ea"},{"type":"single","resource":"37612d07-f312-4ef7-bdc9-bcc933b6896a:53d9f4d4-d08a-4e6c-83cc-5f0cb187ce7e"},{"type":"single","resource":"37612d07-f312-4ef7-bdc9-bcc933b6896a:53d9f4d4-d08a-4e6c-83cc-5f0cb187ce7e"},{"type":"single","resource":"37612d07-f312-4ef7-bdc9-bcc933b6896a:fa2793d6-49ee-4052-85bb-56121913a1aa"},{"type":"single","resource":"37612d07-f312-4ef7-bdc9-bcc933b6896a:fa2793d6-49ee-4052-85bb-56121913a1aa"},{"type":"single","resource":"37612d07-f312-4ef7-bdc9-bcc933b6896a:a5bb502a-f34e-4956-a4d1-8598b19eef15"},{"type":"single","resource":"37612d07-f312-4ef7-bdc9-bcc933b6896a:a5bb502a-f34e-4956-a4d1-8598b19eef15"},{"type":"single","resource":"37612d07-f312-4ef7-bdc9-bcc933b6896a:de5140d2-67fe-42a9-9581-5c7037006cad"},{"type":"single","resource":"37612d07-f312-4ef7-bdc9-bcc933b6896a:de5140d2-67fe-42a9-9581-5c7037006cad"},{"type":"single","resource":"37612d07-f312-4ef7-bdc9-bcc933b6896a:d7280a40-43b1-4cf5-a6be-9c7cf4739fb9"},{"type":"single","resource":"37612d07-f312-4ef7-bdc9-bcc933b6896a:d7280a40-43b1-4cf5-a6be-9c7cf4739fb9"},{"type":"single","resource":"37612d07-f312-4ef7-bdc9-bcc933b6896a:6b5351a4-3c55-4444-b537-b1a187a545f6"},{"type":"single","resource":"37612d07-f312-4ef7-bdc9-bcc933b6896a:2b30b59d-dda1-4cc7-901f-3cac747e9793"},{"type":"single","resource":"37612d07-f312-4ef7-bdc9-bcc933b6896a:459a2532-df91-47db-8d8a-65b50fe0721c"},{"type":"single","resource":"37612d07-f312-4ef7-bdc9-bcc933b6896a:a3694331-0058-4a09-afea-008b4c87a721"},{"type":"single","resource":"37612d07-f312-4ef7-bdc9-bcc933b6896a:ed5ba404-e84c-4200-ab6e-ceb92a6f658e"},{"type":"single","resource":"37612d07-f312-4ef7-bdc9-bcc933b6896a:5e6dbf74-dc00-4f17-9500-b98d1f3940e9"},{"type":"single","resource":"37612d07-f312-4ef7-bdc9-bcc933b6896a:d49be670-a9f8-4354-afe8-8f9cfdf7ab15"},{"type":"single","resource":"37612d07-f312-4ef7-bdc9-bcc933b6896a:d49be670-a9f8-4354-afe8-8f9cfdf7ab15"},{"type":"single","resource":"37612d07-f312-4ef7-bdc9-bcc933b6896a:5776b93c-6de4-4ce5-a5aa-ac1b4d4e3a6a"},{"type":"single","resource":"37612d07-f312-4ef7-bdc9-bcc933b6896a:3d9531cb-148c-40b8-9727-8a91979f7f48"},{"type":"single","resource":"37612d07-f312-4ef7-bdc9-bcc933b6896a:3d9531cb-148c-40b8-9727-8a91979f7f48"},{"type":"single","resource":"37612d07-f312-4ef7-bdc9-bcc933b6896a:30e9259f-9285-4007-a6f9-893c43c74b70"},{"type":"single","resource":"37612d07-f312-4ef7-bdc9-bcc933b6896a:dd8b5869-f47a-40fe-91df-67a041e2608c"},{"type":"single","resource":"37612d07-f312-4ef7-bdc9-bcc933b6896a:91fe94f8-d22d-4c06-9ef6-16c7ce05c228"},{"type":"single","resource":"37612d07-f312-4ef7-bdc9-bcc933b6896a:20954c29-b90d-46eb-81eb-22b333542a7a"},{"type":"single","resource":"37612d07-f312-4ef7-bdc9-bcc933b6896a:20954c29-b90d-46eb-81eb-22b333542a7a"},{"type":"single","resource":"37612d07-f312-4ef7-bdc9-bcc933b6896a:862d85bc-84dd-4c50-b872-293f56314f3c"},{"type":"single","resource":"37612d07-f312-4ef7-bdc9-bcc933b6896a:862d85bc-84dd-4c50-b872-293f56314f3c"},{"type":"single","resource":"37612d07-f312-4ef7-bdc9-bcc933b6896a:06fa1f11-3f3c-4114-958a-f27f249c4405"},{"type":"single","resource":"37612d07-f312-4ef7-bdc9-bcc933b6896a:a81cdbd9-84b1-4223-8330-68de286a4a44"},{"type":"single","resource":"37612d07-f312-4ef7-bdc9-bcc933b6896a:d46c00a6-8993-4d63-b604-4027ede9ece5"},{"type":"single","resource":"37612d07-f312-4ef7-bdc9-bcc933b6896a:e29e8081-216c-435c-97ca-df984d8f01d8"},{"type":"single","resource":"37612d07-f312-4ef7-bdc9-bcc933b6896a:c1930b73-6353-4273-8673-d39c5dc9cf3e"},{"type":"single","resource":"37612d07-f312-4ef7-bdc9-bcc933b6896a:43e23b0e-62aa-44db-bd5d-7c8ebd25cb5a"},{"type":"single","resource":"37612d07-f312-4ef7-bdc9-bcc933b6896a:5773c780-961c-4f94-a1d0-aff74e3067cc"},{"type":"single","resource":"37612d07-f312-4ef7-bdc9-bcc933b6896a:144a4a95-f4e0-4099-9a1b-cc3b1cdd72ec"},{"type":"single","resource":"37612d07-f312-4ef7-bdc9-bcc933b6896a:7e42e248-7d31-42a0-9d24-72e2e536f7e4"},{"type":"single","resource":"37612d07-f312-4ef7-bdc9-bcc933b6896a:591db70e-2ea0-4698-8bf4-030b1934d22b"},{"type":"single","resource":"37612d07-f312-4ef7-bdc9-bcc933b6896a:1275ff8c-78ce-48d7-a286-e03d8875a5df"},{"type":"single","resource":"37612d07-f312-4ef7-bdc9-bcc933b6896a:9f8df448-b623-4eed-a34f-dc3f8b5a35fd"},{"type":"single","resource":"37612d07-f312-4ef7-bdc9-bcc933b6896a:ef1d4727-23bd-4a71-8b84-059cbe38914b"},{"type":"single","resource":"37612d07-f312-4ef7-bdc9-bcc933b6896a:74d6288c-40fa-44e4-af67-449caa30acd5"},{"type":"single","resource":"37612d07-f312-4ef7-bdc9-bcc933b6896a:88e964c3-a9eb-440b-b816-836924c3f6e1"},{"type":"single","resource":"37612d07-f312-4ef7-bdc9-bcc933b6896a:f5347856-d1c9-43b1-8da0-29129da0942c"},{"type":"single","resource":"37612d07-f312-4ef7-bdc9-bcc933b6896a:7e209b50-62d9-458a-80d1-b41291c70364"},{"type":"single","resource":"37612d07-f312-4ef7-bdc9-bcc933b6896a:c4052ff7-860c-4189-871a-4e515fb76ecb"},{"type":"single","resource":"37612d07-f312-4ef7-bdc9-bcc933b6896a:bca61229-0f82-4524-87cd-b8c3173ef2f4"},{"type":"single","resource":"37612d07-f312-4ef7-bdc9-bcc933b6896a:0104d7ba-3e72-4621-894e-7b260325c3df"},{"type":"single","resource":"37612d07-f312-4ef7-bdc9-bcc933b6896a:641555e6-97e7-40c6-bb13-228c54976378"},{"type":"single","resource":"37612d07-f312-4ef7-bdc9-bcc933b6896a:e755442b-c88a-4cdd-bc54-2bc7971953af"},{"type":"single","resource":"37612d07-f312-4ef7-bdc9-bcc933b6896a:a41f924f-504d-4e7e-9347-8d9d2066b774"},{"type":"single","resource":"64d5b394-de80-4ee7-ac87-e447672bf9bd:1f97ac18-dfa3-460a-b890-7a3901d41408"},{"type":"single","resource":"item/chainmail_boots"},{"type":"single","resource":"item/chainmail_chestplate"},{"type":"single","resource":"item/chainmail_helmet"},{"type":"single","resource":"item/chainmail_leggings"},{"type":"single","resource":"64d5b394-de80-4ee7-ac87-e447672bf9bd:73f1538b-5f57-455c-bb18-e7dd0024f7a1"},{"type":"single","resource":"64d5b394-de80-4ee7-ac87-e447672bf9bd:d658cdc4-b286-4bb7-a3d4-d01223e0cb60"},{"type":"single","resource":"64d5b394-de80-4ee7-ac87-e447672bf9bd:ab2baea4-efcb-4532-95f4-9d948e198be6"},{"type":"single","resource":"64d5b394-de80-4ee7-ac87-e447672bf9bd:aaf1cc0f-0faa-4095-b19a-f9a2a687ef14"},{"type":"single","resource":"37612d07-f312-4ef7-bdc9-bcc933b6896a:bf84b17f-92d0-4b6f-88b7-69ee496937b6"},{"type":"single","resource":"64d5b394-de80-4ee7-ac87-e447672bf9bd:8172d4e2-da98-412f-a276-0d693089e46e"},{"type":"single","resource":"37612d07-f312-4ef7-bdc9-bcc933b6896a:6fdb4b2b-69f1-432f-8628-75a1da515e5a"},{"type":"single","resource":"37612d07-f312-4ef7-bdc9-bcc933b6896a:7e2ce0db-df07-4479-85a0-22ad6eff3f55"},{"type":"single","resource":"37612d07-f312-4ef7-bdc9-bcc933b6896a:bf488a9c-4b3d-4b48-9c98-637390fb2d0e"},{"type":"single","resource":"37612d07-f312-4ef7-bdc9-bcc933b6896a:00533ca6-da2a-454a-a595-3530e321bb8f"},{"type":"single","resource":"37612d07-f312-4ef7-bdc9-bcc933b6896a:f4cfe15b-e457-4f0a-91cb-b801b241827f"},{"type":"single","resource":"37612d07-f312-4ef7-bdc9-bcc933b6896a:b8fcd6a3-339b-41b4-a830-42fb76469054"},{"type":"single","resource":"37612d07-f312-4ef7-bdc9-bcc933b6896a:513712de-57e8-441a-b83b-01cd7112df5d"},{"type":"single","resource":"37612d07-f312-4ef7-bdc9-bcc933b6896a:46c8a100-4db0-44af-9246-570e23861bc4"},{"type":"single","resource":"37612d07-f312-4ef7-bdc9-bcc933b6896a:62afe2f6-30cf-4ebf-af9d-47e673691d1c"},{"type":"single","resource":"37612d07-f312-4ef7-bdc9-bcc933b6896a:1735d731-5691-47db-946e-6be53aa5f470"},{"type":"single","resource":"37612d07-f312-4ef7-bdc9-bcc933b6896a:f7ff0252-3411-4f0e-8e5a-d2346895e2a7"},{"type":"single","resource":"37612d07-f312-4ef7-bdc9-bcc933b6896a:26f489ea-bb0c-4e05-a722-aa9ef34b64c9"},{"type":"single","resource":"37612d07-f312-4ef7-bdc9-bcc933b6896a:a47f7ac5-1b90-4149-aa13-5d3df6325f03"},{"type":"single","resource":"37612d07-f312-4ef7-bdc9-bcc933b6896a:9417fd1e-c801-4162-8c07-8d460498c815"},{"type":"single","resource":"37612d07-f312-4ef7-bdc9-bcc933b6896a:38b1c311-d64f-4d2c-b011-0b429acb5192"},{"type":"single","resource":"37612d07-f312-4ef7-bdc9-bcc933b6896a:5db45ed0-3126-4382-94a5-aec793c2449d"},{"type":"single","resource":"37612d07-f312-4ef7-bdc9-bcc933b6896a:d969e09c-555a-4a8d-b250-4f59af56d38b"},{"type":"single","resource":"37612d07-f312-4ef7-bdc9-bcc933b6896a:997c7893-9b37-41e7-9e2a-588e8674b51f"},{"type":"single","resource":"37612d07-f312-4ef7-bdc9-bcc933b6896a:997c7893-9b37-41e7-9e2a-588e8674b51f"},{"type":"single","resource":"37612d07-f312-4ef7-bdc9-bcc933b6896a:496ed3d3-f83a-42fe-bdc6-e7c72020eba1"},{"type":"single","resource":"37612d07-f312-4ef7-bdc9-bcc933b6896a:c7ab489d-6256-4b59-b47a-50eaa56215f8"},{"type":"single","resource":"37612d07-f312-4ef7-bdc9-bcc933b6896a:925bc76c-2e1b-48ef-bed2-48bc853149d2"},{"type":"single","resource":"37612d07-f312-4ef7-bdc9-bcc933b6896a:50303d6d-3453-440b-a19f-c0674fd94d7d"},{"type":"single","resource":"37612d07-f312-4ef7-bdc9-bcc933b6896a:c558038c-4fbc-431a-ba98-9b4bb28edd47"},{"type":"single","resource":"37612d07-f312-4ef7-bdc9-bcc933b6896a:ae0bf43c-e556-4680-8707-f6955361d5a7"},{"type":"single","resource":"37612d07-f312-4ef7-bdc9-bcc933b6896a:5c3a0494-a80c-4083-aae5-c6e917510f5b"},{"type":"single","resource":"37612d07-f312-4ef7-bdc9-bcc933b6896a:49479d87-1881-473e-8f65-355631c373bb"},{"type":"single","resource":"37612d07-f312-4ef7-bdc9-bcc933b6896a:34f2f974-dbe7-4561-a7f4-1b6774af903d"},{"type":"single","resource":"37612d07-f312-4ef7-bdc9-bcc933b6896a:0bcfd2ac-ce44-4f70-a1f8-a068eb7c3928"},{"type":"single","resource":"37612d07-f312-4ef7-bdc9-bcc933b6896a:39663aef-ff1a-4ad8-b112-2790a1932337"},{"type":"single","resource":"37612d07-f312-4ef7-bdc9-bcc933b6896a:a7942c9e-7d8c-4b86-bc74-a6730dc3f69b"},{"type":"single","resource":"37612d07-f312-4ef7-bdc9-bcc933b6896a:edd939cf-e390-4243-a11b-41dbbe503fc0"},{"type":"single","resource":"37612d07-f312-4ef7-bdc9-bcc933b6896a:bcba0506-7f64-4ac0-8e06-dd49ae211d15"},{"type":"single","resource":"37612d07-f312-4ef7-bdc9-bcc933b6896a:c759abbb-bd1c-45f1-903d-fdd20a6ce953"},{"type":"single","resource":"37612d07-f312-4ef7-bdc9-bcc933b6896a:eb1a552f-b359-4a54-97dc-9a487ca1e522"},{"type":"single","resource":"37612d07-f312-4ef7-bdc9-bcc933b6896a:2f02cf31-1460-40aa-9407-2d80f5b3fbfb"},{"type":"single","resource":"37612d07-f312-4ef7-bdc9-bcc933b6896a:2e19d20d-55ce-4cb7-979d-e23494db89ed"},{"type":"single","resource":"37612d07-f312-4ef7-bdc9-bcc933b6896a:3da17431-57c8-405a-a3fa-6b0b4883c336"},{"type":"single","resource":"37612d07-f312-4ef7-bdc9-bcc933b6896a:8bf82999-fe66-4960-a926-e3db013743ae"},{"type":"single","resource":"37612d07-f312-4ef7-bdc9-bcc933b6896a:54d2d30b-b444-43d7-a03e-2ff11282cf07"},{"type":"single","resource":"37612d07-f312-4ef7-bdc9-bcc933b6896a:33804eca-a4ad-41bc-818d-29fe109683b0"},{"type":"single","resource":"37612d07-f312-4ef7-bdc9-bcc933b6896a:2772b0f9-52a5-4b8b-8aaa-d8a4be1cd541"},{"type":"single","resource":"37612d07-f312-4ef7-bdc9-bcc933b6896a:3a975828-8025-4a33-9ae2-c53b2dc31d86"},{"type":"single","resource":"37612d07-f312-4ef7-bdc9-bcc933b6896a:72081598-4f99-49f4-a8c7-aa98a29d7876"},{"type":"single","resource":"37612d07-f312-4ef7-bdc9-bcc933b6896a:c0eeaa1d-99aa-4f4d-ab39-00cdf8a33668"},{"type":"single","resource":"37612d07-f312-4ef7-bdc9-bcc933b6896a:10a4eabd-195c-4769-8b16-09a8aa037ae4"},{"type":"single","resource":"37612d07-f312-4ef7-bdc9-bcc933b6896a:d6aa1d15-e9ae-4d43-a15d-e88c0b395c10"},{"type":"single","resource":"37612d07-f312-4ef7-bdc9-bcc933b6896a:fd73812d-0230-4085-88e5-502eb1ba5627"},{"type":"single","resource":"37612d07-f312-4ef7-bdc9-bcc933b6896a:2fccf91f-6d2c-4dc2-8cc3-49a5d2afb328"},{"type":"single","resource":"37612d07-f312-4ef7-bdc9-bcc933b6896a:a45f8fe9-a9a3-48fa-98f0-086f89ecd0b2"},{"type":"single","resource":"37612d07-f312-4ef7-bdc9-bcc933b6896a:9139ee5d-e1d5-4e66-be06-962a85849ffc"},{"type":"single","resource":"37612d07-f312-4ef7-bdc9-bcc933b6896a:bc7d4c07-e8df-4543-84d3-ede9b06a1344"},{"type":"single","resource":"37612d07-f312-4ef7-bdc9-bcc933b6896a:e8b67d66-ae16-4a21-8514-0036ae5d4237"},{"type":"single","resource":"37612d07-f312-4ef7-bdc9-bcc933b6896a:7c2ffc9a-8a09-4b23-9528-db66e9874c58"},{"type":"single","resource":"37612d07-f312-4ef7-bdc9-bcc933b6896a:bc15b693-3e47-4f47-b362-d7eaffa4c006"},{"type":"single","resource":"37612d07-f312-4ef7-bdc9-bcc933b6896a:e5c17ab6-7bf4-4154-bfa7-ca3ea5f23360"},{"type":"single","resource":"37612d07-f312-4ef7-bdc9-bcc933b6896a:8a080246-4c78-49c9-9f4c-2befaae92d83"},{"type":"single","resource":"37612d07-f312-4ef7-bdc9-bcc933b6896a:2b3d1807-3ccc-4aba-b606-8dc97b4877c7"},{"type":"single","resource":"37612d07-f312-4ef7-bdc9-bcc933b6896a:5b5ab5a9-91c0-4c73-9229-d13294d02a93"},{"type":"single","resource":"37612d07-f312-4ef7-bdc9-bcc933b6896a:44a2ff5b-ad7b-4c9c-812c-8af1450b3ba0"},{"type":"single","resource":"37612d07-f312-4ef7-bdc9-bcc933b6896a:440e8b9d-bf19-4327-8dc3-364c1614655a"},{"type":"single","resource":"37612d07-f312-4ef7-bdc9-bcc933b6896a:70e2a15d-788b-4ca8-a70a-bc9387dc5f04"},{"type":"single","resource":"37612d07-f312-4ef7-bdc9-bcc933b6896a:d56c43ad-c1fe-418f-b63d-b35520eb8ce5"},{"type":"single","resource":"37612d07-f312-4ef7-bdc9-bcc933b6896a:a7ec861e-4a5c-4ce6-8a97-4cf7b27e6708"},{"type":"single","resource":"37612d07-f312-4ef7-bdc9-bcc933b6896a:63138500-2603-49fe-8900-00cf4dc4f4a9"},{"type":"single","resource":"37612d07-f312-4ef7-bdc9-bcc933b6896a:aa69a922-0e6e-4469-8035-7d266b9154a0"},{"type":"single","resource":"37612d07-f312-4ef7-bdc9-bcc933b6896a:6cfcd5ae-9ee8-4398-9bac-01b0416c095a"},{"type":"single","resource":"37612d07-f312-4ef7-bdc9-bcc933b6896a:c0ed52fc-c174-4a3e-b3f9-3462809ffcff"},{"type":"single","resource":"37612d07-f312-4ef7-bdc9-bcc933b6896a:0b7ace9d-bd85-4bc3-99e7-b58556defc19"},{"type":"single","resource":"37612d07-f312-4ef7-bdc9-bcc933b6896a:0f47d9d2-1a18-4f3c-9e35-dc4eb2b1c50b"},{"type":"single","resource":"37612d07-f312-4ef7-bdc9-bcc933b6896a:639e698e-4585-42fc-a9c6-83c02620aea0"},{"type":"single","resource":"37612d07-f312-4ef7-bdc9-bcc933b6896a:892a91e2-36b1-4ec1-84ea-54f48e5b8cbf"},{"type":"single","resource":"37612d07-f312-4ef7-bdc9-bcc933b6896a:85a9d2c1-e751-4cc8-a253-c9646fa58a7c"},{"type":"single","resource":"37612d07-f312-4ef7-bdc9-bcc933b6896a:3e6005a6-9806-45a3-a404-cc8fdd0ab98f"},{"type":"single","resource":"37612d07-f312-4ef7-bdc9-bcc933b6896a:6cff9771-e368-47a1-a87d-3740faabee9d"},{"type":"single","resource":"37612d07-f312-4ef7-bdc9-bcc933b6896a:f76a26d7-db30-4102-9c35-7c203fe709ee"},{"type":"single","resource":"37612d07-f312-4ef7-bdc9-bcc933b6896a:ff3f498e-cd47-4a67-a8f0-d8ed3fc269af"},{"type":"single","resource":"37612d07-f312-4ef7-bdc9-bcc933b6896a:010df9d2-e7cd-4c82-90f3-f6355804bf8b"},{"type":"single","resource":"37612d07-f312-4ef7-bdc9-bcc933b6896a:efe02f26-7b6e-4c77-bd6d-036810b4643a"},{"type":"single","resource":"37612d07-f312-4ef7-bdc9-bcc933b6896a:783bb6ef-5e94-4c7d-8ee0-66d7510e220d"},{"type":"single","resource":"37612d07-f312-4ef7-bdc9-bcc933b6896a:75f63c9c-c16f-49f3-b588-c0d7cafadccd"},{"type":"single","resource":"37612d07-f312-4ef7-bdc9-bcc933b6896a:2088a713-546e-44ab-891a-be957a475ac0"},{"type":"single","resource":"37612d07-f312-4ef7-bdc9-bcc933b6896a:3ba8c660-a44c-4e01-b728-64abf4d3f777"},{"type":"single","resource":"37612d07-f312-4ef7-bdc9-bcc933b6896a:9937a8c5-7211-448a-affd-036a2336ca46"},{"type":"single","resource":"37612d07-f312-4ef7-bdc9-bcc933b6896a:7038b486-60c7-4580-a1d5-f6116ac42b64"},{"type":"single","resource":"37612d07-f312-4ef7-bdc9-bcc933b6896a:d83110ff-a818-4946-aaf3-199380215510"},{"type":"single","resource":"37612d07-f312-4ef7-bdc9-bcc933b6896a:bd1c5908-cb36-4f3c-a791-47c93debb507"},{"type":"single","resource":"37612d07-f312-4ef7-bdc9-bcc933b6896a:5df27532-0758-4e0b-a461-5a6c2ae88b7d"},{"type":"single","resource":"37612d07-f312-4ef7-bdc9-bcc933b6896a:7f4dc0b2-7fcf-4dc7-8ce3-47264de928a9"},{"type":"single","resource":"37612d07-f312-4ef7-bdc9-bcc933b6896a:f5044d7a-e37b-4eaa-8bd7-c7fbcebf0256"},{"type":"single","resource":"37612d07-f312-4ef7-bdc9-bcc933b6896a:29dd42db-a9f7-4f84-aa0d-cf0898c3a534"},{"type":"single","resource":"37612d07-f312-4ef7-bdc9-bcc933b6896a:97ec0bbc-87c2-4c20-bf17-dcd298d8f5b0"},{"type":"single","resource":"37612d07-f312-4ef7-bdc9-bcc933b6896a:8bbfc6d7-c95e-4f96-812d-7cce0e093e2e"},{"type":"single","resource":"37612d07-f312-4ef7-bdc9-bcc933b6896a:52f639db-5754-434d-be43-af0adccb9226"},{"type":"single","resource":"37612d07-f312-4ef7-bdc9-bcc933b6896a:a0d43329-ef74-4a09-a092-ceb8069f21cb"},{"type":"single","resource":"37612d07-f312-4ef7-bdc9-bcc933b6896a:827c33cb-90e1-468b-924a-b081daf5b101"},{"type":"single","resource":"37612d07-f312-4ef7-bdc9-bcc933b6896a:5d8b864b-c0ce-47db-8bd0-7d225c3e3823"},{"type":"single","resource":"37612d07-f312-4ef7-bdc9-bcc933b6896a:97927081-5b42-4da9-9dc5-06fcbd1d1c1b"},{"type":"single","resource":"37612d07-f312-4ef7-bdc9-bcc933b6896a:31d4f060-d5d7-4f18-8e3e-4011f8732ce9"},{"type":"single","resource":"37612d07-f312-4ef7-bdc9-bcc933b6896a:cb4e8ffb-ca1d-48db-9c60-412e294601a0"},{"type":"single","resource":"37612d07-f312-4ef7-bdc9-bcc933b6896a:f95af9a3-37bd-4294-a489-dd9a9cddb859"},{"type":"single","resource":"37612d07-f312-4ef7-bdc9-bcc933b6896a:fd9742bc-9343-4e6a-ab9d-990a549cb07f"},{"type":"single","resource":"37612d07-f312-4ef7-bdc9-bcc933b6896a:27f91a02-daaf-47cd-a741-5d656ce623d9"},{"type":"single","resource":"37612d07-f312-4ef7-bdc9-bcc933b6896a:e0a3b271-921e-4d4a-bd91-497ea6779537"},{"type":"single","resource":"37612d07-f312-4ef7-bdc9-bcc933b6896a:a78091b2-29c5-4032-a62b-3a9fa1fa0edc"},{"type":"single","resource":"37612d07-f312-4ef7-bdc9-bcc933b6896a:625059b2-921b-4540-b649-ddd5f321ce9e"},{"type":"single","resource":"37612d07-f312-4ef7-bdc9-bcc933b6896a:c25dca11-8f43-4dac-91b5-1ea24584fef7"},{"type":"single","resource":"37612d07-f312-4ef7-bdc9-bcc933b6896a:96b8c600-4da6-4545-982f-d7fbd4f821a0"},{"type":"single","resource":"37612d07-f312-4ef7-bdc9-bcc933b6896a:896d76ba-f76d-48a4-88e2-4093641926fc"},{"type":"single","resource":"37612d07-f312-4ef7-bdc9-bcc933b6896a:fb1ca0de-26ca-46de-9385-249f55d9311c"},{"type":"single","resource":"37612d07-f312-4ef7-bdc9-bcc933b6896a:170fdacf-807e-48cb-8077-725aaac43c0a"},{"type":"single","resource":"37612d07-f312-4ef7-bdc9-bcc933b6896a:8a307226-a3d7-4052-871d-4840375faba2"},{"type":"single","resource":"37612d07-f312-4ef7-bdc9-bcc933b6896a:d4b5e1e9-88e1-4797-8edd-63a86943c301"},{"type":"single","resource":"37612d07-f312-4ef7-bdc9-bcc933b6896a:5e99d0c7-a118-4435-8424-eadd1d4cc478"},{"type":"single","resource":"37612d07-f312-4ef7-bdc9-bcc933b6896a:483037dd-d716-4f6e-a06d-782951da370b"},{"type":"single","resource":"37612d07-f312-4ef7-bdc9-bcc933b6896a:a6e01529-02d1-433c-9971-acc6ca7743df"},{"type":"single","resource":"37612d07-f312-4ef7-bdc9-bcc933b6896a:f3dd1b81-053a-46a1-9e62-da7bfe32193a"},{"type":"single","resource":"37612d07-f312-4ef7-bdc9-bcc933b6896a:b191b86e-db2e-4125-a2f7-89f6a6fae195"},{"type":"single","resource":"37612d07-f312-4ef7-bdc9-bcc933b6896a:e483df81-ffaa-4166-91c8-932d08aef10c"},{"type":"single","resource":"37612d07-f312-4ef7-bdc9-bcc933b6896a:2611d788-f6dd-4951-b74d-6ae3b1917a0f"},{"type":"single","resource":"64d5b394-de80-4ee7-ac87-e447672bf9bd:bdd66424-7980-4f98-8dab-7d46f6811cb5"},{"type":"single","resource":"64d5b394-de80-4ee7-ac87-e447672bf9bd:6fc3257d-4389-4b45-b241-ceb53747a3b0"},{"type":"single","resource":"64d5b394-de80-4ee7-ac87-e447672bf9bd:f2608d5f-0687-4948-a9c8-ff0ab77b004c"},{"type":"single","resource":"item/leather_horse_armor"},{"type":"single","resource":"64d5b394-de80-4ee7-ac87-e447672bf9bd:d0acf810-29a4-46ea-8ab9-4aa464e31ff6"},{"type":"single","resource":"37612d07-f312-4ef7-bdc9-bcc933b6896a:f57af421-dfeb-4e96-bfc7-5d0b1c1bcd7a"},{"type":"single","resource":"37612d07-f312-4ef7-bdc9-bcc933b6896a:8942ddb2-40cb-426e-9894-8ca66c537c0c"},{"type":"single","resource":"37612d07-f312-4ef7-bdc9-bcc933b6896a:3f276e7e-2097-4752-a690-28d62afe651d"},{"type":"single","resource":"37612d07-f312-4ef7-bdc9-bcc933b6896a:45129044-c3fc-4143-8de6-07e5db68ef02"},{"type":"single","resource":"37612d07-f312-4ef7-bdc9-bcc933b6896a:eb2d7222-f01c-4666-bcb3-291e67ba7345"},{"type":"single","resource":"37612d07-f312-4ef7-bdc9-bcc933b6896a:65a4b4f5-9f1f-455f-9ba3-bf492541303e"},{"type":"single","resource":"37612d07-f312-4ef7-bdc9-bcc933b6896a:d8cf9fe8-cff9-4577-a13f-609599433fe6"},{"type":"single","resource":"37612d07-f312-4ef7-bdc9-bcc933b6896a:e0837e9e-84e8-42b5-9eb2-a96e1ce7d18a"},{"type":"single","resource":"37612d07-f312-4ef7-bdc9-bcc933b6896a:bb986c72-e3a3-4686-9db5-12fcc4a6fa75"},{"type":"single","resource":"37612d07-f312-4ef7-bdc9-bcc933b6896a:8133be7c-a414-4a8e-a375-41f47660a251"},{"type":"single","resource":"37612d07-f312-4ef7-bdc9-bcc933b6896a:d764e48d-39ae-4e43-aebc-30c5bcd62bc0"},{"type":"single","resource":"37612d07-f312-4ef7-bdc9-bcc933b6896a:264a688c-83c4-4b51-95a5-662415d52bf7"},{"type":"single","resource":"37612d07-f312-4ef7-bdc9-bcc933b6896a:97d4c362-a259-4e94-ab80-1176e7d28438"},{"type":"single","resource":"37612d07-f312-4ef7-bdc9-bcc933b6896a:1e303acd-d875-40cd-ae42-3b35f2da2a88"},{"type":"single","resource":"37612d07-f312-4ef7-bdc9-bcc933b6896a:33789f72-a05f-4d44-b186-ec9024f6ee9c"},{"type":"single","resource":"37612d07-f312-4ef7-bdc9-bcc933b6896a:75f5e58b-a029-4063-8164-8168c325a902"},{"type":"single","resource":"37612d07-f312-4ef7-bdc9-bcc933b6896a:36c93367-0188-4b41-aa65-53ac3d877d1b"},{"type":"single","resource":"37612d07-f312-4ef7-bdc9-bcc933b6896a:c65260ea-337b-40c5-aa1c-37f696d83830"},{"type":"single","resource":"37612d07-f312-4ef7-bdc9-bcc933b6896a:8efbfeff-3bdb-41cc-82e6-35b2e12ae80b"},{"type":"single","resource":"37612d07-f312-4ef7-bdc9-bcc933b6896a:05326fc0-f9af-4352-9511-da1670bf6796"},{"type":"single","resource":"37612d07-f312-4ef7-bdc9-bcc933b6896a:605bf3cb-5eb0-40d9-8607-cc3399af9502"},{"type":"single","resource":"37612d07-f312-4ef7-bdc9-bcc933b6896a:3de05789-08a4-472e-9279-3ba490f20ca7"},{"type":"single","resource":"37612d07-f312-4ef7-bdc9-bcc933b6896a:fea892df-dc66-4563-96bc-8eda62fc8917"},{"type":"single","resource":"37612d07-f312-4ef7-bdc9-bcc933b6896a:6bf07258-c05b-470b-a47c-28635d7cd4ee"},{"type":"single","resource":"37612d07-f312-4ef7-bdc9-bcc933b6896a:ab20ad5b-9510-43ed-97d8-829f36104a8e"},{"type":"single","resource":"37612d07-f312-4ef7-bdc9-bcc933b6896a:6330fc42-2e04-4df0-910a-756e6ae686e0"},{"type":"single","resource":"37612d07-f312-4ef7-bdc9-bcc933b6896a:079ef95b-4da7-4513-bb7f-af05a471d201"},{"type":"single","resource":"37612d07-f312-4ef7-bdc9-bcc933b6896a:f544f87d-227f-404c-915e-1ba6fe5fe279"},{"type":"single","resource":"37612d07-f312-4ef7-bdc9-bcc933b6896a:e2916d0e-ba5a-4f78-af53-dbd817dd957e"},{"type":"single","resource":"37612d07-f312-4ef7-bdc9-bcc933b6896a:64347202-9922-47cb-b5e7-999ffb06f5c1"},{"type":"single","resource":"37612d07-f312-4ef7-bdc9-bcc933b6896a:8ad9db22-bb35-4d0e-b25e-06e114df8bf6"},{"type":"single","resource":"37612d07-f312-4ef7-bdc9-bcc933b6896a:afab594e-8fee-4a8d-a263-8833980d3fc5"},{"type":"single","resource":"37612d07-f312-4ef7-bdc9-bcc933b6896a:566da003-672f-4df8-a9ee-71264a6f57df"},{"type":"single","resource":"37612d07-f312-4ef7-bdc9-bcc933b6896a:d3fb16d3-28eb-4322-8d0d-e274fae6ad68"},{"type":"single","resource":"37612d07-f312-4ef7-bdc9-bcc933b6896a:29b4eac2-1bc8-4343-80c4-d3e5683c0995"},{"type":"single","resource":"37612d07-f312-4ef7-bdc9-bcc933b6896a:6f9541bc-ddce-4960-a2e5-ada04b5b29ac"},{"type":"single","resource":"37612d07-f312-4ef7-bdc9-bcc933b6896a:3c8b9f6e-f0f8-41ba-9052-118dd74924fd"},{"type":"single","resource":"37612d07-f312-4ef7-bdc9-bcc933b6896a:00e777d8-5ad7-4031-9485-586c3b018c16"},{"type":"single","resource":"37612d07-f312-4ef7-bdc9-bcc933b6896a:21411bd8-7769-4052-b23b-a1c0bddd77df"},{"type":"single","resource":"37612d07-f312-4ef7-bdc9-bcc933b6896a:9659103e-8733-49c5-a7d3-0458803cc6a3"},{"type":"single","resource":"37612d07-f312-4ef7-bdc9-bcc933b6896a:ee797648-e794-4c44-8e65-4162993a72ec"},{"type":"single","resource":"37612d07-f312-4ef7-bdc9-bcc933b6896a:f3948042-3860-4a57-afe9-a852efb5fbbe"},{"type":"single","resource":"64d5b394-de80-4ee7-ac87-e447672bf9bd:b22dd615-fa23-4d03-b34f-4d7dc77c4526"},{"type":"single","resource":"37612d07-f312-4ef7-bdc9-bcc933b6896a:1da31268-44cd-45be-b29f-d4a0d8126979"},{"type":"single","resource":"37612d07-f312-4ef7-bdc9-bcc933b6896a:3684bf20-4b61-4fa1-951a-5cd5f8e53aa0"},{"type":"single","resource":"37612d07-f312-4ef7-bdc9-bcc933b6896a:f8d1048d-61a9-4de0-82fe-ada6f035ecf1"},{"type":"single","resource":"37612d07-f312-4ef7-bdc9-bcc933b6896a:a692f5a0-6d64-45d6-a8bf-4bfc11e2ca32"},{"type":"single","resource":"37612d07-f312-4ef7-bdc9-bcc933b6896a:50743995-e22e-44c1-b45e-8de9608a40e1"},{"type":"single","resource":"37612d07-f312-4ef7-bdc9-bcc933b6896a:88108c98-74cd-4486-a7d6-29f5075d8b34"},{"type":"single","resource":"item/netherite_axe"},{"type":"single","resource":"item/netherite_hoe"},{"type":"single","resource":"item/netherite_pickaxe"},{"type":"single","resource":"item/netherite_shovel"},{"type":"single","resource":"64d5b394-de80-4ee7-ac87-e447672bf9bd:3af4d1c4-f97c-492e-bfaf-c485b4215b1e"},{"type":"single","resource":"item/netherite_sword"},{"type":"single","resource":"cf5dc5eb-b193-4276-b39c-64e4ec2f6e48:71868c09-ef9e-4ada-b2ab-152dc932b616"},{"type":"single","resource":"cf5dc5eb-b193-4276-b39c-64e4ec2f6e48:71868c09-ef9e-4ada-b2ab-152dc932b616"},{"type":"single","resource":"cf5dc5eb-b193-4276-b39c-64e4ec2f6e48:b6c7240c-b718-4fbd-b2e6-9d6e4f92d803"},{"type":"single","resource":"cf5dc5eb-b193-4276-b39c-64e4ec2f6e48:b6c7240c-b718-4fbd-b2e6-9d6e4f92d803"},{"type":"single","resource":"cf5dc5eb-b193-4276-b39c-64e4ec2f6e48:a316f352-0b0b-4ef6-b9c2-48c187f11bef"},{"type":"single","resource":"cf5dc5eb-b193-4276-b39c-64e4ec2f6e48:13a3df46-52d6-463e-95d1-6cec67b2202e"},{"type":"single","resource":"cf5dc5eb-b193-4276-b39c-64e4ec2f6e48:13a3df46-52d6-463e-95d1-6cec67b2202e"},{"type":"single","resource":"cf5dc5eb-b193-4276-b39c-64e4ec2f6e48:c623ce8a-b28f-4f67-8f86-fc792ce2d854"},{"type":"single","resource":"cf5dc5eb-b193-4276-b39c-64e4ec2f6e48:48e5877a-6118-44f8-a172-1b7536187813"},{"type":"single","resource":"cf5dc5eb-b193-4276-b39c-64e4ec2f6e48:beb4147c-f885-451c-b07b-ff7d77712005"},{"type":"single","resource":"cf5dc5eb-b193-4276-b39c-64e4ec2f6e48:6c450a72-b3a5-48f6-b18b-379c44798260"},{"type":"single","resource":"cf5dc5eb-b193-4276-b39c-64e4ec2f6e48:aec1f7f3-9d14-4874-bbaa-429c6ea91663"},{"type":"single","resource":"cf5dc5eb-b193-4276-b39c-64e4ec2f6e48:aec1f7f3-9d14-4874-bbaa-429c6ea91663"},{"type":"single","resource":"cf5dc5eb-b193-4276-b39c-64e4ec2f6e48:dab5f9c5-82a8-45c3-a753-ea974c0b30ca"},{"type":"single","resource":"cf5dc5eb-b193-4276-b39c-64e4ec2f6e48:dab5f9c5-82a8-45c3-a753-ea974c0b30ca"},{"type":"single","resource":"cf5dc5eb-b193-4276-b39c-64e4ec2f6e48:c8c3eed9-8e49-4d7b-8aa1-1f525a71e233"},{"type":"single","resource":"cf5dc5eb-b193-4276-b39c-64e4ec2f6e48:c59fdb52-1dd8-4568-93c8-ede08eea5ed1"},{"type":"single","resource":"cf5dc5eb-b193-4276-b39c-64e4ec2f6e48:89abd0f4-de40-4417-a05d-8fbce5016d18"},{"type":"single","resource":"cf5dc5eb-b193-4276-b39c-64e4ec2f6e48:89abd0f4-de40-4417-a05d-8fbce5016d18"},{"type":"single","resource":"cf5dc5eb-b193-4276-b39c-64e4ec2f6e48:adc635fa-1c00-4bbc-9de3-d0581ba9c0cc"},{"type":"single","resource":"cf5dc5eb-b193-4276-b39c-64e4ec2f6e48:adc635fa-1c00-4bbc-9de3-d0581ba9c0cc"},{"type":"single","resource":"cf5dc5eb-b193-4276-b39c-64e4ec2f6e48:adc635fa-1c00-4bbc-9de3-d0581ba9c0cc"},{"type":"single","resource":"cf5dc5eb-b193-4276-b39c-64e4ec2f6e48:e692bd49-71c9-4296-9581-73a447851b48"},{"type":"single","resource":"cf5dc5eb-b193-4276-b39c-64e4ec2f6e48:1a599e07-5a15-450a-8df3-736fc0b16b4b"},{"type":"single","resource":"cf5dc5eb-b193-4276-b39c-64e4ec2f6e48:d4dbb0fa-93d1-4852-8d9a-1f9dbb4d8836"},{"type":"single","resource":"cf5dc5eb-b193-4276-b39c-64e4ec2f6e48:f1312e1f-d26d-4243-bd0d-3d842e01a8a7"},{"type":"single","resource":"cf5dc5eb-b193-4276-b39c-64e4ec2f6e48:fa1a9b5f-a13b-4fd0-8746-8744b92be7cc"},{"type":"single","resource":"cf5dc5eb-b193-4276-b39c-64e4ec2f6e48:7679a2e7-364a-48f9-8a53-22a6fe640a40"},{"type":"single","resource":"cf5dc5eb-b193-4276-b39c-64e4ec2f6e48:1c28d86a-0257-45c7-9067-6bd4376b95f3"},{"type":"single","resource":"cf5dc5eb-b193-4276-b39c-64e4ec2f6e48:1c28d86a-0257-45c7-9067-6bd4376b95f3"},{"type":"single","resource":"cf5dc5eb-b193-4276-b39c-64e4ec2f6e48:61d1144f-33f1-4849-b5c9-cfe5436f1cb2"},{"type":"single","resource":"cf5dc5eb-b193-4276-b39c-64e4ec2f6e48:bafbe5cc-3e22-45db-9b81-94bcd43f9f58"},{"type":"single","resource":"cf5dc5eb-b193-4276-b39c-64e4ec2f6e48:f8f44886-60ca-4765-9557-513445975b90"},{"type":"single","resource":"cf5dc5eb-b193-4276-b39c-64e4ec2f6e48:785072ed-a522-4072-b421-53888711babd"},{"type":"single","resource":"cf5dc5eb-b193-4276-b39c-64e4ec2f6e48:785072ed-a522-4072-b421-53888711babd"},{"type":"single","resource":"cf5dc5eb-b193-4276-b39c-64e4ec2f6e48:e0310e83-19ba-497c-979c-45a44a67f77f"},{"type":"single","resource":"cf5dc5eb-b193-4276-b39c-64e4ec2f6e48:e0310e83-19ba-497c-979c-45a44a67f77f"},{"type":"single","resource":"cf5dc5eb-b193-4276-b39c-64e4ec2f6e48:6b1446ba-b688-47bb-ac44-5d888a467c14"},{"type":"single","resource":"cf5dc5eb-b193-4276-b39c-64e4ec2f6e48:6b1446ba-b688-47bb-ac44-5d888a467c14"},{"type":"single","resource":"cf5dc5eb-b193-4276-b39c-64e4ec2f6e48:6b81ee70-3ad5-4b34-9603-3308c3c72e19"},{"type":"single","resource":"cf5dc5eb-b193-4276-b39c-64e4ec2f6e48:ae17e714-8433-49e7-b2b7-05b3f17a2c84"},{"type":"single","resource":"cf5dc5eb-b193-4276-b39c-64e4ec2f6e48:10d11d39-0ff4-4a76-9da8-696656281608"},{"type":"single","resource":"cf5dc5eb-b193-4276-b39c-64e4ec2f6e48:10d11d39-0ff4-4a76-9da8-696656281608"},{"type":"single","resource":"cf5dc5eb-b193-4276-b39c-64e4ec2f6e48:ef0e7e15-3fb1-4076-ac65-b6fc4db00e16"},{"type":"single","resource":"cf5dc5eb-b193-4276-b39c-64e4ec2f6e48:b67ae45f-be16-4df4-a361-20d11d3977ca"},{"type":"single","resource":"cf5dc5eb-b193-4276-b39c-64e4ec2f6e48:3ffaed7a-a148-43e4-b6d1-92d7b2539f29"},{"type":"single","resource":"cf5dc5eb-b193-4276-b39c-64e4ec2f6e48:3ffaed7a-a148-43e4-b6d1-92d7b2539f29"},{"type":"single","resource":"64d5b394-de80-4ee7-ac87-e447672bf9bd:32ca581a-29e0-447c-8a6c-d0e7303216d2"},{"type":"single","resource":"64d5b394-de80-4ee7-ac87-e447672bf9bd:85bb9374-0a13-4360-bbc8-3ac77c181f20"},{"type":"single","resource":"64d5b394-de80-4ee7-ac87-e447672bf9bd:0ea4d659-74c6-496e-8f1a-e390274f64b6"},{"type":"single","resource":"64d5b394-de80-4ee7-ac87-e447672bf9bd:659f9bc5-7af5-47c2-831d-61cc393461af"},{"type":"single","resource":"64d5b394-de80-4ee7-ac87-e447672bf9bd:b04eb2fc-ce21-48f2-85f6-b68dd861e6c0"},{"type":"single","resource":"64d5b394-de80-4ee7-ac87-e447672bf9bd:7104e70e-3a4c-4472-97b1-2350059c7f3c"},{"type":"single","resource":"64d5b394-de80-4ee7-ac87-e447672bf9bd:ba389ae6-2cb6-4c7a-9d6c-9c8cd23c2994"},{"type":"single","resource":"64d5b394-de80-4ee7-ac87-e447672bf9bd:072ab19c-6b4a-41ab-a41e-bbb4addca83e"},{"type":"single","resource":"64d5b394-de80-4ee7-ac87-e447672bf9bd:62c9d927-5c95-4890-92aa-4bb93305f7bf"},{"type":"single","resource":"64d5b394-de80-4ee7-ac87-e447672bf9bd:df9e96a7-3555-49bf-bcee-d55c0a056db8"},{"type":"single","resource":"64d5b394-de80-4ee7-ac87-e447672bf9bd:f8f648a5-6191-4d02-a342-052b6bc09fd2"},{"type":"single","resource":"64d5b394-de80-4ee7-ac87-e447672bf9bd:879916d8-6104-43b1-acc4-fe0b3627d7ff"},{"type":"single","resource":"64d5b394-de80-4ee7-ac87-e447672bf9bd:81efad3e-67af-4511-b815-5f882bf34629"},{"type":"single","resource":"64d5b394-de80-4ee7-ac87-e447672bf9bd:1c492f93-416f-4bde-b8de-cc0a56a23d93"},{"type":"single","resource":"64d5b394-de80-4ee7-ac87-e447672bf9bd:6d97610f-2bb2-4c7d-bf73-69582991f910"},{"type":"single","resource":"64d5b394-de80-4ee7-ac87-e447672bf9bd:1e5db625-359c-47aa-b71f-1f972ba5d912"},{"type":"single","resource":"64d5b394-de80-4ee7-ac87-e447672bf9bd:fbb8b27f-1f19-4416-a37e-ff20f8c653f3"},{"type":"single","resource":"64d5b394-de80-4ee7-ac87-e447672bf9bd:f32a1e90-d11e-429e-8421-b0c79d0ccb8f"},{"type":"single","resource":"64d5b394-de80-4ee7-ac87-e447672bf9bd:735ce747-6cc2-429a-94ac-af5686d1096a"},{"type":"single","resource":"64d5b394-de80-4ee7-ac87-e447672bf9bd:f04a49ba-ac1b-4e6b-8aca-bf7653e4c0bc"},{"type":"single","resource":"64d5b394-de80-4ee7-ac87-e447672bf9bd:fa8d41f7-f340-4bb0-aa77-1ab5face9d5c"},{"type":"single","resource":"64d5b394-de80-4ee7-ac87-e447672bf9bd:0d850349-9029-492a-afa2-33e94978c3ec"},{"type":"single","resource":"64d5b394-de80-4ee7-ac87-e447672bf9bd:ba6de6b4-fafb-451e-8953-389c12c50707"},{"type":"single","resource":"64d5b394-de80-4ee7-ac87-e447672bf9bd:34d27fad-8fe0-4331-ad90-f48d701f9033"},{"type":"single","resource":"64d5b394-de80-4ee7-ac87-e447672bf9bd:21648be3-6284-4a66-b898-afab5c458c8e"},{"type":"single","resource":"64d5b394-de80-4ee7-ac87-e447672bf9bd:541069a9-d2e3-4ee4-96c0-b4917fb96c82"},{"type":"single","resource":"64d5b394-de80-4ee7-ac87-e447672bf9bd:d843caa8-7cdb-4bfe-9932-3d21d11c1ec3"},{"type":"single","resource":"64d5b394-de80-4ee7-ac87-e447672bf9bd:73e1d91f-1aeb-4fcd-92a7-2e5215fd4c4b"},{"type":"single","resource":"64d5b394-de80-4ee7-ac87-e447672bf9bd:136efdd9-019d-4718-8d6d-5d0083dc592e"},{"type":"single","resource":"64d5b394-de80-4ee7-ac87-e447672bf9bd:a350eab3-b577-470c-a98d-36909406cf52"},{"type":"single","resource":"64d5b394-de80-4ee7-ac87-e447672bf9bd:313acb38-ff11-4867-a571-06d15c276646"},{"type":"single","resource":"64d5b394-de80-4ee7-ac87-e447672bf9bd:a2988481-0249-4dc0-80ab-95efc2598d85"},{"type":"single","resource":"item/paper"},{"type":"single","resource":"64d5b394-de80-4ee7-ac87-e447672bf9bd:483d3c88-3e31-4880-8175-90f359bed691"},{"type":"single","resource":"64d5b394-de80-4ee7-ac87-e447672bf9bd:a57e913c-94bb-4162-a5fb-2b89b9702150"},{"type":"single","resource":"64d5b394-de80-4ee7-ac87-e447672bf9bd:18743056-6d15-49d5-bcce-6cdf80abae51"},{"type":"single","resource":"64d5b394-de80-4ee7-ac87-e447672bf9bd:80305ca9-05d2-4ce3-a39d-b7a11b8f1ab0"},{"type":"single","resource":"64d5b394-de80-4ee7-ac87-e447672bf9bd:6c928d7b-2696-4759-be99-b06f458d1614"},{"type":"single","resource":"64d5b394-de80-4ee7-ac87-e447672bf9bd:c1302879-f197-473e-915a-163fbce2ce8c"},{"type":"single","resource":"64d5b394-de80-4ee7-ac87-e447672bf9bd:3ccfbca3-31e9-4879-9e21-0a67299dd86a"},{"type":"single","resource":"64d5b394-de80-4ee7-ac87-e447672bf9bd:dd944798-36a1-4d05-9197-fe11d242f8ad"},{"type":"single","resource":"64d5b394-de80-4ee7-ac87-e447672bf9bd:eede6be4-0f1f-47ab-907b-8121a9af6c2d"},{"type":"single","resource":"37612d07-f312-4ef7-bdc9-bcc933b6896a:98b7141c-e0ee-4991-8266-ff369a9986e2"},{"type":"single","resource":"37612d07-f312-4ef7-bdc9-bcc933b6896a:98b7141c-e0ee-4991-8266-ff369a9986e2"},{"type":"single","resource":"37612d07-f312-4ef7-bdc9-bcc933b6896a:2247ecf1-abf5-4e4d-b85c-957dccee2afd"},{"type":"single","resource":"37612d07-f312-4ef7-bdc9-bcc933b6896a:3c3a553a-baf4-4cf0-a9a0-6fb5579601d2"},{"type":"single","resource":"37612d07-f312-4ef7-bdc9-bcc933b6896a:3c3a553a-baf4-4cf0-a9a0-6fb5579601d2"},{"type":"single","resource":"37612d07-f312-4ef7-bdc9-bcc933b6896a:b3cc2410-3015-4b52-9202-41d732b845d8"},{"type":"single","resource":"37612d07-f312-4ef7-bdc9-bcc933b6896a:e6c11e38-a420-4f17-9a61-3cfa55b8719a"},{"type":"single","resource":"37612d07-f312-4ef7-bdc9-bcc933b6896a:e6c11e38-a420-4f17-9a61-3cfa55b8719a"},{"type":"single","resource":"37612d07-f312-4ef7-bdc9-bcc933b6896a:8d309ff5-f413-44b7-b6e3-088e3ddef6b4"},{"type":"single","resource":"37612d07-f312-4ef7-bdc9-bcc933b6896a:8d309ff5-f413-44b7-b6e3-088e3ddef6b4"},{"type":"single","resource":"37612d07-f312-4ef7-bdc9-bcc933b6896a:8d309ff5-f413-44b7-b6e3-088e3ddef6b4"},{"type":"single","resource":"37612d07-f312-4ef7-bdc9-bcc933b6896a:8d309ff5-f413-44b7-b6e3-088e3ddef6b4"},{"type":"single","resource":"37612d07-f312-4ef7-bdc9-bcc933b6896a:cd2fc20f-217a-4374-b508-4b2831a841a6"},{"type":"single","resource":"37612d07-f312-4ef7-bdc9-bcc933b6896a:7657c9d9-fd19-4da5-b9d5-0a77a2d5d9d6"},{"type":"single","resource":"37612d07-f312-4ef7-bdc9-bcc933b6896a:3ba96795-2cc7-449a-97cf-9b3233f6bb6f"},{"type":"single","resource":"37612d07-f312-4ef7-bdc9-bcc933b6896a:33f79879-f2ed-45e2-b5be-3e9d0c3193f8"},{"type":"single","resource":"37612d07-f312-4ef7-bdc9-bcc933b6896a:cbe2364d-f1e8-4771-aec4-28ddbea0a321"},{"type":"single","resource":"37612d07-f312-4ef7-bdc9-bcc933b6896a:62c5f6ad-e23f-4951-8fa1-1cc5a7a9b562"},{"type":"single","resource":"37612d07-f312-4ef7-bdc9-bcc933b6896a:3f5e440a-1296-44f4-a16b-62a6847b8d86"},{"type":"single","resource":"37612d07-f312-4ef7-bdc9-bcc933b6896a:33f7cebd-c658-4c0b-9430-a5eb80ddff33"},{"type":"single","resource":"37612d07-f312-4ef7-bdc9-bcc933b6896a:4ae2c435-9ad8-4db4-9b35-c0858771db6d"},{"type":"single","resource":"37612d07-f312-4ef7-bdc9-bcc933b6896a:cd10cc33-3bd3-4168-a3d4-1fdc5c8ffb03"},{"type":"single","resource":"37612d07-f312-4ef7-bdc9-bcc933b6896a:fb2dcddc-a7ab-4f90-9f41-13a8e6899025"},{"type":"single","resource":"37612d07-f312-4ef7-bdc9-bcc933b6896a:67bdcf16-d118-4549-840e-a968ee51052f"},{"type":"single","resource":"37612d07-f312-4ef7-bdc9-bcc933b6896a:05fd76ff-1e76-4b39-98c1-78733fdb52ea"},{"type":"single","resource":"37612d07-f312-4ef7-bdc9-bcc933b6896a:14131dac-c1ce-47ce-b52b-b697b5d37a2a"},{"type":"single","resource":"37612d07-f312-4ef7-bdc9-bcc933b6896a:0e9317f3-407b-4910-8caa-912a184e631d"},{"type":"single","resource":"37612d07-f312-4ef7-bdc9-bcc933b6896a:e8631963-ff6e-496f-8709-bd8259df55bf"},{"type":"single","resource":"37612d07-f312-4ef7-bdc9-bcc933b6896a:008e42ca-ff98-4505-b8fd-24091e89978f"},{"type":"single","resource":"37612d07-f312-4ef7-bdc9-bcc933b6896a:0243be4a-a61f-4ea3-83a1-fae1684b88fb"},{"type":"single","resource":"37612d07-f312-4ef7-bdc9-bcc933b6896a:60b06414-ee00-4cb3-8cc0-376700c5ced4"},{"type":"single","resource":"37612d07-f312-4ef7-bdc9-bcc933b6896a:3f39f14c-890a-4eab-95c1-d47bed9782d3"},{"type":"single","resource":"37612d07-f312-4ef7-bdc9-bcc933b6896a:68c67e3a-f9c7-4afa-a39f-c5d265197b9e"},{"type":"single","resource":"37612d07-f312-4ef7-bdc9-bcc933b6896a:736259e5-9ab5-4efc-9b9c-8438615f44a3"},{"type":"single","resource":"37612d07-f312-4ef7-bdc9-bcc933b6896a:faef844f-38fd-4f84-9cf4-ee0c4f845838"},{"type":"single","resource":"37612d07-f312-4ef7-bdc9-bcc933b6896a:7487d695-465f-48e0-b2de-bd5740fa767b"},{"type":"single","resource":"37612d07-f312-4ef7-bdc9-bcc933b6896a:29971d7d-43e5-425f-a4b1-d4db8f6e221c"},{"type":"single","resource":"37612d07-f312-4ef7-bdc9-bcc933b6896a:4727d47d-6837-4933-976b-da635883dc75"},{"type":"single","resource":"37612d07-f312-4ef7-bdc9-bcc933b6896a:65ebf197-52d6-4c0b-9ec2-60eeb52673f4"},{"type":"single","resource":"37612d07-f312-4ef7-bdc9-bcc933b6896a:3890720e-c05c-484b-884a-b20c573dfe68"},{"type":"single","resource":"37612d07-f312-4ef7-bdc9-bcc933b6896a:f9eb5239-58e8-4947-844b-f5e54f139c13"},{"type":"single","resource":"37612d07-f312-4ef7-bdc9-bcc933b6896a:0d89215b-3a62-4180-8ab6-cab62f997f68"},{"type":"single","resource":"37612d07-f312-4ef7-bdc9-bcc933b6896a:bed2e69f-e066-4f11-a16c-011fbe30abd6"},{"type":"single","resource":"37612d07-f312-4ef7-bdc9-bcc933b6896a:701f0832-af6f-4175-88ac-e01222b2278a"},{"type":"single","resource":"37612d07-f312-4ef7-bdc9-bcc933b6896a:c563cdea-f4cf-4891-a27d-fb0653827e70"},{"type":"single","resource":"37612d07-f312-4ef7-bdc9-bcc933b6896a:03cffe6c-f7b8-451a-9e5a-db08a9998b9c"},{"type":"single","resource":"37612d07-f312-4ef7-bdc9-bcc933b6896a:b5b79e02-bc7e-4ab9-90ea-46d177acf215"},{"type":"single","resource":"37612d07-f312-4ef7-bdc9-bcc933b6896a:575666f9-ac0e-4b74-b187-5888cc6edba4"},{"type":"single","resource":"37612d07-f312-4ef7-bdc9-bcc933b6896a:27933ee0-2eb9-4bf5-a97e-2645530a61d0"},{"type":"single","resource":"37612d07-f312-4ef7-bdc9-bcc933b6896a:b65a5612-09f0-48e2-9729-c2ab07f22826"},{"type":"single","resource":"37612d07-f312-4ef7-bdc9-bcc933b6896a:1cc4d8ae-d683-4843-9816-8084577a1c9c"},{"type":"single","resource":"37612d07-f312-4ef7-bdc9-bcc933b6896a:c61ef0c6-b96c-4b8d-8444-cdaf5d893fa6"},{"type":"single","resource":"37612d07-f312-4ef7-bdc9-bcc933b6896a:3603dc79-526d-4171-a7dd-ca4f2d8b0cf9"},{"type":"single","resource":"37612d07-f312-4ef7-bdc9-bcc933b6896a:a8bbd84c-544a-45a7-a56b-92c02269f835"},{"type":"single","resource":"37612d07-f312-4ef7-bdc9-bcc933b6896a:9ebc9f15-984d-4af8-b667-a4398b0a93dd"},{"type":"single","resource":"37612d07-f312-4ef7-bdc9-bcc933b6896a:3117bf19-d570-4b7c-9151-306d48fe0ed6"},{"type":"single","resource":"37612d07-f312-4ef7-bdc9-bcc933b6896a:4cc63ffb-2818-4df5-9d40-b5e3e47aa9eb"},{"type":"single","resource":"37612d07-f312-4ef7-bdc9-bcc933b6896a:cb92474a-ad25-4daa-97e1-312f03d0ed8f"},{"type":"single","resource":"37612d07-f312-4ef7-bdc9-bcc933b6896a:3c0b3083-7dc3-48be-8bea-aad8064e11b4"},{"type":"single","resource":"37612d07-f312-4ef7-bdc9-bcc933b6896a:7c0d57d0-d9b3-4998-83ec-a8be2e3b6dc9"},{"type":"single","resource":"37612d07-f312-4ef7-bdc9-bcc933b6896a:155927f8-6d50-4467-811a-e8a884b5cfe3"},{"type":"single","resource":"37612d07-f312-4ef7-bdc9-bcc933b6896a:31baee5f-7242-4b20-8033-8ec3f0396138"},{"type":"single","resource":"37612d07-f312-4ef7-bdc9-bcc933b6896a:a9778981-1790-42a5-b14d-8e7c4474aabd"},{"type":"single","resource":"37612d07-f312-4ef7-bdc9-bcc933b6896a:02cfde77-9359-48a1-ac3e-2b411d368370"},{"type":"single","resource":"37612d07-f312-4ef7-bdc9-bcc933b6896a:9d650b10-5c92-4bc1-ac80-c1a470f5513c"},{"type":"single","resource":"37612d07-f312-4ef7-bdc9-bcc933b6896a:7421079f-c464-40d4-912e-e673302d0772"},{"type":"single","resource":"37612d07-f312-4ef7-bdc9-bcc933b6896a:a4900f1e-2e65-4ab7-989c-40442fc2e70d"},{"type":"single","resource":"37612d07-f312-4ef7-bdc9-bcc933b6896a:4068f9c1-351e-4d6c-9c17-2e8fbb122f47"},{"type":"single","resource":"37612d07-f312-4ef7-bdc9-bcc933b6896a:5f4cd175-eaeb-4cd3-bb7c-93de2a853334"},{"type":"single","resource":"37612d07-f312-4ef7-bdc9-bcc933b6896a:9a756e4b-e0cc-4bc2-9682-6b93d08f2545"},{"type":"single","resource":"37612d07-f312-4ef7-bdc9-bcc933b6896a:1b663b06-6309-4e48-84e8-9a0ae1473ad5"},{"type":"single","resource":"37612d07-f312-4ef7-bdc9-bcc933b6896a:73173abd-e000-4a24-bf24-22c4d132c309"},{"type":"single","resource":"37612d07-f312-4ef7-bdc9-bcc933b6896a:88172fa6-1405-4daf-a970-55fc9be25250"},{"type":"single","resource":"37612d07-f312-4ef7-bdc9-bcc933b6896a:8cae68f6-af5b-4bf9-a659-23c468713172"},{"type":"single","resource":"37612d07-f312-4ef7-bdc9-bcc933b6896a:762f04dd-b5f7-4352-a0de-8712542f2dca"},{"type":"single","resource":"37612d07-f312-4ef7-bdc9-bcc933b6896a:74d03b1a-0b09-4df6-b04b-b451a8625f67"},{"type":"single","resource":"37612d07-f312-4ef7-bdc9-bcc933b6896a:87194f67-cd82-4735-a2e8-47ec1b375e3a"},{"type":"single","resource":"37612d07-f312-4ef7-bdc9-bcc933b6896a:d4d89893-b789-47ca-a132-ea11bf329061"},{"type":"single","resource":"37612d07-f312-4ef7-bdc9-bcc933b6896a:732d93ca-e4a3-4260-b8db-7b81d3a8e193"},{"type":"single","resource":"37612d07-f312-4ef7-bdc9-bcc933b6896a:ec5fdc89-fe19-4b6f-9f3c-58ede93cf8a0"},{"type":"single","resource":"37612d07-f312-4ef7-bdc9-bcc933b6896a:2b097664-f0bb-46f6-ba0f-e354440a8fed"},{"type":"single","resource":"37612d07-f312-4ef7-bdc9-bcc933b6896a:9e259476-6ea2-44ef-b32f-6b35d66874e7"},{"type":"single","resource":"37612d07-f312-4ef7-bdc9-bcc933b6896a:d9f64175-37ab-4f40-a9d9-4b15a810930e"},{"type":"single","resource":"37612d07-f312-4ef7-bdc9-bcc933b6896a:d490f693-f3b8-491e-80de-19cf40908e09"},{"type":"single","resource":"37612d07-f312-4ef7-bdc9-bcc933b6896a:0cb75940-dcc7-4d96-b02e-1e97956649d3"},{"type":"single","resource":"37612d07-f312-4ef7-bdc9-bcc933b6896a:2ce3ad35-59ff-4f81-8097-3a98298a8555"},{"type":"single","resource":"37612d07-f312-4ef7-bdc9-bcc933b6896a:27d36703-a2d7-41bc-a616-8e4893704b31"},{"type":"single","resource":"37612d07-f312-4ef7-bdc9-bcc933b6896a:a0f6d342-ed6c-4a73-993e-6e5284e9f305"},{"type":"single","resource":"37612d07-f312-4ef7-bdc9-bcc933b6896a:90ac106f-0e9d-4e56-9d06-a204a071aa9b"},{"type":"single","resource":"37612d07-f312-4ef7-bdc9-bcc933b6896a:261328e2-51b4-4824-8aaa-a2e712dfc4ee"},{"type":"single","resource":"37612d07-f312-4ef7-bdc9-bcc933b6896a:2fe94ba2-922e-4ca7-8334-9e84c770868d"},{"type":"single","resource":"37612d07-f312-4ef7-bdc9-bcc933b6896a:23985aad-2e77-4e79-9d5c-cca90364d4f9"},{"type":"single","resource":"37612d07-f312-4ef7-bdc9-bcc933b6896a:dd1258ff-a497-4d02-b980-051b6a0900c9"},{"type":"single","resource":"37612d07-f312-4ef7-bdc9-bcc933b6896a:b208cdb9-8bf3-4173-bf43-38a30af8ee09"},{"type":"single","resource":"64d5b394-de80-4ee7-ac87-e447672bf9bd:559ba9bf-a225-47a0-8d22-eae321f4d798"},{"type":"single","resource":"64d5b394-de80-4ee7-ac87-e447672bf9bd:85d5e329-0cbe-42be-aba8-2f2d4459eb66"},{"type":"single","resource":"37612d07-f312-4ef7-bdc9-bcc933b6896a:db210f06-8921-4ad9-a4e6-40ac10e87f38"},{"type":"single","resource":"37612d07-f312-4ef7-bdc9-bcc933b6896a:55347ec0-9573-4e1a-8579-991936d06ad2"},{"type":"single","resource":"37612d07-f312-4ef7-bdc9-bcc933b6896a:c5f657a9-47c9-4117-b4bc-7c4369cc7f6a"},{"type":"single","resource":"37612d07-f312-4ef7-bdc9-bcc933b6896a:c5f657a9-47c9-4117-b4bc-7c4369cc7f6a"},{"type":"single","resource":"37612d07-f312-4ef7-bdc9-bcc933b6896a:c1c57b98-18e2-442f-9826-97abf3092d7b"},{"type":"single","resource":"37612d07-f312-4ef7-bdc9-bcc933b6896a:97c15e8f-b7f6-40d0-a84a-13bb8815aed5"},{"type":"single","resource":"37612d07-f312-4ef7-bdc9-bcc933b6896a:a280b697-342a-4879-9045-ca6e230a7735"},{"type":"single","resource":"37612d07-f312-4ef7-bdc9-bcc933b6896a:62fb212e-c321-4089-835c-52de51cf2bf5"},{"type":"single","resource":"37612d07-f312-4ef7-bdc9-bcc933b6896a:19d69f00-2b78-4964-a1df-b1697526b6ee"},{"type":"single","resource":"37612d07-f312-4ef7-bdc9-bcc933b6896a:4744a5a9-1e3b-4a5d-a14d-920f12f7af20"},{"type":"single","resource":"37612d07-f312-4ef7-bdc9-bcc933b6896a:4744a5a9-1e3b-4a5d-a14d-920f12f7af20"},{"type":"single","resource":"37612d07-f312-4ef7-bdc9-bcc933b6896a:90a5b6f7-6328-44da-ab1a-c55f606c383a"},{"type":"single","resource":"37612d07-f312-4ef7-bdc9-bcc933b6896a:90a5b6f7-6328-44da-ab1a-c55f606c383a"},{"type":"single","resource":"37612d07-f312-4ef7-bdc9-bcc933b6896a:f9687726-94f6-4af4-8323-49922c146558"},{"type":"single","resource":"37612d07-f312-4ef7-bdc9-bcc933b6896a:f9687726-94f6-4af4-8323-49922c146558"},{"type":"single","resource":"37612d07-f312-4ef7-bdc9-bcc933b6896a:e978484c-1662-429e-8e37-c2c0562c3f0a"},{"type":"single","resource":"37612d07-f312-4ef7-bdc9-bcc933b6896a:e978484c-1662-429e-8e37-c2c0562c3f0a"},{"type":"single","resource":"37612d07-f312-4ef7-bdc9-bcc933b6896a:a5546862-416c-4b9c-99dd-4eeb54aec209"},{"type":"single","resource":"37612d07-f312-4ef7-bdc9-bcc933b6896a:a5546862-416c-4b9c-99dd-4eeb54aec209"},{"type":"single","resource":"37612d07-f312-4ef7-bdc9-bcc933b6896a:7180ca96-744c-455a-b2bc-bcd7359bc5bf"},{"type":"single","resource":"37612d07-f312-4ef7-bdc9-bcc933b6896a:7180ca96-744c-455a-b2bc-bcd7359bc5bf"},{"type":"single","resource":"37612d07-f312-4ef7-bdc9-bcc933b6896a:9fa71713-b9dd-4659-a91c-406187b4988d"},{"type":"single","resource":"37612d07-f312-4ef7-bdc9-bcc933b6896a:3215704a-ac2d-4ae6-80bd-ffaf131b90d7"},{"type":"single","resource":"37612d07-f312-4ef7-bdc9-bcc933b6896a:3215704a-ac2d-4ae6-80bd-ffaf131b90d7"},{"type":"single","resource":"37612d07-f312-4ef7-bdc9-bcc933b6896a:10012e79-07dc-44d0-a847-60b64a311b1f"},{"type":"single","resource":"37612d07-f312-4ef7-bdc9-bcc933b6896a:10012e79-07dc-44d0-a847-60b64a311b1f"},{"type":"single","resource":"37612d07-f312-4ef7-bdc9-bcc933b6896a:deb6f49d-8817-4b82-9996-e70043639e9f"},{"type":"single","resource":"37612d07-f312-4ef7-bdc9-bcc933b6896a:deb6f49d-8817-4b82-9996-e70043639e9f"},{"type":"single","resource":"37612d07-f312-4ef7-bdc9-bcc933b6896a:0a2b973c-2a19-492f-9d3c-110363977f6a"},{"type":"single","resource":"37612d07-f312-4ef7-bdc9-bcc933b6896a:0a2b973c-2a19-492f-9d3c-110363977f6a"},{"type":"single","resource":"37612d07-f312-4ef7-bdc9-bcc933b6896a:4e7b84f4-fe4d-445c-843b-a7f6700c052b"},{"type":"single","resource":"37612d07-f312-4ef7-bdc9-bcc933b6896a:4e7b84f4-fe4d-445c-843b-a7f6700c052b"},{"type":"single","resource":"37612d07-f312-4ef7-bdc9-bcc933b6896a:9926b091-004e-448c-a666-c3d3006dbad0"},{"type":"single","resource":"37612d07-f312-4ef7-bdc9-bcc933b6896a:9926b091-004e-448c-a666-c3d3006dbad0"},{"type":"single","resource":"37612d07-f312-4ef7-bdc9-bcc933b6896a:14838e81-559a-491b-bb67-9e171eb61789"},{"type":"single","resource":"37612d07-f312-4ef7-bdc9-bcc933b6896a:7b62f7a4-2445-4a3c-9a6a-579ee3d80c74"},{"type":"single","resource":"37612d07-f312-4ef7-bdc9-bcc933b6896a:7b62f7a4-2445-4a3c-9a6a-579ee3d80c74"},{"type":"single","resource":"37612d07-f312-4ef7-bdc9-bcc933b6896a:1f21d48d-6a65-4c0d-8c3c-896e0c23d5ff"},{"type":"single","resource":"37612d07-f312-4ef7-bdc9-bcc933b6896a:1f21d48d-6a65-4c0d-8c3c-896e0c23d5ff"},{"type":"single","resource":"37612d07-f312-4ef7-bdc9-bcc933b6896a:6bbbd453-563b-4076-bd9a-10775d51eb4e"},{"type":"single","resource":"37612d07-f312-4ef7-bdc9-bcc933b6896a:6bbbd453-563b-4076-bd9a-10775d51eb4e"},{"type":"single","resource":"37612d07-f312-4ef7-bdc9-bcc933b6896a:346309af-c58c-4ef4-b72b-d66bc9a6b77a"},{"type":"single","resource":"37612d07-f312-4ef7-bdc9-bcc933b6896a:346309af-c58c-4ef4-b72b-d66bc9a6b77a"},{"type":"single","resource":"37612d07-f312-4ef7-bdc9-bcc933b6896a:3ed70cc7-3120-4099-85dd-9ffd8c820688"},{"type":"single","resource":"37612d07-f312-4ef7-bdc9-bcc933b6896a:3ed70cc7-3120-4099-85dd-9ffd8c820688"},{"type":"single","resource":"37612d07-f312-4ef7-bdc9-bcc933b6896a:81aca852-1603-47ed-b679-f474ce8c15be"},{"type":"single","resource":"37612d07-f312-4ef7-bdc9-bcc933b6896a:81aca852-1603-47ed-b679-f474ce8c15be"},{"type":"single","resource":"37612d07-f312-4ef7-bdc9-bcc933b6896a:7fb4d510-0f7d-45c4-a2dd-bb7b4b08b428"},{"type":"single","resource":"37612d07-f312-4ef7-bdc9-bcc933b6896a:5ede4f24-6320-49dc-bdf4-93d5c0f64fb7"},{"type":"single","resource":"37612d07-f312-4ef7-bdc9-bcc933b6896a:5ede4f24-6320-49dc-bdf4-93d5c0f64fb7"},{"type":"single","resource":"37612d07-f312-4ef7-bdc9-bcc933b6896a:8f0563f9-ba79-4e73-947b-5a9850cbc22f"},{"type":"single","resource":"37612d07-f312-4ef7-bdc9-bcc933b6896a:8f0563f9-ba79-4e73-947b-5a9850cbc22f"},{"type":"single","resource":"37612d07-f312-4ef7-bdc9-bcc933b6896a:2b10e405-f6db-4910-b6a1-a904fcae1def"},{"type":"single","resource":"37612d07-f312-4ef7-bdc9-bcc933b6896a:2b10e405-f6db-4910-b6a1-a904fcae1def"},{"type":"single","resource":"37612d07-f312-4ef7-bdc9-bcc933b6896a:4f4d030b-2107-44af-96b0-315e7977eb8b"},{"type":"single","resource":"37612d07-f312-4ef7-bdc9-bcc933b6896a:4f4d030b-2107-44af-96b0-315e7977eb8b"},{"type":"single","resource":"37612d07-f312-4ef7-bdc9-bcc933b6896a:23c69d6a-f631-42fe-913c-1367fcbb1a0c"},{"type":"single","resource":"37612d07-f312-4ef7-bdc9-bcc933b6896a:23c69d6a-f631-42fe-913c-1367fcbb1a0c"},{"type":"single","resource":"37612d07-f312-4ef7-bdc9-bcc933b6896a:e8f5877d-c9b1-4583-ac4c-27adf74832d9"},{"type":"single","resource":"37612d07-f312-4ef7-bdc9-bcc933b6896a:e8f5877d-c9b1-4583-ac4c-27adf74832d9"},{"type":"single","resource":"37612d07-f312-4ef7-bdc9-bcc933b6896a:71111064-85ff-4342-8b0d-070c0ed80805"},{"type":"single","resource":"37612d07-f312-4ef7-bdc9-bcc933b6896a:87e00b49-2754-4274-82b6-ea83209eb54d"},{"type":"single","resource":"37612d07-f312-4ef7-bdc9-bcc933b6896a:87e00b49-2754-4274-82b6-ea83209eb54d"},{"type":"single","resource":"37612d07-f312-4ef7-bdc9-bcc933b6896a:9bd2c31d-963a-4aab-9067-c5c092cb7687"},{"type":"single","resource":"37612d07-f312-4ef7-bdc9-bcc933b6896a:9bd2c31d-963a-4aab-9067-c5c092cb7687"},{"type":"single","resource":"37612d07-f312-4ef7-bdc9-bcc933b6896a:2088884e-119b-472f-b85c-938ba40b80c0"},{"type":"single","resource":"37612d07-f312-4ef7-bdc9-bcc933b6896a:2088884e-119b-472f-b85c-938ba40b80c0"},{"type":"single","resource":"37612d07-f312-4ef7-bdc9-bcc933b6896a:291a749f-0b28-4a7f-916b-015ce1846bd8"},{"type":"single","resource":"37612d07-f312-4ef7-bdc9-bcc933b6896a:291a749f-0b28-4a7f-916b-015ce1846bd8"},{"type":"single","resource":"37612d07-f312-4ef7-bdc9-bcc933b6896a:52c6c190-18e7-49ae-9ada-8ccb8818ab7d"},{"type":"single","resource":"37612d07-f312-4ef7-bdc9-bcc933b6896a:52c6c190-18e7-49ae-9ada-8ccb8818ab7d"},{"type":"single","resource":"37612d07-f312-4ef7-bdc9-bcc933b6896a:1e847ade-b6ab-49ce-957d-8e3120134150"},{"type":"single","resource":"37612d07-f312-4ef7-bdc9-bcc933b6896a:1e847ade-b6ab-49ce-957d-8e3120134150"},{"type":"single","resource":"37612d07-f312-4ef7-bdc9-bcc933b6896a:f823c421-a302-41d2-ae83-89a03750fdea"},{"type":"single","resource":"37612d07-f312-4ef7-bdc9-bcc933b6896a:ca57a5e5-f06e-406e-b684-e63481d98462"},{"type":"single","resource":"37612d07-f312-4ef7-bdc9-bcc933b6896a:ca57a5e5-f06e-406e-b684-e63481d98462"},{"type":"single","resource":"37612d07-f312-4ef7-bdc9-bcc933b6896a:f0ab8cfa-617a-4ef0-b340-f664cf4a6704"},{"type":"single","resource":"37612d07-f312-4ef7-bdc9-bcc933b6896a:f0ab8cfa-617a-4ef0-b340-f664cf4a6704"},{"type":"single","resource":"37612d07-f312-4ef7-bdc9-bcc933b6896a:b409e6c8-7feb-418b-933d-d7147ba2b751"},{"type":"single","resource":"37612d07-f312-4ef7-bdc9-bcc933b6896a:b409e6c8-7feb-418b-933d-d7147ba2b751"},{"type":"single","resource":"37612d07-f312-4ef7-bdc9-bcc933b6896a:288368a8-2932-41d5-997d-76be7584cefb"},{"type":"single","resource":"37612d07-f312-4ef7-bdc9-bcc933b6896a:288368a8-2932-41d5-997d-76be7584cefb"},{"type":"single","resource":"37612d07-f312-4ef7-bdc9-bcc933b6896a:ff4a793a-3637-4eb8-a824-86799fd51a16"},{"type":"single","resource":"37612d07-f312-4ef7-bdc9-bcc933b6896a:ff4a793a-3637-4eb8-a824-86799fd51a16"},{"type":"single","resource":"37612d07-f312-4ef7-bdc9-bcc933b6896a:3eedc7f2-4a83-4d04-b7bd-e45b9a197042"},{"type":"single","resource":"37612d07-f312-4ef7-bdc9-bcc933b6896a:3eedc7f2-4a83-4d04-b7bd-e45b9a197042"},{"type":"single","resource":"37612d07-f312-4ef7-bdc9-bcc933b6896a:7674cc98-cd12-43e0-b7ab-8dd79dfbc858"},{"type":"single","resource":"64d5b394-de80-4ee7-ac87-e447672bf9bd:95ed1d0b-162d-4d10-8eaa-bff93e9e7fe5"},{"type":"single","resource":"item/wooden_sword"},{"type":"single","resource":"item/wooden_sword"},{"type":"single","resource":"item/wooden_sword"},{"type":"single","resource":"item/wooden_sword"},{"type":"single","resource":"item/wooden_sword"},{"type":"single","resource":"item/wooden_sword"},{"type":"single","resource":"37612d07-f312-4ef7-bdc9-bcc933b6896a:e203c351-1b14-4f5a-8adc-d3649457d37c"},{"type":"single","resource":"37612d07-f312-4ef7-bdc9-bcc933b6896a:e203c351-1b14-4f5a-8adc-d3649457d37c"},{"type":"single","resource":"37612d07-f312-4ef7-bdc9-bcc933b6896a:e203c351-1b14-4f5a-8adc-d3649457d37c"},{"type":"single","resource":"37612d07-f312-4ef7-bdc9-bcc933b6896a:e203c351-1b14-4f5a-8adc-d3649457d37c"},{"type":"single","resource":"37612d07-f312-4ef7-bdc9-bcc933b6896a:7ea653fd-960b-4426-abd5-b055c5e2901f"},{"type":"single","resource":"37612d07-f312-4ef7-bdc9-bcc933b6896a:7ea653fd-960b-4426-abd5-b055c5e2901f"},{"type":"single","resource":"37612d07-f312-4ef7-bdc9-bcc933b6896a:7ea653fd-960b-4426-abd5-b055c5e2901f"},{"type":"single","resource":"37612d07-f312-4ef7-bdc9-bcc933b6896a:7ea653fd-960b-4426-abd5-b055c5e2901f"},{"type":"single","resource":"37612d07-f312-4ef7-bdc9-bcc933b6896a:c2c03ca7-6228-406b-a2a1-4b0178b07991"},{"type":"single","resource":"37612d07-f312-4ef7-bdc9-bcc933b6896a:c2c03ca7-6228-406b-a2a1-4b0178b07991"},{"type":"single","resource":"37612d07-f312-4ef7-bdc9-bcc933b6896a:b99dd595-3c86-4669-ab9c-c5eb6bb49fbe"},{"type":"single","resource":"37612d07-f312-4ef7-bdc9-bcc933b6896a:b99dd595-3c86-4669-ab9c-c5eb6bb49fbe"}]}