{"texture_size":[64,64],"textures":{"0":"furniture:furniture/park_chair","particle":"#0"},"elements":[{"from":[14,0,0],"to":[16,10,2],"faces":{"north":{"uv":[7.5,3,8,5.5],"texture":"#0"},"east":{"uv":[6.5,7.5,7,10],"texture":"#0"},"south":{"uv":[7,7.5,7.5,10],"texture":"#0"},"west":{"uv":[7.5,7.5,8,10],"texture":"#0"},"up":{"uv":[7.5,7,7,6.5],"texture":"#0"},"down":{"uv":[8,6.5,7.5,7],"texture":"#0"}}},{"from":[15,0,0],"to":[15,15,14],"faces":{"east":{"uv":[0,7,3.5,10.75],"texture":"#0"},"west":{"uv":[3.5,7,0,10.75],"texture":"#0"}}},{"from":[14,8,2],"to":[16,10,14],"faces":{"north":{"uv":[8,0,8.5,0.5],"texture":"#0"},"east":{"uv":[7,5.5,10,6],"texture":"#0"},"south":{"uv":[8,0.5,8.5,1],"texture":"#0"},"west":{"uv":[6,7,9,7.5],"texture":"#0"},"up":{"uv":[8,3,7.5,0],"texture":"#0"},"down":{"uv":[6.5,7.5,6,10.5],"texture":"#0"}}},{"from":[14,15,0],"to":[16,16,14],"faces":{"north":{"uv":[8,2,8.5,2.25],"texture":"#0"},"east":{"uv":[7,6,10.5,6.25],"texture":"#0"},"south":{"uv":[8,2.25,8.5,2.5],"texture":"#0"},"west":{"uv":[7,6.25,10.5,6.5],"texture":"#0"},"up":{"uv":[5.5,10.5,5,7],"texture":"#0"},"down":{"uv":[6,7,5.5,10.5],"texture":"#0"}}},{"from":[2,9,0],"to":[14,9,15],"faces":{"up":{"uv":[3,3.75,0,0],"texture":"#0","tintindex":0},"down":{"uv":[3,0,0,3.75],"texture":"#0","tintindex":0}}},{"from":[2,9,15],"to":[14,22,15],"faces":{"north":{"uv":[0,3.75,3,7],"texture":"#0","tintindex":0},"south":{"uv":[3,3.75,0,7],"texture":"#0","tintindex":0}}},{"from":[14,0,14],"to":[16,22,16],"faces":{"north":{"uv":[7,0,7.5,5.5],"texture":"#0"},"east":{"uv":[3.5,7,4,12.5],"texture":"#0"},"south":{"uv":[4,7,4.5,12.5],"texture":"#0"},"west":{"uv":[4,7,3.5,12.5],"texture":"#0"},"up":{"uv":[8.5,1.5,8,1],"texture":"#0"},"down":{"uv":[8.5,1.5,8,2],"texture":"#0"}}},{"from":[0,0,0],"to":[2,10,2],"faces":{"north":{"uv":[7.5,3,8,5.5],"texture":"#0"},"east":{"uv":[6.5,7.5,7,10],"texture":"#0"},"south":{"uv":[7,7.5,7.5,10],"texture":"#0"},"west":{"uv":[7.5,7.5,8,10],"texture":"#0"},"up":{"uv":[7.5,7,7,6.5],"texture":"#0"},"down":{"uv":[8,6.5,7.5,7],"texture":"#0"}}},{"from":[1,0,0],"to":[1,15,14],"faces":{"east":{"uv":[0,7,3.5,10.75],"texture":"#0"},"west":{"uv":[3.5,7,0,10.75],"texture":"#0"}}},{"from":[0,8,2],"to":[2,10,14],"faces":{"north":{"uv":[8,0,8.5,0.5],"texture":"#0"},"east":{"uv":[7,5.5,10,6],"texture":"#0"},"south":{"uv":[8,0.5,8.5,1],"texture":"#0"},"west":{"uv":[6,7,9,7.5],"texture":"#0"},"up":{"uv":[8,3,7.5,0],"texture":"#0"},"down":{"uv":[6.5,7.5,6,10.5],"texture":"#0"}}},{"from":[0,15,0],"to":[2,16,14],"faces":{"north":{"uv":[8,2,8.5,2.25],"texture":"#0"},"east":{"uv":[7,6,10.5,6.25],"texture":"#0"},"south":{"uv":[8,2.25,8.5,2.5],"texture":"#0"},"west":{"uv":[7,6.25,10.5,6.5],"texture":"#0"},"up":{"uv":[5.5,10.5,5,7],"texture":"#0"},"down":{"uv":[6,7,5.5,10.5],"texture":"#0"}}},{"from":[0,0,14],"to":[2,22,16],"faces":{"north":{"uv":[7,0,7.5,5.5],"texture":"#0"},"east":{"uv":[3.5,7,4,12.5],"texture":"#0"},"south":{"uv":[4,7,4.5,12.5],"texture":"#0"},"west":{"uv":[4,7,3.5,12.5],"texture":"#0"},"up":{"uv":[8.5,1.5,8,1],"texture":"#0"},"down":{"uv":[8.5,1.5,8,2],"texture":"#0"}}}],"gui_light":"front","display":{"thirdperson_righthand":{"rotation":[75,45,0],"translation":[0,0.5,0],"scale":[0.2,0.2,0.2]},"thirdperson_lefthand":{"rotation":[75,45,0],"translation":[0,0.5,0],"scale":[0.2,0.2,0.2]},"firstperson_righthand":{"rotation":[0,125,0],"translation":[2.25,1.25,-0.75],"scale":[0.2,0.2,0.2]},"firstperson_lefthand":{"rotation":[0,125,0],"translation":[2.25,1.25,-0.75],"scale":[0.2,0.2,0.2]},"ground":{"translation":[0,3,0],"scale":[0.25,0.25,0.25]},"gui":{"rotation":[30,225,0],"translation":[0,-1.25,0],"scale":[0.5,0.5,0.5]},"fixed":{"rotation":[-90,0,0],"translation":[0,0,-16],"scale":[2,2,2]}}}