{"texture_size":[64,64],"textures":{"1":"furniture:furniture/single_park_table","particle":"#1"},"elements":[{"from":[-8,14,-8],"to":[24,16.03516,24],"faces":{"north":{"uv":[8,0,16,0.5],"texture":"#1"},"east":{"uv":[8,0,16,0.5],"texture":"#1"},"south":{"uv":[8,0,16,0.5],"texture":"#1"},"west":{"uv":[8,0,16,0.5],"texture":"#1"},"up":{"uv":[8,8,0,0],"texture":"#1"},"down":{"uv":[8,0,0,8],"texture":"#1"}}},{"from":[0,0,14],"to":[2,14,16],"faces":{"north":{"uv":[8,1,8.5,4.5],"texture":"#1"},"east":{"uv":[3,8,3.5,11.5],"texture":"#1"},"south":{"uv":[3.5,8,4,11.5],"texture":"#1"},"west":{"uv":[4,8,4.5,11.5],"texture":"#1"},"up":{"uv":[5,8.5,4.5,8],"texture":"#1"},"down":{"uv":[8.5,4.5,8,5],"texture":"#1"}}},{"from":[0,0,0],"to":[2,14,2],"rotation":{"angle":0,"axis":"y","origin":[0,0,16]},"faces":{"north":{"uv":[4,8,3.5,11.5],"texture":"#1"},"east":{"uv":[3.5,8,3,11.5],"texture":"#1"},"south":{"uv":[8.5,1,8,4.5],"texture":"#1"},"west":{"uv":[4.5,8,4,11.5],"texture":"#1"},"up":{"uv":[5,8,4.5,8.5],"texture":"#1"},"down":{"uv":[8.5,5,8,4.5],"texture":"#1"}}},{"from":[1,0,2],"to":[1,14,14],"rotation":{"angle":0,"axis":"y","origin":[16,0,16]},"faces":{"north":{"uv":[0,0,0,3.5],"texture":"#1"},"east":{"uv":[0,8,3,11.5],"texture":"#1"},"south":{"uv":[0,0,0,3.5],"texture":"#1"},"west":{"uv":[0,8,3,11.5],"texture":"#1"},"up":{"uv":[0,3,0,0],"texture":"#1"},"down":{"uv":[0,0,0,3],"texture":"#1"}}},{"from":[15,0,2],"to":[15,14,14],"rotation":{"angle":0,"axis":"y","origin":[0,0,16]},"faces":{"north":{"uv":[0,0,0,3.5],"texture":"#1"},"east":{"uv":[3,8,0,11.5],"texture":"#1"},"south":{"uv":[0,0,0,3.5],"texture":"#1"},"west":{"uv":[3,8,0,11.5],"texture":"#1"},"up":{"uv":[0,3,0,0],"texture":"#1"},"down":{"uv":[0,0,0,3],"texture":"#1"}}},{"from":[2,0,15],"to":[14,14,15],"rotation":{"angle":0,"axis":"y","origin":[8,7,8]},"faces":{"north":{"uv":[3,8,0,11.5],"texture":"#1"},"east":{"uv":[0,0,0,3.5],"texture":"#1"},"south":{"uv":[3,8,0,11.5],"texture":"#1"},"west":{"uv":[0,0,0,3.5],"texture":"#1"},"up":{"uv":[0,3,0,0],"rotation":90,"texture":"#1"},"down":{"uv":[0,0,0,3],"rotation":270,"texture":"#1"}}},{"from":[2,0,1],"to":[14,14,1],"rotation":{"angle":0,"axis":"y","origin":[8,7,8]},"faces":{"north":{"uv":[0,8,3,11.5],"texture":"#1"},"east":{"uv":[0,0,0,3.5],"texture":"#1"},"south":{"uv":[0,8,3,11.5],"texture":"#1"},"west":{"uv":[0,0,0,3.5],"texture":"#1"},"up":{"uv":[0,3,0,0],"rotation":90,"texture":"#1"},"down":{"uv":[0,0,0,3],"rotation":270,"texture":"#1"}}},{"from":[14,0,14],"to":[16,14,16],"faces":{"north":{"uv":[8,1,8.5,4.5],"texture":"#1"},"east":{"uv":[3,8,3.5,11.5],"texture":"#1"},"south":{"uv":[3.5,8,4,11.5],"texture":"#1"},"west":{"uv":[4,8,4.5,11.5],"texture":"#1"},"up":{"uv":[5,8.5,4.5,8],"texture":"#1"},"down":{"uv":[8.5,4.5,8,5],"texture":"#1"}}},{"from":[14,0,0],"to":[16,14,2],"rotation":{"angle":0,"axis":"y","origin":[0,0,16]},"faces":{"north":{"uv":[4,8,3.5,11.5],"texture":"#1"},"east":{"uv":[3.5,8,3,11.5],"texture":"#1"},"south":{"uv":[8.5,1,8,4.5],"texture":"#1"},"west":{"uv":[4.5,8,4,11.5],"texture":"#1"},"up":{"uv":[5,8,4.5,8.5],"texture":"#1"},"down":{"uv":[8.5,5,8,4.5],"texture":"#1"}}}],"display":{"thirdperson_righthand":{"rotation":[75,45,0],"translation":[0,0.5,0],"scale":[0.2,0.2,0.2]},"thirdperson_lefthand":{"rotation":[75,45,0],"translation":[0,0.5,0],"scale":[0.2,0.2,0.2]},"firstperson_righthand":{"rotation":[0,125,0],"translation":[2.25,1.25,-0.75],"scale":[0.2,0.2,0.2]},"firstperson_lefthand":{"rotation":[0,125,0],"translation":[2.25,1.25,-0.75],"scale":[0.2,0.2,0.2]},"ground":{"translation":[0,3,0],"scale":[0.25,0.25,0.25]},"gui":{"rotation":[30,225,0],"translation":[0,-1,0],"scale":[0.3,0.3,0.3]},"fixed":{"rotation":[-90,0,0],"translation":[0,0,-16],"scale":[2,2,2]}}}