{"texture_size":[64,64],"textures":{"0":"furniture:furniture/traffic_fence","particle":"furniture:furniture/traffic_fence"},"elements":[{"from":[-8,14,7],"to":[24,16,9],"faces":{"north":{"uv":[2,2.75,10,3.25],"texture":"#0"},"east":{"uv":[4,4.75,4.5,5.25],"texture":"#0"},"south":{"uv":[10,2.75,2,3.25],"texture":"#0"},"west":{"uv":[4.5,4.75,5,5.25],"texture":"#0"},"up":{"uv":[10,4.25,2,3.75],"texture":"#0"},"down":{"uv":[10,4.25,2,4.75],"texture":"#0"}}},{"from":[-6,3,8],"to":[22,14,8],"rotation":{"angle":0,"axis":"y","origin":[0,-2,0]},"faces":{"north":{"uv":[0,0,7,2.75],"texture":"#0"},"east":{"uv":[0,0,0,2.75],"texture":"#0"},"south":{"uv":[7,0,0,2.75],"texture":"#0"},"west":{"uv":[0,0,0,2.75],"texture":"#0"},"up":{"uv":[7,0,0,0],"texture":"#0"},"down":{"uv":[7,0,0,0],"texture":"#0"}}},{"from":[22,3,4],"to":[22,14,12],"rotation":{"angle":0,"axis":"y","origin":[-1,-2,0]},"faces":{"north":{"uv":[0,0,0,2.75],"texture":"#0"},"east":{"uv":[0,2.75,2,5.5],"texture":"#0"},"south":{"uv":[0,0,0,2.75],"texture":"#0"},"west":{"uv":[2,2.75,0,5.5],"texture":"#0"},"up":{"uv":[0,2,0,0],"texture":"#0"},"down":{"uv":[0,0,0,2],"texture":"#0"}}},{"from":[-6,3,4],"to":[-6,14,12],"rotation":{"angle":0,"axis":"y","origin":[17,-2,0]},"faces":{"north":{"uv":[0,0,0,2.75],"texture":"#0"},"east":{"uv":[0,2.75,2,5.5],"texture":"#0"},"south":{"uv":[0,0,0,2.75],"texture":"#0"},"west":{"uv":[2,2.75,0,5.5],"texture":"#0"},"up":{"uv":[0,2,0,0],"texture":"#0"},"down":{"uv":[0,0,0,2],"texture":"#0"}}},{"from":[21.03125,-2,7],"to":[23.03125,15,9],"rotation":{"angle":22.5,"axis":"x","origin":[22.53125,15,8]},"faces":{"north":{"uv":[2,4.75,2.5,9],"texture":"#0"},"east":{"uv":[2.5,4.75,3,9],"texture":"#0"},"south":{"uv":[3,4.75,3.5,9],"texture":"#0"},"west":{"uv":[3.5,4.75,4,9],"texture":"#0"},"up":{"uv":[5.5,5.25,5,4.75],"texture":"#0"},"down":{"uv":[4.5,5.25,4,5.75],"texture":"#0"}}},{"from":[-7.02344,-2,7],"to":[-5.02344,15,9],"rotation":{"angle":22.5,"axis":"x","origin":[-5.52344,15,8]},"faces":{"north":{"uv":[2,4.75,2.5,9],"texture":"#0"},"east":{"uv":[2.5,4.75,3,9],"texture":"#0"},"south":{"uv":[3,4.75,3.5,9],"texture":"#0"},"west":{"uv":[3.5,4.75,4,9],"texture":"#0"},"up":{"uv":[5.5,5.25,5,4.75],"texture":"#0"},"down":{"uv":[4.5,5.25,4,5.75],"texture":"#0"}}},{"from":[-7,-2,7],"to":[-5,15,9],"rotation":{"angle":-22.5,"axis":"x","origin":[-6.5,15,8]},"faces":{"north":{"uv":[3,4.75,3.5,9],"texture":"#0"},"east":{"uv":[3.5,4.75,4,9],"texture":"#0"},"south":{"uv":[2,4.75,2.5,9],"texture":"#0"},"west":{"uv":[2.5,4.75,3,9],"texture":"#0"},"up":{"uv":[5,4.75,5.5,5.25],"texture":"#0"},"down":{"uv":[4,5.75,4.5,5.25],"texture":"#0"}}},{"from":[21,-2,7],"to":[23,15,9],"rotation":{"angle":-22.5,"axis":"x","origin":[21.5,15,8]},"faces":{"north":{"uv":[3,4.75,3.5,9],"texture":"#0"},"east":{"uv":[3.5,4.75,4,9],"texture":"#0"},"south":{"uv":[2,4.75,2.5,9],"texture":"#0"},"west":{"uv":[2.5,4.75,3,9],"texture":"#0"},"up":{"uv":[5,4.75,5.5,5.25],"texture":"#0"},"down":{"uv":[4,5.75,4.5,5.25],"texture":"#0"}}}],"gui_light":"front","display":{"thirdperson_righthand":{"rotation":[75,45,0],"translation":[0,0.5,0],"scale":[0.2,0.2,0.2]},"thirdperson_lefthand":{"rotation":[75,45,0],"translation":[0,0.5,0],"scale":[0.2,0.2,0.2]},"firstperson_righthand":{"rotation":[0,125,0],"translation":[2.25,1.25,-0.75],"scale":[0.2,0.2,0.2]},"firstperson_lefthand":{"rotation":[0,125,0],"translation":[2.25,1.25,-0.75],"scale":[0.2,0.2,0.2]},"ground":{"translation":[0,3,0],"scale":[0.25,0.25,0.25]},"gui":{"rotation":[30,225,0],"translation":[0,0.25,0],"scale":[0.4,0.4,0.4]},"fixed":{"rotation":[-90,0,0],"translation":[0,0,-16],"scale":[2,2,2]}}}