{"texture_size":[64,64],"textures":{"1":"furniture:furniture/trash_can","particle":"#1"},"elements":[{"from":[1,0,1],"to":[15,18,15],"faces":{"north":{"uv":[7.75,4,11.25,8.5],"texture":"#1"},"east":{"uv":[3.75,8.5,7.25,13],"texture":"#1"},"south":{"uv":[7.25,8.5,10.75,13],"texture":"#1"},"west":{"uv":[7.25,8.5,3.75,13],"texture":"#1"},"down":{"uv":[14.25,8.5,10.75,12],"texture":"#1"}}},{"from":[0.5,0,0.5],"to":[15.5,18,15.5],"faces":{"north":{"uv":[0,0,3.75,4.5],"texture":"#1"},"east":{"uv":[3.75,0,7.5,4.5],"texture":"#1"},"south":{"uv":[0,4.5,3.75,9],"texture":"#1"},"west":{"uv":[7.5,0,3.75,4.5],"texture":"#1"},"down":{"uv":[3.75,9,0,12.75],"texture":"#1"}}},{"from":[0,18,0],"to":[16,22,16],"faces":{"north":{"uv":[11.25,4,15.25,5],"texture":"#1"},"east":{"uv":[11.25,5,15.25,6],"texture":"#1"},"south":{"uv":[11.25,4,15.25,5],"texture":"#1"},"west":{"uv":[15.25,5,11.25,6],"texture":"#1"},"up":{"uv":[7.75,8.5,3.75,4.5],"texture":"#1"},"down":{"uv":[11.5,0,7.5,4],"texture":"#1"}}}],"gui_light":"front","display":{"thirdperson_righthand":{"rotation":[75,45,0],"translation":[0,0.5,0],"scale":[0.2,0.2,0.2]},"thirdperson_lefthand":{"rotation":[75,45,0],"translation":[0,0.5,0],"scale":[0.2,0.2,0.2]},"firstperson_righthand":{"rotation":[0,125,0],"translation":[2.25,1.25,-0.75],"scale":[0.2,0.2,0.2]},"firstperson_lefthand":{"rotation":[0,125,0],"translation":[2.25,1.25,-0.75],"scale":[0.2,0.2,0.2]},"ground":{"translation":[0,3,0],"scale":[0.25,0.25,0.25]},"gui":{"rotation":[30,225,0],"translation":[0,-1.5,0],"scale":[0.5,0.5,0.5]},"fixed":{"rotation":[-90,0,0],"translation":[0,0,-16],"scale":[2,2,2]}}}