{"display":{"thirdperson_righthand":{"rotation":[75.0,45.0,0.0],"translation":[0.0,0.5,0.0],"scale":[0.2,0.2,0.2]},"thirdperson_lefthand":{"rotation":[75.0,45.0,0.0],"translation":[0.0,0.5,0.0],"scale":[0.2,0.2,0.2]},"firstperson_righthand":{"rotation":[0.0,125.0,0.0],"translation":[2.25,1.25,-0.75],"scale":[0.2,0.2,0.2]},"firstperson_lefthand":{"rotation":[0.0,125.0,0.0],"translation":[2.25,1.25,-0.75],"scale":[0.2,0.2,0.2]},"ground":{"translation":[0.0,3.0,0.0],"scale":[0.25,0.25,0.25]},"gui":{"rotation":[30.0,225.0,0.0],"translation":[-1.25,-0.75,0.0],"scale":[0.5,0.5,0.5]},"fixed":{"rotation":[-90.0,0.0,0.0],"translation":[0.0,0.0,-16.0],"scale":[2.0,2.0,2.0]}},"elements":[{"from":[-6.0,0.0,2.0],"to":[16.0,16.0,14.0],"faces":{"north":{"uv":[0.0,0.0,5.5,4.0],"texture":"#1"},"east":{"uv":[5.5,6.0,8.5,10.0],"texture":"#1"},"south":{"uv":[0.0,4.0,5.5,8.0],"texture":"#1"},"west":{"uv":[0.0,8.0,3.0,12.0],"texture":"#1"},"up":{"uv":[11.0,3.0,5.5,0.0],"texture":"#1"},"down":{"uv":[11.0,3.0,5.5,6.0],"texture":"#1"}}},{"from":[14.0,14.0,9.0],"to":[2.0,2.0,2.0],"faces":{"north":{"uv":[8.5,6.0,11.5,9.0],"texture":"#1"},"east":{"uv":[7.75,11.75,4.75,10.0],"texture":"#1","rotation":90},"west":{"uv":[4.75,10.0,7.75,11.75],"texture":"#1","rotation":90},"up":{"uv":[7.75,11.75,4.75,10.0],"texture":"#1"},"down":{"uv":[7.75,10.0,4.75,11.75],"texture":"#1"}}}],"textures":{"1":"345f2fdc-585a-4ba4-b40c-f8f412266654:f4285e56-bc69-4622-a0bf-52aacd971ece"},"gui_light":"front"}