{"textures":{"1":"worlddeco:desert_rose","particle":"worlddeco:desert_rose"},"elements":[{"from":[11,0,0.9],"to":[11,10,10.9],"rotation":{"angle":0,"axis":"y","origin":[9,8,6]},"faces":{"north":{"uv":[0,0,0,0],"texture":"#1"},"east":{"uv":[0,0,16,16],"texture":"#1"},"south":{"uv":[0,0,0,0],"texture":"#1"},"west":{"uv":[0,0,16,16],"texture":"#1"},"up":{"uv":[0,0,0,0],"rotation":90,"texture":"#1"},"down":{"uv":[0,0,0,0],"rotation":270,"texture":"#1"}}},{"from":[6.05,0,6.2],"to":[16.05,10,6.2],"rotation":{"angle":0,"axis":"y","origin":[1,0,-2]},"faces":{"north":{"uv":[0,0,16,16],"texture":"#1"},"east":{"uv":[0,0,0,0],"texture":"#1"},"south":{"uv":[0,0,16,16],"texture":"#1"},"west":{"uv":[0,0,0,0],"texture":"#1"},"up":{"uv":[0,0,0,0],"texture":"#1"},"down":{"uv":[0,0,0,0],"texture":"#1"}}},{"from":[0,0,5.4],"to":[10,10,5.4],"rotation":{"angle":-45,"axis":"y","origin":[5,5,5.4]},"faces":{"north":{"uv":[0,0,16,16],"texture":"#1"},"east":{"uv":[0,0,0,0],"texture":"#1"},"south":{"uv":[0,0,16,16],"texture":"#1"},"west":{"uv":[0,0,0,0],"texture":"#1"},"up":{"uv":[0,0,0,0],"texture":"#1"},"down":{"uv":[0,0,0,0],"texture":"#1"}}},{"from":[0.05,0,5.7],"to":[10.05,10,5.7],"rotation":{"angle":45,"axis":"y","origin":[5.05,5,5.7]},"faces":{"north":{"uv":[0,0,16,16],"texture":"#1"},"east":{"uv":[0,0,0,0],"texture":"#1"},"south":{"uv":[0,0,16,16],"texture":"#1"},"west":{"uv":[0,0,0,0],"texture":"#1"},"up":{"uv":[0,0,0,0],"texture":"#1"},"down":{"uv":[0,0,0,0],"texture":"#1"}}},{"from":[7,0,2],"to":[17,10,2],"rotation":{"angle":-45,"axis":"y","origin":[12,5,2]},"faces":{"north":{"uv":[0,0,16,16],"texture":"#1"},"east":{"uv":[0,0,0,0],"texture":"#1"},"south":{"uv":[0,0,16,16],"texture":"#1"},"west":{"uv":[0,0,0,0],"texture":"#1"},"up":{"uv":[0,0,0,0],"texture":"#1"},"down":{"uv":[0,0,0,0],"texture":"#1"}}},{"from":[7.05,0,2.3],"to":[17.05,10,2.3],"rotation":{"angle":45,"axis":"y","origin":[12.05,5,2.3]},"faces":{"north":{"uv":[0,0,16,16],"texture":"#1"},"east":{"uv":[0,0,0,0],"texture":"#1"},"south":{"uv":[0,0,16,16],"texture":"#1"},"west":{"uv":[0,0,0,0],"texture":"#1"},"up":{"uv":[0,0,0,0],"texture":"#1"},"down":{"uv":[0,0,0,0],"texture":"#1"}}},{"from":[3.2,0,8.7],"to":[13.2,10,8.7],"rotation":{"angle":-45,"axis":"y","origin":[8.2,5,8.7]},"faces":{"north":{"uv":[0,0,16,16],"texture":"#1"},"east":{"uv":[0,0,0,0],"texture":"#1"},"south":{"uv":[0,0,16,16],"texture":"#1"},"west":{"uv":[0,0,0,0],"texture":"#1"},"up":{"uv":[0,0,0,0],"texture":"#1"},"down":{"uv":[0,0,0,0],"texture":"#1"}}},{"from":[3.25,0,9],"to":[13.25,10,9],"rotation":{"angle":45,"axis":"y","origin":[8.25,5,9]},"faces":{"north":{"uv":[0,0,16,16],"texture":"#1"},"east":{"uv":[0,0,0,0],"texture":"#1"},"south":{"uv":[0,0,16,16],"texture":"#1"},"west":{"uv":[0,0,0,0],"texture":"#1"},"up":{"uv":[0,0,0,0],"texture":"#1"},"down":{"uv":[0,0,0,0],"texture":"#1"}}},{"from":[7,0,7.4],"to":[17,10,7.4],"rotation":{"angle":-45,"axis":"y","origin":[12,5,7.4]},"faces":{"north":{"uv":[0,0,16,16],"texture":"#1"},"east":{"uv":[0,0,0,0],"texture":"#1"},"south":{"uv":[0,0,16,16],"texture":"#1"},"west":{"uv":[0,0,0,0],"texture":"#1"},"up":{"uv":[0,0,0,0],"texture":"#1"},"down":{"uv":[0,0,0,0],"texture":"#1"}}},{"from":[7.05,0,7.7],"to":[17.05,10,7.7],"rotation":{"angle":45,"axis":"y","origin":[12.05,5,7.7]},"faces":{"north":{"uv":[0,0,16,16],"texture":"#1"},"east":{"uv":[0,0,0,0],"texture":"#1"},"south":{"uv":[0,0,16,16],"texture":"#1"},"west":{"uv":[0,0,0,0],"texture":"#1"},"up":{"uv":[0,0,0,0],"texture":"#1"},"down":{"uv":[0,0,0,0],"texture":"#1"}}},{"from":[2.3,0,1.9],"to":[12.3,10,1.9],"rotation":{"angle":-45,"axis":"y","origin":[7.3,5,1.9]},"faces":{"north":{"uv":[0,0,16,16],"texture":"#1"},"east":{"uv":[0,0,0,0],"texture":"#1"},"south":{"uv":[0,0,16,16],"texture":"#1"},"west":{"uv":[0,0,0,0],"texture":"#1"},"up":{"uv":[0,0,0,0],"texture":"#1"},"down":{"uv":[0,0,0,0],"texture":"#1"}}},{"from":[2.35,0,2.2],"to":[12.35,10,2.2],"rotation":{"angle":45,"axis":"y","origin":[7.35,5,2.2]},"faces":{"north":{"uv":[0,0,16,16],"texture":"#1"},"east":{"uv":[0,0,0,0],"texture":"#1"},"south":{"uv":[0,0,16,16],"texture":"#1"},"west":{"uv":[0,0,0,0],"texture":"#1"},"up":{"uv":[0,0,0,0],"texture":"#1"},"down":{"uv":[0,0,0,0],"texture":"#1"}}},{"from":[0.1,0,9.5],"to":[10.1,10,9.5],"rotation":{"angle":-45,"axis":"y","origin":[5.1,5,9.5]},"faces":{"north":{"uv":[0,0,16,16],"texture":"#1"},"east":{"uv":[0,0,0,0],"texture":"#1"},"south":{"uv":[0,0,16,16],"texture":"#1"},"west":{"uv":[0,0,0,0],"texture":"#1"},"up":{"uv":[0,0,0,0],"texture":"#1"},"down":{"uv":[0,0,0,0],"texture":"#1"}}},{"from":[0.15,0,9.8],"to":[10.15,10,9.8],"rotation":{"angle":45,"axis":"y","origin":[5.15,5,9.8]},"faces":{"north":{"uv":[0,0,16,16],"texture":"#1"},"east":{"uv":[0,0,0,0],"texture":"#1"},"south":{"uv":[0,0,16,16],"texture":"#1"},"west":{"uv":[0,0,0,0],"texture":"#1"},"up":{"uv":[0,0,0,0],"texture":"#1"},"down":{"uv":[0,0,0,0],"texture":"#1"}}}],"gui_light":"front","display":{"thirdperson_righthand":{"rotation":[75,45,0],"translation":[0,2.5,0],"scale":[0.375,0.375,0.375]},"firstperson_righthand":{"rotation":[0,15,0],"translation":[1.75,2.25,0],"scale":[0.4,0.4,0.4]},"firstperson_lefthand":{"scale":[0.4,0.4,0.4]},"ground":{"translation":[0,3,0],"scale":[0.25,0.25,0.25]},"gui":{"rotation":[30,225,0],"translation":[-1.25,2.5,0]},"head":{"translation":[0,14.5,0]},"fixed":{"translation":[0,1.5,0],"scale":[0.5,0.5,0.5]}},"groups":[{"name":"group","origin":[8,8,8],"color":0,"boneType":"","children":[0,1]},{"name":"group","origin":[8,8,8],"color":0,"boneType":"","children":[2,3]},{"name":"group","origin":[8,8,8],"color":0,"boneType":"","children":[4,5]},{"name":"group","origin":[8,8,8],"color":0,"boneType":"","children":[6,7]},{"name":"group","origin":[8,8,8],"color":0,"boneType":"","children":[8,9]},{"name":"group","origin":[8,8,8],"color":0,"boneType":"","children":[10,11]},{"name":"group","origin":[8,8,8],"color":0,"boneType":"","children":[12,13]}]}