{"credit":"MadewithBlockbench","gui_light":"front","textures":{"0":"worlddeco:ground_leaves","particle":"worlddeco:ground_leaves"},"elements":[{"from":[0,0.1,0],"to":[16,0.1,16],"faces":{"north":{"uv":[0,0,0,0],"rotation":270,"texture":"#0"},"east":{"uv":[0,0,0,0],"rotation":270,"texture":"#0"},"south":{"uv":[0,0,0,0],"rotation":270,"texture":"#0"},"west":{"uv":[0,0,0,0],"rotation":270,"texture":"#0"},"up":{"uv":[0,0,16,16],"texture":"#0"},"down":{"uv":[0,0,16,16],"texture":"#0"}}}],"display":{"thirdperson_righthand":{"rotation":[75,45,0],"translation":[0,2.5,0],"scale":[0.375,0.375,0.375]},"firstperson_righthand":{"rotation":[0,15,0],"translation":[1.75,2.25,0],"scale":[0.4,0.4,0.4]},"firstperson_lefthand":{"scale":[0.4,0.4,0.4]},"ground":{"translation":[0,3,0],"scale":[0.25,0.25,0.25]},"gui":{"rotation":[90,0,0]},"head":{"translation":[0,14.5,0]},"fixed":{"rotation":[-90,0,0],"translation":[0,0,-8.25]}}}