{"block.stone.place":{"subtitle":"subtitles.block.generic.place","sounds":["dig/stone1","dig/stone2","dig/stone3","dig/stone4"]},"block.stone.break":{"subtitle":"subtitles.block.generic.break","sounds":["dig/stone1","dig/stone2","dig/stone3","dig/stone4"]},"block.stone.hit":{"subtitle":"subtitles.block.generic.hit","sounds":["step/stone1","step/stone2","step/stone3","step/stone4","step/stone5","step/stone6"]},"block.stone.fall":{"sounds":["step/stone1","step/stone2","step/stone3","step/stone4","step/stone5","step/stone6"]},"block.stone.step":{"subtitle":"subtitles.block.generic.footsteps","sounds":["step/stone1","step/stone2","step/stone3","step/stone4","step/stone5","step/stone6"]}}