{"parent":"item/netherite_sword","display":{"thirdperson_righthand":{"rotation":[0.0,-90.0,55.0],"translation":[0.0,6.0,1.0],"scale":[1.25,1.25,1.25]},"thirdperson_lefthand":{"rotation":[0.0,-90.0,-35.0],"translation":[0.0,6.0,1.0],"scale":[1.25,1.25,1.25]},"firstperson_righthand":{"rotation":[0.0,-90.0,40.0],"translation":[1.13,3.2,1.13]},"firstperson_lefthand":{"rotation":[0.0,90.0,-25.0],"translation":[1.13,3.2,1.13]}},"textures":{"layer0":"e263e7d5-9305-42de-bf78-e0e515391e33:c53c8942-4cce-4e17-8aa0-b624792e57f5"}}