{"parent":"item/crossbow","display":{"thirdperson_righthand":{"rotation":[-90.0,0.0,-60.0],"translation":[2.0,0.1,-3.0],"scale":[0.9,0.9,0.9]},"thirdperson_lefthand":{"rotation":[-90.0,0.0,30.0],"translation":[2.0,0.1,-3.0],"scale":[0.9,0.9,0.9]},"firstperson_righthand":{"rotation":[-90.0,0.0,-55.0],"translation":[1.13,3.2,1.13],"scale":[0.68,0.68,0.68]},"firstperson_lefthand":{"rotation":[-90.0,0.0,35.0],"translation":[1.13,3.2,1.13],"scale":[0.68,0.68,0.68]}},"textures":{"layer0":"e263e7d5-9305-42de-bf78-e0e515391e33:264f50f7-02c3-45cd-beee-e37aaa89e091"},"overrides":[{"predicate":{"pulling":1},"model":"e263e7d5-9305-42de-bf78-e0e515391e33:726c9c18-fcf2-4bda-b862-4071b6860255"},{"predicate":{"pulling":1,"pull":0.58},"model":"e263e7d5-9305-42de-bf78-e0e515391e33:e630187b-fb96-4ed3-9b6d-076c757f5fb4"},{"predicate":{"pulling":1,"pull":1.0},"model":"e263e7d5-9305-42de-bf78-e0e515391e33:34c64eab-0661-4be4-ba51-147135b5acb4"},{"predicate":{"charged":1},"model":"e263e7d5-9305-42de-bf78-e0e515391e33:650acd38-9184-40ae-9e3a-83ff4f54c29f"},{"predicate":{"charged":1,"firework":1},"model":"e263e7d5-9305-42de-bf78-e0e515391e33:2558500b-5d2b-4034-af43-ea679ff80f2f"}]}