{"parent":"item/netherite_sword","display":{"thirdperson_righthand":{"rotation":[0.0,-90.0,55.0],"translation":[0.0,4.0,0.5],"scale":[0.6,0.6,0.6]},"thirdperson_lefthand":{"rotation":[0.0,90.0,-55.0],"translation":[0.0,4.0,0.5],"scale":[0.6,0.6,0.6]},"firstperson_righthand":{"rotation":[0.0,-90.0,35.0],"translation":[1.13,3.2,1.13],"scale":[0.54,0.54,0.54]},"firstperson_lefthand":{"rotation":[0.0,90.0,-25.0],"translation":[1.13,3.2,1.13],"scale":[0.54,0.54,0.54]}},"textures":{"layer0":"e263e7d5-9305-42de-bf78-e0e515391e33:cb9b31c5-47de-450d-b640-87399aa4ab19"}}