{"parent":"item/netherite_sword","display":{"thirdperson_righthand":{"rotation":[0.0,-90.0,55.0],"translation":[0.0,7.0,1.0],"scale":[1.35,1.35,1.35]},"thirdperson_lefthand":{"rotation":[0.0,-90.0,-35.0],"translation":[0.0,7.0,1.0],"scale":[1.35,1.35,1.35]},"firstperson_righthand":{"rotation":[0.0,-90.0,40.0],"translation":[1.13,3.2,1.13],"scale":[1.1,1.1,1.1]},"firstperson_lefthand":{"rotation":[0.0,90.0,-25.0],"translation":[1.13,3.2,1.13],"scale":[1.1,1.1,1.1]}},"textures":{"layer0":"e263e7d5-9305-42de-bf78-e0e515391e33:6f15438f-7509-4150-85cd-cea20be3052f"}}