{"parent":"item/bow","display":{"thirdperson_righthand":{"rotation":[-80.0,260.0,-40.0],"translation":[-1.0,-2.0,2.5],"scale":[0.9,0.9,0.9]},"thirdperson_lefthand":{"rotation":[-80.0,-280.0,40.0],"translation":[-1.0,-2.0,2.5],"scale":[0.9,0.9,0.9]},"firstperson_righthand":{"rotation":[0.0,-90.0,25.0],"translation":[1.13,3.2,1.13],"scale":[0.68,0.68,0.68]},"firstperson_lefthand":{"rotation":[0.0,90.0,-25.0],"translation":[1.13,3.2,1.13],"scale":[0.68,0.68,0.68]}},"textures":{"layer0":"e263e7d5-9305-42de-bf78-e0e515391e33:8e4f9de0-dc8e-4aff-854c-5172b79b6cfd"},"overrides":[{"predicate":{"pulling":1},"model":"e263e7d5-9305-42de-bf78-e0e515391e33:93c79721-7e63-4958-af9b-976bd0d0ea17"},{"predicate":{"pulling":1,"pull":0.65},"model":"e263e7d5-9305-42de-bf78-e0e515391e33:f59e002a-ab26-49b1-9c49-9cd10734e2d3"},{"predicate":{"pulling":1,"pull":0.9},"model":"e263e7d5-9305-42de-bf78-e0e515391e33:5f3c9775-18d7-499e-9a4c-7902a1646d75"},{"predicate":{"pulling":1,"pull":0.9},"model":"e263e7d5-9305-42de-bf78-e0e515391e33:ac8572f8-6e31-4ce7-9cab-8c84176f76f0"},{"predicate":{"pulling":1,"pull":0.9},"model":"e263e7d5-9305-42de-bf78-e0e515391e33:18d69e8f-1edd-41ca-9025-9bf0753cd88b"},{"predicate":{"pulling":1,"pull":0.9},"model":"e263e7d5-9305-42de-bf78-e0e515391e33:4b00fc58-4908-4c96-8f3b-d132c70de620"},{"predicate":{"pulling":1,"pull":0.9},"model":"e263e7d5-9305-42de-bf78-e0e515391e33:1a0125c8-8691-4d55-817a-906e3e5117c7"}]}