{"parent":"item/crossbow","display":{"thirdperson_righthand":{"rotation":[-90.0,0.0,-60.0],"translation":[2.0,0.1,-3.0],"scale":[0.9,0.9,0.9]},"thirdperson_lefthand":{"rotation":[-90.0,0.0,30.0],"translation":[2.0,0.1,-3.0],"scale":[0.9,0.9,0.9]},"firstperson_righthand":{"rotation":[-90.0,0.0,-55.0],"translation":[1.13,3.2,1.13],"scale":[0.68,0.68,0.68]},"firstperson_lefthand":{"rotation":[-90.0,0.0,35.0],"translation":[1.13,3.2,1.13],"scale":[0.68,0.68,0.68]}},"textures":{"layer0":"e263e7d5-9305-42de-bf78-e0e515391e33:fa9aa03e-086d-43e6-99ce-ca5f1ad055c3"},"overrides":[{"predicate":{"pulling":1},"model":"e263e7d5-9305-42de-bf78-e0e515391e33:9d5dc469-3a83-45b8-9d88-c4db4a2683cb"},{"predicate":{"pulling":1,"pull":0.58},"model":"e263e7d5-9305-42de-bf78-e0e515391e33:752da45f-4074-410d-bdaf-41a86bdbe3ec"},{"predicate":{"pulling":1,"pull":1.0},"model":"e263e7d5-9305-42de-bf78-e0e515391e33:535662ee-3171-443e-9d97-61a01e9d43a2"},{"predicate":{"charged":1},"model":"e263e7d5-9305-42de-bf78-e0e515391e33:9d4a9668-a004-4d43-9d4e-abd50eabbb62"},{"predicate":{"charged":1,"firework":1},"model":"e263e7d5-9305-42de-bf78-e0e515391e33:b01aa7ec-baf9-46e6-874b-2ef957627147"}]}