{"parent":"item/crossbow","display":{"thirdperson_righthand":{"rotation":[-90.0,0.0,-60.0],"translation":[2.0,0.1,-3.0],"scale":[0.9,0.9,0.9]},"thirdperson_lefthand":{"rotation":[-90.0,0.0,30.0],"translation":[2.0,0.1,-3.0],"scale":[0.9,0.9,0.9]},"firstperson_righthand":{"rotation":[-90.0,0.0,-55.0],"translation":[1.13,3.2,1.13],"scale":[0.68,0.68,0.68]},"firstperson_lefthand":{"rotation":[-90.0,0.0,35.0],"translation":[1.13,3.2,1.13],"scale":[0.68,0.68,0.68]}},"textures":{"layer0":"e263e7d5-9305-42de-bf78-e0e515391e33:e6eaaad1-c8d3-4437-997e-c45617b7cf48"},"overrides":[{"predicate":{"pulling":1},"model":"e263e7d5-9305-42de-bf78-e0e515391e33:4a4af3ff-c1a6-4f00-a087-413d3c1f5a38"},{"predicate":{"pulling":1,"pull":0.58},"model":"e263e7d5-9305-42de-bf78-e0e515391e33:6df6e5f6-136e-46a9-aa74-d3fe7e51b0ed"},{"predicate":{"pulling":1,"pull":1.0},"model":"e263e7d5-9305-42de-bf78-e0e515391e33:8d1e9cdc-ee9e-44c4-99ea-7cc341284e06"},{"predicate":{"charged":1},"model":"e263e7d5-9305-42de-bf78-e0e515391e33:a8ec5c57-10c2-4f7a-a8c9-870a82f9602c"},{"predicate":{"charged":1,"firework":1},"model":"e263e7d5-9305-42de-bf78-e0e515391e33:18ecf80e-ecae-413b-930b-9befb2cb454b"}]}