{"parent":"item/crossbow","display":{"thirdperson_righthand":{"rotation":[-90.0,0.0,-60.0],"translation":[2.0,0.1,-3.0],"scale":[0.9,0.9,0.9]},"thirdperson_lefthand":{"rotation":[-90.0,0.0,30.0],"translation":[2.0,0.1,-3.0],"scale":[0.9,0.9,0.9]},"firstperson_righthand":{"rotation":[-90.0,0.0,-55.0],"translation":[1.13,3.2,1.13],"scale":[0.68,0.68,0.68]},"firstperson_lefthand":{"rotation":[-90.0,0.0,35.0],"translation":[1.13,3.2,1.13],"scale":[0.68,0.68,0.68]}},"textures":{"layer0":"e263e7d5-9305-42de-bf78-e0e515391e33:8593a7c6-7e56-4245-93c8-478a6287f753"},"overrides":[{"predicate":{"pulling":1},"model":"e263e7d5-9305-42de-bf78-e0e515391e33:e8e83a3d-1f0a-4ef7-b040-75f1ba4ab45e"},{"predicate":{"pulling":1,"pull":0.58},"model":"e263e7d5-9305-42de-bf78-e0e515391e33:aa5e2dd1-c90c-403d-b052-2a05b84a3b9e"},{"predicate":{"pulling":1,"pull":1.0},"model":"e263e7d5-9305-42de-bf78-e0e515391e33:aba3d3ae-18bd-4bd4-b36e-d7e141d757a2"},{"predicate":{"charged":1},"model":"e263e7d5-9305-42de-bf78-e0e515391e33:9d6dc7b3-bda7-469e-adde-c16ad928a0a3"},{"predicate":{"charged":1,"firework":1},"model":"e263e7d5-9305-42de-bf78-e0e515391e33:23e4f50a-8209-4665-a347-94906ef8513a"}]}