{"parent":"item/bow","display":{"thirdperson_righthand":{"rotation":[-80.0,260.0,-40.0],"translation":[-1.0,-2.0,2.5],"scale":[0.9,0.9,0.9]},"thirdperson_lefthand":{"rotation":[-80.0,-280.0,40.0],"translation":[-1.0,-2.0,2.5],"scale":[0.9,0.9,0.9]},"firstperson_righthand":{"rotation":[0.0,-90.0,25.0],"translation":[1.13,3.2,1.13],"scale":[0.68,0.68,0.68]},"firstperson_lefthand":{"rotation":[0.0,90.0,-25.0],"translation":[1.13,3.2,1.13],"scale":[0.68,0.68,0.68]}},"textures":{"layer0":"e263e7d5-9305-42de-bf78-e0e515391e33:a2e7360a-446d-4c15-abb6-fbdd9d09a602"},"overrides":[{"predicate":{"pulling":1},"model":"e263e7d5-9305-42de-bf78-e0e515391e33:e20daeaa-e11d-4bc2-a492-ae072d4dae2a"},{"predicate":{"pulling":1,"pull":0.65},"model":"e263e7d5-9305-42de-bf78-e0e515391e33:90ae13aa-b1ba-4e85-a3f8-520be6425a49"},{"predicate":{"pulling":1,"pull":0.9},"model":"e263e7d5-9305-42de-bf78-e0e515391e33:d47a9c14-1665-4cfa-9fce-83896a5d27dd"},{"predicate":{"pulling":1,"pull":0.9},"model":"e263e7d5-9305-42de-bf78-e0e515391e33:6826c325-3034-4d6f-884d-0a4ce02f7c58"},{"predicate":{"pulling":1,"pull":0.9},"model":"e263e7d5-9305-42de-bf78-e0e515391e33:b7147078-1cb3-4af6-abb1-b93f73188430"},{"predicate":{"pulling":1,"pull":0.9},"model":"e263e7d5-9305-42de-bf78-e0e515391e33:476ecae9-79c9-4dd9-844e-d1e44a7c9acc"},{"predicate":{"pulling":1,"pull":0.9},"model":"e263e7d5-9305-42de-bf78-e0e515391e33:d5ec4877-a0a1-428b-bf6c-db8d0c8ae892"}]}