{"model":{"type":"range_dispatch","property":"custom_model_data","entries":[{"threshold":1000.0,"model":{"type":"model","model":"2dde4ef7-6464-4ec7-bd28-f897e05154a6:55f08fe0-b350-46a6-9562-1d18dd8cdf59","tints":[]}}],"fallback":{"type":"select","property":"trim_material","cases":[{"when":"minecraft:quartz","model":{"type":"model","model":"item/chainmail_chestplate_quartz_trim","tints":[]}},{"when":"minecraft:iron","model":{"type":"model","model":"item/chainmail_chestplate_iron_trim","tints":[]}},{"when":"minecraft:netherite","model":{"type":"model","model":"item/chainmail_chestplate_netherite_trim","tints":[]}},{"when":"minecraft:redstone","model":{"type":"model","model":"item/chainmail_chestplate_redstone_trim","tints":[]}},{"when":"minecraft:copper","model":{"type":"model","model":"item/chainmail_chestplate_copper_trim","tints":[]}},{"when":"minecraft:gold","model":{"type":"model","model":"item/chainmail_chestplate_gold_trim","tints":[]}},{"when":"minecraft:emerald","model":{"type":"model","model":"item/chainmail_chestplate_emerald_trim","tints":[]}},{"when":"minecraft:diamond","model":{"type":"model","model":"item/chainmail_chestplate_diamond_trim","tints":[]}},{"when":"minecraft:lapis","model":{"type":"model","model":"item/chainmail_chestplate_lapis_trim","tints":[]}},{"when":"minecraft:amethyst","model":{"type":"model","model":"item/chainmail_chestplate_amethyst_trim","tints":[]}},{"when":"minecraft:resin","model":{"type":"model","model":"item/chainmail_chestplate_resin_trim","tints":[]}}],"fallback":{"type":"model","model":"item/chainmail_chestplate","tints":[]}}}}