{"model":{"type":"range_dispatch","property":"custom_model_data","entries":[{"threshold":1000.0,"model":{"type":"model","model":"288d7f4e-865f-4c67-87f9-85eb463183ef:29921605-e752-45bc-ac7c-d628bb84020f","tints":[{"type":"dye","default":-6265536}]}},{"threshold":1001.0,"model":{"type":"model","model":"288d7f4e-865f-4c67-87f9-85eb463183ef:eb589811-1d3b-4d48-b970-1d323bad7e66","tints":[{"type":"dye","default":-6265536}]}},{"threshold":1002.0,"model":{"type":"model","model":"288d7f4e-865f-4c67-87f9-85eb463183ef:5f940d0b-ed6c-4d92-ba8e-85f46d9224a4","tints":[{"type":"dye","default":-6265536}]}},{"threshold":1003.0,"model":{"type":"model","model":"288d7f4e-865f-4c67-87f9-85eb463183ef:a743e822-33b7-4216-80ca-7580e193c000","tints":[{"type":"dye","default":-6265536}]}}],"fallback":{"type":"model","model":"item/leather_horse_armor","tints":[{"type":"dye","default":-6265536}]}}}