{"model":{"type":"range_dispatch","property":"custom_model_data","entries":[{"threshold":1000.0,"model":{"type":"model","model":"288d7f4e-865f-4c67-87f9-85eb463183ef:ed703dab-9a72-4adf-b5c0-b705b5ea11fb","tints":[]}},{"threshold":1001.0,"model":{"type":"model","model":"288d7f4e-865f-4c67-87f9-85eb463183ef:25ba0d9e-dabb-4037-9175-9928e37d5184","tints":[]}},{"threshold":1002.0,"model":{"type":"model","model":"288d7f4e-865f-4c67-87f9-85eb463183ef:cf1feebc-cd7b-48a5-8e04-470feb921d37","tints":[]}},{"threshold":1003.0,"model":{"type":"model","model":"288d7f4e-865f-4c67-87f9-85eb463183ef:835961aa-c9c4-48bf-899f-af432a50938e","tints":[]}},{"threshold":1004.0,"model":{"type":"model","model":"288d7f4e-865f-4c67-87f9-85eb463183ef:4002bdaa-3ee8-483e-8a98-225fc75955f8","tints":[]}},{"threshold":1005.0,"model":{"type":"model","model":"288d7f4e-865f-4c67-87f9-85eb463183ef:856e27ed-912e-4edc-9990-66dc62acfa81","tints":[]}},{"threshold":1006.0,"model":{"type":"model","model":"2dde4ef7-6464-4ec7-bd28-f897e05154a6:84156060-fa87-4bd7-8c54-e49b78ec9c5c","tints":[]}},{"threshold":1007.0,"model":{"type":"model","model":"2dde4ef7-6464-4ec7-bd28-f897e05154a6:f1a21409-ce5e-4d78-aaae-ca0dfdb56f25","tints":[]}},{"threshold":1008.0,"model":{"type":"model","model":"2dde4ef7-6464-4ec7-bd28-f897e05154a6:474ea007-9cbc-45c9-b91c-f4cc6dd1c163","tints":[]}},{"threshold":1009.0,"model":{"type":"model","model":"9b670ba0-18fb-4c92-a3e4-c2e41ae29134:83504927-abe9-4b34-af11-ab26a7b8e760","tints":[]}},{"threshold":1010.0,"model":{"type":"model","model":"9b670ba0-18fb-4c92-a3e4-c2e41ae29134:de6600e4-48ca-4237-ba97-b4cea4fc2f62","tints":[]}},{"threshold":1011.0,"model":{"type":"model","model":"9b670ba0-18fb-4c92-a3e4-c2e41ae29134:d4c40ce5-6a89-4e65-a936-30f532ab1a63","tints":[]}},{"threshold":1012.0,"model":{"type":"model","model":"9b670ba0-18fb-4c92-a3e4-c2e41ae29134:8fb478b3-b2c8-4869-9962-8251a49c64ad","tints":[]}},{"threshold":1013.0,"model":{"type":"model","model":"2dde4ef7-6464-4ec7-bd28-f897e05154a6:63fb40ae-e4c9-4907-8575-5694f5fd0065","tints":[]}},{"threshold":1014.0,"model":{"type":"model","model":"2dde4ef7-6464-4ec7-bd28-f897e05154a6:65aa59e8-df6f-480f-97f0-facd703892e8","tints":[]}},{"threshold":1015.0,"model":{"type":"model","model":"2dde4ef7-6464-4ec7-bd28-f897e05154a6:f9041897-2001-4d86-b2a6-70f6f4d7c09b","tints":[]}},{"threshold":1016.0,"model":{"type":"model","model":"9b670ba0-18fb-4c92-a3e4-c2e41ae29134:c0fd1eb6-9553-4899-8496-7631f912d041","tints":[]}},{"threshold":1017.0,"model":{"type":"model","model":"9b670ba0-18fb-4c92-a3e4-c2e41ae29134:d373586a-c1b7-49dc-a925-074b52838960","tints":[]}},{"threshold":1018.0,"model":{"type":"model","model":"9b670ba0-18fb-4c92-a3e4-c2e41ae29134:938cbfa5-4979-435a-89a5-27b1904668cb","tints":[]}},{"threshold":1019.0,"model":{"type":"model","model":"9b670ba0-18fb-4c92-a3e4-c2e41ae29134:7ff00bd9-5294-46fe-b137-ab78544e82fd","tints":[]}},{"threshold":1020.0,"model":{"type":"model","model":"9b670ba0-18fb-4c92-a3e4-c2e41ae29134:c380d57b-2884-4e93-9dbf-3cf6c030f0f0","tints":[]}},{"threshold":1021.0,"model":{"type":"model","model":"9b670ba0-18fb-4c92-a3e4-c2e41ae29134:7505a099-073e-4456-815c-fd984cffc009","tints":[]}},{"threshold":1022.0,"model":{"type":"model","model":"9b670ba0-18fb-4c92-a3e4-c2e41ae29134:98ba7dc3-82b2-46eb-8098-fc9071ef97db","tints":[]}},{"threshold":1023.0,"model":{"type":"model","model":"9b670ba0-18fb-4c92-a3e4-c2e41ae29134:b02367a2-013b-4eea-a765-2cadc5c0d0fd","tints":[]}},{"threshold":1024.0,"model":{"type":"model","model":"9b670ba0-18fb-4c92-a3e4-c2e41ae29134:2ef2aa80-6484-4c4f-a453-a4ef4f843855","tints":[]}},{"threshold":1025.0,"model":{"type":"model","model":"9b670ba0-18fb-4c92-a3e4-c2e41ae29134:7b0b6ee0-edd6-48ab-a4ae-46cf23f2428f","tints":[]}},{"threshold":1026.0,"model":{"type":"model","model":"9b670ba0-18fb-4c92-a3e4-c2e41ae29134:2ad3824a-3e57-497e-bf77-3fc6304527b6","tints":[]}},{"threshold":1027.0,"model":{"type":"model","model":"9b670ba0-18fb-4c92-a3e4-c2e41ae29134:bd59f689-deae-434d-be84-03b8103c6d3d","tints":[]}},{"threshold":1028.0,"model":{"type":"model","model":"9b670ba0-18fb-4c92-a3e4-c2e41ae29134:a21e91d0-e115-4c56-b555-d2db5d747379","tints":[]}},{"threshold":1029.0,"model":{"type":"model","model":"9b670ba0-18fb-4c92-a3e4-c2e41ae29134:207024f9-9c7f-45be-a037-fa8c82c14c6d","tints":[]}},{"threshold":1030.0,"model":{"type":"model","model":"9b670ba0-18fb-4c92-a3e4-c2e41ae29134:bb7e4642-7d75-4ad9-8f8f-312f6a99ccc0","tints":[]}},{"threshold":1031.0,"model":{"type":"model","model":"9b670ba0-18fb-4c92-a3e4-c2e41ae29134:703f04d5-3ea9-4dcc-b055-377eb533fe07","tints":[]}},{"threshold":1032.0,"model":{"type":"model","model":"9b670ba0-18fb-4c92-a3e4-c2e41ae29134:444c0db0-8004-4f15-a5d2-3909adf6321b","tints":[]}},{"threshold":1033.0,"model":{"type":"model","model":"9b670ba0-18fb-4c92-a3e4-c2e41ae29134:a8017d3d-148e-4260-a78e-366635710c8d","tints":[]}},{"threshold":1034.0,"model":{"type":"model","model":"9b670ba0-18fb-4c92-a3e4-c2e41ae29134:50547996-c3b1-45c7-8414-ac0160d4ea4d","tints":[]}},{"threshold":1035.0,"model":{"type":"model","model":"9b670ba0-18fb-4c92-a3e4-c2e41ae29134:ab0de5ed-39f6-4cc8-b753-f071e896727d","tints":[]}},{"threshold":1036.0,"model":{"type":"model","model":"9b670ba0-18fb-4c92-a3e4-c2e41ae29134:70208e4f-b913-4c68-b8eb-a91228a7ee90","tints":[]}},{"threshold":1037.0,"model":{"type":"model","model":"9b670ba0-18fb-4c92-a3e4-c2e41ae29134:152aff3c-46cc-4e35-b574-2689aa0a9ecf","tints":[]}},{"threshold":1038.0,"model":{"type":"model","model":"9b670ba0-18fb-4c92-a3e4-c2e41ae29134:e0c233a3-cc30-42e0-81d4-2fb579be8451","tints":[]}},{"threshold":1039.0,"model":{"type":"model","model":"9b670ba0-18fb-4c92-a3e4-c2e41ae29134:77d626a1-1aed-4e84-be66-0f5575cf4d97","tints":[]}},{"threshold":1040.0,"model":{"type":"model","model":"2dde4ef7-6464-4ec7-bd28-f897e05154a6:93823823-0782-451d-b706-b9602ba62772","tints":[]}},{"threshold":1041.0,"model":{"type":"model","model":"2dde4ef7-6464-4ec7-bd28-f897e05154a6:2f5ae3d2-b3cd-4fac-a360-627dfe157347","tints":[]}},{"threshold":1042.0,"model":{"type":"model","model":"2dde4ef7-6464-4ec7-bd28-f897e05154a6:786b273d-1997-4646-8462-39261ffc3fab","tints":[]}},{"threshold":1043.0,"model":{"type":"model","model":"2dde4ef7-6464-4ec7-bd28-f897e05154a6:c83bce6f-6a0b-4094-821b-587150f29b02","tints":[]}},{"threshold":1044.0,"model":{"type":"model","model":"2dde4ef7-6464-4ec7-bd28-f897e05154a6:c8601255-e92b-4247-a418-5536975e8d03","tints":[]}},{"threshold":1045.0,"model":{"type":"model","model":"2dde4ef7-6464-4ec7-bd28-f897e05154a6:d38dd6b9-07ba-44a0-adff-9ea05b3f7dd5","tints":[]}},{"threshold":1046.0,"model":{"type":"model","model":"2dde4ef7-6464-4ec7-bd28-f897e05154a6:0078fdfe-8391-45d6-8f0e-1df65621aab8","tints":[]}},{"threshold":1047.0,"model":{"type":"model","model":"2dde4ef7-6464-4ec7-bd28-f897e05154a6:668e8211-f937-401f-ab8a-fd6b5195c505","tints":[]}},{"threshold":1048.0,"model":{"type":"model","model":"2dde4ef7-6464-4ec7-bd28-f897e05154a6:5d90a9f5-68d9-477a-a87b-b35ad2646f51","tints":[]}},{"threshold":1049.0,"model":{"type":"model","model":"2dde4ef7-6464-4ec7-bd28-f897e05154a6:2d29f655-c50b-4ffb-b937-20ea859b25b3","tints":[]}},{"threshold":1050.0,"model":{"type":"model","model":"2dde4ef7-6464-4ec7-bd28-f897e05154a6:4e440a81-b781-4f6f-9a2f-6194b4c4ffe5","tints":[]}},{"threshold":1051.0,"model":{"type":"model","model":"2dde4ef7-6464-4ec7-bd28-f897e05154a6:625c73b7-295a-41fa-ac19-e3ae44af95ed","tints":[]}},{"threshold":1052.0,"model":{"type":"model","model":"2dde4ef7-6464-4ec7-bd28-f897e05154a6:8ce920ac-059a-46a8-8c2c-4f10df067215","tints":[]}},{"threshold":1053.0,"model":{"type":"model","model":"2dde4ef7-6464-4ec7-bd28-f897e05154a6:c1e93742-62d0-4604-b783-56562fb80e82","tints":[]}},{"threshold":1054.0,"model":{"type":"model","model":"2dde4ef7-6464-4ec7-bd28-f897e05154a6:0a619773-c7c2-4ef1-b27e-b7d09df58c17","tints":[]}},{"threshold":1055.0,"model":{"type":"model","model":"2dde4ef7-6464-4ec7-bd28-f897e05154a6:59935646-6a97-4e2f-a8f0-e7a12e27c802","tints":[]}},{"threshold":1056.0,"model":{"type":"model","model":"2dde4ef7-6464-4ec7-bd28-f897e05154a6:fa6454dc-aeb1-4bbd-8f26-9b4767828e93","tints":[]}},{"threshold":1057.0,"model":{"type":"model","model":"2dde4ef7-6464-4ec7-bd28-f897e05154a6:7c201383-15a4-44a1-a251-fe34dcf19f1b","tints":[]}},{"threshold":1058.0,"model":{"type":"model","model":"2dde4ef7-6464-4ec7-bd28-f897e05154a6:fa2a9e43-a849-485e-ac6f-01b27583eb09","tints":[]}},{"threshold":1059.0,"model":{"type":"model","model":"2dde4ef7-6464-4ec7-bd28-f897e05154a6:aa38ce05-c805-4322-8f9b-eaff19a49a09","tints":[]}},{"threshold":1060.0,"model":{"type":"model","model":"2dde4ef7-6464-4ec7-bd28-f897e05154a6:b05bef34-e89c-40ea-9b6f-831530f4a4d6","tints":[]}},{"threshold":1061.0,"model":{"type":"model","model":"2dde4ef7-6464-4ec7-bd28-f897e05154a6:7b77880d-5c95-4c99-8395-873a34c9b784","tints":[]}},{"threshold":1062.0,"model":{"type":"model","model":"2dde4ef7-6464-4ec7-bd28-f897e05154a6:fd6abce2-76e4-462f-b326-c1315c2f1a32","tints":[]}},{"threshold":1063.0,"model":{"type":"model","model":"2dde4ef7-6464-4ec7-bd28-f897e05154a6:a2fa2d85-7a87-4234-8863-00bfc5d4bbca","tints":[]}},{"threshold":1064.0,"model":{"type":"model","model":"2dde4ef7-6464-4ec7-bd28-f897e05154a6:ae95ee89-2ff0-4b57-b97d-10eeb1e30fea","tints":[]}},{"threshold":1065.0,"model":{"type":"model","model":"2dde4ef7-6464-4ec7-bd28-f897e05154a6:b07486c4-9665-48e8-bcfd-3a976031cb64","tints":[]}},{"threshold":1066.0,"model":{"type":"model","model":"2dde4ef7-6464-4ec7-bd28-f897e05154a6:1741aace-1171-4db0-9839-a885769e4392","tints":[]}},{"threshold":1067.0,"model":{"type":"model","model":"9b670ba0-18fb-4c92-a3e4-c2e41ae29134:43631704-005a-4252-9c0b-59d18952eef5","tints":[]}},{"threshold":1068.0,"model":{"type":"model","model":"9b670ba0-18fb-4c92-a3e4-c2e41ae29134:0228e573-0910-4134-a660-4b7adf7712ae","tints":[]}},{"threshold":1069.0,"model":{"type":"model","model":"2dde4ef7-6464-4ec7-bd28-f897e05154a6:70bfbc7b-0895-4ea5-bb0f-9ff8092b0809","tints":[]}},{"threshold":1070.0,"model":{"type":"model","model":"2dde4ef7-6464-4ec7-bd28-f897e05154a6:f7b80ab0-16f7-469a-a738-463e28f511e0","tints":[]}},{"threshold":1071.0,"model":{"type":"model","model":"9b670ba0-18fb-4c92-a3e4-c2e41ae29134:81c04a5f-a50d-47d8-a0f5-4b5f32f6a37e","tints":[]}},{"threshold":1072.0,"model":{"type":"model","model":"9b670ba0-18fb-4c92-a3e4-c2e41ae29134:1fbb3f63-b9db-4106-83c3-cac601dc7193","tints":[]}},{"threshold":1073.0,"model":{"type":"model","model":"9b670ba0-18fb-4c92-a3e4-c2e41ae29134:11c9b5a9-93b7-4c1b-bcaf-d95986b384d4","tints":[]}},{"threshold":1074.0,"model":{"type":"model","model":"9b670ba0-18fb-4c92-a3e4-c2e41ae29134:7a1e13d9-e998-4607-bca7-85ca86a6ff85","tints":[]}},{"threshold":1075.0,"model":{"type":"model","model":"9b670ba0-18fb-4c92-a3e4-c2e41ae29134:c1115995-3d8b-4294-82e1-82de6d269192","tints":[]}},{"threshold":1076.0,"model":{"type":"model","model":"9b670ba0-18fb-4c92-a3e4-c2e41ae29134:3f21c3e9-8ef3-4389-bdeb-bd06866adb8d","tints":[]}},{"threshold":1077.0,"model":{"type":"model","model":"9b670ba0-18fb-4c92-a3e4-c2e41ae29134:225f5d8c-eb30-456f-9ead-ff7c363643e3","tints":[]}},{"threshold":1078.0,"model":{"type":"model","model":"9b670ba0-18fb-4c92-a3e4-c2e41ae29134:0eb33f8b-3581-4775-a1b7-dc9dcca8e301","tints":[]}},{"threshold":1079.0,"model":{"type":"model","model":"9b670ba0-18fb-4c92-a3e4-c2e41ae29134:d61eee57-5fb3-4ae9-8656-4f4243e08a63","tints":[]}},{"threshold":1080.0,"model":{"type":"model","model":"9b670ba0-18fb-4c92-a3e4-c2e41ae29134:b1dc1915-83ba-4442-94f7-ba2d01e478dd","tints":[]}},{"threshold":1081.0,"model":{"type":"model","model":"9b670ba0-18fb-4c92-a3e4-c2e41ae29134:eee3198f-5713-4255-986d-09ec0a3583a9","tints":[]}},{"threshold":1082.0,"model":{"type":"model","model":"9b670ba0-18fb-4c92-a3e4-c2e41ae29134:3359c89f-7c95-45da-a094-90aaaa081c56","tints":[]}},{"threshold":1083.0,"model":{"type":"model","model":"9b670ba0-18fb-4c92-a3e4-c2e41ae29134:1021ee80-6d7e-44b2-a0a2-bf6dd9338e6d","tints":[]}},{"threshold":1084.0,"model":{"type":"model","model":"9b670ba0-18fb-4c92-a3e4-c2e41ae29134:d1eaed47-bec3-49a8-a5c2-a00a2b986fc5","tints":[]}},{"threshold":1085.0,"model":{"type":"model","model":"9b670ba0-18fb-4c92-a3e4-c2e41ae29134:13132fde-edc2-44ce-94cf-4acd356c49b8","tints":[]}},{"threshold":1086.0,"model":{"type":"model","model":"9b670ba0-18fb-4c92-a3e4-c2e41ae29134:832128c7-4d1d-427f-8394-3b11271854fa","tints":[]}},{"threshold":1087.0,"model":{"type":"model","model":"9b670ba0-18fb-4c92-a3e4-c2e41ae29134:f444430f-7b03-4af2-b3ad-2ca2e30bb5bd","tints":[]}},{"threshold":1088.0,"model":{"type":"model","model":"9b670ba0-18fb-4c92-a3e4-c2e41ae29134:d0080b45-12ea-4fb9-858d-716d0f0bb53a","tints":[]}}],"fallback":{"type":"model","model":"item/paper","tints":[]}}}