{"model":{"type":"condition","property":"using_item","on_true":{"type":"range_dispatch","property":"custom_model_data","entries":[{"threshold":1001.0,"model":{"type":"model","model":"288d7f4e-865f-4c67-87f9-85eb463183ef:6bbcb87a-a8de-401b-9547-889afe42e7f5","tints":[]}}],"fallback":{"type":"special","model":{"type":"shield"},"base":"item/shield_blocking"}},"on_false":{"type":"range_dispatch","property":"custom_model_data","entries":[{"threshold":1001.0,"model":{"type":"model","model":"288d7f4e-865f-4c67-87f9-85eb463183ef:a6837a7d-fce2-45b6-9942-d404c8d93c8b","tints":[]}}],"fallback":{"type":"special","model":{"type":"shield"},"base":"item/shield"}}}}