{"sources":[{"type":"single","resource":"nexo:item/nexo_armor/forest_helmet"},{"type":"single","resource":"nexo:item/nexo_furniture/arm_chair"},{"type":"single","resource":"nexo:item/nexo_furniture/arm_chair_dyeable"},{"type":"single","resource":"nexo:item/nexo_furniture/coffee_table"},{"type":"single","resource":"nexo:item/nexo_furniture/coffee_table_dyeable"},{"type":"single","resource":"nexo:item/nexo_furniture/end_table"},{"type":"single","resource":"nexo:item/nexo_furniture/end_table"},{"type":"single","resource":"nexo:item/nexo_furniture/sofa"},{"type":"single","resource":"nexo:item/nexo_furniture/sofa_dyeable"},{"type":"single","resource":"nexo:item/nexo_furniture/storage_chest"},{"type":"single","resource":"nexo:item/nexo_furniture/table_lamp"},{"type":"single","resource":"nexo:item/nexo_furniture/table_lamp"},{"type":"single","resource":"nexo:item/nexo_furniture/table_lamp_dyeable"},{"type":"single","resource":"nexo:item/nexo_furniture/table_lamp_dyeable"},{"type":"single","resource":"nexo:item/nexo_tools/forest_axe"},{"type":"single","resource":"nexo:item/nexo_tools/forest_axe"},{"type":"single","resource":"nexo:item/nexo_tools/forest_hoe"},{"type":"single","resource":"nexo:item/nexo_tools/forest_pickaxe"},{"type":"single","resource":"nexo:item/nexo_tools/forest_shield"},{"type":"single","resource":"nexo:item/nexo_tools/forest_shield"},{"type":"single","resource":"nexo:item/nexo_tools/forest_shovel"},{"type":"single","resource":"nexo:item/nexo_tools/forest_sword"},{"type":"single","resource":"block/mossy_cobblestone"},{"type":"single","resource":"block/mossy_cobblestone"},{"type":"single","resource":"block/cobblestone"},{"type":"single","resource":"block/cobblestone"},{"type":"single","resource":"furniture/dark_park_bench"},{"type":"single","resource":"furniture/dark_park_chair"},{"type":"single","resource":"furniture/dark_park_table"},{"type":"single","resource":"furniture/dark_wood_park_bench"},{"type":"single","resource":"furniture/dark_wood_park_chair"},{"type":"single","resource":"furniture/glass_park_table"},{"type":"single","resource":"block/black_wool"},{"type":"single","resource":"block/white_concrete"},{"type":"single","resource":"block/white_concrete"},{"type":"single","resource":"block/black_concrete"},{"type":"single","resource":"block/black_wool"},{"type":"single","resource":"furniture/outdoor_unit"},{"type":"single","resource":"furniture/park_bench"},{"type":"single","resource":"furniture/park_chair"},{"type":"single","resource":"furniture/park_table"},{"type":"single","resource":"furniture/park_table"},{"type":"single","resource":"furniture/dark_park_bench"},{"type":"single","resource":"furniture/park_bench"},{"type":"single","resource":"furniture/single_dark_park_table"},{"type":"single","resource":"furniture/single_glass_park_table"},{"type":"single","resource":"furniture/single_park_table"},{"type":"single","resource":"furniture/traffic_fence"},{"type":"single","resource":"furniture/traffic_fence"},{"type":"single","resource":"furniture/traffic_jam"},{"type":"single","resource":"furniture/traffic_jam"},{"type":"single","resource":"furniture/traffic_sign"},{"type":"single","resource":"furniture/traffic_sign_2"},{"type":"single","resource":"furniture/trash_can"},{"type":"single","resource":"block/black_wool"},{"type":"single","resource":"block/white_concrete"},{"type":"single","resource":"block/white_concrete"},{"type":"single","resource":"block/black_concrete"},{"type":"single","resource":"block/black_wool"},{"type":"single","resource":"furniture/wood_park_bench"},{"type":"single","resource":"furniture/wood_park_chair"},{"type":"single","resource":"item/chainmail_helmet"},{"type":"single","resource":"item/chainmail_chestplate"},{"type":"single","resource":"item/chainmail_leggings"},{"type":"single","resource":"item/chainmail_boots"},{"type":"single","resource":"item/paper"},{"type":"single","resource":"item/leather_horse_armor"},{"type":"single","resource":"item/netherite_axe"},{"type":"single","resource":"item/netherite_hoe"},{"type":"single","resource":"item/netherite_pickaxe"},{"type":"single","resource":"item/netherite_shovel"},{"type":"single","resource":"item/netherite_sword"},{"type":"single","resource":"block/dark_oak_planks"},{"type":"single","resource":"nexo:item/nexo_armor/forest_chestplate"},{"type":"single","resource":"nexo:item/nexo_armor/forest_leggings"},{"type":"single","resource":"nexo:item/nexo_armor/forest_boots"},{"type":"single","resource":"required/arrow_next_icon"},{"type":"single","resource":"required/arrow_previous_icon"},{"type":"single","resource":"required/cancel_icon"},{"type":"single","resource":"required/arrow_next_icon"},{"type":"single","resource":"required/arrow_previous_icon"},{"type":"single","resource":"required/exit_icon"},{"type":"single","resource":"castle/item/close_icon"},{"type":"single","resource":"castle/item/inv_menu"},{"type":"single","resource":"castle/item/next"},{"type":"single","resource":"castle/item/previous"},{"type":"single","resource":"castle/item/blank_button"}]}