{"credit":"MadewithBlockbench","textures":{"0":"block/iron_block","1":"block/glass","particle":"#0"},"elements":[{"name":"Cube","from":[0,15,0],"to":[16,16,1],"faces":{"north":{"uv":[0,0,16,1],"texture":"#0"},"east":{"uv":[0,0,1,1],"texture":"#0"},"south":{"uv":[0,0,16,1],"texture":"#0"},"west":{"uv":[0,0,1,1],"texture":"#0"},"up":{"uv":[0,0,16,1],"texture":"#0"},"down":{"uv":[0,0,16,1],"texture":"#0"}}},{"name":"Cube","from":[0,15,15],"to":[16,16,16],"faces":{"north":{"uv":[0,0,16,1],"texture":"#0"},"east":{"uv":[0,0,1,1],"texture":"#0"},"south":{"uv":[0,0,16,1],"texture":"#0"},"west":{"uv":[0,0,1,1],"texture":"#0"},"up":{"uv":[0,0,16,1],"texture":"#0"},"down":{"uv":[0,0,16,1],"texture":"#0"}}},{"name":"Cube","from":[0,15,1],"to":[1,16,15],"faces":{"north":{"uv":[0,0,1,1],"texture":"#0"},"east":{"uv":[0,0,14,1],"texture":"#0"},"south":{"uv":[0,0,1,1],"texture":"#0"},"west":{"uv":[0,0,14,1],"texture":"#0"},"up":{"uv":[0,0,1,14],"texture":"#0"},"down":{"uv":[0,0,1,14],"texture":"#0"}}},{"name":"Cube","from":[15,15,1],"to":[16,16,15],"faces":{"north":{"uv":[0,0,1,1],"texture":"#0"},"east":{"uv":[0,0,14,1],"texture":"#0"},"south":{"uv":[0,0,1,1],"texture":"#0"},"west":{"uv":[0,0,14,1],"texture":"#0"},"up":{"uv":[0,0,1,14],"texture":"#0"},"down":{"uv":[0,0,1,14],"texture":"#0"}}},{"name":"Cube","from":[1.1,15,1.1],"to":[14.9,16,14.9],"faces":{"north":{"uv":[0,0,14,1],"texture":"#1"},"east":{"uv":[0,0,14,1],"texture":"#1"},"south":{"uv":[0,0,14,1],"texture":"#1"},"west":{"uv":[0,0,14,1],"texture":"#1"},"up":{"uv":[1,1,15,15],"texture":"#1"},"down":{"uv":[1,1,15,15],"texture":"#1"}}},{"name":"Cube","from":[7,-2,5],"to":[8,15,6],"rotation":{"angle":22.5,"axis":"x","origin":[8,8,8]},"faces":{"north":{"uv":[0,0,1,17],"texture":"#0"},"east":{"uv":[0,0,1,17],"texture":"#0"},"south":{"uv":[0,0,1,17],"texture":"#0"},"west":{"uv":[0,0,1,17],"texture":"#0"},"up":{"uv":[0,0,1,1],"texture":"#0"},"down":{"uv":[0,0,1,1],"texture":"#0"}}},{"name":"Cube","from":[7,-2,10],"to":[8,15,11],"rotation":{"angle":-22.5,"axis":"x","origin":[8,8,8]},"faces":{"north":{"uv":[0,0,1,17],"texture":"#0"},"east":{"uv":[0,0,1,17],"texture":"#0"},"south":{"uv":[0,0,1,17],"texture":"#0"},"west":{"uv":[0,0,1,17],"texture":"#0"},"up":{"uv":[0,0,1,1],"texture":"#0"},"down":{"uv":[0,0,1,1],"texture":"#0"}}},{"name":"Cube","from":[5,-2,8],"to":[6,15,9],"rotation":{"angle":-22.5,"axis":"z","origin":[8,8,8]},"faces":{"north":{"uv":[0,0,1,17],"texture":"#0"},"east":{"uv":[0,0,1,17],"texture":"#0"},"south":{"uv":[0,0,1,17],"texture":"#0"},"west":{"uv":[0,0,1,17],"texture":"#0"},"up":{"uv":[0,0,1,1],"texture":"#0"},"down":{"uv":[0,0,1,1],"texture":"#0"}}},{"name":"Cube","from":[9,-2,8],"to":[10,15,9],"rotation":{"angle":22.5,"axis":"z","origin":[8,8,8]},"faces":{"north":{"uv":[0,0,1,17],"texture":"#0"},"east":{"uv":[0,0,1,17],"texture":"#0"},"south":{"uv":[0,0,1,17],"texture":"#0"},"west":{"uv":[0,0,1,17],"texture":"#0"},"up":{"uv":[0,0,1,1],"texture":"#0"},"down":{"uv":[0,0,1,1],"texture":"#0"}}}],"display":{"thirdperson_righthand":{"rotation":[46,45,0],"translation":[0,0.5,0],"scale":[0.2,0.2,0.2]},"firstperson_righthand":{"translation":[4.75,0.75,0.5],"scale":[0.4,0.4,0.4]},"ground":{"translation":[0,4,0],"scale":[0.3,0.3,0.3]},"gui":{"rotation":[15,45,0],"translation":[0,-0.5,0],"scale":[0.6,0.6,0.6]},"head":{"rotation":[0,90,0],"translation":[0,-14.25,0],"scale":[2.2,2.2,2.2]},"fixed":{"translation":[0,-2,-1.25],"scale":[0.7,0.7,0.7]}},"groups":[{"name":"9","origin":[8,8,8],"children":[{"name":"9","origin":[8,8,8],"children":[0,1,2,3,4,5,6,7,8]}]}]}