{"credit":"MadewithBlockbench","ambientocclusion":false,"textures":{"0":"block/furnace_top","1":"block/sandstone","particle":"#0"},"elements":[{"name":"Cube","from":[5,-16,5],"to":[11,-15,11],"faces":{"north":{"uv":[4,2,10,3],"texture":"#0"},"east":{"uv":[4,1,10,2],"texture":"#0"},"south":{"uv":[1,3,7,4],"texture":"#0"},"west":{"uv":[2,1,8,2],"texture":"#0"},"up":{"uv":[3,5,9,11],"texture":"#0"},"down":{"uv":[2,2,8,8],"texture":"#0"}}},{"name":"Cube","from":[7.5,-15,7.5],"to":[8.5,1,8.5],"faces":{"north":{"uv":[0,0,1,16],"texture":"#0"},"east":{"uv":[0,0,1,16],"texture":"#0"},"south":{"uv":[0,0,1,16],"texture":"#0"},"west":{"uv":[0,0,1,16],"texture":"#0"},"up":{"uv":[0,0,1,1],"texture":"#0"},"down":{"uv":[0,0,1,1],"texture":"#0"}}},{"name":"Cube","from":[7.5,1,7.5],"to":[8.5,17,8.5],"faces":{"north":{"uv":[0,2,1,9],"texture":"#0"},"east":{"uv":[0,0,1,16],"texture":"#0"},"south":{"uv":[0,0,1,16],"texture":"#0"},"west":{"uv":[0,0,1,14],"texture":"#0"},"up":{"uv":[0,0,1,1],"texture":"#0"},"down":{"uv":[0,0,1,1],"texture":"#0"}}},{"name":"Cube","from":[6.5,23,6.5],"to":[9.5,24,9.5],"faces":{"north":{"uv":[5,3,8,4],"texture":"#0"},"east":{"uv":[3,6,6,7],"texture":"#0"},"south":{"uv":[2,4,5,5],"texture":"#0"},"west":{"uv":[5,7,8,8],"texture":"#0"},"up":{"uv":[5,4,8,7],"texture":"#0"},"down":{"uv":[3,7,6,10],"texture":"#0"}}},{"name":"Cube","from":[5,24,4],"to":[11,29,5],"faces":{"north":{"uv":[0,0,6,5],"texture":"#1"},"east":{"uv":[0,0,1,5],"texture":"#1"},"south":{"uv":[0,0,6,5],"texture":"#1"},"west":{"uv":[0,0,1,5],"texture":"#1"},"up":{"uv":[0,0,6,1],"texture":"#1"},"down":{"uv":[0,0,6,1],"texture":"#1"}}},{"name":"Cube","from":[5,24,11],"to":[11,29,12],"faces":{"north":{"uv":[0,0,6,5],"texture":"#1"},"east":{"uv":[0,0,1,5],"texture":"#1"},"south":{"uv":[0,0,6,5],"texture":"#1"},"west":{"uv":[0,0,1,5],"texture":"#1"},"up":{"uv":[0,0,6,1],"texture":"#1"},"down":{"uv":[0,0,6,1],"texture":"#1"}}},{"name":"Cube","from":[4,24,5],"to":[5,29,11],"faces":{"north":{"uv":[0,0,1,5],"texture":"#1"},"east":{"uv":[0,0,6,5],"texture":"#1"},"south":{"uv":[0,0,1,5],"texture":"#1"},"west":{"uv":[0,0,6,5],"texture":"#1"},"up":{"uv":[0,0,1,6],"texture":"#1"},"down":{"uv":[0,0,1,6],"texture":"#1"}}},{"name":"Cube","from":[11,24,5],"to":[12,29,11],"faces":{"north":{"uv":[0,0,1,5],"texture":"#1"},"east":{"uv":[0,0,6,5],"texture":"#1"},"south":{"uv":[0,0,1,5],"texture":"#1"},"west":{"uv":[0,0,6,5],"texture":"#1"},"up":{"uv":[0,0,1,6],"texture":"#1"},"down":{"uv":[0,0,1,6],"texture":"#1"}}},{"name":"Cube","from":[5,24,5.1],"to":[11,24.5,11],"faces":{"north":{"uv":[5,3,11,3.5],"texture":"#1"},"east":{"uv":[3,6,8.9,6.5],"texture":"#1"},"south":{"uv":[2,4,8,4.5],"texture":"#1"},"west":{"uv":[5,7,10.9,7.5],"texture":"#1"},"up":{"uv":[5,4,11,9.9],"texture":"#1"},"down":{"uv":[3,7,9,12.9],"texture":"#1"}}},{"name":"Cube","from":[7.5,17,7.5],"to":[8.5,23,8.5],"faces":{"north":{"uv":[0,2,1,9],"texture":"#0"},"east":{"uv":[0,0,1,6],"texture":"#0"},"south":{"uv":[0,0,1,6],"texture":"#0"},"west":{"uv":[0,0,1,14],"texture":"#0"},"up":{"uv":[0,0,1,1],"texture":"#0"},"down":{"uv":[0,0,1,1],"texture":"#0"}}}],"display":{"thirdperson_righthand":{"scale":[0.5,0.5,0.5]},"thirdperson_lefthand":{"scale":[0.5,0.5,0.5]},"firstperson_righthand":{"scale":[0.5,0.5,0.5]},"firstperson_lefthand":{"scale":[0.5,0.5,0.5]},"ground":{"translation":[0,2.25,0],"scale":[0.1,0.1,0.1]},"gui":{"rotation":[30,45,0],"translation":[0,0.25,0],"scale":[0.35,0.35,0.35]},"head":{"translation":[0,-5,0],"scale":[1.6,1.6,1.6]},"fixed":{"rotation":[0,180,0],"translation":[0,1,-1.25],"scale":[0.3,0.3,0.3]}},"groups":[{"name":"5","children":[0,1,2,3,4,5,6,7,8,9]}]}