{"credit":"MadewithBlockbench","textures":{"0":"block/white_concrete","1":"block/white_concrete","2":"block/light_gray_wool","particle":"#0"},"elements":[{"name":"Cube","from":[0,0,-0.2],"to":[16,1,15.9],"faces":{"north":{"uv":[0,0,16,1],"texture":"#0"},"east":{"uv":[0,0,16,1],"texture":"#0"},"south":{"uv":[0,0,16,1],"texture":"#0"},"west":{"uv":[0,0,16,1],"texture":"#0"},"up":{"uv":[0,0,16,16],"rotation":180,"texture":"#0"},"down":{"uv":[0,0,16,16],"rotation":180,"texture":"#0"}}},{"name":"Cube","from":[0,1,0.8],"to":[16,17,15.9],"faces":{"north":{"uv":[0,0,16,16],"texture":"#0"},"east":{"uv":[0,0,15,16],"texture":"#0"},"south":{"uv":[0,0,16,16],"texture":"#0"},"west":{"uv":[0,0,15,16],"texture":"#0"},"up":{"uv":[0,0,16,15],"rotation":180,"texture":"#0"},"down":{"uv":[0,0,16,15],"rotation":180,"texture":"#0"}}},{"name":"Cube","from":[1,2,-0.2],"to":[15,16,0.9],"faces":{"north":{"uv":[0,0,14,14],"texture":"#1"},"east":{"uv":[0,0,1,14],"texture":"#1"},"south":{"uv":[0,0,14,14],"texture":"#1"},"west":{"uv":[0,0,1,14],"texture":"#1"},"up":{"uv":[0,0,14,1],"rotation":180,"texture":"#1"},"down":{"uv":[0,0,14,1],"rotation":180,"texture":"#1"}}},{"name":"Cube","from":[15,3,-0.2],"to":[16,5,0.9],"faces":{"north":{"uv":[0,0,1,2],"texture":"#2"},"east":{"uv":[0,0,1,2],"texture":"#2"},"south":{"uv":[0,0,1,2],"texture":"#2"},"west":{"uv":[0,0,1,2],"texture":"#2"},"up":{"uv":[0,0,1,1],"rotation":180,"texture":"#2"},"down":{"uv":[0,0,1,1],"rotation":180,"texture":"#2"}}},{"name":"Cube","from":[15,13,-0.2],"to":[16,15,0.9],"faces":{"north":{"uv":[0,0,1,2],"texture":"#2"},"east":{"uv":[0,0,1,2],"texture":"#2"},"south":{"uv":[0,0,1,2],"texture":"#2"},"west":{"uv":[0,0,1,2],"texture":"#2"},"up":{"uv":[0,0,1,1],"rotation":180,"texture":"#2"},"down":{"uv":[0,0,1,1],"rotation":180,"texture":"#2"}}},{"name":"Cube","from":[2,7,-1.2],"to":[3,10,-0.1],"faces":{"north":{"uv":[0,0,1,3],"texture":"#2"},"east":{"uv":[0,0,1,3],"texture":"#2"},"south":{"uv":[0,0,1,3],"texture":"#2"},"west":{"uv":[0,0,1,3],"texture":"#2"},"up":{"uv":[0,0,1,1],"rotation":180,"texture":"#2"},"down":{"uv":[0,0,1,1],"rotation":180,"texture":"#2"}}}],"display":{"thirdperson_righthand":{"rotation":[66,-42,0],"translation":[0,2.5,0.25],"scale":[0.2,0.2,0.2]},"firstperson_righthand":{"scale":[0.5,0.5,0.5]},"ground":{"translation":[0,3.5,0],"scale":[0.2,0.2,0.2]},"gui":{"rotation":[14,145,0],"scale":[0.65,0.65,0.65]},"head":{"rotation":[0,-180,0],"translation":[0,-13.25,1],"scale":[2.4,2.4,2.45]},"fixed":{"translation":[0,0,-0.25],"scale":[0.5,0.5,0.51]}},"groups":[{"name":"13","origin":[8,8,8],"children":[0,1,2,3,4,5]}]}