{"credit":"MadewithBlockbench","textures":{"0":"block/oak_planks","1":"block/cyan_wool","particle":"#0"},"elements":[{"name":"right_arm_top","from":[0,10,0],"to":[2,12,16],"faces":{"north":{"uv":[0,0,2,2],"texture":"#0"},"east":{"uv":[0,0,16,2],"texture":"#0"},"south":{"uv":[0,0,2,2],"texture":"#0"},"west":{"uv":[0,0,16,2],"texture":"#0"},"up":{"uv":[0,0,2,16],"texture":"#0"},"down":{"uv":[0,0,2,16],"texture":"#0"}}},{"name":"right_arm_bottom","from":[0,0,0],"to":[2,2,16],"faces":{"north":{"uv":[0,0,2,2],"texture":"#0"},"east":{"uv":[0,0,16,2],"texture":"#0"},"south":{"uv":[0,0,2,2],"texture":"#0"},"west":{"uv":[0,0,16,2],"texture":"#0"},"up":{"uv":[0,0,2,16],"texture":"#0"},"down":{"uv":[0,0,2,16],"texture":"#0"}}},{"name":"left_arm_top","from":[14,10,0],"to":[16,12,16],"faces":{"north":{"uv":[0,0,2,2],"texture":"#0"},"east":{"uv":[0,0,16,2],"texture":"#0"},"south":{"uv":[0,0,2,2],"texture":"#0"},"west":{"uv":[0,0,16,2],"texture":"#0"},"up":{"uv":[0,0,2,16],"texture":"#0"},"down":{"uv":[0,0,2,16],"texture":"#0"}}},{"name":"right_arm_front","from":[0,2,14],"to":[2,10,16],"faces":{"north":{"uv":[0,0,2,8],"texture":"#0"},"east":{"uv":[0,0,2,8],"texture":"#0"},"south":{"uv":[0,0,2,8],"texture":"#0"},"west":{"uv":[0,0,2,8],"texture":"#0"},"up":{"uv":[0,0,2,2],"texture":"#0"},"down":{"uv":[0,0,2,2],"texture":"#0"}}},{"name":"right_arm_back","from":[0,2,0],"to":[2,10,2],"faces":{"north":{"uv":[0,0,2,8],"texture":"#0"},"east":{"uv":[0,0,2,8],"texture":"#0"},"south":{"uv":[0,0,2,8],"texture":"#0"},"west":{"uv":[0,0,2,8],"texture":"#0"},"up":{"uv":[0,0,2,2],"texture":"#0"},"down":{"uv":[0,0,2,2],"texture":"#0"}}},{"name":"left_arm_back","from":[14,2,0],"to":[16,10,2],"faces":{"north":{"uv":[0,0,2,8],"texture":"#0"},"east":{"uv":[0,0,2,8],"texture":"#0"},"south":{"uv":[0,0,2,8],"texture":"#0"},"west":{"uv":[0,0,2,8],"texture":"#0"},"up":{"uv":[0,0,2,2],"texture":"#0"},"down":{"uv":[0,0,2,2],"texture":"#0"}}},{"name":"left_arm_front","from":[14,2,14],"to":[16,10,16],"faces":{"north":{"uv":[0,0,2,8],"texture":"#0"},"east":{"uv":[0,0,2,8],"texture":"#0"},"south":{"uv":[0,0,2,8],"texture":"#0"},"west":{"uv":[0,0,2,8],"texture":"#0"},"up":{"uv":[0,0,2,2],"texture":"#0"},"down":{"uv":[0,0,2,2],"texture":"#0"}}},{"name":"chair_base","from":[2,0,0],"to":[14,7,16],"faces":{"north":{"uv":[0,0,12,7],"texture":"#1"},"east":{"uv":[0,0,16,7],"texture":"#1"},"south":{"uv":[0,0,12,7],"texture":"#1"},"west":{"uv":[0,0,16,7],"texture":"#1"},"up":{"uv":[0,0,12,16],"texture":"#1"},"down":{"uv":[0,0,12,16],"texture":"#1"}}},{"name":"chair_backrest","from":[2,7,0],"to":[14,16,5],"faces":{"north":{"uv":[0,0,12,9],"texture":"#1"},"east":{"uv":[0,0,5,9],"texture":"#1"},"south":{"uv":[0,0,12,9],"texture":"#1"},"west":{"uv":[0,0,5,9],"texture":"#1"},"up":{"uv":[0,0,12,5],"texture":"#1"},"down":{"uv":[0,0,12,5],"texture":"#1"}}},{"name":"left_arm_bottom","from":[14,0,0],"to":[16,2,16],"faces":{"north":{"uv":[0,0,2,2],"texture":"#0"},"east":{"uv":[0,0,16,2],"texture":"#0"},"south":{"uv":[0,0,2,2],"texture":"#0"},"west":{"uv":[0,0,16,2],"texture":"#0"},"up":{"uv":[0,0,2,16],"texture":"#0"},"down":{"uv":[0,0,2,16],"texture":"#0"}}}],"display":{"thirdperson_righthand":{"rotation":[80,45,0],"translation":[0,3,0],"scale":[0.35,0.35,0.35]},"thirdperson_lefthand":{"rotation":[80,45,0],"translation":[0,3,0],"scale":[0.35,0.35,0.35]},"firstperson_righthand":{"scale":[0.5,0.5,0.5]},"firstperson_lefthand":{"scale":[0.5,0.5,0.5]},"ground":{"translation":[0,2,0],"scale":[0.25,0.25,0.25]},"gui":{"rotation":[25,-45,0],"scale":[0.6,0.6,0.6]},"head":{"translation":[0,-14.5,0],"scale":[2.3,2.3,2.3]},"fixed":{"rotation":[0,90,0],"translation":[0,0,-3.25],"scale":[0.5,0.5,0.5]}},"groups":[{"name":"6","origin":[8,8,8],"children":[0,1,2,3,4,5,6,7,8,9]}]}