{"textures":{"5":"block/stone_bricks","6":"iadeco:furniture/small_fountain/water_flow","7":"iadeco:furniture/small_fountain/water_still","particle":"#5"},"elements":[{"from":[3,0,3],"to":[13,1,13],"faces":{"north":{"uv":[1,13,15,15],"texture":"#5"},"east":{"uv":[1,13,15,15],"texture":"#5"},"south":{"uv":[1,13,15,15],"texture":"#5"},"west":{"uv":[1,13,15,15],"texture":"#5"},"up":{"uv":[0,0,16,16],"texture":"#5"},"down":{"uv":[0,0,16,16],"texture":"#5"}}},{"from":[4,1,4],"to":[12,2,12],"faces":{"north":{"uv":[1,13,15,15],"texture":"#5"},"east":{"uv":[1,13,15,15],"texture":"#5"},"south":{"uv":[1,13,15,15],"texture":"#5"},"west":{"uv":[1,13,15,15],"texture":"#5"},"up":{"uv":[0,0,16,16],"texture":"#5"},"down":{"uv":[0,0,16,16],"texture":"#5"}}},{"from":[7,2,5],"to":[9,10,6],"faces":{"north":{"uv":[0,0,5,16],"texture":"#5"},"east":{"uv":[0,0,6,16],"texture":"#5"},"south":{"uv":[0,0,16,16],"texture":"#5"},"west":{"uv":[0,0,6,16],"texture":"#5"},"up":{"uv":[0,0,16,16],"texture":"#5"},"down":{"uv":[0,0,16,16],"texture":"#5"}}},{"from":[7,2,10],"to":[9,10,11],"faces":{"north":{"uv":[0,0,16,16],"texture":"#5"},"east":{"uv":[0,0,6,16],"texture":"#5"},"south":{"uv":[0,0,5,16],"texture":"#5"},"west":{"uv":[0,0,6,16],"texture":"#5"},"up":{"uv":[0,0,16,16],"texture":"#5"},"down":{"uv":[0,0,16,16],"texture":"#5"}}},{"from":[10,2,7],"to":[11,10,9],"faces":{"north":{"uv":[0,0,6,16],"texture":"#5"},"east":{"uv":[0,0,5,16],"texture":"#5"},"south":{"uv":[0,0,6,16],"texture":"#5"},"west":{"uv":[0,0,16,16],"texture":"#5"},"up":{"uv":[0,0,16,16],"texture":"#5"},"down":{"uv":[0,0,16,16],"texture":"#5"}}},{"from":[5,2,7],"to":[6,10,9],"faces":{"north":{"uv":[0,0,6,16],"texture":"#5"},"east":{"uv":[0,0,5,16],"texture":"#5"},"south":{"uv":[0,0,6,16],"texture":"#5"},"west":{"uv":[0,0,5,16],"texture":"#5"},"up":{"uv":[0,0,16,16],"texture":"#5"},"down":{"uv":[0,0,16,16],"texture":"#5"}}},{"from":[6,2,6],"to":[10,10,10],"faces":{"north":{"uv":[0,0,16,16],"texture":"#5"},"east":{"uv":[0,0,16,16],"texture":"#5"},"south":{"uv":[0,0,16,16],"texture":"#5"},"west":{"uv":[0,0,16,16],"texture":"#5"},"up":{"uv":[0,0,16,16],"texture":"#5"},"down":{"uv":[0,0,16,16],"texture":"#5"}}},{"from":[5,10,5],"to":[11,10.3,11],"faces":{"north":{"uv":[0,0,16,16],"texture":"#5"},"east":{"uv":[0,0,16,16],"texture":"#5"},"south":{"uv":[0,0,16,16],"texture":"#5"},"west":{"uv":[0,0,16,16],"texture":"#5"},"up":{"uv":[0,0,16,16],"texture":"#5"},"down":{"uv":[8,8,16,15],"texture":"#5"}}},{"from":[7.2,11,7.2],"to":[8.8,14.3,8.8],"faces":{"north":{"uv":[0,0,16,16],"texture":"#5"},"east":{"uv":[0,0,16,16],"texture":"#5"},"south":{"uv":[0,0,16,16],"texture":"#5"},"west":{"uv":[0,0,16,16],"texture":"#5"},"up":{"uv":[0,0,16,16],"texture":"#5"},"down":{"uv":[8,8,16,15],"texture":"#5"}}},{"from":[6.9,14.2,6.9],"to":[9.1,14.4,9.1],"faces":{"north":{"uv":[0,0,16,1],"texture":"#6"},"east":{"uv":[0,0,16,1],"texture":"#6"},"south":{"uv":[0,0,16,1],"texture":"#6"},"west":{"uv":[0,0,16,1],"texture":"#6"},"up":{"uv":[0,0,16,16],"texture":"#7"},"down":{"uv":[0,0,16,16],"texture":"#6"}}},{"from":[5,12,5],"to":[11,12.3,11],"faces":{"north":{"uv":[0,0,16,16],"texture":"#5"},"east":{"uv":[0,0,16,16],"texture":"#5"},"south":{"uv":[0,0,16,16],"texture":"#5"},"west":{"uv":[0,0,16,16],"texture":"#5"},"up":{"uv":[0,0,16,16],"texture":"#7"},"down":{"uv":[8,8,16,15],"texture":"#5"}}},{"from":[7,10.2644,8.96445],"to":[9,14.2644,9.06445],"rotation":{"angle":0,"axis":"x","origin":[7.9856,16.24997,8.01442]},"faces":{"north":{"uv":[0,0,16,16],"rotation":180,"texture":"#6"},"east":{"uv":[0,0,16,16],"rotation":270,"texture":"#6"},"south":{"uv":[0,0,16,16],"texture":"#6"},"west":{"uv":[0,0,16,16],"rotation":90,"texture":"#6"},"up":{"uv":[0,0,16,16],"rotation":180,"texture":"#6"},"down":{"uv":[0,0,16,16],"texture":"#6"}}},{"from":[7,10.2644,6.96445],"to":[9,14.2644,7.06445],"rotation":{"angle":0,"axis":"x","origin":[7.9856,16.24997,8.01442]},"faces":{"north":{"uv":[0,0,16,16],"texture":"#6"},"east":{"uv":[0,0,16,16],"rotation":270,"texture":"#6"},"south":{"uv":[0,0,16,16],"texture":"#6"},"west":{"uv":[0,0,16,16],"rotation":90,"texture":"#6"},"up":{"uv":[0,0,16,16],"rotation":180,"texture":"#6"},"down":{"uv":[0,0,16,16],"texture":"#6"}}},{"from":[6.9,10.2644,6.96445],"to":[7,14.2644,9.06445],"rotation":{"angle":0,"axis":"x","origin":[7.9856,16.24997,8.01442]},"faces":{"north":{"uv":[0,0,16,16],"rotation":180,"texture":"#6"},"east":{"uv":[0,0,16,16],"rotation":270,"texture":"#6"},"south":{"uv":[0,0,16,16],"texture":"#6"},"west":{"uv":[0,0,16,16],"texture":"#6"},"up":{"uv":[0,0,16,16],"rotation":180,"texture":"#6"},"down":{"uv":[0,0,16,16],"texture":"#6"}}},{"from":[9,10.2644,6.96445],"to":[9.1,14.2644,9.06445],"rotation":{"angle":0,"axis":"x","origin":[7.9856,16.24997,8.01442]},"faces":{"north":{"uv":[0,0,16,16],"rotation":180,"texture":"#6"},"east":{"uv":[0,0,16,16],"texture":"#6"},"south":{"uv":[0,0,16,16],"texture":"#6"},"west":{"uv":[0,0,16,16],"rotation":90,"texture":"#6"},"up":{"uv":[0,0,16,16],"rotation":180,"texture":"#6"},"down":{"uv":[0,0,16,16],"texture":"#6"}}},{"from":[4,10,5],"to":[5,13,11],"faces":{"north":{"uv":[0,0,16,16],"texture":"#5"},"east":{"uv":[0,0,15,16],"texture":"#5"},"south":{"uv":[0,0,16,16],"texture":"#5"},"west":{"uv":[1,0,15,7],"texture":"#5"},"up":{"uv":[0,0,4,15],"texture":"#5"},"down":{"uv":[3,0,7,15],"texture":"#5"}}},{"from":[4,10,11],"to":[12,13,12],"faces":{"north":{"uv":[0,0,16,16],"texture":"#5"},"east":{"uv":[4,0,7,7],"texture":"#5"},"south":{"uv":[1,0,15,7],"texture":"#5"},"west":{"uv":[4,0,7,7],"texture":"#5"},"up":{"uv":[0,0,15,3],"texture":"#5"},"down":{"uv":[0,0,15,3],"texture":"#5"}}},{"from":[4,10,4],"to":[12,13,5],"faces":{"north":{"uv":[1,0,15,7],"texture":"#5"},"east":{"uv":[4,0,7,7],"texture":"#5"},"south":{"uv":[0,0,16,16],"texture":"#5"},"west":{"uv":[4,0,7,7],"texture":"#5"},"up":{"uv":[0,0,15,3],"texture":"#5"},"down":{"uv":[0,0,15,3],"texture":"#5"}}},{"from":[11,10,5],"to":[12,13,11],"faces":{"north":{"uv":[0,0,16,16],"texture":"#5"},"east":{"uv":[1,0,15,7],"texture":"#5"},"south":{"uv":[0,0,16,16],"texture":"#5"},"west":{"uv":[0,0,15,16],"texture":"#5"},"up":{"uv":[0,0,4,15],"texture":"#5"},"down":{"uv":[9,0,13,15],"texture":"#5"}}}],"display":{"thirdperson_righthand":{"rotation":[69,0,0],"translation":[0,0.75,-1.75],"scale":[0.35,0.35,0.35]},"firstperson_righthand":{"rotation":[6,35,0],"translation":[1.5,2.25,1.25],"scale":[0.3,0.3,0.3]},"firstperson_lefthand":{"rotation":[0,35,0],"translation":[1.25,1.75,1],"scale":[0.3,0.3,0.3]},"ground":{"translation":[0,3.25,0],"scale":[0.3,0.3,0.3]},"gui":{"rotation":[25,45,0],"translation":[0.25,1.5,0],"scale":[0.92,0.92,0.92]},"head":{"translation":[0,-6.75,0],"scale":[3,3,3]},"fixed":{"translation":[0,-0.75,-2.5],"scale":[0.7,0.7,0.7]}}}