{"credit":"MadewithBlockbench","textures":{"0":"block/white_wool","particle":"#0"},"elements":[{"name":"Cube","from":[0,0,0],"to":[16,8,16],"faces":{"north":{"uv":[0,0,16,8],"texture":"#0"},"east":{"uv":[0,0,16,8],"texture":"#0"},"south":{"uv":[0,0,16,8],"texture":"#0"},"west":{"uv":[0,0,16,8],"texture":"#0"},"up":{"uv":[0,0,16,16],"texture":"#0"},"down":{"uv":[0,0,16,16],"texture":"#0"}}},{"name":"Cube","from":[14,8,0],"to":[16,16,16],"faces":{"north":{"uv":[0,0,2,8],"texture":"#0"},"east":{"uv":[0,0,16,8],"texture":"#0"},"south":{"uv":[0,0,2,8],"texture":"#0"},"west":{"uv":[0,0,16,8],"texture":"#0"},"up":{"uv":[0,0,2,16],"texture":"#0"},"down":{"uv":[0,0,2,16],"texture":"#0"}}},{"name":"Cube","from":[0,8,-1],"to":[14,11,2],"faces":{"north":{"uv":[0,0,14,3],"texture":"#0"},"east":{"uv":[0,0,3,3],"texture":"#0"},"south":{"uv":[0,0,14,3],"texture":"#0"},"west":{"uv":[0,0,3,3],"texture":"#0"},"up":{"uv":[0,0,14,3],"texture":"#0"},"down":{"uv":[0,0,14,3],"texture":"#0"}}},{"name":"Cube","from":[0,8,14],"to":[14,11,17],"faces":{"north":{"uv":[0,0,14,3],"texture":"#0"},"east":{"uv":[0,0,3,3],"texture":"#0"},"south":{"uv":[0,0,14,3],"texture":"#0"},"west":{"uv":[0,0,3,3],"texture":"#0"},"up":{"uv":[0,0,14,3],"texture":"#0"},"down":{"uv":[0,0,14,3],"texture":"#0"}}}],"display":{"thirdperson_righthand":{"rotation":[51,-47,0],"translation":[0.75,3.75,0],"scale":[0.4,0.4,0.4]},"firstperson_righthand":{"translation":[6,-0.5,0.75],"scale":[0.8,0.8,0.8]},"ground":{"translation":[0,1,0],"scale":[0.2,0.2,0.2]},"gui":{"rotation":[15,45,0],"scale":[0.6,0.6,0.6]},"head":{"rotation":[0,90,0],"translation":[0,-15.25,0],"scale":[2.2,2.2,2.2]},"fixed":{"rotation":[0,-90,0],"translation":[0,0,-2.5],"scale":[0.35,0.5,0.5]}},"groups":[{"name":"8","origin":[8,8,8],"children":[{"name":"8","origin":[8,8,8],"children":[0,1,2,3]}]}]}