{"display":{"thirdperson_righthand":{"rotation":[180.0,-90.0,0.0],"translation":[0.0,-0.5,0.75]},"thirdperson_lefthand":{"rotation":[180.0,-90.0,0.0],"translation":[0.0,-0.75,0.75]},"firstperson_righthand":{"rotation":[148.0,102.0,-180.0],"translation":[3.25,2.25,0.0]},"firstperson_lefthand":{"rotation":[167.0,79.25,-180.0],"translation":[3.25,2.25,0.0]},"ground":{"rotation":[45.0,0.0,0.0],"translation":[0.0,6.25,0.0],"scale":[0.7,0.7,0.7]},"gui":{"rotation":[180.0,0.0,-135.0],"translation":[0.25,0.0,0.0],"scale":[0.63,0.63,0.63]},"head":{"rotation":[-90.0,90.0,0.0],"translation":[0.0,0.0,10.0]},"fixed":{"rotation":[0.0,0.0,45.0],"translation":[0.0,0.5,-0.25],"scale":[1.29,1.29,1.29]}},"elements":[{"from":[7.0,-7.0,7.5],"to":[9.0,11.0,8.5],"rotation":{"origin":[7.0,0.0,7.5],"axis":"x","angle":0.0},"faces":{"north":{"uv":[2.25,0.0,2.75,5.0],"texture":"#3"},"east":{"uv":[3.25,0.0,3.5,5.0],"texture":"#3"},"south":{"uv":[2.75,0.0,3.25,5.0],"texture":"#3"},"west":{"uv":[0.0,3.5,0.25,8.5],"texture":"#3"},"up":{"uv":[5.25,1.5,4.75,1.25],"texture":"#3"},"down":{"uv":[5.25,1.5,4.75,1.75],"texture":"#3"}}},{"from":[6.5,11.0,7.0],"to":[9.5,13.0,9.0],"rotation":{"origin":[6.5,6.0,6.0],"axis":"x","angle":0.0},"faces":{"north":{"uv":[4.0,1.25,4.75,1.75],"texture":"#3"},"east":{"uv":[4.5,3.25,5.0,3.75],"texture":"#3"},"south":{"uv":[3.5,4.25,4.25,4.75],"texture":"#3"},"west":{"uv":[4.5,3.75,5.0,4.25],"texture":"#3"},"up":{"uv":[5.0,4.75,4.25,4.25],"texture":"#3"},"down":{"uv":[5.25,0.0,4.5,0.5],"texture":"#3"}}},{"from":[5.5,12.0,7.0],"to":[6.5,13.0,9.0],"rotation":{"origin":[4.5,12.0,7.0],"axis":"x","angle":0.0},"faces":{"north":{"uv":[3.75,5.0,4.0,5.25],"texture":"#3"},"east":{"uv":[4.75,1.75,5.25,2.0],"texture":"#3"},"south":{"uv":[5.0,3.75,5.25,4.0],"texture":"#3"},"west":{"uv":[4.75,2.0,5.25,2.25],"texture":"#3"},"up":{"uv":[5.0,2.75,4.75,2.25],"texture":"#3"},"down":{"uv":[3.75,4.75,3.5,5.25],"texture":"#3"}}},{"from":[9.5,12.0,7.0],"to":[10.5,13.0,9.0],"rotation":{"origin":[9.5,12.0,7.0],"axis":"x","angle":0.0},"faces":{"north":{"uv":[4.0,5.0,4.25,5.25],"texture":"#3"},"east":{"uv":[3.75,4.75,4.25,5.0],"texture":"#3"},"south":{"uv":[5.0,4.0,5.25,4.25],"texture":"#3"},"west":{"uv":[4.25,4.75,4.75,5.0],"texture":"#3"},"up":{"uv":[5.0,5.25,4.75,4.75],"texture":"#3"},"down":{"uv":[2.5,5.0,2.25,5.5],"texture":"#3"}}},{"from":[7.0,13.0,7.5],"to":[9.0,21.0,8.5],"rotation":{"origin":[8.0,13.0,7.5],"axis":"x","angle":0.0},"faces":{"north":{"uv":[3.5,0.0,4.0,2.0],"texture":"#3"},"east":{"uv":[2.0,3.5,2.25,5.5],"texture":"#3"},"south":{"uv":[0.25,3.5,0.75,5.5],"texture":"#3"},"west":{"uv":[1.25,4.25,1.5,6.25],"texture":"#3"},"up":{"uv":[5.5,2.5,5.0,2.25],"texture":"#3"},"down":{"uv":[3.0,5.0,2.5,5.25],"texture":"#3"}}},{"from":[6.85,-1.0,7.35],"to":[9.15,4.0,8.65],"rotation":{"origin":[7.0,-1.0,7.5],"axis":"x","angle":0.0},"faces":{"north":{"uv":[4.0,0.0,4.5,1.25],"texture":"#3"},"east":{"uv":[1.5,4.25,1.75,5.5],"texture":"#3"},"south":{"uv":[0.75,4.25,1.25,5.5],"texture":"#3"},"west":{"uv":[1.75,4.25,2.0,5.5],"texture":"#3"},"up":{"uv":[5.5,2.75,5.0,2.5],"texture":"#3"},"down":{"uv":[3.5,5.0,3.0,5.25],"texture":"#3"}}},{"from":[7.18536,20.375,7.495],"to":[8.58536,21.775,8.505],"rotation":{"origin":[8.03536,21.175,7.995],"axis":"z","angle":45.0},"faces":{"north":{"uv":[4.25,5.0,4.5,5.25],"texture":"#3"},"east":{"uv":[5.0,4.25,5.25,4.5],"texture":"#3"},"south":{"uv":[4.5,5.0,4.75,5.25],"texture":"#3"},"west":{"uv":[5.0,4.5,5.25,4.75],"texture":"#3"},"up":{"uv":[5.25,5.0,5.0,4.75],"texture":"#3"},"down":{"uv":[5.25,5.0,5.0,5.25],"texture":"#3"}}},{"from":[6.5,-5.2,7.0],"to":[9.5,-4.2,9.0],"rotation":{"origin":[6.5,-5.2,7.0],"axis":"x","angle":0.0},"faces":{"north":{"uv":[4.0,1.75,4.75,2.0],"texture":"#3"},"east":{"uv":[5.0,3.25,5.5,3.5],"texture":"#3"},"south":{"uv":[4.5,1.0,5.25,1.25],"texture":"#3"},"west":{"uv":[5.0,3.5,5.5,3.75],"texture":"#3"},"up":{"uv":[5.25,1.0,4.5,0.5],"texture":"#3"},"down":{"uv":[5.25,2.75,4.5,3.25],"texture":"#3"}}},{"from":[6.5,6.5,7.0],"to":[9.5,7.5,9.0],"rotation":{"origin":[6.5,6.5,7.0],"axis":"x","angle":0.0},"faces":{"north":{"uv":[4.0,1.75,4.75,2.0],"texture":"#3"},"east":{"uv":[5.0,3.25,5.5,3.5],"texture":"#3"},"south":{"uv":[4.5,1.0,5.25,1.25],"texture":"#3"},"west":{"uv":[5.0,3.5,5.5,3.75],"texture":"#3"},"up":{"uv":[5.25,1.0,4.5,0.5],"texture":"#3"},"down":{"uv":[5.25,2.75,4.5,3.25],"texture":"#3"}}},{"from":[3.5,13.0,8.0],"to":[12.5,20.0,8.0],"rotation":{"origin":[8.5,15.0,7.0],"axis":"x","angle":0.0},"faces":{"north":{"uv":[0.0,0.0,2.25,1.75],"texture":"#3"},"east":{"uv":[0.0,0.0,0.0,1.75],"texture":"#3"},"south":{"uv":[2.25,0.0,0.0,1.75],"texture":"#3"},"west":{"uv":[0.0,0.0,0.0,1.75],"texture":"#3"},"up":{"uv":[2.25,0.0,0.0,0.0],"texture":"#3"},"down":{"uv":[0.0,0.0,2.25,0.0],"texture":"#3"}}}],"textures":{"3":"abcd37ac-04d0-4c2c-9269-3490fb32be68:37b51e23-dcc2-4a7d-a462-9e336cd1cfff"},"gui_light":"front"}