{"textures":{"5":"iafestivities:christmas/candy","particle":"#5"},"elements":[{"from":[4.4,-16,-0.4],"to":[11.4,8.3,6.4],"rotation":{"angle":0,"axis":"y","origin":[8,10,8]},"faces":{"north":{"uv":[0,0,4,16],"texture":"#5"},"east":{"uv":[0,0,4,16],"texture":"#5"},"south":{"uv":[0,0,4,16],"texture":"#5"},"west":{"uv":[0,0,4,16],"texture":"#5"},"up":{"uv":[0,0,4,4],"texture":"#5"},"down":{"uv":[0,0,4,4],"texture":"#5"}}},{"from":[4.4,3.4,15.9],"to":[11.4,8.8,21.7],"rotation":{"angle":0,"axis":"y","origin":[8,10,8]},"faces":{"north":{"uv":[0,0,4,16],"texture":"#5"},"east":{"uv":[0,0,4,3],"rotation":270,"texture":"#5"},"south":{"uv":[0,0,4,3],"texture":"#5"},"west":{"uv":[0,0,2.75,2.75],"rotation":180,"texture":"#5"},"up":{"uv":[0,0,4,4],"texture":"#5"},"down":{"uv":[0,0,4,4],"texture":"#5"}}},{"from":[4.5,5.5,9.8],"to":[11.3,15.3,16.6],"rotation":{"angle":45,"axis":"x","origin":[7.88054,19.14979,8.01967]},"faces":{"north":{"uv":[0,0,4,4.75],"texture":"#5"},"east":{"uv":[0,0,4,4.75],"rotation":180,"texture":"#5"},"south":{"uv":[0,0,4,4.75],"texture":"#5"},"west":{"uv":[0,0,4,4.75],"texture":"#5"},"up":{"uv":[0,0,4,4.75],"texture":"#5"},"down":{"uv":[0,0,4,4.75],"texture":"#5"}}},{"from":[4.5,15.1,16.3],"to":[11.3,21.5,25],"rotation":{"angle":45,"axis":"x","origin":[7.88054,19.14979,8.01967]},"faces":{"north":{"uv":[0,0,4,4.75],"texture":"#5"},"east":{"uv":[0,0,4.5,4.75],"rotation":270,"texture":"#5"},"south":{"uv":[0,0,4,4.75],"texture":"#5"},"west":{"uv":[0,0,4,4.75],"texture":"#5"},"up":{"uv":[0,0,4,4.75],"texture":"#5"},"down":{"uv":[0,0,4,4.75],"texture":"#5"}}},{"from":[4.6,8.20267,6.49343],"to":[11.2,15.00267,15.69343],"rotation":{"angle":0,"axis":"x","origin":[7.89336,9.3039,5.49813]},"faces":{"north":{"uv":[0,0,4,4.75],"rotation":180,"texture":"#5"},"east":{"uv":[0,0,3.75,4],"rotation":90,"texture":"#5"},"south":{"uv":[0,0,4,4.75],"texture":"#5"},"west":{"uv":[0,0,5,5.25],"texture":"#5"},"up":{"uv":[0,0,4,4.75],"rotation":180,"texture":"#5"},"down":{"uv":[0,0,4,4.75],"texture":"#5"}}}],"display":{"thirdperson_righthand":{"rotation":[45,-155,0],"translation":[0.25,12.5,6.25],"scale":[0.6,0.6,0.6]},"thirdperson_lefthand":{"scale":[0.5,0.5,0.5]},"firstperson_righthand":{"rotation":[-10,-133,0],"translation":[3.25,5.75,0.75],"scale":[0.3,0.3,0.3]},"firstperson_lefthand":{"scale":[0.5,0.5,0.5]},"ground":{"translation":[0,4.5,0],"scale":[0.15,0.15,0.15]},"gui":{"rotation":[15,45,0],"translation":[0,4,0],"scale":[0.5,0.5,0.5]},"head":{"translation":[0,23.5,13.75],"scale":[2.8,2.8,2.8]},"fixed":{"rotation":[0,-90,0],"translation":[0,5.25,-1.75],"scale":[0.6,0.6,0.6]}},"groups":[{"name":"tree","origin":[8,8,8],"color":0,"boneType":"","children":[0,1,2,3,4]}]}