{"model":{"type":"select","property":"block_state","block_state_property":"connectable","cases":[{"when":"straight","model":{"type":"model","model":"288d7f4e-865f-4c67-87f9-85eb463183ef:9eb4110c-f4a0-4632-895d-beda4c648ab3","tints":[]}},{"when":"left","model":{"type":"model","model":"288d7f4e-865f-4c67-87f9-85eb463183ef:0c0cbaee-3f82-4e49-91ce-d3a62e4f61ed","tints":[]}},{"when":"right","model":{"type":"model","model":"288d7f4e-865f-4c67-87f9-85eb463183ef:08dc50a7-ff03-4d5c-83a7-d3d601105b2e","tints":[]}},{"when":"inner","model":{"type":"model","model":"288d7f4e-865f-4c67-87f9-85eb463183ef:65f6411d-6dfd-4d0f-87eb-5343587ad025","tints":[]}},{"when":"outer","model":{"type":"model","model":"288d7f4e-865f-4c67-87f9-85eb463183ef:251d06ba-9887-425a-836b-05509ab86eea","tints":[]}}],"fallback":{"type":"model","model":"288d7f4e-865f-4c67-87f9-85eb463183ef:c4bb1da0-fc63-4123-a52e-e990b13fcb41","tints":[]}}}