{"textures":{"Texture0":"iaweapons:revolver","particle":"#Texture0"},"elements":[{"from":[0,0,7],"to":[2,2,9],"faces":{"north":{"uv":[0,14,2,16],"texture":"#Texture0","cullface":"true","tintindex":0},"east":{"uv":[0,14,2,16],"texture":"#Texture0","cullface":"true","tintindex":0},"south":{"uv":[0,14,2,16],"texture":"#Texture0","cullface":"true","tintindex":0},"west":{"uv":[0,14,2,16],"texture":"#Texture0","cullface":"true","tintindex":0},"up":{"uv":[0,14,2,16],"texture":"#Texture0","cullface":"true","tintindex":0},"down":{"uv":[0,14,2,16],"texture":"#Texture0","cullface":"true","tintindex":0}}},{"from":[0,2,7],"to":[3,3,9],"faces":{"north":{"uv":[0,13,3,14],"texture":"#Texture0","tintindex":0},"east":{"uv":[0,14,2,15],"texture":"#Texture0","tintindex":0},"south":{"uv":[0,13,3,14],"texture":"#Texture0","tintindex":0},"west":{"uv":[0,14,2,15],"texture":"#Texture0","tintindex":0},"up":{"uv":[0,13,3,14],"texture":"#Texture0","tintindex":0},"down":{"uv":[0,13,3,14],"texture":"#Texture0","tintindex":0}}},{"from":[1,3,7],"to":[5,4,9],"faces":{"north":{"uv":[11,4,15,5],"texture":"#Texture0","tintindex":0},"east":{"uv":[11,4,12,5],"texture":"#Texture0","tintindex":0},"south":{"uv":[1,12,5,13],"texture":"#Texture0","tintindex":0},"west":{"uv":[14,4,15,5],"texture":"#Texture0","tintindex":0},"up":{"uv":[3,12,4,13],"texture":"#Texture0","tintindex":0},"down":{"uv":[4,12,5,13],"texture":"#Texture0","tintindex":0}}},{"from":[2,4,7],"to":[7,5,9],"faces":{"north":{"uv":[9,3,14,4],"texture":"#Texture0","tintindex":0},"east":{"uv":[12,3,13,4],"texture":"#Texture0","tintindex":0},"south":{"uv":[2,11,7,12],"texture":"#Texture0","tintindex":0},"west":{"uv":[2,11,3,12],"texture":"#Texture0","tintindex":0},"down":{"uv":[4,11,5,12],"texture":"#Texture0","tintindex":0}}},{"from":[2,5,7],"to":[13,7,9],"faces":{"north":{"uv":[3,1,14,3],"texture":"#Texture0","tintindex":0},"east":{"uv":[3,1,5,3],"texture":"#Texture0","tintindex":0},"south":{"uv":[2,9,13,11],"texture":"#Texture0","tintindex":0},"west":{"uv":[2,9,3,11],"texture":"#Texture0","tintindex":0},"up":{"uv":[2,9,13,10],"texture":"#Texture0","tintindex":0},"down":{"uv":[7,10,13,11],"texture":"#Texture0","tintindex":0}}},{"from":[1.5,6.5,7.5],"to":[2.5,7.5,8.5],"faces":{"north":{"uv":[1,8,2,9],"texture":"#Texture0","tintindex":0},"east":{"uv":[1,8,2,9],"texture":"#Texture0","tintindex":0},"south":{"uv":[1,8,2,9],"texture":"#Texture0","tintindex":0},"west":{"uv":[1,8,2,9],"texture":"#Texture0","tintindex":0},"up":{"uv":[1,8,2,9],"texture":"#Texture0","tintindex":0},"down":{"uv":[1,8,2,9],"texture":"#Texture0","tintindex":0}}},{"from":[11,7,7.5],"to":[13,8,8.5],"faces":{"north":{"uv":[3,0,5,1],"texture":"#Texture0","tintindex":0},"east":{"uv":[12,8,13,9],"texture":"#Texture0","tintindex":0},"south":{"uv":[11,8,13,9],"texture":"#Texture0","tintindex":0},"west":{"uv":[11,8,12,9],"texture":"#Texture0","tintindex":0},"up":{"uv":[11,8,13,9],"texture":"#Texture0","tintindex":0}}}],"display":{"thirdperson_righthand":{"rotation":[0,90,0],"translation":[0,3.2,-3],"scale":[0.5,0.5,0.5]},"thirdperson_lefthand":{"rotation":[0,270,0],"translation":[0,3.2,-3],"scale":[0.5,0.5,0.5]},"firstperson_righthand":{"rotation":[0,-275,0],"translation":[3,3,-10],"scale":[1.3,1.3,1.3]},"firstperson_lefthand":{"rotation":[0,-95,0],"translation":[3,3,-10],"scale":[1.3,1.3,1.3]},"ground":{"translation":[0,3,0],"scale":[0.7,0.7,0.7]},"gui":{"rotation":[30,45,0],"translation":[2,5,0],"scale":[1.2,1.2,1.2]},"fixed":{"translation":[2,2,0]}}}