{"parent":"item/generated","textures":{"layer0":"item/leather_horse_armor"},"overrides":[{"predicate":{"custom_model_data":1000},"model":"3068c5ae-0312-483d-b20d-ad03c578b9eb:597af4e1-ef8a-4544-a69d-7c5a5ccc2c36"},{"predicate":{"custom_model_data":1001},"model":"3068c5ae-0312-483d-b20d-ad03c578b9eb:e132373d-9068-436a-8722-018643deb05d"},{"predicate":{"custom_model_data":1002},"model":"3068c5ae-0312-483d-b20d-ad03c578b9eb:26ff766a-bdf9-4fc1-b74b-ca1c3aeffb14"},{"predicate":{"custom_model_data":1003},"model":"3068c5ae-0312-483d-b20d-ad03c578b9eb:c518ab60-bfaf-411d-9fd9-dd5f1bdc8677"}]}