{"parent":"item/generated","textures":{"layer0":"item/paper"},"overrides":[{"predicate":{"custom_model_data":1000},"model":"3068c5ae-0312-483d-b20d-ad03c578b9eb:53ca2231-b73c-4f98-8954-f522b0ea22fd"},{"predicate":{"custom_model_data":1001},"model":"3068c5ae-0312-483d-b20d-ad03c578b9eb:4326bffa-daa4-42d6-82f0-883ab6479048"},{"predicate":{"custom_model_data":1002},"model":"3068c5ae-0312-483d-b20d-ad03c578b9eb:c67c6b85-3bb1-4948-be54-2c1c0a305cb8"},{"predicate":{"custom_model_data":1003},"model":"3068c5ae-0312-483d-b20d-ad03c578b9eb:837bbe24-0a53-4434-bcfb-7504350f9a44"},{"predicate":{"custom_model_data":1004},"model":"3068c5ae-0312-483d-b20d-ad03c578b9eb:d4994955-6916-468a-b089-86a578a72df7"},{"predicate":{"custom_model_data":1005},"model":"3068c5ae-0312-483d-b20d-ad03c578b9eb:890bfc0c-e28e-4c60-8152-d439b18c2f1c"},{"predicate":{"custom_model_data":1006},"model":"dd1c5625-fec0-4e62-a0cb-847f09f6106c:4166c3cd-b451-4d02-9a14-847384e59a7b"},{"predicate":{"custom_model_data":1007},"model":"dd1c5625-fec0-4e62-a0cb-847f09f6106c:0d17d7d9-d946-4202-9165-b6c8bffe973c"},{"predicate":{"custom_model_data":1008},"model":"dd1c5625-fec0-4e62-a0cb-847f09f6106c:0c0b09ad-88cf-4164-bca5-1a2da5ff3e9c"},{"predicate":{"custom_model_data":1013},"model":"dd1c5625-fec0-4e62-a0cb-847f09f6106c:73ac57b1-b082-4fb1-8f75-1b060f726f67"},{"predicate":{"custom_model_data":1014},"model":"dd1c5625-fec0-4e62-a0cb-847f09f6106c:ee026721-3c0d-47c8-9d10-016973ad47b1"},{"predicate":{"custom_model_data":1015},"model":"dd1c5625-fec0-4e62-a0cb-847f09f6106c:99063b64-2160-4542-b9e6-dca44683bdd8"},{"predicate":{"custom_model_data":1040},"model":"dd1c5625-fec0-4e62-a0cb-847f09f6106c:15ff2b96-08f7-4e24-8590-6a37d48cccba"},{"predicate":{"custom_model_data":1041},"model":"dd1c5625-fec0-4e62-a0cb-847f09f6106c:81413daa-7d1c-4c6e-b664-b0a1e2cf8965"},{"predicate":{"custom_model_data":1042},"model":"dd1c5625-fec0-4e62-a0cb-847f09f6106c:1fc9f627-b76d-4513-bf34-2b9155f75280"},{"predicate":{"custom_model_data":1043},"model":"dd1c5625-fec0-4e62-a0cb-847f09f6106c:5813d085-4ec0-4f10-a4d0-9d2d507dd375"},{"predicate":{"custom_model_data":1044},"model":"dd1c5625-fec0-4e62-a0cb-847f09f6106c:f6ca8b4a-7528-418a-8d72-6f78e2d755f8"},{"predicate":{"custom_model_data":1045},"model":"dd1c5625-fec0-4e62-a0cb-847f09f6106c:4882b1f9-4593-4086-ab60-115ab68be3c7"},{"predicate":{"custom_model_data":1046},"model":"dd1c5625-fec0-4e62-a0cb-847f09f6106c:06d9f3da-758e-4b2f-97e6-1f55c23207c5"},{"predicate":{"custom_model_data":1047},"model":"dd1c5625-fec0-4e62-a0cb-847f09f6106c:da21fdb4-26a4-47d3-b903-11444d441c3b"},{"predicate":{"custom_model_data":1048},"model":"dd1c5625-fec0-4e62-a0cb-847f09f6106c:9ee52670-d44d-4be9-9953-f40bbf6d2828"},{"predicate":{"custom_model_data":1049},"model":"dd1c5625-fec0-4e62-a0cb-847f09f6106c:d42c07b6-ef4a-4c71-b08d-dc14de829ded"},{"predicate":{"custom_model_data":1050},"model":"dd1c5625-fec0-4e62-a0cb-847f09f6106c:d151c562-8553-4d93-91a7-2731709678e6"},{"predicate":{"custom_model_data":1051},"model":"dd1c5625-fec0-4e62-a0cb-847f09f6106c:9a714028-842a-4814-9145-3b33413d976e"},{"predicate":{"custom_model_data":1052},"model":"dd1c5625-fec0-4e62-a0cb-847f09f6106c:17985094-6087-41b1-9ef6-9034a3d07ca8"},{"predicate":{"custom_model_data":1053},"model":"dd1c5625-fec0-4e62-a0cb-847f09f6106c:979dfbca-58d1-461f-b3ba-9aaab0e3f1d1"},{"predicate":{"custom_model_data":1054},"model":"dd1c5625-fec0-4e62-a0cb-847f09f6106c:f50291a0-103d-435f-a1d0-e2877604f2cd"},{"predicate":{"custom_model_data":1055},"model":"dd1c5625-fec0-4e62-a0cb-847f09f6106c:4450a988-4a21-4fee-9098-e493a4768793"},{"predicate":{"custom_model_data":1056},"model":"dd1c5625-fec0-4e62-a0cb-847f09f6106c:20c3b0e2-0c45-4743-a59c-54dfdf5139ed"},{"predicate":{"custom_model_data":1057},"model":"dd1c5625-fec0-4e62-a0cb-847f09f6106c:38577009-1847-4959-aa6a-174d501f9bfb"},{"predicate":{"custom_model_data":1058},"model":"dd1c5625-fec0-4e62-a0cb-847f09f6106c:3fe1b8b2-5f97-4960-8378-f9e2a35fe693"},{"predicate":{"custom_model_data":1059},"model":"dd1c5625-fec0-4e62-a0cb-847f09f6106c:356f45d3-858e-467d-a76c-b52e6cfe5f0c"},{"predicate":{"custom_model_data":1060},"model":"dd1c5625-fec0-4e62-a0cb-847f09f6106c:b8ec6615-a133-4a74-8aef-e2fccded10ab"},{"predicate":{"custom_model_data":1061},"model":"dd1c5625-fec0-4e62-a0cb-847f09f6106c:75617a2e-4420-4da5-861a-5e6a4faa84f9"},{"predicate":{"custom_model_data":1062},"model":"dd1c5625-fec0-4e62-a0cb-847f09f6106c:cfa579f7-ebdb-4b2f-85ef-83e2b99c152b"},{"predicate":{"custom_model_data":1063},"model":"dd1c5625-fec0-4e62-a0cb-847f09f6106c:71b8e553-f022-45dd-9b13-62ad452e0753"},{"predicate":{"custom_model_data":1064},"model":"dd1c5625-fec0-4e62-a0cb-847f09f6106c:20caa920-e0c7-4eaa-8f74-5e38011776f9"},{"predicate":{"custom_model_data":1065},"model":"dd1c5625-fec0-4e62-a0cb-847f09f6106c:a275a525-187f-4ff0-8d33-c2a92f9cca86"},{"predicate":{"custom_model_data":1066},"model":"dd1c5625-fec0-4e62-a0cb-847f09f6106c:99548f92-0038-45cf-89fc-88005df4745a"},{"predicate":{"custom_model_data":1067},"model":"dd1c5625-fec0-4e62-a0cb-847f09f6106c:bbd83048-4de5-49b3-80a9-da0d89db6162"},{"predicate":{"custom_model_data":1068},"model":"dd1c5625-fec0-4e62-a0cb-847f09f6106c:63773365-4379-4aa6-9217-ffde1e386c44"},{"predicate":{"custom_model_data":1069},"model":"dd1c5625-fec0-4e62-a0cb-847f09f6106c:1c176b0d-4e05-4d28-bcd5-81934cd4a910"},{"predicate":{"custom_model_data":1070},"model":"dd1c5625-fec0-4e62-a0cb-847f09f6106c:c36e3f56-f2a5-444e-b780-dfceac7e4d1e"}]}