{"display":{"thirdperson_righthand":{"scale":[0.5,0.5,0.5]},"thirdperson_lefthand":{"scale":[0.5,0.5,0.5]},"firstperson_righthand":{"scale":[0.5,0.5,0.5]},"firstperson_lefthand":{"scale":[0.5,0.5,0.5]},"ground":{"translation":[0.0,1.0,0.0],"scale":[0.25,0.25,0.25]},"gui":{"rotation":[25.0,-45.0,0.0],"translation":[0.0,-0.25,0.0],"scale":[0.7,0.7,0.7]},"head":{"translation":[0.0,-14.25,0.0],"scale":[2.3,2.3,2.3]},"fixed":{"rotation":[-90.0,-180.0,0.0],"translation":[0.0,1.0,-16.0],"scale":[2.0,2.0,2.0]}},"elements":[{"from":[7.0,2.0,7.0],"to":[9.0,11.0,9.0],"faces":{"north":{"uv":[7.0,4.0,9.0,13.0],"texture":"#0"},"east":{"uv":[0.0,0.0,2.0,9.0],"texture":"#0"},"south":{"uv":[0.0,0.0,2.0,9.0],"texture":"#0"},"west":{"uv":[0.0,0.0,2.0,9.0],"texture":"#0"},"up":{"uv":[0.0,0.0,2.0,2.0],"texture":"#0"},"down":{"uv":[0.0,0.0,2.0,2.0],"texture":"#0"}}},{"from":[1.0,11.0,1.0],"to":[15.0,13.0,15.0],"faces":{"north":{"uv":[0.0,0.0,16.0,1.0],"texture":"#1"},"east":{"uv":[0.0,0.0,16.0,1.0],"texture":"#1"},"south":{"uv":[0.0,0.0,16.0,1.0],"texture":"#1"},"west":{"uv":[0.0,0.0,16.0,1.0],"texture":"#1"},"up":{"texture":"#1"},"down":{"texture":"#1"}}},{"from":[5.0,1.0,5.0],"to":[11.0,2.0,11.0],"faces":{"north":{"uv":[5.0,0.0,11.0,1.0],"texture":"#0"},"east":{"uv":[5.0,0.0,11.0,1.0],"texture":"#0"},"south":{"uv":[5.0,0.0,11.0,1.0],"texture":"#0"},"west":{"uv":[5.0,0.0,11.0,1.0],"texture":"#0"},"up":{"uv":[0.0,0.0,6.0,6.0],"texture":"#0"},"down":{"uv":[0.0,0.0,6.0,6.0],"texture":"#0"}}},{"from":[4.0,0.0,4.0],"to":[12.0,1.0,12.0],"faces":{"north":{"uv":[3.0,15.0,13.0,16.0],"texture":"#0"},"east":{"uv":[3.0,15.0,13.0,16.0],"texture":"#0"},"south":{"uv":[3.0,15.0,13.0,16.0],"texture":"#0"},"west":{"uv":[3.0,15.0,13.0,16.0],"texture":"#0"},"up":{"uv":[0.0,0.0,8.0,8.0],"texture":"#0"},"down":{"uv":[0.0,0.0,8.0,8.0],"texture":"#0"}}},{"from":[5.0,13.0,4.0],"to":[7.0,14.0,6.0],"faces":{"north":{"uv":[0.0,0.0,2.0,1.0],"texture":"#2"},"east":{"uv":[0.0,0.0,2.0,1.0],"texture":"#2"},"south":{"uv":[0.0,0.0,2.0,1.0],"texture":"#2"},"west":{"uv":[0.0,0.0,2.0,1.0],"texture":"#2"},"up":{"uv":[7.0,6.0,9.0,8.0],"texture":"#2"},"down":{"uv":[8.0,7.0,10.0,9.0],"texture":"#2"}}},{"from":[7.0,13.0,4.0],"to":[8.0,17.0,6.0],"faces":{"north":{"uv":[0.0,0.0,1.0,4.0],"texture":"#2"},"east":{"uv":[0.0,0.0,2.0,4.0],"texture":"#2"},"south":{"uv":[0.0,0.0,1.0,4.0],"texture":"#2"},"west":{"uv":[0.0,0.0,2.0,4.0],"texture":"#2"},"up":{"uv":[0.0,0.0,1.0,2.0],"texture":"#2"},"down":{"uv":[0.0,0.0,1.0,2.0],"texture":"#2"}}},{"from":[4.0,13.0,4.0],"to":[5.0,17.0,6.0],"faces":{"north":{"uv":[0.0,0.0,1.0,4.0],"texture":"#2"},"east":{"uv":[0.0,0.0,2.0,4.0],"texture":"#2"},"south":{"uv":[0.0,0.0,1.0,4.0],"texture":"#2"},"west":{"uv":[0.0,0.0,2.0,4.0],"texture":"#2"},"up":{"uv":[0.0,0.0,1.0,2.0],"texture":"#2"},"down":{"uv":[0.0,0.0,1.0,2.0],"texture":"#2"}}},{"from":[5.0,13.0,6.0],"to":[7.0,17.0,7.0],"faces":{"north":{"uv":[0.0,0.0,2.0,4.0],"texture":"#2"},"east":{"uv":[0.0,0.0,1.0,4.0],"texture":"#2"},"south":{"uv":[0.0,0.0,2.0,4.0],"texture":"#2"},"west":{"uv":[0.0,0.0,1.0,4.0],"texture":"#2"},"up":{"uv":[0.0,0.0,2.0,1.0],"texture":"#2"},"down":{"uv":[0.0,0.0,2.0,1.0],"texture":"#2"}}},{"from":[5.0,13.0,3.0],"to":[7.0,17.0,4.0],"faces":{"north":{"uv":[0.0,0.0,2.0,4.0],"texture":"#2"},"east":{"uv":[0.0,0.0,1.0,4.0],"texture":"#2"},"south":{"uv":[0.0,0.0,2.0,4.0],"texture":"#2"},"west":{"uv":[0.0,0.0,1.0,4.0],"texture":"#2"},"up":{"uv":[0.0,0.0,2.0,1.0],"texture":"#2"},"down":{"uv":[0.0,0.0,2.0,1.0],"texture":"#2"}}},{"from":[5.0,15.0,4.0],"to":[7.0,16.0,6.0],"faces":{"north":{"uv":[0.0,0.0,2.0,1.0],"texture":"#3"},"east":{"uv":[0.0,0.0,2.0,1.0],"texture":"#3"},"south":{"uv":[0.0,0.0,2.0,1.0],"texture":"#3"},"west":{"uv":[0.0,0.0,2.0,1.0],"texture":"#3"},"up":{"uv":[7.0,6.0,9.0,8.0],"texture":"#3"},"down":{"uv":[8.0,7.0,10.0,9.0],"texture":"#3"}}},{"from":[5.0,14.0,4.0],"to":[7.0,15.0,6.0],"faces":{"north":{"uv":[0.0,0.0,2.0,1.0],"texture":"#3"},"east":{"uv":[0.0,0.0,2.0,1.0],"texture":"#3"},"south":{"uv":[0.0,0.0,2.0,1.0],"texture":"#3"},"west":{"uv":[0.0,0.0,2.0,1.0],"texture":"#3"},"up":{"uv":[7.0,6.0,9.0,8.0],"texture":"#3"},"down":{"uv":[8.0,7.0,10.0,9.0],"texture":"#3"}}},{"from":[3.0,16.2,4.5],"to":[4.0,16.7,5.5],"shade":false,"faces":{"north":{"uv":[0.0,0.0,1.0,0.5],"texture":"#2"},"east":{"uv":[0.0,0.0,1.0,0.5],"texture":"#2"},"south":{"uv":[0.0,0.0,1.0,0.5],"texture":"#2"},"west":{"uv":[0.0,0.0,1.0,0.5],"texture":"#2"},"up":{"uv":[0.0,0.0,1.0,1.0],"texture":"#2"},"down":{"uv":[0.0,0.0,1.0,1.0],"texture":"#2"}}},{"from":[3.0,13.2,4.5],"to":[4.0,13.7,5.5],"shade":false,"faces":{"north":{"uv":[0.0,0.0,1.0,0.5],"texture":"#2"},"east":{"uv":[0.0,0.0,1.0,0.5],"texture":"#2"},"south":{"uv":[0.0,0.0,1.0,0.5],"texture":"#2"},"west":{"uv":[0.0,0.0,1.0,0.5],"texture":"#2"},"up":{"uv":[0.0,0.0,1.0,1.0],"texture":"#2"},"down":{"uv":[0.0,0.0,1.0,1.0],"texture":"#2"}}},{"from":[2.0,13.5,4.5],"to":[3.0,16.4,5.5],"faces":{"north":{"uv":[0.0,0.0,1.0,2.9],"texture":"#2"},"east":{"uv":[0.0,0.0,1.0,2.9],"texture":"#2"},"south":{"uv":[0.0,0.0,1.0,2.9],"texture":"#2"},"west":{"uv":[0.0,0.0,1.0,2.9],"texture":"#2"},"up":{"uv":[0.0,0.0,1.0,1.0],"texture":"#2"},"down":{"uv":[0.0,0.0,1.0,1.0],"texture":"#2"}}},{"from":[3.0,13.0,8.0],"to":[9.0,14.0,12.0],"rotation":{"origin":[8.0,8.0,8.0],"x":0.0,"y":22.5,"z":0.0},"faces":{"north":{"uv":[0.0,0.0,16.0,1.0],"texture":"#4"},"east":{"uv":[0.0,0.0,16.0,1.0],"texture":"#4"},"south":{"uv":[0.0,0.0,6.0,1.0],"texture":"#5"},"west":{"uv":[0.0,0.0,16.0,1.0],"texture":"#4"},"up":{"uv":[0.0,0.0,6.0,4.0],"texture":"#5"},"down":{"uv":[0.0,0.0,6.0,4.0],"texture":"#5"}}},{"from":[3.0,13.0,12.0],"to":[9.0,14.0,12.1],"rotation":{"origin":[8.0,8.0,8.0],"x":0.0,"y":22.5,"z":0.0},"faces":{"north":{"uv":[0.0,0.0,6.0,1.0],"texture":"#5"},"east":{"uv":[0.0,0.0,0.1,1.0],"texture":"#5"},"south":{"uv":[0.0,0.0,6.0,1.0],"texture":"#5"},"west":{"uv":[0.0,0.0,0.1,1.0],"texture":"#5"},"up":{"uv":[0.0,0.0,6.0,0.1],"texture":"#5"},"down":{"uv":[0.0,0.0,6.0,0.1],"texture":"#5"}}},{"from":[9.0,13.0,12.0],"to":[9.1,14.0,12.1],"rotation":{"origin":[8.0,8.0,8.0],"x":0.0,"y":22.5,"z":0.0},"faces":{"north":{"uv":[0.0,0.0,0.1,1.0],"texture":"#5"},"east":{"uv":[0.0,0.0,0.1,1.0],"texture":"#5"},"south":{"uv":[0.0,0.0,0.1,1.0],"texture":"#5"},"west":{"uv":[0.0,0.0,0.1,1.0],"texture":"#5"},"up":{"uv":[0.0,0.0,0.1,0.1],"texture":"#5"},"down":{"uv":[0.0,0.0,0.1,0.1],"texture":"#5"}}},{"from":[2.9,13.0,12.0],"to":[3.0,14.0,12.1],"rotation":{"origin":[8.0,8.0,8.0],"x":0.0,"y":22.5,"z":0.0},"faces":{"north":{"uv":[0.0,0.0,0.1,1.0],"texture":"#5"},"east":{"uv":[0.0,0.0,0.1,1.0],"texture":"#5"},"south":{"uv":[0.0,0.0,0.1,1.0],"texture":"#5"},"west":{"uv":[0.0,0.0,0.1,1.0],"texture":"#5"},"up":{"uv":[0.0,0.0,0.1,0.1],"texture":"#5"},"down":{"uv":[0.0,0.0,0.1,0.1],"texture":"#5"}}},{"from":[2.9,13.9,7.9],"to":[3.0,14.0,12.0],"rotation":{"origin":[8.0,8.0,8.0],"x":0.0,"y":22.5,"z":0.0},"faces":{"north":{"uv":[0.0,0.0,0.1,0.1],"texture":"#5"},"east":{"uv":[0.0,0.0,4.1,0.1],"texture":"#5"},"south":{"uv":[0.0,0.0,0.1,0.1],"texture":"#5"},"west":{"uv":[0.0,0.0,4.1,0.1],"texture":"#5"},"up":{"uv":[0.0,0.0,0.1,4.1],"texture":"#5"},"down":{"uv":[0.0,0.0,0.1,4.1],"texture":"#5"}}},{"from":[2.9,13.0,7.9],"to":[3.0,13.1,12.0],"rotation":{"origin":[8.0,8.0,8.0],"x":0.0,"y":22.5,"z":0.0},"faces":{"north":{"uv":[0.0,0.0,0.1,0.1],"texture":"#5"},"east":{"uv":[0.0,0.0,4.1,0.1],"texture":"#5"},"south":{"uv":[0.0,0.0,0.1,0.1],"texture":"#5"},"west":{"uv":[0.0,0.0,4.1,0.1],"texture":"#5"},"up":{"uv":[0.0,0.0,0.1,4.1],"texture":"#5"},"down":{"uv":[0.0,0.0,0.1,4.1],"texture":"#5"}}},{"from":[9.0,13.0,7.9],"to":[9.1,13.1,12.0],"rotation":{"origin":[8.0,8.0,8.0],"x":0.0,"y":22.5,"z":0.0},"faces":{"north":{"uv":[0.0,0.0,0.1,0.1],"texture":"#5"},"east":{"uv":[0.0,0.0,4.1,0.1],"texture":"#5"},"south":{"uv":[0.0,0.0,0.1,0.1],"texture":"#5"},"west":{"uv":[0.0,0.0,4.1,0.1],"texture":"#5"},"up":{"uv":[0.0,0.0,0.1,4.1],"texture":"#5"},"down":{"uv":[0.0,0.0,0.1,4.1],"texture":"#5"}}},{"from":[9.0,13.9,7.9],"to":[9.1,14.0,12.0],"rotation":{"origin":[8.0,8.0,8.0],"x":0.0,"y":22.5,"z":0.0},"faces":{"north":{"uv":[0.0,0.0,0.1,0.1],"texture":"#5"},"east":{"uv":[0.0,0.0,4.1,0.1],"texture":"#5"},"south":{"uv":[0.0,0.0,0.1,0.1],"texture":"#5"},"west":{"uv":[0.0,0.0,4.1,0.1],"texture":"#5"},"up":{"uv":[0.0,0.0,0.1,4.1],"texture":"#5"},"down":{"uv":[0.0,0.0,0.1,4.1],"texture":"#5"}}},{"from":[3.0,13.0,7.9],"to":[9.0,13.1,8.0],"rotation":{"origin":[8.0,8.0,8.0],"x":0.0,"y":22.5,"z":0.0},"faces":{"north":{"uv":[0.0,0.0,6.0,0.1],"texture":"#5"},"east":{"uv":[0.0,0.0,0.1,0.1],"texture":"#5"},"south":{"uv":[0.0,0.0,6.0,0.1],"texture":"#5"},"west":{"uv":[0.0,0.0,0.1,0.1],"texture":"#5"},"up":{"uv":[0.0,0.0,6.0,0.1],"texture":"#5"},"down":{"uv":[0.0,0.0,6.0,0.1],"texture":"#5"}}},{"from":[3.0,13.9,7.9],"to":[9.0,14.0,8.0],"rotation":{"origin":[8.0,8.0,8.0],"x":0.0,"y":22.5,"z":0.0},"faces":{"north":{"uv":[0.0,0.0,6.0,0.1],"texture":"#5"},"east":{"uv":[0.0,0.0,0.1,0.1],"texture":"#5"},"south":{"uv":[0.0,0.0,6.0,0.1],"texture":"#5"},"west":{"uv":[0.0,0.0,0.1,0.1],"texture":"#5"},"up":{"uv":[0.0,0.0,6.0,0.1],"texture":"#5"},"down":{"uv":[0.0,0.0,6.0,0.1],"texture":"#5"}}}],"textures":{"0":"block/gray_wool","1":"block/oak_log_top","2":"block/quartz_block_top","3":"block/black_stained_glass","4":"block/birch_planks","5":"block/clay","particle":"block/gray_wool"}}