{"display":{"thirdperson_righthand":{"scale":[0.3,0.3,0.3]},"thirdperson_lefthand":{"scale":[0.5,0.5,0.5]},"firstperson_righthand":{"scale":[0.3,0.3,0.3]},"firstperson_lefthand":{"scale":[0.5,0.5,0.5]},"ground":{"translation":[0.0,6.25,0.0],"scale":[0.25,0.25,0.25]},"gui":{"rotation":[45.0,-45.0,0.0],"scale":[0.32,0.32,0.32]},"head":{"translation":[0.0,-8.5,0.0],"scale":[1.6,1.6,1.6]},"fixed":{"rotation":[-90.0,-180.0,0.0],"translation":[0.0,0.25,-48.0],"scale":[2.0,2.0,2.0]}},"elements":[{"from":[1.0,-16.0,1.0],"to":[3.0,-14.0,3.0],"faces":{"north":{"uv":[4.0,8.0,6.0,10.0],"texture":"#0"},"east":{"uv":[5.0,2.0,7.0,4.0],"texture":"#0"},"south":{"uv":[1.0,4.0,3.0,6.0],"texture":"#0"},"west":{"uv":[4.0,3.0,6.0,5.0],"texture":"#0"},"up":{"uv":[3.0,3.0,5.0,5.0],"texture":"#0"},"down":{"uv":[1.0,2.0,3.0,4.0],"texture":"#0"}}},{"from":[13.0,-16.0,1.0],"to":[15.0,-14.0,3.0],"faces":{"north":{"uv":[4.0,8.0,6.0,10.0],"texture":"#0"},"east":{"uv":[5.0,2.0,7.0,4.0],"texture":"#0"},"south":{"uv":[1.0,4.0,3.0,6.0],"texture":"#0"},"west":{"uv":[4.0,3.0,6.0,5.0],"texture":"#0"},"up":{"uv":[3.0,3.0,5.0,5.0],"texture":"#0"},"down":{"uv":[1.0,2.0,3.0,4.0],"texture":"#0"}}},{"from":[1.0,-16.0,13.0],"to":[3.0,-14.0,15.0],"faces":{"north":{"uv":[4.0,8.0,6.0,10.0],"texture":"#0"},"east":{"uv":[5.0,2.0,7.0,4.0],"texture":"#0"},"south":{"uv":[1.0,4.0,3.0,6.0],"texture":"#0"},"west":{"uv":[4.0,3.0,6.0,5.0],"texture":"#0"},"up":{"uv":[3.0,3.0,5.0,5.0],"texture":"#0"},"down":{"uv":[1.0,2.0,3.0,4.0],"texture":"#0"}}},{"from":[13.0,-16.0,13.0],"to":[15.0,-14.0,15.0],"faces":{"north":{"uv":[4.0,8.0,6.0,10.0],"texture":"#0"},"east":{"uv":[5.0,2.0,7.0,4.0],"texture":"#0"},"south":{"uv":[1.0,4.0,3.0,6.0],"texture":"#0"},"west":{"uv":[4.0,3.0,6.0,5.0],"texture":"#0"},"up":{"uv":[3.0,3.0,5.0,5.0],"texture":"#0"},"down":{"uv":[1.0,2.0,3.0,4.0],"texture":"#0"}}},{"from":[1.0,-14.0,1.0],"to":[15.0,0.0,15.0],"faces":{"north":{"uv":[0.0,0.0,14.0,14.0],"texture":"#1"},"east":{"uv":[0.0,0.0,14.0,14.0],"texture":"#1"},"south":{"uv":[0.0,0.0,14.0,14.0],"texture":"#1"},"west":{"uv":[0.0,0.0,14.0,14.0],"texture":"#1"},"up":{"uv":[0.0,0.0,14.0,14.0],"texture":"#1"},"down":{"uv":[0.0,0.0,14.0,14.0],"texture":"#1"}}},{"from":[0.0,-14.0,0.0],"to":[16.0,-13.0,1.0],"faces":{"north":{"uv":[0.0,5.0,16.0,6.0],"texture":"#0"},"east":{"uv":[0.0,0.0,1.0,1.0],"texture":"#0"},"south":{"uv":[0.0,4.0,16.0,5.0],"texture":"#0"},"west":{"uv":[3.0,3.0,4.0,4.0],"texture":"#0"},"up":{"uv":[0.0,5.0,16.0,6.0],"texture":"#0"},"down":{"uv":[0.0,5.0,16.0,6.0],"texture":"#0"}}},{"from":[0.0,-1.0,0.0],"to":[16.0,0.0,1.0],"faces":{"north":{"uv":[0.0,6.0,16.0,7.0],"texture":"#0"},"east":{"uv":[0.0,4.0,1.0,5.0],"texture":"#0"},"south":{"uv":[0.0,2.0,16.0,3.0],"texture":"#0"},"west":{"uv":[0.0,0.0,1.0,1.0],"texture":"#0"},"up":{"uv":[0.0,4.0,16.0,5.0],"texture":"#0"},"down":{"uv":[0.0,6.0,16.0,7.0],"texture":"#0"}}},{"from":[0.0,-1.0,15.0],"to":[16.0,0.0,16.0],"faces":{"north":{"uv":[0.0,5.0,16.0,6.0],"texture":"#0"},"east":{"uv":[0.0,0.0,1.0,1.0],"texture":"#0"},"south":{"uv":[0.0,12.0,16.0,13.0],"texture":"#0"},"west":{"uv":[1.0,7.0,2.0,8.0],"texture":"#0"},"up":{"uv":[0.0,6.0,16.0,7.0],"texture":"#0"},"down":{"uv":[0.0,5.0,16.0,6.0],"texture":"#0"}}},{"from":[0.0,-14.0,15.0],"to":[16.0,-13.0,16.0],"faces":{"north":{"uv":[0.0,5.0,16.0,6.0],"texture":"#0"},"east":{"uv":[0.0,5.0,1.0,6.0],"texture":"#0"},"south":{"uv":[0.0,4.0,16.0,5.0],"texture":"#0"},"west":{"uv":[0.0,3.0,1.0,4.0],"texture":"#0"},"up":{"uv":[0.0,4.0,16.0,5.0],"texture":"#0"},"down":{"texture":"#0"}}},{"from":[0.0,-14.0,1.0],"to":[1.0,-13.0,15.0],"faces":{"north":{"uv":[0.0,0.0,1.0,1.0],"texture":"#0"},"east":{"uv":[1.0,4.0,15.0,5.0],"texture":"#0"},"south":{"uv":[0.0,0.0,1.0,1.0],"texture":"#0"},"west":{"uv":[0.0,0.0,14.0,1.0],"texture":"#0"},"up":{"uv":[0.0,0.0,1.0,14.0],"texture":"#0"},"down":{"uv":[0.0,0.0,1.0,14.0],"texture":"#0"}}},{"from":[15.0,-14.0,1.0],"to":[16.0,-13.0,15.0],"faces":{"north":{"uv":[0.0,0.0,1.0,1.0],"texture":"#0"},"east":{"uv":[1.0,4.0,15.0,5.0],"texture":"#0"},"south":{"uv":[0.0,0.0,1.0,1.0],"texture":"#0"},"west":{"uv":[0.0,0.0,14.0,1.0],"texture":"#0"},"up":{"uv":[0.0,0.0,1.0,14.0],"texture":"#0"},"down":{"uv":[0.0,0.0,1.0,14.0],"texture":"#0"}}},{"from":[15.0,-1.0,1.0],"to":[16.0,0.0,15.0],"faces":{"north":{"uv":[0.0,0.0,1.0,1.0],"texture":"#0"},"east":{"uv":[1.0,4.0,15.0,5.0],"texture":"#0"},"south":{"uv":[0.0,0.0,1.0,1.0],"texture":"#0"},"west":{"uv":[0.0,0.0,14.0,1.0],"texture":"#0"},"up":{"uv":[0.0,0.0,1.0,14.0],"texture":"#0"},"down":{"uv":[0.0,0.0,1.0,14.0],"texture":"#0"}}},{"from":[0.0,-1.0,1.0],"to":[1.0,0.0,15.0],"faces":{"north":{"uv":[0.0,0.0,1.0,1.0],"texture":"#0"},"east":{"uv":[1.0,4.0,15.0,5.0],"texture":"#0"},"south":{"uv":[0.0,0.0,1.0,1.0],"texture":"#0"},"west":{"uv":[0.0,0.0,14.0,1.0],"texture":"#0"},"up":{"uv":[0.0,0.0,1.0,14.0],"texture":"#0"},"down":{"uv":[0.0,0.0,1.0,14.0],"texture":"#0"}}},{"from":[0.0,-13.0,15.0],"to":[1.0,-1.0,16.0],"faces":{"north":{"uv":[10.0,0.0,11.0,12.0],"texture":"#0"},"east":{"uv":[3.0,1.0,4.0,13.0],"texture":"#0"},"south":{"uv":[6.0,1.0,7.0,13.0],"texture":"#0"},"west":{"uv":[4.0,3.0,5.0,15.0],"texture":"#0"},"up":{"uv":[4.0,1.0,5.0,2.0],"texture":"#0"},"down":{"texture":"#0"}}},{"from":[15.0,-13.0,0.0],"to":[16.0,-1.0,1.0],"faces":{"north":{"uv":[0.0,0.0,1.0,12.0],"texture":"#0"},"east":{"uv":[10.0,2.0,11.0,14.0],"texture":"#0"},"south":{"uv":[11.0,1.0,12.0,13.0],"texture":"#0"},"west":{"uv":[2.0,3.0,3.0,15.0],"texture":"#0"},"up":{"uv":[4.0,1.0,5.0,2.0],"texture":"#0"},"down":{"uv":[0.0,0.0,1.0,1.0],"texture":"#0"}}},{"from":[15.0,-13.0,15.0],"to":[16.0,-1.0,16.0],"faces":{"north":{"uv":[2.0,0.0,3.0,12.0],"texture":"#0"},"east":{"uv":[3.0,1.0,4.0,13.0],"texture":"#0"},"south":{"uv":[6.0,1.0,7.0,13.0],"texture":"#0"},"west":{"uv":[11.0,2.0,12.0,14.0],"texture":"#0"},"up":{"uv":[4.0,1.0,5.0,2.0],"texture":"#0"},"down":{"uv":[0.0,0.0,1.0,1.0],"texture":"#0"}}},{"from":[0.0,-13.0,0.0],"to":[1.0,-1.0,1.0],"faces":{"north":{"uv":[4.0,0.0,5.0,12.0],"texture":"#0"},"east":{"uv":[10.0,3.0,11.0,15.0],"texture":"#0"},"south":{"uv":[8.0,2.0,9.0,14.0],"texture":"#0"},"west":{"uv":[7.0,3.0,8.0,15.0],"texture":"#0"},"up":{"uv":[4.0,1.0,5.0,2.0],"texture":"#0"},"down":{"uv":[0.0,0.0,1.0,1.0],"texture":"#0"}}},{"from":[2.0,0.0,2.0],"to":[14.0,2.0,14.0],"faces":{"north":{"uv":[0.0,12.0,12.0,16.0],"texture":"#0"},"east":{"uv":[0.0,12.0,12.0,16.0],"texture":"#0"},"south":{"uv":[0.0,12.0,12.0,16.0],"texture":"#0"},"west":{"uv":[0.0,12.0,12.0,16.0],"texture":"#0"},"up":{"uv":[2.0,1.0,14.0,13.0],"texture":"#2"},"down":{"uv":[0.0,0.0,12.0,12.0],"texture":"#0"}}},{"from":[2.0,2.0,3.0],"to":[3.0,18.0,13.0],"faces":{"north":{"uv":[0.0,0.0,1.0,16.0],"texture":"#0"},"east":{"uv":[0.0,0.0,10.0,16.0],"texture":"#2"},"south":{"uv":[0.0,0.0,1.0,16.0],"texture":"#0"},"west":{"uv":[0.0,0.0,10.0,16.0],"texture":"#0"},"up":{"uv":[0.0,0.0,1.0,10.0],"texture":"#0"},"down":{"uv":[0.0,0.0,1.0,10.0],"texture":"#0"}}},{"from":[2.0,2.0,2.0],"to":[14.0,18.0,3.0],"faces":{"north":{"uv":[0.0,0.0,12.0,16.0],"texture":"#0"},"east":{"uv":[0.0,0.0,1.0,16.0],"texture":"#0"},"south":{"uv":[0.0,0.0,12.0,16.0],"texture":"#2"},"west":{"uv":[0.0,0.0,1.0,16.0],"texture":"#0"},"up":{"uv":[0.0,0.0,12.0,1.0],"texture":"#0"},"down":{"uv":[0.0,0.0,12.0,1.0],"texture":"#0"}}},{"from":[13.0,2.0,3.0],"to":[14.0,18.0,13.0],"faces":{"north":{"uv":[0.0,0.0,1.0,16.0],"texture":"#0"},"east":{"uv":[0.0,0.0,10.0,16.0],"texture":"#0"},"south":{"uv":[0.0,0.0,1.0,16.0],"texture":"#0"},"west":{"uv":[0.0,0.0,10.0,16.0],"texture":"#2"},"up":{"uv":[0.0,0.0,1.0,10.0],"texture":"#0"},"down":{"uv":[0.0,0.0,1.0,10.0],"texture":"#0"}}},{"from":[2.0,2.0,13.0],"to":[14.0,4.0,14.0],"faces":{"north":{"uv":[0.0,0.0,12.0,2.0],"texture":"#0"},"east":{"uv":[0.0,0.0,1.0,2.0],"texture":"#0"},"south":{"uv":[0.0,0.0,12.0,2.0],"texture":"#0"},"west":{"uv":[0.0,0.0,1.0,2.0],"texture":"#0"},"up":{"uv":[0.0,0.0,12.0,1.0],"texture":"#0"},"down":{"uv":[0.0,0.0,12.0,1.0],"texture":"#0"}}},{"from":[2.0,4.0,13.0],"to":[5.0,7.0,14.0],"faces":{"north":{"uv":[4.0,6.0,7.0,9.0],"texture":"#0"},"east":{"uv":[3.0,4.0,4.0,7.0],"texture":"#0"},"south":{"uv":[1.0,5.0,4.0,8.0],"texture":"#0"},"west":{"uv":[2.0,4.0,3.0,7.0],"texture":"#0"},"up":{"uv":[0.0,0.0,3.0,1.0],"texture":"#0"},"down":{"uv":[0.0,0.0,3.0,1.0],"texture":"#0"}}},{"from":[11.0,4.0,13.0],"to":[14.0,7.0,14.0],"faces":{"north":{"uv":[4.0,6.0,7.0,9.0],"texture":"#0"},"east":{"uv":[3.0,4.0,4.0,7.0],"texture":"#0"},"south":{"uv":[1.0,5.0,4.0,8.0],"texture":"#0"},"west":{"uv":[2.0,4.0,3.0,7.0],"texture":"#0"},"up":{"uv":[0.0,0.0,3.0,1.0],"texture":"#0"},"down":{"uv":[0.0,0.0,3.0,1.0],"texture":"#0"}}},{"from":[12.0,7.0,13.0],"to":[14.0,13.0,14.0],"faces":{"north":{"uv":[4.0,6.0,6.0,12.0],"texture":"#0"},"east":{"uv":[3.0,4.0,4.0,10.0],"texture":"#0"},"south":{"uv":[1.0,5.0,3.0,11.0],"texture":"#0"},"west":{"uv":[2.0,4.0,3.0,10.0],"texture":"#0"},"up":{"uv":[0.0,0.0,2.0,1.0],"texture":"#0"},"down":{"uv":[0.0,0.0,2.0,1.0],"texture":"#0"}}},{"from":[2.0,7.0,13.0],"to":[4.0,13.0,14.0],"faces":{"north":{"uv":[4.0,6.0,6.0,12.0],"texture":"#0"},"east":{"uv":[3.0,4.0,4.0,10.0],"texture":"#0"},"south":{"uv":[2.0,7.0,4.0,13.0],"texture":"#0"},"west":{"uv":[2.0,4.0,3.0,10.0],"texture":"#0"},"up":{"uv":[0.0,0.0,2.0,1.0],"texture":"#0"},"down":{"uv":[0.0,0.0,2.0,1.0],"texture":"#0"}}},{"from":[11.0,13.0,13.0],"to":[14.0,15.0,14.0],"faces":{"north":{"uv":[4.0,6.0,7.0,8.0],"texture":"#0"},"east":{"uv":[3.0,4.0,4.0,6.0],"texture":"#0"},"south":{"uv":[1.0,5.0,4.0,7.0],"texture":"#0"},"west":{"uv":[2.0,4.0,3.0,6.0],"texture":"#0"},"up":{"uv":[0.0,0.0,3.0,1.0],"texture":"#0"},"down":{"uv":[0.0,0.0,3.0,1.0],"texture":"#0"}}},{"from":[2.0,13.0,13.0],"to":[5.0,15.0,14.0],"faces":{"north":{"uv":[4.0,6.0,7.0,8.0],"texture":"#0"},"east":{"uv":[3.0,4.0,4.0,6.0],"texture":"#0"},"south":{"uv":[1.0,5.0,4.0,7.0],"texture":"#0"},"west":{"uv":[2.0,4.0,3.0,6.0],"texture":"#0"},"up":{"uv":[0.0,0.0,3.0,1.0],"texture":"#0"},"down":{"uv":[0.0,0.0,3.0,1.0],"texture":"#0"}}},{"from":[2.0,15.0,13.0],"to":[14.0,18.0,14.0],"faces":{"north":{"uv":[0.0,0.0,12.0,3.0],"texture":"#0"},"east":{"uv":[0.0,0.0,1.0,3.0],"texture":"#0"},"south":{"uv":[3.0,10.0,15.0,13.0],"texture":"#0"},"west":{"uv":[0.0,0.0,1.0,3.0],"texture":"#0"},"up":{"uv":[0.0,0.0,12.0,1.0],"texture":"#0"},"down":{"uv":[0.0,0.0,12.0,1.0],"texture":"#0"}}},{"from":[6.0,4.0,8.0],"to":[10.0,8.0,10.0],"faces":{"north":{"uv":[5.0,6.0,9.0,10.0],"texture":"#3"},"east":{"uv":[13.0,10.0,15.0,14.0],"texture":"#3"},"south":{"uv":[12.0,12.0,16.0,16.0],"texture":"#3"},"west":{"uv":[3.0,4.0,5.0,8.0],"texture":"#3"},"up":{"uv":[8.0,9.0,12.0,11.0],"texture":"#3"},"down":{"uv":[8.0,7.0,12.0,9.0],"texture":"#3"}}},{"from":[7.5,8.0,8.0],"to":[8.5,17.0,9.0],"faces":{"north":{"uv":[5.0,3.0,6.0,12.0],"texture":"#4"},"east":{"uv":[13.0,3.0,14.0,12.0],"texture":"#4"},"south":{"uv":[8.0,6.0,9.0,15.0],"texture":"#4"},"west":{"uv":[6.0,2.0,7.0,11.0],"texture":"#4"},"up":{"uv":[8.0,9.0,9.0,10.0],"texture":"#4"},"down":{"uv":[8.0,7.0,9.0,8.0],"texture":"#4"}}},{"from":[3.0,20.0,2.0],"to":[13.0,30.0,12.0],"faces":{"north":{"uv":[2.0,2.0,12.0,12.0],"texture":"#5"},"east":{"uv":[2.0,2.0,12.0,12.0],"texture":"#5"},"south":{"uv":[2.0,2.0,12.0,12.0],"texture":"#5"},"west":{"uv":[1.0,3.0,11.0,13.0],"texture":"#5"},"up":{"uv":[2.0,2.0,12.0,12.0],"texture":"#5"},"down":{"uv":[1.0,1.0,11.0,11.0],"texture":"#5"}}},{"from":[1.5,18.0,0.0],"to":[14.5,31.0,11.0],"faces":{"north":{"uv":[2.0,2.0,16.0,16.0],"texture":"#0"},"east":{"uv":[2.0,2.0,13.0,16.0],"texture":"#0"},"south":{"uv":[2.0,2.0,16.0,16.0],"texture":"#0"},"west":{"uv":[1.0,2.0,16.0,15.0],"texture":"#0"},"up":{"uv":[2.0,1.0,14.0,13.0],"texture":"#0"},"down":{"uv":[1.0,1.0,15.0,12.0],"texture":"#2"}}},{"from":[0.5,18.0,11.0],"to":[3.0,32.0,15.0],"faces":{"north":{"uv":[0.0,0.0,3.0,15.0],"texture":"#2"},"east":{"uv":[0.0,0.0,4.0,15.0],"texture":"#1"},"south":{"uv":[0.0,0.0,3.0,15.0],"texture":"#0"},"west":{"uv":[0.0,0.0,4.0,15.0],"texture":"#0"},"up":{"uv":[0.0,0.0,3.0,4.0],"texture":"#0"},"down":{"uv":[0.0,0.0,3.0,4.0],"texture":"#0"}}},{"from":[13.0,18.0,11.0],"to":[15.5,32.0,15.0],"faces":{"north":{"uv":[3.0,1.0,6.0,16.0],"texture":"#2"},"east":{"uv":[5.0,0.0,9.0,15.0],"texture":"#0"},"south":{"uv":[11.0,0.0,14.0,15.0],"texture":"#0"},"west":{"uv":[12.0,0.0,16.0,15.0],"texture":"#1"},"up":{"uv":[3.0,2.0,6.0,6.0],"texture":"#0"},"down":{"uv":[3.0,3.0,6.0,7.0],"texture":"#0"}}},{"from":[3.0,30.0,11.0],"to":[13.0,32.0,15.0],"faces":{"north":{"uv":[3.0,1.0,13.0,4.0],"texture":"#2"},"east":{"uv":[5.0,0.0,9.0,3.0],"texture":"#0"},"south":{"uv":[6.0,0.0,16.0,3.0],"texture":"#0"},"west":{"uv":[4.0,1.0,-3.0,8.0],"texture":"#0"},"up":{"uv":[3.0,2.0,13.0,6.0],"texture":"#0"},"down":{"uv":[3.0,3.0,13.0,7.0],"texture":"#1"}}},{"from":[3.0,18.0,11.0],"to":[13.0,20.0,15.0],"faces":{"north":{"uv":[3.0,1.0,13.0,4.0],"texture":"#2"},"east":{"uv":[5.0,0.0,9.0,3.0],"texture":"#0"},"south":{"uv":[4.0,1.0,14.0,4.0],"texture":"#0"},"west":{"uv":[4.0,1.0,8.0,4.0],"texture":"#0"},"up":{"uv":[3.0,2.0,13.0,6.0],"texture":"#1"},"down":{"uv":[3.0,3.0,13.0,7.0],"texture":"#0"}}},{"from":[7.5,25.0,12.0],"to":[8.5,29.0,13.0],"faces":{"north":{"uv":[0.0,0.0,1.0,4.0],"texture":"#6"},"east":{"uv":[2.0,0.0,3.0,4.0],"texture":"#6"},"south":{"uv":[3.0,3.0,4.0,7.0],"texture":"#6"},"west":{"uv":[3.0,2.0,4.0,6.0],"texture":"#6"},"up":{"uv":[0.0,0.0,1.0,1.0],"texture":"#6"},"down":{"uv":[2.0,6.0,3.0,7.0],"texture":"#6"}}},{"from":[7.5,25.0,12.0],"to":[8.5,28.0,13.0],"rotation":{"origin":[7.5,25.0,12.0],"x":0.0,"y":0.0,"z":-45.0},"faces":{"north":{"uv":[0.0,0.0,1.0,3.0],"texture":"#6"},"east":{"uv":[2.0,0.0,3.0,3.0],"texture":"#6"},"south":{"uv":[3.0,3.0,4.0,6.0],"texture":"#6"},"west":{"uv":[3.0,2.0,4.0,5.0],"texture":"#6"},"up":{"uv":[0.0,0.0,1.0,1.0],"texture":"#6"},"down":{"uv":[2.0,6.0,3.0,7.0],"texture":"#6"}}},{"from":[3.0,-10.0,15.0],"to":[13.0,-4.0,16.0],"faces":{"north":{"uv":[0.0,0.0,10.0,6.0],"texture":"#0"},"east":{"uv":[0.0,0.0,1.0,6.0],"texture":"#0"},"south":{"uv":[4.0,4.0,14.0,10.0],"texture":"#0"},"west":{"uv":[0.0,0.0,1.0,6.0],"texture":"#0"},"up":{"uv":[0.0,0.0,10.0,1.0],"texture":"#0"},"down":{"uv":[0.0,0.0,10.0,1.0],"texture":"#0"}}},{"from":[5.0,-6.0,16.0],"to":[11.0,-5.0,17.0],"faces":{"north":{"uv":[0.0,6.0,6.0,7.0],"texture":"#6"},"east":{"uv":[6.0,7.0,7.0,8.0],"texture":"#6"},"south":{"uv":[0.0,12.0,6.0,13.0],"texture":"#6"},"west":{"uv":[0.0,4.0,1.0,5.0],"texture":"#6"},"up":{"uv":[0.0,0.0,6.0,1.0],"texture":"#6"},"down":{"uv":[5.0,4.0,11.0,5.0],"texture":"#6"}}}],"textures":{"0":"block/oak_log","1":"block/spruce_planks","2":"block/oak_planks","3":"block/gold_block","4":"block/cauldron_inner","5":"block/quartz_block_side","6":"block/cauldron_side","particle":"block/oak_log"}}