{"display":{"thirdperson_righthand":{"rotation":[45.0,-155.0,0.0],"translation":[0.75,4.75,-0.75],"scale":[0.2,0.2,0.2]},"thirdperson_lefthand":{"scale":[0.5,0.5,0.5]},"firstperson_righthand":{"rotation":[-10.0,-133.0,0.0],"translation":[3.25,5.75,0.75],"scale":[0.3,0.3,0.3]},"firstperson_lefthand":{"scale":[0.5,0.5,0.5]},"ground":{"translation":[0.0,4.25,0.0],"scale":[0.15,0.15,0.15]},"gui":{"rotation":[15.0,-34.0,0.0],"scale":[0.31,0.31,0.31]},"head":{"translation":[0.0,-5.0,0.0],"scale":[1.6,1.6,1.6]},"fixed":{"rotation":[-90.0,-180.0,0.0],"translation":[0.0,0.5,-48.0],"scale":[2.0,2.0,2.0]}},"elements":[{"from":[-10.0,-9.0,-12.0],"to":[26.0,-2.0,27.0],"faces":{"north":{"uv":[0.0,0.0,16.0,4.5],"texture":"#1"},"east":{"uv":[0.0,0.0,16.0,4.5],"texture":"#1"},"south":{"uv":[0.0,0.0,16.0,4.5],"texture":"#1"},"west":{"uv":[0.0,0.0,16.0,4.5],"texture":"#1"},"up":{"uv":[0.0,0.0,16.0,16.0],"texture":"#1"},"down":{"uv":[0.0,0.0,16.0,16.0],"texture":"#1"}}},{"from":[-6.0,2.0,-7.0],"to":[22.0,9.0,22.0],"faces":{"north":{"uv":[0.0,0.0,11.25,2.75],"texture":"#1"},"east":{"uv":[0.0,0.0,11.25,2.75],"texture":"#1"},"south":{"uv":[0.0,0.0,11.25,2.75],"texture":"#1"},"west":{"uv":[0.0,0.0,11.25,2.75],"texture":"#1"},"up":{"uv":[0.0,0.0,11.5,8.5],"texture":"#1"},"down":{"uv":[0.0,0.0,11.5,8.5],"texture":"#1"}}},{"from":[-3.0,13.0,-4.0],"to":[19.0,20.0,19.0],"faces":{"north":{"uv":[0.0,0.0,9.75,3.0],"texture":"#1"},"east":{"uv":[0.0,0.0,9.75,3.0],"texture":"#1"},"south":{"uv":[0.0,0.0,9.75,3.0],"texture":"#1"},"west":{"uv":[0.0,0.0,9.75,3.0],"texture":"#1"},"up":{"uv":[0.0,0.0,9.75,7.75],"texture":"#1"},"down":{"uv":[0.0,0.0,9.75,7.75],"texture":"#1"}}},{"from":[1.0,24.0,1.0],"to":[15.0,32.0,15.0],"faces":{"north":{"uv":[0.0,0.0,6.25,3.5],"texture":"#1"},"east":{"uv":[0.0,0.0,6.25,3.5],"texture":"#1"},"south":{"uv":[0.0,0.0,6.25,3.5],"texture":"#1"},"west":{"uv":[0.0,0.0,6.25,3.5],"texture":"#1"},"up":{"uv":[0.0,0.0,6.25,5.75],"texture":"#1"},"down":{"uv":[0.0,0.0,6.25,5.75],"texture":"#1"}}},{"from":[4.0,-16.0,4.0],"to":[12.0,31.0,12.0],"faces":{"north":{"uv":[0.0,0.0,8.0,16.0],"texture":"#0"},"east":{"uv":[0.0,0.0,8.0,16.0],"texture":"#0"},"south":{"uv":[0.0,0.0,8.0,16.0],"texture":"#0"},"west":{"uv":[0.0,0.0,8.0,16.0],"texture":"#0"},"up":{"uv":[0.0,0.0,16.0,16.0],"texture":"#0"},"down":{"uv":[0.0,0.0,16.0,16.0],"texture":"#0"}}},{"from":[-6.23474,6.1,-0.21723],"to":[-5.83474,7.8,0.18277],"rotation":{"origin":[-6.09214,8.20727,8.62454],"x":0.0,"y":0.0,"z":0.0},"faces":{"north":{"uv":[0.0,0.0,2.0,2.0],"texture":"#2"},"east":{"uv":[0.0,0.0,2.0,2.0],"texture":"#2"},"south":{"uv":[0.0,0.0,2.0,2.0],"texture":"#2"},"west":{"uv":[0.0,0.0,2.0,2.0],"texture":"#2"},"up":{"uv":[0.0,0.0,2.0,2.0],"texture":"#2","rotation":270},"down":{"uv":[0.0,0.0,2.0,2.0],"texture":"#2","rotation":90}}},{"from":[-7.73474,4.0,-1.51723],"to":[-4.73474,7.0,1.48277],"rotation":{"origin":[-6.09214,8.20727,8.62454],"x":0.0,"y":0.0,"z":0.0},"faces":{"north":{"uv":[4.0,0.0,6.0,2.0],"texture":"#2"},"east":{"uv":[4.0,0.0,6.0,2.0],"texture":"#2"},"south":{"uv":[4.0,0.0,6.0,2.0],"texture":"#2"},"west":{"uv":[4.0,0.0,6.0,2.0],"texture":"#2"},"up":{"uv":[4.0,0.0,6.0,2.0],"texture":"#2","rotation":270},"down":{"uv":[4.0,0.0,6.0,2.0],"texture":"#2","rotation":90}}},{"from":[-6.23474,4.1,8.78277],"to":[-5.83474,5.8,9.18277],"rotation":{"origin":[-6.09214,2.20727,8.62454],"x":0.0,"y":0.0,"z":0.0},"faces":{"north":{"uv":[0.0,0.0,2.0,2.0],"texture":"#2"},"east":{"uv":[0.0,0.0,2.0,2.0],"texture":"#2"},"south":{"uv":[0.0,0.0,2.0,2.0],"texture":"#2"},"west":{"uv":[0.0,0.0,2.0,2.0],"texture":"#2"},"up":{"uv":[0.0,0.0,2.0,2.0],"texture":"#2","rotation":270},"down":{"uv":[0.0,0.0,2.0,2.0],"texture":"#2","rotation":90}}},{"from":[-7.73474,2.0,7.48277],"to":[-4.73474,5.0,10.48277],"rotation":{"origin":[-6.09214,2.20727,8.62454],"x":0.0,"y":0.0,"z":0.0},"faces":{"north":{"uv":[4.0,0.0,6.0,2.0],"texture":"#3"},"east":{"uv":[4.0,0.0,6.0,2.0],"texture":"#3"},"south":{"uv":[4.0,0.0,6.0,2.0],"texture":"#3"},"west":{"uv":[4.0,0.0,6.0,2.0],"texture":"#3"},"up":{"uv":[4.0,0.0,6.0,2.0],"texture":"#3"},"down":{"uv":[4.0,0.0,6.0,2.0],"texture":"#3"}}},{"from":[-6.23474,5.1,18.6],"to":[-5.83474,6.8,19.0],"rotation":{"origin":[-6.09214,5.20727,17.62454],"x":0.0,"y":0.0,"z":0.0},"faces":{"north":{"uv":[0.0,0.0,2.0,2.0],"texture":"#2"},"east":{"uv":[0.0,0.0,2.0,2.0],"texture":"#2"},"south":{"uv":[0.0,0.0,2.0,2.0],"texture":"#2"},"west":{"uv":[0.0,0.0,2.0,2.0],"texture":"#2"},"up":{"uv":[0.0,0.0,2.0,2.0],"texture":"#2","rotation":270},"down":{"uv":[0.0,0.0,2.0,2.0],"texture":"#2","rotation":90}}},{"from":[-7.73474,3.0,17.0],"to":[-4.73474,6.0,20.0],"rotation":{"origin":[-6.09214,5.20727,17.62454],"x":0.0,"y":0.0,"z":0.0},"faces":{"north":{"uv":[4.0,0.0,6.0,2.0],"texture":"#2"},"east":{"uv":[4.0,0.0,6.0,2.0],"texture":"#2"},"south":{"uv":[4.0,0.0,6.0,2.0],"texture":"#2"},"west":{"uv":[4.0,0.0,6.0,2.0],"texture":"#2"},"up":{"uv":[4.0,0.0,6.0,2.0],"texture":"#2","rotation":270},"down":{"uv":[4.0,0.0,6.0,2.0],"texture":"#2","rotation":90}}},{"from":[21.86526,6.1,-0.21723],"to":[22.26526,7.8,0.18277],"rotation":{"origin":[22.00786,8.20727,8.62454],"x":0.0,"y":0.0,"z":0.0},"faces":{"north":{"uv":[0.0,0.0,2.0,2.0],"texture":"#2"},"east":{"uv":[0.0,0.0,2.0,2.0],"texture":"#2"},"south":{"uv":[0.0,0.0,2.0,2.0],"texture":"#2"},"west":{"uv":[0.0,0.0,2.0,2.0],"texture":"#2"},"up":{"uv":[0.0,0.0,2.0,2.0],"texture":"#2","rotation":270},"down":{"uv":[0.0,0.0,2.0,2.0],"texture":"#2","rotation":90}}},{"from":[20.36526,4.0,-1.51723],"to":[23.36526,7.0,1.48277],"rotation":{"origin":[22.00786,8.20727,8.62454],"x":0.0,"y":0.0,"z":0.0},"faces":{"north":{"uv":[4.0,0.0,6.0,2.0],"texture":"#2"},"east":{"uv":[4.0,0.0,6.0,2.0],"texture":"#2"},"south":{"uv":[4.0,0.0,6.0,2.0],"texture":"#2"},"west":{"uv":[4.0,0.0,6.0,2.0],"texture":"#2"},"up":{"uv":[4.0,0.0,6.0,2.0],"texture":"#2","rotation":270},"down":{"uv":[4.0,0.0,6.0,2.0],"texture":"#2","rotation":90}}},{"from":[21.86526,2.1,8.78277],"to":[22.26526,3.8,9.18277],"rotation":{"origin":[22.00786,0.20727,8.62454],"x":0.0,"y":0.0,"z":0.0},"faces":{"north":{"uv":[0.0,0.0,2.0,2.0],"texture":"#2"},"east":{"uv":[0.0,0.0,2.0,2.0],"texture":"#2"},"south":{"uv":[0.0,0.0,2.0,2.0],"texture":"#2"},"west":{"uv":[0.0,0.0,2.0,2.0],"texture":"#2"},"up":{"uv":[0.0,0.0,2.0,2.0],"texture":"#2","rotation":270},"down":{"uv":[0.0,0.0,2.0,2.0],"texture":"#2","rotation":90}}},{"from":[20.36526,0.0,7.48277],"to":[23.36526,3.0,10.48277],"rotation":{"origin":[22.00786,0.20727,8.62454],"x":0.0,"y":0.0,"z":0.0},"faces":{"north":{"uv":[4.0,0.0,6.0,2.0],"texture":"#2"},"east":{"uv":[4.0,0.0,6.0,2.0],"texture":"#2"},"south":{"uv":[4.0,0.0,6.0,2.0],"texture":"#2"},"west":{"uv":[4.0,0.0,6.0,2.0],"texture":"#2"},"up":{"uv":[4.0,0.0,6.0,2.0],"texture":"#2","rotation":270},"down":{"uv":[4.0,0.0,6.0,2.0],"texture":"#2","rotation":90}}},{"from":[21.86526,7.1,18.6],"to":[22.26526,8.8,19.0],"rotation":{"origin":[22.00786,7.20727,17.62454],"x":0.0,"y":0.0,"z":0.0},"faces":{"north":{"uv":[0.0,0.0,2.0,2.0],"texture":"#2"},"east":{"uv":[0.0,0.0,2.0,2.0],"texture":"#2"},"south":{"uv":[0.0,0.0,2.0,2.0],"texture":"#2"},"west":{"uv":[0.0,0.0,2.0,2.0],"texture":"#2"},"up":{"uv":[0.0,0.0,2.0,2.0],"texture":"#2","rotation":270},"down":{"uv":[0.0,0.0,2.0,2.0],"texture":"#2","rotation":90}}},{"from":[20.36526,5.0,17.0],"to":[23.36526,8.0,20.0],"rotation":{"origin":[22.00786,7.20727,17.62454],"x":0.0,"y":0.0,"z":0.0},"faces":{"north":{"uv":[4.0,0.0,6.0,2.0],"texture":"#3"},"east":{"uv":[4.0,0.0,6.0,2.0],"texture":"#3"},"south":{"uv":[4.0,0.0,6.0,2.0],"texture":"#3"},"west":{"uv":[4.0,0.0,6.0,2.0],"texture":"#3"},"up":{"uv":[4.0,0.0,6.0,2.0],"texture":"#3"},"down":{"uv":[4.0,0.0,6.0,2.0],"texture":"#3"}}},{"from":[18.3,3.1,21.9],"to":[18.7,4.8,22.3],"rotation":{"origin":[18.47401,4.51726,21.00875],"x":0.0,"y":0.0,"z":0.0},"faces":{"north":{"uv":[0.0,0.0,2.0,2.0],"texture":"#2"},"east":{"uv":[0.0,0.0,2.0,2.0],"texture":"#2"},"south":{"uv":[0.0,0.0,2.0,2.0],"texture":"#2"},"west":{"uv":[0.0,0.0,2.0,2.0],"texture":"#2"},"up":{"uv":[0.0,0.0,2.0,2.0],"texture":"#2"},"down":{"uv":[0.0,0.0,2.0,2.0],"texture":"#2"}}},{"from":[17.0,1.0,20.4],"to":[20.0,4.0,23.4],"rotation":{"origin":[25.0,6.0,37.4],"x":0.0,"y":0.0,"z":0.0},"faces":{"north":{"uv":[4.0,0.0,6.0,2.0],"texture":"#2"},"east":{"uv":[4.0,0.0,6.0,2.0],"texture":"#2"},"south":{"uv":[4.0,0.0,6.0,2.0],"texture":"#2"},"west":{"uv":[4.0,0.0,6.0,2.0],"texture":"#2"},"up":{"uv":[4.0,0.0,6.0,2.0],"texture":"#2"},"down":{"uv":[4.0,0.0,6.0,2.0],"texture":"#2"}}},{"from":[9.3,7.1,21.9],"to":[9.7,8.8,22.3],"rotation":{"origin":[9.47401,8.51726,21.00875],"x":0.0,"y":0.0,"z":0.0},"faces":{"north":{"uv":[0.0,0.0,2.0,2.0],"texture":"#2"},"east":{"uv":[0.0,0.0,2.0,2.0],"texture":"#2"},"south":{"uv":[0.0,0.0,2.0,2.0],"texture":"#2"},"west":{"uv":[0.0,0.0,2.0,2.0],"texture":"#2"},"up":{"uv":[0.0,0.0,2.0,2.0],"texture":"#2"},"down":{"uv":[0.0,0.0,2.0,2.0],"texture":"#2"}}},{"from":[8.0,5.0,20.4],"to":[11.0,8.0,23.4],"rotation":{"origin":[16.0,10.0,37.4],"x":0.0,"y":0.0,"z":0.0},"faces":{"north":{"uv":[4.0,0.0,6.0,2.0],"texture":"#3"},"east":{"uv":[4.0,0.0,6.0,2.0],"texture":"#3"},"south":{"uv":[4.0,0.0,6.0,2.0],"texture":"#3"},"west":{"uv":[4.0,0.0,6.0,2.0],"texture":"#3"},"up":{"uv":[4.0,0.0,6.0,2.0],"texture":"#3"},"down":{"uv":[4.0,0.0,6.0,2.0],"texture":"#3"}}},{"from":[1.3,5.1,21.9],"to":[1.7,6.8,22.3],"rotation":{"origin":[1.47401,6.51726,21.00875],"x":0.0,"y":0.0,"z":0.0},"faces":{"north":{"uv":[0.0,0.0,2.0,2.0],"texture":"#2"},"east":{"uv":[0.0,0.0,2.0,2.0],"texture":"#2"},"south":{"uv":[0.0,0.0,2.0,2.0],"texture":"#2"},"west":{"uv":[0.0,0.0,2.0,2.0],"texture":"#2"},"up":{"uv":[0.0,0.0,2.0,2.0],"texture":"#2"},"down":{"uv":[0.0,0.0,2.0,2.0],"texture":"#2"}}},{"from":[0.0,3.0,20.4],"to":[3.0,6.0,23.4],"rotation":{"origin":[8.0,8.0,37.4],"x":0.0,"y":0.0,"z":0.0},"faces":{"north":{"uv":[4.0,0.0,6.0,2.0],"texture":"#2"},"east":{"uv":[4.0,0.0,6.0,2.0],"texture":"#2"},"south":{"uv":[4.0,0.0,6.0,2.0],"texture":"#2"},"west":{"uv":[4.0,0.0,6.0,2.0],"texture":"#2"},"up":{"uv":[4.0,0.0,6.0,2.0],"texture":"#2"},"down":{"uv":[4.0,0.0,6.0,2.0],"texture":"#2"}}},{"from":[18.3,3.1,-7.5],"to":[18.7,4.8,-7.1],"rotation":{"origin":[18.47401,4.51726,-8.39125],"x":0.0,"y":0.0,"z":0.0},"faces":{"north":{"uv":[0.0,0.0,2.0,2.0],"texture":"#2"},"east":{"uv":[0.0,0.0,2.0,2.0],"texture":"#2"},"south":{"uv":[0.0,0.0,2.0,2.0],"texture":"#2"},"west":{"uv":[0.0,0.0,2.0,2.0],"texture":"#2"},"up":{"uv":[0.0,0.0,2.0,2.0],"texture":"#2"},"down":{"uv":[0.0,0.0,2.0,2.0],"texture":"#2"}}},{"from":[17.0,1.0,-9.0],"to":[20.0,4.0,-6.0],"rotation":{"origin":[25.0,6.0,8.0],"x":0.0,"y":0.0,"z":0.0},"faces":{"north":{"uv":[4.0,0.0,6.0,2.0],"texture":"#3"},"east":{"uv":[4.0,0.0,6.0,2.0],"texture":"#3"},"south":{"uv":[4.0,0.0,6.0,2.0],"texture":"#3"},"west":{"uv":[4.0,0.0,6.0,2.0],"texture":"#3"},"up":{"uv":[4.0,0.0,6.0,2.0],"texture":"#3"},"down":{"uv":[4.0,0.0,6.0,2.0],"texture":"#3"}}},{"from":[9.3,7.1,-7.5],"to":[9.7,8.8,-7.1],"rotation":{"origin":[9.47401,8.51726,-8.39125],"x":0.0,"y":0.0,"z":0.0},"faces":{"north":{"uv":[0.0,0.0,2.0,2.0],"texture":"#2"},"east":{"uv":[0.0,0.0,2.0,2.0],"texture":"#2"},"south":{"uv":[0.0,0.0,2.0,2.0],"texture":"#2"},"west":{"uv":[0.0,0.0,2.0,2.0],"texture":"#2"},"up":{"uv":[0.0,0.0,2.0,2.0],"texture":"#2"},"down":{"uv":[0.0,0.0,2.0,2.0],"texture":"#2"}}},{"from":[8.0,5.0,-9.0],"to":[11.0,8.0,-6.0],"rotation":{"origin":[16.0,10.0,8.0],"x":0.0,"y":0.0,"z":0.0},"faces":{"north":{"uv":[4.0,0.0,6.0,2.0],"texture":"#3"},"east":{"uv":[4.0,0.0,6.0,2.0],"texture":"#3"},"south":{"uv":[4.0,0.0,6.0,2.0],"texture":"#3"},"west":{"uv":[4.0,0.0,6.0,2.0],"texture":"#3"},"up":{"uv":[4.0,0.0,6.0,2.0],"texture":"#3"},"down":{"uv":[4.0,0.0,6.0,2.0],"texture":"#3"}}},{"from":[1.3,5.1,-7.5],"to":[1.7,6.8,-7.1],"rotation":{"origin":[1.47401,6.51726,-8.39125],"x":0.0,"y":0.0,"z":0.0},"faces":{"north":{"uv":[0.0,0.0,2.0,2.0],"texture":"#2"},"east":{"uv":[0.0,0.0,2.0,2.0],"texture":"#2"},"south":{"uv":[0.0,0.0,2.0,2.0],"texture":"#2"},"west":{"uv":[0.0,0.0,2.0,2.0],"texture":"#2"},"up":{"uv":[0.0,0.0,2.0,2.0],"texture":"#2"},"down":{"uv":[0.0,0.0,2.0,2.0],"texture":"#2"}}},{"from":[0.0,3.0,-9.0],"to":[3.0,6.0,-6.0],"faces":{"north":{"uv":[4.0,0.0,6.0,2.0],"texture":"#2"},"east":{"uv":[4.0,0.0,6.0,2.0],"texture":"#2"},"south":{"uv":[4.0,0.0,6.0,2.0],"texture":"#2"},"west":{"uv":[4.0,0.0,6.0,2.0],"texture":"#2"},"up":{"uv":[4.0,0.0,6.0,2.0],"texture":"#2"},"down":{"uv":[4.0,0.0,6.0,2.0],"texture":"#2"}}},{"from":[-10.23474,-4.9,-4.21723],"to":[-9.83474,-3.2,-3.81723],"rotation":{"origin":[-10.09214,-2.79273,4.62454],"x":0.0,"y":0.0,"z":0.0},"faces":{"north":{"uv":[0.0,0.0,2.0,2.0],"texture":"#2"},"east":{"uv":[0.0,0.0,2.0,2.0],"texture":"#2"},"south":{"uv":[0.0,0.0,2.0,2.0],"texture":"#2"},"west":{"uv":[0.0,0.0,2.0,2.0],"texture":"#2"},"up":{"uv":[0.0,0.0,2.0,2.0],"texture":"#2","rotation":270},"down":{"uv":[0.0,0.0,2.0,2.0],"texture":"#2","rotation":90}}},{"from":[-11.73474,-7.0,-5.51723],"to":[-8.73474,-4.0,-2.51723],"rotation":{"origin":[-10.09214,-2.79273,4.62454],"x":0.0,"y":0.0,"z":0.0},"faces":{"north":{"uv":[4.0,0.0,6.0,2.0],"texture":"#3"},"east":{"uv":[4.0,0.0,6.0,2.0],"texture":"#3"},"south":{"uv":[4.0,0.0,6.0,2.0],"texture":"#3"},"west":{"uv":[4.0,0.0,6.0,2.0],"texture":"#3"},"up":{"uv":[4.0,0.0,6.0,2.0],"texture":"#3"},"down":{"uv":[4.0,0.0,6.0,2.0],"texture":"#3"}}},{"from":[-10.23474,-6.9,5.78277],"to":[-9.83474,-5.2,6.18277],"rotation":{"origin":[-10.09214,-8.79273,5.62454],"x":0.0,"y":0.0,"z":0.0},"faces":{"north":{"uv":[0.0,0.0,2.0,2.0],"texture":"#2"},"east":{"uv":[0.0,0.0,2.0,2.0],"texture":"#2"},"south":{"uv":[0.0,0.0,2.0,2.0],"texture":"#2"},"west":{"uv":[0.0,0.0,2.0,2.0],"texture":"#2"},"up":{"uv":[0.0,0.0,2.0,2.0],"texture":"#2","rotation":270},"down":{"uv":[0.0,0.0,2.0,2.0],"texture":"#2","rotation":90}}},{"from":[-11.73474,-9.0,4.48277],"to":[-8.73474,-6.0,7.48277],"rotation":{"origin":[-10.09214,-8.79273,5.62454],"x":0.0,"y":0.0,"z":0.0},"faces":{"north":{"uv":[4.0,0.0,6.0,2.0],"texture":"#2"},"east":{"uv":[4.0,0.0,6.0,2.0],"texture":"#2"},"south":{"uv":[4.0,0.0,6.0,2.0],"texture":"#2"},"west":{"uv":[4.0,0.0,6.0,2.0],"texture":"#2"},"up":{"uv":[4.0,0.0,6.0,2.0],"texture":"#2","rotation":270},"down":{"uv":[4.0,0.0,6.0,2.0],"texture":"#2","rotation":90}}},{"from":[-10.23474,-6.9,20.6],"to":[-9.83474,-5.2,21.0],"rotation":{"origin":[-10.09214,-6.79273,19.62454],"x":0.0,"y":0.0,"z":0.0},"faces":{"north":{"uv":[0.0,0.0,2.0,2.0],"texture":"#2"},"east":{"uv":[0.0,0.0,2.0,2.0],"texture":"#2"},"south":{"uv":[0.0,0.0,2.0,2.0],"texture":"#2"},"west":{"uv":[0.0,0.0,2.0,2.0],"texture":"#2"},"up":{"uv":[0.0,0.0,2.0,2.0],"texture":"#2","rotation":270},"down":{"uv":[0.0,0.0,2.0,2.0],"texture":"#2","rotation":90}}},{"from":[-11.73474,-9.0,19.0],"to":[-8.73474,-6.0,22.0],"rotation":{"origin":[-10.09214,-6.79273,19.62454],"x":0.0,"y":0.0,"z":0.0},"faces":{"north":{"uv":[4.0,0.0,6.0,2.0],"texture":"#2"},"east":{"uv":[4.0,0.0,6.0,2.0],"texture":"#2"},"south":{"uv":[4.0,0.0,6.0,2.0],"texture":"#2"},"west":{"uv":[4.0,0.0,6.0,2.0],"texture":"#2"},"up":{"uv":[4.0,0.0,6.0,2.0],"texture":"#2","rotation":270},"down":{"uv":[4.0,0.0,6.0,2.0],"texture":"#2","rotation":90}}},{"from":[25.86526,-4.9,-6.21723],"to":[26.26526,-3.2,-5.81723],"rotation":{"origin":[26.00786,-2.79273,2.62454],"x":0.0,"y":0.0,"z":0.0},"faces":{"north":{"uv":[0.0,0.0,2.0,2.0],"texture":"#2"},"east":{"uv":[0.0,0.0,2.0,2.0],"texture":"#2"},"south":{"uv":[0.0,0.0,2.0,2.0],"texture":"#2"},"west":{"uv":[0.0,0.0,2.0,2.0],"texture":"#2"},"up":{"uv":[0.0,0.0,2.0,2.0],"texture":"#2","rotation":270},"down":{"uv":[0.0,0.0,2.0,2.0],"texture":"#2","rotation":90}}},{"from":[24.36526,-7.0,-7.51723],"to":[27.36526,-4.0,-4.51723],"rotation":{"origin":[26.00786,-2.79273,2.62454],"x":0.0,"y":0.0,"z":0.0},"faces":{"north":{"uv":[4.0,0.0,6.0,2.0],"texture":"#3"},"east":{"uv":[4.0,0.0,6.0,2.0],"texture":"#3"},"south":{"uv":[4.0,0.0,6.0,2.0],"texture":"#3"},"west":{"uv":[4.0,0.0,6.0,2.0],"texture":"#3"},"up":{"uv":[4.0,0.0,6.0,2.0],"texture":"#3"},"down":{"uv":[4.0,0.0,6.0,2.0],"texture":"#3"}}},{"from":[25.86526,-5.9,8.78277],"to":[26.26526,-4.2,9.18277],"rotation":{"origin":[26.00786,-7.79273,8.62454],"x":0.0,"y":0.0,"z":0.0},"faces":{"north":{"uv":[0.0,0.0,2.0,2.0],"texture":"#2"},"east":{"uv":[0.0,0.0,2.0,2.0],"texture":"#2"},"south":{"uv":[0.0,0.0,2.0,2.0],"texture":"#2"},"west":{"uv":[0.0,0.0,2.0,2.0],"texture":"#2"},"up":{"uv":[0.0,0.0,2.0,2.0],"texture":"#2","rotation":270},"down":{"uv":[0.0,0.0,2.0,2.0],"texture":"#2","rotation":90}}},{"from":[24.36526,-8.0,7.48277],"to":[27.36526,-5.0,10.48277],"rotation":{"origin":[26.00786,-7.79273,8.62454],"x":0.0,"y":0.0,"z":0.0},"faces":{"north":{"uv":[4.0,0.0,6.0,2.0],"texture":"#2"},"east":{"uv":[4.0,0.0,6.0,2.0],"texture":"#2"},"south":{"uv":[4.0,0.0,6.0,2.0],"texture":"#2"},"west":{"uv":[4.0,0.0,6.0,2.0],"texture":"#2"},"up":{"uv":[4.0,0.0,6.0,2.0],"texture":"#2","rotation":270},"down":{"uv":[4.0,0.0,6.0,2.0],"texture":"#2","rotation":90}}},{"from":[25.86526,-3.9,18.6],"to":[26.26526,-2.2,19.0],"rotation":{"origin":[26.00786,-3.79273,17.62454],"x":0.0,"y":0.0,"z":0.0},"faces":{"north":{"uv":[0.0,0.0,2.0,2.0],"texture":"#2"},"east":{"uv":[0.0,0.0,2.0,2.0],"texture":"#2"},"south":{"uv":[0.0,0.0,2.0,2.0],"texture":"#2"},"west":{"uv":[0.0,0.0,2.0,2.0],"texture":"#2"},"up":{"uv":[0.0,0.0,2.0,2.0],"texture":"#2","rotation":270},"down":{"uv":[0.0,0.0,2.0,2.0],"texture":"#2","rotation":90}}},{"from":[24.36526,-6.0,17.0],"to":[27.36526,-3.0,20.0],"rotation":{"origin":[26.00786,-3.79273,17.62454],"x":0.0,"y":0.0,"z":0.0},"faces":{"north":{"uv":[4.0,0.0,6.0,2.0],"texture":"#2"},"east":{"uv":[4.0,0.0,6.0,2.0],"texture":"#2"},"south":{"uv":[4.0,0.0,6.0,2.0],"texture":"#2"},"west":{"uv":[4.0,0.0,6.0,2.0],"texture":"#2"},"up":{"uv":[4.0,0.0,6.0,2.0],"texture":"#2","rotation":270},"down":{"uv":[4.0,0.0,6.0,2.0],"texture":"#2","rotation":90}}},{"from":[18.3,-4.9,26.9],"to":[18.7,-3.2,27.3],"rotation":{"origin":[18.47401,-3.48274,26.00875],"x":0.0,"y":0.0,"z":0.0},"faces":{"north":{"uv":[0.0,0.0,2.0,2.0],"texture":"#2"},"east":{"uv":[0.0,0.0,2.0,2.0],"texture":"#2"},"south":{"uv":[0.0,0.0,2.0,2.0],"texture":"#2"},"west":{"uv":[0.0,0.0,2.0,2.0],"texture":"#2"},"up":{"uv":[0.0,0.0,2.0,2.0],"texture":"#2"},"down":{"uv":[0.0,0.0,2.0,2.0],"texture":"#2"}}},{"from":[17.0,-7.0,25.4],"to":[20.0,-4.0,28.4],"rotation":{"origin":[25.0,-2.0,42.4],"x":0.0,"y":0.0,"z":0.0},"faces":{"north":{"uv":[4.0,0.0,6.0,2.0],"texture":"#2"},"east":{"uv":[4.0,0.0,6.0,2.0],"texture":"#2"},"south":{"uv":[4.0,0.0,6.0,2.0],"texture":"#2"},"west":{"uv":[4.0,0.0,6.0,2.0],"texture":"#2"},"up":{"uv":[4.0,0.0,6.0,2.0],"texture":"#2"},"down":{"uv":[4.0,0.0,6.0,2.0],"texture":"#2"}}},{"from":[6.3,-6.9,26.9],"to":[6.7,-5.2,27.3],"rotation":{"origin":[6.47401,-5.48274,26.00875],"x":0.0,"y":0.0,"z":0.0},"faces":{"north":{"uv":[0.0,0.0,2.0,2.0],"texture":"#2"},"east":{"uv":[0.0,0.0,2.0,2.0],"texture":"#2"},"south":{"uv":[0.0,0.0,2.0,2.0],"texture":"#2"},"west":{"uv":[0.0,0.0,2.0,2.0],"texture":"#2"},"up":{"uv":[0.0,0.0,2.0,2.0],"texture":"#2"},"down":{"uv":[0.0,0.0,2.0,2.0],"texture":"#2"}}},{"from":[5.0,-9.0,25.4],"to":[8.0,-6.0,28.4],"rotation":{"origin":[13.0,-4.0,42.4],"x":0.0,"y":0.0,"z":0.0},"faces":{"north":{"uv":[4.0,0.0,6.0,2.0],"texture":"#3"},"east":{"uv":[4.0,0.0,6.0,2.0],"texture":"#3"},"south":{"uv":[4.0,0.0,6.0,2.0],"texture":"#3"},"west":{"uv":[4.0,0.0,6.0,2.0],"texture":"#3"},"up":{"uv":[4.0,0.0,6.0,2.0],"texture":"#3"},"down":{"uv":[4.0,0.0,6.0,2.0],"texture":"#3"}}},{"from":[-5.7,-5.9,26.9],"to":[-5.3,-4.2,27.3],"rotation":{"origin":[-5.52599,-4.48274,26.00875],"x":0.0,"y":0.0,"z":0.0},"faces":{"north":{"uv":[0.0,0.0,2.0,2.0],"texture":"#2"},"east":{"uv":[0.0,0.0,2.0,2.0],"texture":"#2"},"south":{"uv":[0.0,0.0,2.0,2.0],"texture":"#2"},"west":{"uv":[0.0,0.0,2.0,2.0],"texture":"#2"},"up":{"uv":[0.0,0.0,2.0,2.0],"texture":"#2"},"down":{"uv":[0.0,0.0,2.0,2.0],"texture":"#2"}}},{"from":[-7.0,-8.0,25.4],"to":[-4.0,-5.0,28.4],"rotation":{"origin":[1.0,-3.0,42.4],"x":0.0,"y":0.0,"z":0.0},"faces":{"north":{"uv":[4.0,0.0,6.0,2.0],"texture":"#2"},"east":{"uv":[4.0,0.0,6.0,2.0],"texture":"#2"},"south":{"uv":[4.0,0.0,6.0,2.0],"texture":"#2"},"west":{"uv":[4.0,0.0,6.0,2.0],"texture":"#2"},"up":{"uv":[4.0,0.0,6.0,2.0],"texture":"#2"},"down":{"uv":[4.0,0.0,6.0,2.0],"texture":"#2"}}},{"from":[18.3,-4.9,-12.5],"to":[18.7,-3.2,-12.1],"rotation":{"origin":[18.47401,-3.48274,-13.39125],"x":0.0,"y":0.0,"z":0.0},"faces":{"north":{"uv":[0.0,0.0,2.0,2.0],"texture":"#2"},"east":{"uv":[0.0,0.0,2.0,2.0],"texture":"#2"},"south":{"uv":[0.0,0.0,2.0,2.0],"texture":"#2"},"west":{"uv":[0.0,0.0,2.0,2.0],"texture":"#2"},"up":{"uv":[0.0,0.0,2.0,2.0],"texture":"#2"},"down":{"uv":[0.0,0.0,2.0,2.0],"texture":"#2"}}},{"from":[17.0,-7.0,-14.0],"to":[20.0,-4.0,-11.0],"rotation":{"origin":[25.0,-2.0,3.0],"x":0.0,"y":0.0,"z":0.0},"faces":{"north":{"uv":[4.0,0.0,6.0,2.0],"texture":"#2"},"east":{"uv":[4.0,0.0,6.0,2.0],"texture":"#2"},"south":{"uv":[4.0,0.0,6.0,2.0],"texture":"#2"},"west":{"uv":[4.0,0.0,6.0,2.0],"texture":"#2"},"up":{"uv":[4.0,0.0,6.0,2.0],"texture":"#2"},"down":{"uv":[4.0,0.0,6.0,2.0],"texture":"#2"}}},{"from":[6.3,-6.9,-12.5],"to":[6.7,-5.2,-12.1],"rotation":{"origin":[6.47401,-5.48274,-13.39125],"x":0.0,"y":0.0,"z":0.0},"faces":{"north":{"uv":[0.0,0.0,2.0,2.0],"texture":"#2"},"east":{"uv":[0.0,0.0,2.0,2.0],"texture":"#2"},"south":{"uv":[0.0,0.0,2.0,2.0],"texture":"#2"},"west":{"uv":[0.0,0.0,2.0,2.0],"texture":"#2"},"up":{"uv":[0.0,0.0,2.0,2.0],"texture":"#2"},"down":{"uv":[0.0,0.0,2.0,2.0],"texture":"#2"}}},{"from":[5.0,-9.0,-14.0],"to":[8.0,-6.0,-11.0],"rotation":{"origin":[13.0,-4.0,3.0],"x":0.0,"y":0.0,"z":0.0},"faces":{"north":{"uv":[4.0,0.0,6.0,2.0],"texture":"#2"},"east":{"uv":[4.0,0.0,6.0,2.0],"texture":"#2"},"south":{"uv":[4.0,0.0,6.0,2.0],"texture":"#2"},"west":{"uv":[4.0,0.0,6.0,2.0],"texture":"#2"},"up":{"uv":[4.0,0.0,6.0,2.0],"texture":"#2"},"down":{"uv":[4.0,0.0,6.0,2.0],"texture":"#2"}}},{"from":[-6.7,-5.9,-12.5],"to":[-6.3,-4.2,-12.1],"rotation":{"origin":[-6.52599,-4.48274,-13.39125],"x":0.0,"y":0.0,"z":0.0},"faces":{"north":{"uv":[0.0,0.0,2.0,2.0],"texture":"#2"},"east":{"uv":[0.0,0.0,2.0,2.0],"texture":"#2"},"south":{"uv":[0.0,0.0,2.0,2.0],"texture":"#2"},"west":{"uv":[0.0,0.0,2.0,2.0],"texture":"#2"},"up":{"uv":[0.0,0.0,2.0,2.0],"texture":"#2"},"down":{"uv":[0.0,0.0,2.0,2.0],"texture":"#2"}}},{"from":[-8.0,-8.0,-14.0],"to":[-5.0,-5.0,-11.0],"rotation":{"origin":[0.0,-3.0,3.0],"x":0.0,"y":0.0,"z":0.0},"faces":{"north":{"uv":[4.0,0.0,6.0,2.0],"texture":"#3"},"east":{"uv":[4.0,0.0,6.0,2.0],"texture":"#3"},"south":{"uv":[4.0,0.0,6.0,2.0],"texture":"#3"},"west":{"uv":[4.0,0.0,6.0,2.0],"texture":"#3"},"up":{"uv":[4.0,0.0,6.0,2.0],"texture":"#3"},"down":{"uv":[4.0,0.0,6.0,2.0],"texture":"#3"}}},{"from":[9.3,16.1,18.9],"to":[9.7,17.8,19.3],"rotation":{"origin":[9.47401,17.51726,18.00875],"x":0.0,"y":0.0,"z":0.0},"faces":{"north":{"uv":[0.0,0.0,2.0,2.0],"texture":"#2"},"east":{"uv":[0.0,0.0,2.0,2.0],"texture":"#2"},"south":{"uv":[0.0,0.0,2.0,2.0],"texture":"#2"},"west":{"uv":[0.0,0.0,2.0,2.0],"texture":"#2"},"up":{"uv":[0.0,0.0,2.0,2.0],"texture":"#2"},"down":{"uv":[0.0,0.0,2.0,2.0],"texture":"#2"}}},{"from":[8.0,14.0,17.4],"to":[11.0,17.0,20.4],"rotation":{"origin":[16.0,19.0,34.4],"x":0.0,"y":0.0,"z":0.0},"faces":{"north":{"uv":[4.0,0.0,6.0,2.0],"texture":"#2"},"east":{"uv":[4.0,0.0,6.0,2.0],"texture":"#2"},"south":{"uv":[4.0,0.0,6.0,2.0],"texture":"#2"},"west":{"uv":[4.0,0.0,6.0,2.0],"texture":"#2"},"up":{"uv":[4.0,0.0,6.0,2.0],"texture":"#2"},"down":{"uv":[4.0,0.0,6.0,2.0],"texture":"#2"}}},{"from":[15.3,18.1,18.9],"to":[15.7,19.8,19.3],"rotation":{"origin":[15.47401,19.51726,18.00875],"x":0.0,"y":0.0,"z":0.0},"faces":{"north":{"uv":[0.0,0.0,2.0,2.0],"texture":"#2"},"east":{"uv":[0.0,0.0,2.0,2.0],"texture":"#2"},"south":{"uv":[0.0,0.0,2.0,2.0],"texture":"#2"},"west":{"uv":[0.0,0.0,2.0,2.0],"texture":"#2"},"up":{"uv":[0.0,0.0,2.0,2.0],"texture":"#2"},"down":{"uv":[0.0,0.0,2.0,2.0],"texture":"#2"}}},{"from":[14.0,16.0,17.4],"to":[17.0,19.0,20.4],"rotation":{"origin":[22.0,21.0,34.4],"x":0.0,"y":0.0,"z":0.0},"faces":{"north":{"uv":[4.0,0.0,6.0,2.0],"texture":"#2"},"east":{"uv":[4.0,0.0,6.0,2.0],"texture":"#2"},"south":{"uv":[4.0,0.0,6.0,2.0],"texture":"#2"},"west":{"uv":[4.0,0.0,6.0,2.0],"texture":"#2"},"up":{"uv":[4.0,0.0,6.0,2.0],"texture":"#2"},"down":{"uv":[4.0,0.0,6.0,2.0],"texture":"#2"}}},{"from":[15.3,18.1,18.9],"to":[15.7,19.8,19.3],"rotation":{"origin":[15.47401,19.51726,18.00875],"x":0.0,"y":0.0,"z":0.0},"faces":{"north":{"uv":[0.0,0.0,2.0,2.0],"texture":"#2"},"east":{"uv":[0.0,0.0,2.0,2.0],"texture":"#2"},"south":{"uv":[0.0,0.0,2.0,2.0],"texture":"#2"},"west":{"uv":[0.0,0.0,2.0,2.0],"texture":"#2"},"up":{"uv":[0.0,0.0,2.0,2.0],"texture":"#2"},"down":{"uv":[0.0,0.0,2.0,2.0],"texture":"#2"}}},{"from":[14.0,16.0,17.4],"to":[17.0,19.0,20.4],"rotation":{"origin":[22.0,21.0,34.4],"x":0.0,"y":0.0,"z":0.0},"faces":{"north":{"uv":[4.0,0.0,6.0,2.0],"texture":"#2"},"east":{"uv":[4.0,0.0,6.0,2.0],"texture":"#2"},"south":{"uv":[4.0,0.0,6.0,2.0],"texture":"#2"},"west":{"uv":[4.0,0.0,6.0,2.0],"texture":"#2"},"up":{"uv":[4.0,0.0,6.0,2.0],"texture":"#2"},"down":{"uv":[4.0,0.0,6.0,2.0],"texture":"#2"}}},{"from":[0.3,15.1,18.9],"to":[0.7,16.8,19.3],"rotation":{"origin":[0.47401,16.51726,18.00875],"x":0.0,"y":0.0,"z":0.0},"faces":{"north":{"uv":[0.0,0.0,2.0,2.0],"texture":"#2"},"east":{"uv":[0.0,0.0,2.0,2.0],"texture":"#2"},"south":{"uv":[0.0,0.0,2.0,2.0],"texture":"#2"},"west":{"uv":[0.0,0.0,2.0,2.0],"texture":"#2"},"up":{"uv":[0.0,0.0,2.0,2.0],"texture":"#2"},"down":{"uv":[0.0,0.0,2.0,2.0],"texture":"#2"}}},{"from":[-1.0,13.0,17.4],"to":[2.0,16.0,20.4],"rotation":{"origin":[7.0,18.0,34.4],"x":0.0,"y":0.0,"z":0.0},"faces":{"north":{"uv":[4.0,0.0,6.0,2.0],"texture":"#3"},"east":{"uv":[4.0,0.0,6.0,2.0],"texture":"#3"},"south":{"uv":[4.0,0.0,6.0,2.0],"texture":"#3"},"west":{"uv":[4.0,0.0,6.0,2.0],"texture":"#3"},"up":{"uv":[4.0,0.0,6.0,2.0],"texture":"#3"},"down":{"uv":[4.0,0.0,6.0,2.0],"texture":"#3"}}},{"from":[-3.4,15.1,10.9],"to":[-3.0,16.8,11.3],"rotation":{"origin":[-3.22599,16.51726,10.00875],"x":0.0,"y":0.0,"z":0.0},"faces":{"north":{"uv":[0.0,0.0,2.0,2.0],"texture":"#2"},"east":{"uv":[0.0,0.0,2.0,2.0],"texture":"#2"},"south":{"uv":[0.0,0.0,2.0,2.0],"texture":"#2"},"west":{"uv":[0.0,0.0,2.0,2.0],"texture":"#2"},"up":{"uv":[0.0,0.0,2.0,2.0],"texture":"#2"},"down":{"uv":[0.0,0.0,2.0,2.0],"texture":"#2"}}},{"from":[-4.7,13.0,9.4],"to":[-1.7,16.0,12.4],"rotation":{"origin":[3.3,18.0,26.4],"x":0.0,"y":0.0,"z":0.0},"faces":{"north":{"uv":[4.0,0.0,6.0,2.0],"texture":"#2"},"east":{"uv":[4.0,0.0,6.0,2.0],"texture":"#2"},"south":{"uv":[4.0,0.0,6.0,2.0],"texture":"#2"},"west":{"uv":[4.0,0.0,6.0,2.0],"texture":"#2"},"up":{"uv":[4.0,0.0,6.0,2.0],"texture":"#2"},"down":{"uv":[4.0,0.0,6.0,2.0],"texture":"#2"}}},{"from":[-3.4,14.2,0.9],"to":[-3.0,15.9,1.3],"rotation":{"origin":[-3.22599,15.61726,0.00875],"x":0.0,"y":0.0,"z":0.0},"faces":{"north":{"uv":[0.0,0.0,2.0,2.0],"texture":"#2"},"east":{"uv":[0.0,0.0,2.0,2.0],"texture":"#2"},"south":{"uv":[0.0,0.0,2.0,2.0],"texture":"#2"},"west":{"uv":[0.0,0.0,2.0,2.0],"texture":"#2"},"up":{"uv":[0.0,0.0,2.0,2.0],"texture":"#2"},"down":{"uv":[0.0,0.0,2.0,2.0],"texture":"#2"}}},{"from":[-4.7,12.1,-0.6],"to":[-1.7,15.1,2.4],"rotation":{"origin":[3.3,17.1,16.4],"x":0.0,"y":0.0,"z":0.0},"faces":{"north":{"uv":[4.0,0.0,6.0,2.0],"texture":"#3"},"east":{"uv":[4.0,0.0,6.0,2.0],"texture":"#3"},"south":{"uv":[4.0,0.0,6.0,2.0],"texture":"#3"},"west":{"uv":[4.0,0.0,6.0,2.0],"texture":"#3"},"up":{"uv":[4.0,0.0,6.0,2.0],"texture":"#3"},"down":{"uv":[4.0,0.0,6.0,2.0],"texture":"#3"}}},{"from":[-3.4,13.7,16.4],"to":[-3.0,15.4,16.8],"rotation":{"origin":[-3.22599,15.11726,15.50875],"x":0.0,"y":0.0,"z":0.0},"faces":{"north":{"uv":[0.0,0.0,2.0,2.0],"texture":"#2"},"east":{"uv":[0.0,0.0,2.0,2.0],"texture":"#2"},"south":{"uv":[0.0,0.0,2.0,2.0],"texture":"#2"},"west":{"uv":[0.0,0.0,2.0,2.0],"texture":"#2"},"up":{"uv":[0.0,0.0,2.0,2.0],"texture":"#2"},"down":{"uv":[0.0,0.0,2.0,2.0],"texture":"#2"}}},{"from":[-4.7,11.6,14.9],"to":[-1.7,14.6,17.9],"rotation":{"origin":[3.3,16.6,31.9],"x":0.0,"y":0.0,"z":0.0},"faces":{"north":{"uv":[4.0,0.0,6.0,2.0],"texture":"#2"},"east":{"uv":[4.0,0.0,6.0,2.0],"texture":"#2"},"south":{"uv":[4.0,0.0,6.0,2.0],"texture":"#2"},"west":{"uv":[4.0,0.0,6.0,2.0],"texture":"#2"},"up":{"uv":[4.0,0.0,6.0,2.0],"texture":"#2"},"down":{"uv":[4.0,0.0,6.0,2.0],"texture":"#2"}}},{"from":[3.6,14.2,-4.2],"to":[4.0,15.9,-3.8],"rotation":{"origin":[3.77401,15.61726,-5.09125],"x":0.0,"y":0.0,"z":0.0},"faces":{"north":{"uv":[0.0,0.0,2.0,2.0],"texture":"#2"},"east":{"uv":[0.0,0.0,2.0,2.0],"texture":"#2"},"south":{"uv":[0.0,0.0,2.0,2.0],"texture":"#2"},"west":{"uv":[0.0,0.0,2.0,2.0],"texture":"#2"},"up":{"uv":[0.0,0.0,2.0,2.0],"texture":"#2"},"down":{"uv":[0.0,0.0,2.0,2.0],"texture":"#2"}}},{"from":[2.3,12.1,-5.7],"to":[5.3,15.1,-2.7],"rotation":{"origin":[10.3,17.1,11.3],"x":0.0,"y":0.0,"z":0.0},"faces":{"north":{"uv":[4.0,0.0,6.0,2.0],"texture":"#2"},"east":{"uv":[4.0,0.0,6.0,2.0],"texture":"#2"},"south":{"uv":[4.0,0.0,6.0,2.0],"texture":"#2"},"west":{"uv":[4.0,0.0,6.0,2.0],"texture":"#2"},"up":{"uv":[4.0,0.0,6.0,2.0],"texture":"#2"},"down":{"uv":[4.0,0.0,6.0,2.0],"texture":"#2"}}},{"from":[11.6,16.1,-4.2],"to":[12.0,17.8,-3.8],"rotation":{"origin":[11.77401,17.51726,-5.09125],"x":0.0,"y":0.0,"z":0.0},"faces":{"north":{"uv":[0.0,0.0,2.0,2.0],"texture":"#2"},"east":{"uv":[0.0,0.0,2.0,2.0],"texture":"#2"},"south":{"uv":[0.0,0.0,2.0,2.0],"texture":"#2"},"west":{"uv":[0.0,0.0,2.0,2.0],"texture":"#2"},"up":{"uv":[0.0,0.0,2.0,2.0],"texture":"#2"},"down":{"uv":[0.0,0.0,2.0,2.0],"texture":"#2"}}},{"from":[10.3,14.0,-5.7],"to":[13.3,17.0,-2.7],"rotation":{"origin":[18.3,19.0,11.3],"x":0.0,"y":0.0,"z":0.0},"faces":{"north":{"uv":[4.0,0.0,6.0,2.0],"texture":"#2"},"east":{"uv":[4.0,0.0,6.0,2.0],"texture":"#2"},"south":{"uv":[4.0,0.0,6.0,2.0],"texture":"#2"},"west":{"uv":[4.0,0.0,6.0,2.0],"texture":"#2"},"up":{"uv":[4.0,0.0,6.0,2.0],"texture":"#2"},"down":{"uv":[4.0,0.0,6.0,2.0],"texture":"#2"}}},{"from":[19.1,16.1,-0.2],"to":[19.5,17.8,0.2],"rotation":{"origin":[19.27401,17.51726,-1.09125],"x":0.0,"y":0.0,"z":0.0},"faces":{"north":{"uv":[0.0,0.0,2.0,2.0],"texture":"#2"},"east":{"uv":[0.0,0.0,2.0,2.0],"texture":"#2"},"south":{"uv":[0.0,0.0,2.0,2.0],"texture":"#2"},"west":{"uv":[0.0,0.0,2.0,2.0],"texture":"#2"},"up":{"uv":[0.0,0.0,2.0,2.0],"texture":"#2"},"down":{"uv":[0.0,0.0,2.0,2.0],"texture":"#2"}}},{"from":[17.8,14.0,-1.7],"to":[20.8,17.0,1.3],"rotation":{"origin":[25.8,19.0,15.3],"x":0.0,"y":0.0,"z":0.0},"faces":{"north":{"uv":[4.0,0.0,6.0,2.0],"texture":"#2"},"east":{"uv":[4.0,0.0,6.0,2.0],"texture":"#2"},"south":{"uv":[4.0,0.0,6.0,2.0],"texture":"#2"},"west":{"uv":[4.0,0.0,6.0,2.0],"texture":"#2"},"up":{"uv":[4.0,0.0,6.0,2.0],"texture":"#2"},"down":{"uv":[4.0,0.0,6.0,2.0],"texture":"#2"}}},{"from":[19.1,13.9,15.8],"to":[19.5,15.6,16.2],"rotation":{"origin":[19.27401,15.31726,14.90875],"x":0.0,"y":0.0,"z":0.0},"faces":{"north":{"uv":[0.0,0.0,2.0,2.0],"texture":"#2"},"east":{"uv":[0.0,0.0,2.0,2.0],"texture":"#2"},"south":{"uv":[0.0,0.0,2.0,2.0],"texture":"#2"},"west":{"uv":[0.0,0.0,2.0,2.0],"texture":"#2"},"up":{"uv":[0.0,0.0,2.0,2.0],"texture":"#2"},"down":{"uv":[0.0,0.0,2.0,2.0],"texture":"#2"}}},{"from":[17.8,11.8,14.3],"to":[20.8,14.8,17.3],"rotation":{"origin":[25.8,16.8,31.3],"x":0.0,"y":0.0,"z":0.0},"faces":{"north":{"uv":[4.0,0.0,6.0,2.0],"texture":"#2"},"east":{"uv":[4.0,0.0,6.0,2.0],"texture":"#2"},"south":{"uv":[4.0,0.0,6.0,2.0],"texture":"#2"},"west":{"uv":[4.0,0.0,6.0,2.0],"texture":"#2"},"up":{"uv":[4.0,0.0,6.0,2.0],"texture":"#2"},"down":{"uv":[4.0,0.0,6.0,2.0],"texture":"#2"}}},{"from":[19.1,17.2,7.8],"to":[19.5,18.9,8.2],"rotation":{"origin":[19.27401,18.61726,6.90875],"x":0.0,"y":0.0,"z":0.0},"faces":{"north":{"uv":[0.0,0.0,2.0,2.0],"texture":"#2"},"east":{"uv":[0.0,0.0,2.0,2.0],"texture":"#2"},"south":{"uv":[0.0,0.0,2.0,2.0],"texture":"#2"},"west":{"uv":[0.0,0.0,2.0,2.0],"texture":"#2"},"up":{"uv":[0.0,0.0,2.0,2.0],"texture":"#2"},"down":{"uv":[0.0,0.0,2.0,2.0],"texture":"#2"}}},{"from":[17.8,15.1,6.3],"to":[20.8,18.1,9.3],"rotation":{"origin":[25.8,20.1,23.3],"x":0.0,"y":0.0,"z":0.0},"faces":{"north":{"uv":[4.0,0.0,6.0,2.0],"texture":"#2"},"east":{"uv":[4.0,0.0,6.0,2.0],"texture":"#2"},"south":{"uv":[4.0,0.0,6.0,2.0],"texture":"#2"},"west":{"uv":[4.0,0.0,6.0,2.0],"texture":"#2"},"up":{"uv":[4.0,0.0,6.0,2.0],"texture":"#2"},"down":{"uv":[4.0,0.0,6.0,2.0],"texture":"#2"}}},{"from":[14.8,24.2,7.8],"to":[15.2,25.9,8.2],"rotation":{"origin":[14.97401,25.61726,6.90875],"x":0.0,"y":0.0,"z":0.0},"faces":{"north":{"uv":[0.0,0.0,2.0,2.0],"texture":"#2"},"east":{"uv":[0.0,0.0,2.0,2.0],"texture":"#2"},"south":{"uv":[0.0,0.0,2.0,2.0],"texture":"#2"},"west":{"uv":[0.0,0.0,2.0,2.0],"texture":"#2"},"up":{"uv":[0.0,0.0,2.0,2.0],"texture":"#2"},"down":{"uv":[0.0,0.0,2.0,2.0],"texture":"#2"}}},{"from":[13.5,22.1,6.3],"to":[16.5,25.1,9.3],"rotation":{"origin":[21.5,27.1,23.3],"x":0.0,"y":0.0,"z":0.0},"faces":{"north":{"uv":[4.0,0.0,6.0,2.0],"texture":"#3"},"east":{"uv":[4.0,0.0,6.0,2.0],"texture":"#3"},"south":{"uv":[4.0,0.0,6.0,2.0],"texture":"#3"},"west":{"uv":[4.0,0.0,6.0,2.0],"texture":"#3"},"up":{"uv":[4.0,0.0,6.0,2.0],"texture":"#3"},"down":{"uv":[4.0,0.0,6.0,2.0],"texture":"#3"}}},{"from":[1.1,26.5,7.8],"to":[1.5,28.2,8.2],"rotation":{"origin":[1.27401,27.91726,6.90875],"x":0.0,"y":0.0,"z":0.0},"faces":{"north":{"uv":[0.0,0.0,2.0,2.0],"texture":"#2"},"east":{"uv":[0.0,0.0,2.0,2.0],"texture":"#2"},"south":{"uv":[0.0,0.0,2.0,2.0],"texture":"#2"},"west":{"uv":[0.0,0.0,2.0,2.0],"texture":"#2"},"up":{"uv":[0.0,0.0,2.0,2.0],"texture":"#2"},"down":{"uv":[0.0,0.0,2.0,2.0],"texture":"#2"}}},{"from":[-0.2,24.4,6.3],"to":[2.8,27.4,9.3],"rotation":{"origin":[7.8,29.4,23.3],"x":0.0,"y":0.0,"z":0.0},"faces":{"north":{"uv":[4.0,0.0,6.0,2.0],"texture":"#2"},"east":{"uv":[4.0,0.0,6.0,2.0],"texture":"#2"},"south":{"uv":[4.0,0.0,6.0,2.0],"texture":"#2"},"west":{"uv":[4.0,0.0,6.0,2.0],"texture":"#2"},"up":{"uv":[4.0,0.0,6.0,2.0],"texture":"#2"},"down":{"uv":[4.0,0.0,6.0,2.0],"texture":"#2"}}},{"from":[9.1,28.3,14.8],"to":[9.5,30.0,15.2],"rotation":{"origin":[9.27401,29.71726,13.90875],"x":0.0,"y":0.0,"z":0.0},"faces":{"north":{"uv":[0.0,0.0,2.0,2.0],"texture":"#2"},"east":{"uv":[0.0,0.0,2.0,2.0],"texture":"#2"},"south":{"uv":[0.0,0.0,2.0,2.0],"texture":"#2"},"west":{"uv":[0.0,0.0,2.0,2.0],"texture":"#2"},"up":{"uv":[0.0,0.0,2.0,2.0],"texture":"#2"},"down":{"uv":[0.0,0.0,2.0,2.0],"texture":"#2"}}},{"from":[7.8,26.2,13.3],"to":[10.8,29.2,16.3],"rotation":{"origin":[15.8,31.2,30.3],"x":0.0,"y":0.0,"z":0.0},"faces":{"north":{"uv":[4.0,0.0,6.0,2.0],"texture":"#3"},"east":{"uv":[4.0,0.0,6.0,2.0],"texture":"#3"},"south":{"uv":[4.0,0.0,6.0,2.0],"texture":"#3"},"west":{"uv":[4.0,0.0,6.0,2.0],"texture":"#3"},"up":{"uv":[4.0,0.0,6.0,2.0],"texture":"#3"},"down":{"uv":[4.0,0.0,6.0,2.0],"texture":"#3"}}},{"from":[9.1,28.3,0.8],"to":[9.5,30.0,1.2],"rotation":{"origin":[9.27401,29.71726,-0.09125],"x":0.0,"y":0.0,"z":0.0},"faces":{"north":{"uv":[0.0,0.0,2.0,2.0],"texture":"#2"},"east":{"uv":[0.0,0.0,2.0,2.0],"texture":"#2"},"south":{"uv":[0.0,0.0,2.0,2.0],"texture":"#2"},"west":{"uv":[0.0,0.0,2.0,2.0],"texture":"#2"},"up":{"uv":[0.0,0.0,2.0,2.0],"texture":"#2"},"down":{"uv":[0.0,0.0,2.0,2.0],"texture":"#2"}}},{"from":[7.8,26.2,-0.7],"to":[10.8,29.2,2.3],"rotation":{"origin":[15.8,31.2,16.3],"x":0.0,"y":0.0,"z":0.0},"faces":{"north":{"uv":[4.0,0.0,6.0,2.0],"texture":"#2"},"east":{"uv":[4.0,0.0,6.0,2.0],"texture":"#2"},"south":{"uv":[4.0,0.0,6.0,2.0],"texture":"#2"},"west":{"uv":[4.0,0.0,6.0,2.0],"texture":"#2"},"up":{"uv":[4.0,0.0,6.0,2.0],"texture":"#2"},"down":{"uv":[4.0,0.0,6.0,2.0],"texture":"#2"}}}],"textures":{"0":"block/dark_oak_log","1":"29d1c314-2be8-4e23-9a49-036010037148:88d6822f-1bbb-4cdf-b45d-4e84e67091b6","2":"29d1c314-2be8-4e23-9a49-036010037148:f9deb765-fe9a-4361-b0fc-7f9068ab683a","3":"29d1c314-2be8-4e23-9a49-036010037148:7df79421-62e5-4e98-8da7-92d28f3d5fe0","particle":"block/dark_oak_log"}}