{"display":{"thirdperson_righthand":{"rotation":[57.0,-58.0,0.0],"translation":[1.0,1.5,-1.75],"scale":[0.3,0.3,0.3]},"firstperson_righthand":{"translation":[0.5,1.5,1.75],"scale":[0.5,0.5,0.5]},"ground":{"scale":[0.2,0.2,0.2]},"gui":{"rotation":[15.0,45.0,0.0],"translation":[0.0,-1.0,0.0],"scale":[0.75,0.75,0.75]},"head":{"rotation":[0.0,90.0,0.0],"translation":[0.0,-15.0,0.0],"scale":[2.2,2.2,2.2]},"fixed":{"translation":[-0.75,0.0,-1.75],"scale":[0.5,0.5,0.5]}},"elements":[{"from":[3.0,0.0,3.0],"to":[5.0,2.0,4.0],"faces":{"north":{"uv":[0.0,0.0,2.0,2.0],"texture":"#0"},"east":{"uv":[0.0,0.0,1.0,2.0],"texture":"#0"},"south":{"uv":[0.0,0.0,2.0,2.0],"texture":"#0"},"west":{"uv":[0.0,0.0,1.0,2.0],"texture":"#0"},"up":{"uv":[0.0,0.0,2.0,1.0],"texture":"#0"},"down":{"uv":[0.0,0.0,2.0,1.0],"texture":"#0"}}},{"from":[3.0,0.0,5.0],"to":[5.0,2.0,6.0],"faces":{"north":{"uv":[0.0,0.0,2.0,2.0],"texture":"#0"},"east":{"uv":[0.0,0.0,1.0,2.0],"texture":"#0"},"south":{"uv":[0.0,0.0,2.0,2.0],"texture":"#0"},"west":{"uv":[0.0,0.0,1.0,2.0],"texture":"#0"},"up":{"uv":[0.0,0.0,2.0,1.0],"texture":"#0"},"down":{"uv":[0.0,0.0,2.0,1.0],"texture":"#0"}}},{"from":[3.0,0.0,12.0],"to":[5.0,2.0,13.0],"faces":{"north":{"uv":[0.0,0.0,2.0,2.0],"texture":"#0"},"east":{"uv":[0.0,0.0,1.0,2.0],"texture":"#0"},"south":{"uv":[0.0,0.0,2.0,2.0],"texture":"#0"},"west":{"uv":[0.0,0.0,1.0,2.0],"texture":"#0"},"up":{"uv":[0.0,0.0,2.0,1.0],"texture":"#0"},"down":{"uv":[0.0,0.0,2.0,1.0],"texture":"#0"}}},{"from":[3.0,0.0,10.0],"to":[5.0,2.0,11.0],"faces":{"north":{"uv":[0.0,0.0,2.0,2.0],"texture":"#0"},"east":{"uv":[0.0,0.0,1.0,2.0],"texture":"#0"},"south":{"uv":[0.0,0.0,2.0,2.0],"texture":"#0"},"west":{"uv":[0.0,0.0,1.0,2.0],"texture":"#0"},"up":{"uv":[0.0,0.0,2.0,1.0],"texture":"#0"},"down":{"uv":[0.0,0.0,2.0,1.0],"texture":"#0"}}},{"from":[11.0,0.0,10.0],"to":[13.0,2.0,11.0],"faces":{"north":{"uv":[0.0,0.0,2.0,2.0],"texture":"#0"},"east":{"uv":[0.0,0.0,1.0,2.0],"texture":"#0"},"south":{"uv":[0.0,0.0,2.0,2.0],"texture":"#0"},"west":{"uv":[0.0,0.0,1.0,2.0],"texture":"#0"},"up":{"uv":[0.0,0.0,2.0,1.0],"texture":"#0"},"down":{"uv":[0.0,0.0,2.0,1.0],"texture":"#0"}}},{"from":[11.0,0.0,12.0],"to":[13.0,2.0,13.0],"faces":{"north":{"uv":[0.0,0.0,2.0,2.0],"texture":"#0"},"east":{"uv":[0.0,0.0,1.0,2.0],"texture":"#0"},"south":{"uv":[0.0,0.0,2.0,2.0],"texture":"#0"},"west":{"uv":[0.0,0.0,1.0,2.0],"texture":"#0"},"up":{"uv":[0.0,0.0,2.0,1.0],"texture":"#0"},"down":{"uv":[0.0,0.0,2.0,1.0],"texture":"#0"}}},{"from":[11.0,0.0,5.0],"to":[13.0,2.0,6.0],"faces":{"north":{"uv":[0.0,0.0,2.0,2.0],"texture":"#0"},"east":{"uv":[0.0,0.0,1.0,2.0],"texture":"#0"},"south":{"uv":[0.0,0.0,2.0,2.0],"texture":"#0"},"west":{"uv":[0.0,0.0,1.0,2.0],"texture":"#0"},"up":{"uv":[0.0,0.0,2.0,1.0],"texture":"#0"},"down":{"uv":[0.0,0.0,2.0,1.0],"texture":"#0"}}},{"from":[11.0,0.0,3.0],"to":[13.0,2.0,4.0],"faces":{"north":{"uv":[0.0,0.0,2.0,2.0],"texture":"#0"},"east":{"uv":[0.0,0.0,1.0,2.0],"texture":"#0"},"south":{"uv":[0.0,0.0,2.0,2.0],"texture":"#0"},"west":{"uv":[0.0,0.0,1.0,2.0],"texture":"#0"},"up":{"uv":[0.0,0.0,2.0,1.0],"texture":"#0"},"down":{"uv":[0.0,0.0,2.0,1.0],"texture":"#0"}}},{"from":[4.0,1.0,4.0],"to":[5.0,3.0,5.0],"faces":{"north":{"uv":[0.0,0.0,1.0,2.0],"texture":"#1"},"east":{"uv":[0.0,0.0,1.0,2.0],"texture":"#1"},"south":{"uv":[0.0,0.0,1.0,2.0],"texture":"#1"},"west":{"uv":[0.0,0.0,1.0,2.0],"texture":"#1"},"up":{"uv":[0.0,0.0,1.0,1.0],"texture":"#1"},"down":{"uv":[0.0,0.0,1.0,1.0],"texture":"#1"}}},{"from":[4.0,1.0,11.0],"to":[5.0,3.0,12.0],"faces":{"north":{"uv":[0.0,0.0,1.0,2.0],"texture":"#1"},"east":{"uv":[0.0,0.0,1.0,2.0],"texture":"#1"},"south":{"uv":[0.0,0.0,1.0,2.0],"texture":"#1"},"west":{"uv":[0.0,0.0,1.0,2.0],"texture":"#1"},"up":{"uv":[0.0,0.0,1.0,1.0],"texture":"#1"},"down":{"uv":[0.0,0.0,1.0,1.0],"texture":"#1"}}},{"from":[11.0,1.0,11.0],"to":[12.0,3.0,12.0],"faces":{"north":{"uv":[0.0,0.0,1.0,2.0],"texture":"#1"},"east":{"uv":[0.0,0.0,1.0,2.0],"texture":"#1"},"south":{"uv":[0.0,0.0,1.0,2.0],"texture":"#1"},"west":{"uv":[0.0,0.0,1.0,2.0],"texture":"#1"},"up":{"uv":[0.0,0.0,1.0,1.0],"texture":"#1"},"down":{"uv":[0.0,0.0,1.0,1.0],"texture":"#1"}}},{"from":[11.0,1.0,4.0],"to":[12.0,3.0,5.0],"faces":{"north":{"uv":[0.0,0.0,1.0,2.0],"texture":"#1"},"east":{"uv":[0.0,0.0,1.0,2.0],"texture":"#1"},"south":{"uv":[0.0,0.0,1.0,2.0],"texture":"#1"},"west":{"uv":[0.0,0.0,1.0,2.0],"texture":"#1"},"up":{"uv":[0.0,0.0,1.0,1.0],"texture":"#1"},"down":{"uv":[0.0,0.0,1.0,1.0],"texture":"#1"}}},{"from":[3.0,2.0,7.5],"to":[13.0,3.0,8.5],"rotation":{"origin":[8.0,8.0,8.0],"x":0.0,"y":45.0,"z":0.0},"faces":{"north":{"uv":[0.0,0.0,10.0,1.0],"texture":"#1"},"east":{"uv":[0.0,0.0,1.0,1.0],"texture":"#1"},"south":{"uv":[0.0,0.0,10.0,1.0],"texture":"#1"},"west":{"uv":[0.0,0.0,1.0,1.0],"texture":"#1"},"up":{"uv":[0.0,0.0,10.0,1.0],"texture":"#1"},"down":{"uv":[0.0,0.0,10.0,1.0],"texture":"#1"}}},{"from":[3.0,2.0,7.5],"to":[13.0,3.0,8.5],"rotation":{"origin":[8.0,8.0,8.0],"x":0.0,"y":-45.0,"z":0.0},"faces":{"north":{"uv":[0.0,0.0,10.0,1.0],"texture":"#1"},"east":{"uv":[0.0,0.0,1.0,1.0],"texture":"#1"},"south":{"uv":[0.0,0.0,10.0,1.0],"texture":"#1"},"west":{"uv":[0.0,0.0,1.0,1.0],"texture":"#1"},"up":{"uv":[0.0,0.0,10.0,1.0],"texture":"#1"},"down":{"uv":[0.0,0.0,10.0,1.0],"texture":"#1"}}},{"from":[7.5,3.0,7.5],"to":[8.5,8.0,8.5],"faces":{"north":{"uv":[0.0,0.0,1.0,5.0],"texture":"#2"},"east":{"uv":[0.0,0.0,1.0,5.0],"texture":"#2"},"south":{"uv":[0.0,0.0,1.0,5.0],"texture":"#2"},"west":{"uv":[0.0,0.0,1.0,5.0],"texture":"#2"},"up":{"uv":[0.0,0.0,1.0,1.0],"texture":"#2"},"down":{"uv":[0.0,0.0,1.0,1.0],"texture":"#2"}}},{"from":[7.0,8.0,7.0],"to":[9.0,8.2,9.0],"faces":{"north":{"uv":[0.0,0.0,2.0,0.2],"texture":"#2"},"east":{"uv":[0.0,0.0,2.0,0.2],"texture":"#2"},"south":{"uv":[0.0,0.0,2.0,0.2],"texture":"#2"},"west":{"uv":[0.0,0.0,2.0,0.2],"texture":"#2"},"up":{"uv":[0.0,0.0,2.0,2.0],"texture":"#2"},"down":{"uv":[0.0,0.0,2.0,2.0],"texture":"#2"}}},{"from":[6.0,8.2,6.0],"to":[10.0,8.4,10.0],"faces":{"north":{"uv":[0.0,0.0,4.0,0.2],"texture":"#2"},"east":{"uv":[0.0,0.0,4.0,0.2],"texture":"#2"},"south":{"uv":[0.0,0.0,4.0,0.2],"texture":"#2"},"west":{"uv":[0.0,0.0,4.0,0.2],"texture":"#2"},"up":{"uv":[0.0,0.0,4.0,4.0],"texture":"#2"},"down":{"uv":[0.0,0.0,4.0,4.0],"texture":"#2"}}},{"from":[5.0,8.4,5.0],"to":[11.0,8.6,11.0],"faces":{"north":{"uv":[0.0,0.0,6.0,0.2],"texture":"#2"},"east":{"uv":[0.0,0.0,6.0,0.2],"texture":"#2"},"south":{"uv":[0.0,0.0,6.0,0.2],"texture":"#2"},"west":{"uv":[0.0,0.0,6.0,0.2],"texture":"#2"},"up":{"uv":[0.0,0.0,6.0,6.0],"texture":"#2"},"down":{"uv":[0.0,0.0,6.0,6.0],"texture":"#2"}}},{"from":[5.0,8.6,5.0],"to":[11.0,9.0,11.0],"faces":{"north":{"uv":[0.0,0.0,6.0,0.4],"texture":"#2"},"east":{"uv":[0.0,0.0,6.0,0.4],"texture":"#2"},"south":{"uv":[0.0,0.0,6.0,0.4],"texture":"#2"},"west":{"uv":[0.0,0.0,6.0,0.4],"texture":"#2"},"up":{"uv":[0.0,0.0,6.0,6.0],"texture":"#2"},"down":{"uv":[0.0,0.0,6.0,6.0],"texture":"#2"}}},{"from":[2.0,9.0,3.0],"to":[12.0,10.0,13.0],"faces":{"north":{"uv":[0.0,0.0,10.0,1.0],"texture":"#3"},"east":{"uv":[0.0,0.0,10.0,1.0],"texture":"#3"},"south":{"uv":[0.0,0.0,10.0,1.0],"texture":"#3"},"west":{"uv":[0.0,0.0,10.0,1.0],"texture":"#3"},"up":{"uv":[0.0,0.0,10.0,10.0],"texture":"#3"},"down":{"uv":[0.0,0.0,10.0,10.0],"texture":"#3"}}},{"from":[12.0,7.5,3.0],"to":[14.0,8.5,13.0],"rotation":{"origin":[8.0,8.0,8.0],"x":0.0,"y":0.0,"z":22.5},"faces":{"north":{"uv":[0.0,0.0,2.0,1.0],"texture":"#3"},"east":{"uv":[0.0,0.0,10.0,1.0],"texture":"#3"},"south":{"uv":[0.0,0.0,2.0,1.0],"texture":"#3"},"west":{"uv":[0.0,0.0,10.0,1.0],"texture":"#3"},"up":{"uv":[0.0,0.0,2.0,10.0],"texture":"#3"},"down":{"uv":[0.0,0.0,2.0,10.0],"texture":"#3"}}},{"from":[13.0,5.5,3.0],"to":[15.0,6.5,13.0],"rotation":{"origin":[8.0,8.0,8.0],"x":0.0,"y":0.0,"z":45.0},"faces":{"north":{"uv":[0.0,0.0,2.0,1.0],"texture":"#3"},"east":{"uv":[0.0,9.0,10.0,10.0],"texture":"#3"},"south":{"uv":[0.0,0.0,2.0,1.0],"texture":"#3"},"west":{"uv":[0.0,7.0,10.0,8.0],"texture":"#3"},"up":{"uv":[3.0,0.0,5.0,10.0],"texture":"#3"},"down":{"uv":[7.0,0.0,9.0,10.0],"texture":"#3"}}},{"from":[13.5,11.0,3.0],"to":[14.5,18.0,13.0],"faces":{"north":{"uv":[1.0,1.0,2.0,5.0],"texture":"#3"},"east":{"uv":[0.0,9.0,10.0,2.0],"texture":"#3"},"south":{"uv":[0.0,0.0,1.0,7.0],"texture":"#3"},"west":{"uv":[0.0,0.0,13.0,5.0],"texture":"#3"},"up":{"uv":[3.0,0.0,4.0,10.0],"texture":"#3"},"down":{"uv":[7.0,0.0,8.0,10.0],"texture":"#3"}}}],"textures":{"0":"block/black_concrete","1":"block/light_gray_concrete","2":"block/light_gray_wool","3":"block/white_wool","particle":"block/black_concrete"}}