{"parent":"item/generated","display":{"thirdperson_righthand":{"rotation":[-80.0,260.0,-40.0],"translation":[-1.0,-2.0,2.5],"scale":[0.9,0.9,0.9]},"thirdperson_lefthand":{"rotation":[-80.0,-280.0,40.0],"translation":[-1.0,-2.0,2.5],"scale":[0.9,0.9,0.9]},"firstperson_righthand":{"rotation":[0.0,-90.0,25.0],"translation":[1.13,3.2,1.13],"scale":[0.68,0.68,0.68]},"firstperson_lefthand":{"rotation":[0.0,90.0,-25.0],"translation":[1.13,3.2,1.13],"scale":[0.68,0.68,0.68]}},"textures":{"layer0":"item/bow"},"overrides":[{"predicate":{"pulling":1},"model":"item/bow_pulling_0"},{"predicate":{"pulling":1,"pull":0.65},"model":"item/bow_pulling_1"},{"predicate":{"pulling":1,"pull":0.9},"model":"item/bow_pulling_2"},{"predicate":{"custom_model_data":1450104},"model":"e263e7d5-9305-42de-bf78-e0e515391e33:f5b27828-1ba4-4be0-8e7d-b0270e250076"},{"predicate":{"custom_model_data":1450104,"pulling":1},"model":"e263e7d5-9305-42de-bf78-e0e515391e33:93c79721-7e63-4958-af9b-976bd0d0ea17"},{"predicate":{"custom_model_data":1450104,"pulling":1,"pull":0.65},"model":"e263e7d5-9305-42de-bf78-e0e515391e33:f59e002a-ab26-49b1-9c49-9cd10734e2d3"},{"predicate":{"custom_model_data":1450104,"pulling":1,"pull":0.9},"model":"e263e7d5-9305-42de-bf78-e0e515391e33:5f3c9775-18d7-499e-9a4c-7902a1646d75"},{"predicate":{"custom_model_data":1450105},"model":"e263e7d5-9305-42de-bf78-e0e515391e33:eed8f02c-0815-40e4-8b8c-af793a69bed2"},{"predicate":{"custom_model_data":1450105,"pulling":1},"model":"e263e7d5-9305-42de-bf78-e0e515391e33:e20daeaa-e11d-4bc2-a492-ae072d4dae2a"},{"predicate":{"custom_model_data":1450105,"pulling":1,"pull":0.65},"model":"e263e7d5-9305-42de-bf78-e0e515391e33:90ae13aa-b1ba-4e85-a3f8-520be6425a49"},{"predicate":{"custom_model_data":1450105,"pulling":1,"pull":0.9},"model":"e263e7d5-9305-42de-bf78-e0e515391e33:d47a9c14-1665-4cfa-9fce-83896a5d27dd"},{"predicate":{"custom_model_data":1451104,"pulling":1,"pull":0.9},"model":"e263e7d5-9305-42de-bf78-e0e515391e33:ac8572f8-6e31-4ce7-9cab-8c84176f76f0"},{"predicate":{"custom_model_data":1451105,"pulling":1,"pull":0.9},"model":"e263e7d5-9305-42de-bf78-e0e515391e33:6826c325-3034-4d6f-884d-0a4ce02f7c58"},{"predicate":{"custom_model_data":1452104,"pulling":1,"pull":0.9},"model":"e263e7d5-9305-42de-bf78-e0e515391e33:18d69e8f-1edd-41ca-9025-9bf0753cd88b"},{"predicate":{"custom_model_data":1452105,"pulling":1,"pull":0.9},"model":"e263e7d5-9305-42de-bf78-e0e515391e33:b7147078-1cb3-4af6-abb1-b93f73188430"},{"predicate":{"custom_model_data":1453104,"pulling":1,"pull":0.9},"model":"e263e7d5-9305-42de-bf78-e0e515391e33:4b00fc58-4908-4c96-8f3b-d132c70de620"},{"predicate":{"custom_model_data":1453105,"pulling":1,"pull":0.9},"model":"e263e7d5-9305-42de-bf78-e0e515391e33:476ecae9-79c9-4dd9-844e-d1e44a7c9acc"},{"predicate":{"custom_model_data":1454104,"pulling":1,"pull":0.9},"model":"e263e7d5-9305-42de-bf78-e0e515391e33:1a0125c8-8691-4d55-817a-906e3e5117c7"},{"predicate":{"custom_model_data":1454105,"pulling":1,"pull":0.9},"model":"e263e7d5-9305-42de-bf78-e0e515391e33:d5ec4877-a0a1-428b-bf6c-db8d0c8ae892"}]}