{"parent":"item/generated","display":{"thirdperson_righthand":{"rotation":[-90.0,0.0,-60.0],"translation":[2.0,0.1,-3.0],"scale":[0.9,0.9,0.9]},"thirdperson_lefthand":{"rotation":[-90.0,0.0,30.0],"translation":[2.0,0.1,-3.0],"scale":[0.9,0.9,0.9]},"firstperson_righthand":{"rotation":[-90.0,0.0,-55.0],"translation":[1.13,3.2,1.13],"scale":[0.68,0.68,0.68]},"firstperson_lefthand":{"rotation":[-90.0,0.0,35.0],"translation":[1.13,3.2,1.13],"scale":[0.68,0.68,0.68]}},"textures":{"layer0":"item/crossbow_standby"},"overrides":[{"predicate":{"pulling":1},"model":"item/crossbow_pulling_0"},{"predicate":{"pulling":1,"pull":0.58},"model":"item/crossbow_pulling_1"},{"predicate":{"pulling":1,"pull":1.0},"model":"item/crossbow_pulling_2"},{"predicate":{"charged":1},"model":"item/crossbow_arrow"},{"predicate":{"charged":1,"firework":1},"model":"item/crossbow_firework"},{"predicate":{"custom_model_data":1450100},"model":"e263e7d5-9305-42de-bf78-e0e515391e33:d9f5904b-209b-455c-98be-8650a689196c"},{"predicate":{"custom_model_data":1450100,"pulling":1},"model":"e263e7d5-9305-42de-bf78-e0e515391e33:4a4af3ff-c1a6-4f00-a087-413d3c1f5a38"},{"predicate":{"custom_model_data":1450100,"pulling":1,"pull":0.58},"model":"e263e7d5-9305-42de-bf78-e0e515391e33:6df6e5f6-136e-46a9-aa74-d3fe7e51b0ed"},{"predicate":{"custom_model_data":1450100,"pulling":1,"pull":1.0},"model":"e263e7d5-9305-42de-bf78-e0e515391e33:8d1e9cdc-ee9e-44c4-99ea-7cc341284e06"},{"predicate":{"custom_model_data":1450100,"charged":1},"model":"e263e7d5-9305-42de-bf78-e0e515391e33:a8ec5c57-10c2-4f7a-a8c9-870a82f9602c"},{"predicate":{"custom_model_data":1450100,"charged":1,"firework":1},"model":"e263e7d5-9305-42de-bf78-e0e515391e33:18ecf80e-ecae-413b-930b-9befb2cb454b"},{"predicate":{"custom_model_data":1450101},"model":"e263e7d5-9305-42de-bf78-e0e515391e33:8e61ec22-7d36-4b4a-9408-b37fe479da69"},{"predicate":{"custom_model_data":1450101,"pulling":1},"model":"e263e7d5-9305-42de-bf78-e0e515391e33:9d5dc469-3a83-45b8-9d88-c4db4a2683cb"},{"predicate":{"custom_model_data":1450101,"pulling":1,"pull":0.58},"model":"e263e7d5-9305-42de-bf78-e0e515391e33:752da45f-4074-410d-bdaf-41a86bdbe3ec"},{"predicate":{"custom_model_data":1450101,"pulling":1,"pull":1.0},"model":"e263e7d5-9305-42de-bf78-e0e515391e33:535662ee-3171-443e-9d97-61a01e9d43a2"},{"predicate":{"custom_model_data":1450101,"charged":1},"model":"e263e7d5-9305-42de-bf78-e0e515391e33:9d4a9668-a004-4d43-9d4e-abd50eabbb62"},{"predicate":{"custom_model_data":1450101,"charged":1,"firework":1},"model":"e263e7d5-9305-42de-bf78-e0e515391e33:b01aa7ec-baf9-46e6-874b-2ef957627147"},{"predicate":{"custom_model_data":1450102},"model":"e263e7d5-9305-42de-bf78-e0e515391e33:9437481e-0035-4128-a11a-c4e05bd59606"},{"predicate":{"custom_model_data":1450102,"pulling":1},"model":"e263e7d5-9305-42de-bf78-e0e515391e33:726c9c18-fcf2-4bda-b862-4071b6860255"},{"predicate":{"custom_model_data":1450102,"pulling":1,"pull":0.58},"model":"e263e7d5-9305-42de-bf78-e0e515391e33:e630187b-fb96-4ed3-9b6d-076c757f5fb4"},{"predicate":{"custom_model_data":1450102,"pulling":1,"pull":1.0},"model":"e263e7d5-9305-42de-bf78-e0e515391e33:34c64eab-0661-4be4-ba51-147135b5acb4"},{"predicate":{"custom_model_data":1450102,"charged":1},"model":"e263e7d5-9305-42de-bf78-e0e515391e33:650acd38-9184-40ae-9e3a-83ff4f54c29f"},{"predicate":{"custom_model_data":1450102,"charged":1,"firework":1},"model":"e263e7d5-9305-42de-bf78-e0e515391e33:2558500b-5d2b-4034-af43-ea679ff80f2f"},{"predicate":{"custom_model_data":1450103},"model":"e263e7d5-9305-42de-bf78-e0e515391e33:dbad2adb-1c1d-4edf-a270-350b47248f68"},{"predicate":{"custom_model_data":1450103,"pulling":1},"model":"e263e7d5-9305-42de-bf78-e0e515391e33:e8e83a3d-1f0a-4ef7-b040-75f1ba4ab45e"},{"predicate":{"custom_model_data":1450103,"pulling":1,"pull":0.58},"model":"e263e7d5-9305-42de-bf78-e0e515391e33:aa5e2dd1-c90c-403d-b052-2a05b84a3b9e"},{"predicate":{"custom_model_data":1450103,"pulling":1,"pull":1.0},"model":"e263e7d5-9305-42de-bf78-e0e515391e33:aba3d3ae-18bd-4bd4-b36e-d7e141d757a2"},{"predicate":{"custom_model_data":1450103,"charged":1},"model":"e263e7d5-9305-42de-bf78-e0e515391e33:9d6dc7b3-bda7-469e-adde-c16ad928a0a3"},{"predicate":{"custom_model_data":1450103,"charged":1,"firework":1},"model":"e263e7d5-9305-42de-bf78-e0e515391e33:23e4f50a-8209-4665-a347-94906ef8513a"}]}