{"parent":"item/generated","textures":{"layer0":"item/leather_horse_armor"},"overrides":[{"predicate":{"custom_model_data":1000},"model":"2d6b81b4-cc41-43bc-88af-a671cec28396:0dc83061-0fdb-46e5-8c6b-ec0686bbf3ed"},{"predicate":{"custom_model_data":1001},"model":"2d6b81b4-cc41-43bc-88af-a671cec28396:28c4077e-c6f0-4adf-b1d4-10da5e42e577"},{"predicate":{"custom_model_data":1002},"model":"2d6b81b4-cc41-43bc-88af-a671cec28396:0d413b43-b31a-488d-80f0-a9e5797bfa44"},{"predicate":{"custom_model_data":1003},"model":"2d6b81b4-cc41-43bc-88af-a671cec28396:4a3cb534-f6ef-47f8-b693-fd06dba9f3a7"}]}