{"parent":"item/handheld","textures":{"layer0":"item/netherite_sword"},"overrides":[{"predicate":{"custom_model_data":1001},"model":"2d6b81b4-cc41-43bc-88af-a671cec28396:3eb590d2-6f55-4ed1-89b5-38a310fda30f"},{"predicate":{"custom_model_data":1450000},"model":"e263e7d5-9305-42de-bf78-e0e515391e33:0689f954-be1a-4b60-917e-74ac4075d8af"},{"predicate":{"custom_model_data":1450001},"model":"e263e7d5-9305-42de-bf78-e0e515391e33:48301c5b-bbce-4c89-993f-545a91ffce38"},{"predicate":{"custom_model_data":1450003},"model":"e263e7d5-9305-42de-bf78-e0e515391e33:391972d3-212d-47c2-8af9-2d036e476b48"},{"predicate":{"custom_model_data":1450004},"model":"e263e7d5-9305-42de-bf78-e0e515391e33:00111d78-de17-4f66-a606-5abcfa118a21"},{"predicate":{"custom_model_data":1450005},"model":"e263e7d5-9305-42de-bf78-e0e515391e33:33d980cb-502d-422b-a289-ea9a828e6d26"}]}