{"parent":"item/generated","textures":{"layer0":"item/paper"},"overrides":[{"predicate":{"custom_model_data":1000},"model":"2d6b81b4-cc41-43bc-88af-a671cec28396:112f2eea-0a6d-43b6-a413-cc1cb7bdd195"},{"predicate":{"custom_model_data":1001},"model":"2d6b81b4-cc41-43bc-88af-a671cec28396:8fc964e9-de7a-4944-b52c-4673490ab8f0"},{"predicate":{"custom_model_data":1002},"model":"2d6b81b4-cc41-43bc-88af-a671cec28396:032fa7e9-9fbc-4157-a752-d895f90cab79"},{"predicate":{"custom_model_data":1003},"model":"2d6b81b4-cc41-43bc-88af-a671cec28396:d5b5de34-0858-43f7-befd-433fa6d1d649"},{"predicate":{"custom_model_data":1004},"model":"2d6b81b4-cc41-43bc-88af-a671cec28396:4715957a-1893-4cbc-bc74-c4302ce484e2"},{"predicate":{"custom_model_data":1005},"model":"2d6b81b4-cc41-43bc-88af-a671cec28396:e21791d0-35bd-4040-9dc5-4cf21692eb22"},{"predicate":{"custom_model_data":1006},"model":"9654138c-9f46-43d0-aa0c-f430c973f22b:4d7c9a89-a9d3-42c1-9a7e-cef3c8dcea07"},{"predicate":{"custom_model_data":1007},"model":"9654138c-9f46-43d0-aa0c-f430c973f22b:36e8e5ad-0f33-4ba3-b81e-72ffe1027b41"},{"predicate":{"custom_model_data":1008},"model":"9654138c-9f46-43d0-aa0c-f430c973f22b:8d4fe252-53c8-401f-8b06-ca1a8ca91fa9"},{"predicate":{"custom_model_data":1009},"model":"c5326ba6-524f-4dc8-b3af-cdeaf37f9e0f:8fc322a4-20e9-4b45-921d-aca5e83bc8f4"},{"predicate":{"custom_model_data":1010},"model":"c5326ba6-524f-4dc8-b3af-cdeaf37f9e0f:afa16c30-458d-40ef-a307-9deebce11c6b"},{"predicate":{"custom_model_data":1011},"model":"c5326ba6-524f-4dc8-b3af-cdeaf37f9e0f:e3fba11f-76be-49a3-9933-568fc6450443"},{"predicate":{"custom_model_data":1012},"model":"c5326ba6-524f-4dc8-b3af-cdeaf37f9e0f:3afb3889-44ee-4871-9a37-cfa395340419"},{"predicate":{"custom_model_data":1013},"model":"9654138c-9f46-43d0-aa0c-f430c973f22b:17cb670e-70a0-447d-a609-c3883310a7df"},{"predicate":{"custom_model_data":1014},"model":"9654138c-9f46-43d0-aa0c-f430c973f22b:6861f278-0a18-4e55-be35-ae1a389e2f78"},{"predicate":{"custom_model_data":1015},"model":"9654138c-9f46-43d0-aa0c-f430c973f22b:84166477-2869-4508-a9e8-546f3904154b"},{"predicate":{"custom_model_data":1016},"model":"c5326ba6-524f-4dc8-b3af-cdeaf37f9e0f:a261292a-44e3-4b72-817f-c51fd7d2ad4d"},{"predicate":{"custom_model_data":1017},"model":"c5326ba6-524f-4dc8-b3af-cdeaf37f9e0f:7abf67d7-0366-4b44-a76a-95b25bf038d5"},{"predicate":{"custom_model_data":1018},"model":"c5326ba6-524f-4dc8-b3af-cdeaf37f9e0f:ecd88136-4b0f-4452-9205-f7cb1b736b26"},{"predicate":{"custom_model_data":1019},"model":"c5326ba6-524f-4dc8-b3af-cdeaf37f9e0f:0b014265-3e7c-465f-bad2-55e6b5c288d4"},{"predicate":{"custom_model_data":1020},"model":"c5326ba6-524f-4dc8-b3af-cdeaf37f9e0f:3c099474-31e6-4f5c-8c1c-f16876f3dba2"},{"predicate":{"custom_model_data":1021},"model":"c5326ba6-524f-4dc8-b3af-cdeaf37f9e0f:11e55833-c106-4ae5-83f1-7f98ead74415"},{"predicate":{"custom_model_data":1022},"model":"c5326ba6-524f-4dc8-b3af-cdeaf37f9e0f:f32f5b05-e339-4b13-86be-bad3f33b4b64"},{"predicate":{"custom_model_data":1023},"model":"c5326ba6-524f-4dc8-b3af-cdeaf37f9e0f:6d364c92-0dfa-437b-8559-e035fcab5d5f"},{"predicate":{"custom_model_data":1024},"model":"c5326ba6-524f-4dc8-b3af-cdeaf37f9e0f:94a3a4b0-4fc8-4af1-9a24-d929bfb52fe0"},{"predicate":{"custom_model_data":1025},"model":"c5326ba6-524f-4dc8-b3af-cdeaf37f9e0f:d4fca37b-2ffb-49ca-b4d5-a042516d175a"},{"predicate":{"custom_model_data":1026},"model":"c5326ba6-524f-4dc8-b3af-cdeaf37f9e0f:ff643de9-468f-47ee-ab7c-cad26191e7ec"},{"predicate":{"custom_model_data":1027},"model":"c5326ba6-524f-4dc8-b3af-cdeaf37f9e0f:38975a6f-7aea-411f-8a99-4de751ad92d2"},{"predicate":{"custom_model_data":1028},"model":"c5326ba6-524f-4dc8-b3af-cdeaf37f9e0f:c9fcacbe-8bbc-4423-9748-991c74dbb18c"},{"predicate":{"custom_model_data":1029},"model":"c5326ba6-524f-4dc8-b3af-cdeaf37f9e0f:078c03ef-6056-48fa-a16a-6db267262ccb"},{"predicate":{"custom_model_data":1030},"model":"c5326ba6-524f-4dc8-b3af-cdeaf37f9e0f:8b97fde8-d0cd-4d06-98ff-42021df641c4"},{"predicate":{"custom_model_data":1031},"model":"c5326ba6-524f-4dc8-b3af-cdeaf37f9e0f:f950e6b2-6fc5-486a-9709-72b04d0f9124"},{"predicate":{"custom_model_data":1032},"model":"c5326ba6-524f-4dc8-b3af-cdeaf37f9e0f:5438596b-7dff-40eb-a8bf-e77486494f3a"},{"predicate":{"custom_model_data":1033},"model":"c5326ba6-524f-4dc8-b3af-cdeaf37f9e0f:312a5ca8-aa2f-47a0-b860-9f84f010a900"},{"predicate":{"custom_model_data":1034},"model":"c5326ba6-524f-4dc8-b3af-cdeaf37f9e0f:daa3cde6-7ed3-4292-93a6-2efe9231aa16"},{"predicate":{"custom_model_data":1035},"model":"c5326ba6-524f-4dc8-b3af-cdeaf37f9e0f:4fc29a56-4e13-4eda-8101-eb8242f3312e"},{"predicate":{"custom_model_data":1036},"model":"c5326ba6-524f-4dc8-b3af-cdeaf37f9e0f:bc2d723b-00cd-4cae-972c-204f612a44af"},{"predicate":{"custom_model_data":1037},"model":"c5326ba6-524f-4dc8-b3af-cdeaf37f9e0f:b92b093f-2e66-4223-89f8-23450e6fe69d"},{"predicate":{"custom_model_data":1038},"model":"c5326ba6-524f-4dc8-b3af-cdeaf37f9e0f:e89ed007-acd0-4303-96cb-318a3b4be19f"},{"predicate":{"custom_model_data":1039},"model":"c5326ba6-524f-4dc8-b3af-cdeaf37f9e0f:e9aca593-87ac-41d4-97e3-10355bb24fe9"},{"predicate":{"custom_model_data":1040},"model":"9654138c-9f46-43d0-aa0c-f430c973f22b:2898d544-c1d4-4436-997f-ccfe22c4b6e8"},{"predicate":{"custom_model_data":1041},"model":"9654138c-9f46-43d0-aa0c-f430c973f22b:6274f486-b799-4a03-8dca-df953f2ff0c4"},{"predicate":{"custom_model_data":1042},"model":"9654138c-9f46-43d0-aa0c-f430c973f22b:f8c502e0-0e38-48fc-9895-1502cdf023aa"},{"predicate":{"custom_model_data":1043},"model":"9654138c-9f46-43d0-aa0c-f430c973f22b:c65cf53b-3d35-4d6a-a663-6ca95350749b"},{"predicate":{"custom_model_data":1044},"model":"9654138c-9f46-43d0-aa0c-f430c973f22b:c295ce12-4d88-4c90-948e-60d64c61b9e1"},{"predicate":{"custom_model_data":1045},"model":"9654138c-9f46-43d0-aa0c-f430c973f22b:bc992bb4-3ddd-4776-b9b0-74013456a4c5"},{"predicate":{"custom_model_data":1046},"model":"9654138c-9f46-43d0-aa0c-f430c973f22b:aa407066-6c4e-4ab1-846f-f81ce6281697"},{"predicate":{"custom_model_data":1047},"model":"9654138c-9f46-43d0-aa0c-f430c973f22b:f9e598cb-744c-474a-92ac-8c1cd9e6ffd2"},{"predicate":{"custom_model_data":1048},"model":"9654138c-9f46-43d0-aa0c-f430c973f22b:3ee450b3-3e3f-4e2c-b02c-604c8b8c1c8d"},{"predicate":{"custom_model_data":1049},"model":"9654138c-9f46-43d0-aa0c-f430c973f22b:f06c2a7b-4826-4aac-be3f-aecb205ed271"},{"predicate":{"custom_model_data":1050},"model":"9654138c-9f46-43d0-aa0c-f430c973f22b:9b86760e-b8d6-4ea6-b098-31bd76d855fb"},{"predicate":{"custom_model_data":1051},"model":"9654138c-9f46-43d0-aa0c-f430c973f22b:49efa00f-08b9-4f40-b133-d45c05730d18"},{"predicate":{"custom_model_data":1052},"model":"9654138c-9f46-43d0-aa0c-f430c973f22b:b56bb57b-9ca8-44b9-878b-ab0ecdf914ec"},{"predicate":{"custom_model_data":1053},"model":"9654138c-9f46-43d0-aa0c-f430c973f22b:695eea8b-98d6-4218-b303-9ae9a68f6302"},{"predicate":{"custom_model_data":1054},"model":"9654138c-9f46-43d0-aa0c-f430c973f22b:3d38ac75-6e6d-4674-b89b-edf31d45d6c9"},{"predicate":{"custom_model_data":1055},"model":"9654138c-9f46-43d0-aa0c-f430c973f22b:ccdd2fd8-179f-4a0d-bac5-a062d57579b5"},{"predicate":{"custom_model_data":1056},"model":"9654138c-9f46-43d0-aa0c-f430c973f22b:e7c78109-0a08-454a-9c1f-614ab2595bfd"},{"predicate":{"custom_model_data":1057},"model":"9654138c-9f46-43d0-aa0c-f430c973f22b:d9bcb567-3803-4f25-ba50-dd01a56eb18c"},{"predicate":{"custom_model_data":1058},"model":"9654138c-9f46-43d0-aa0c-f430c973f22b:ed5100fe-8a79-41eb-88d5-c1ba666732ad"},{"predicate":{"custom_model_data":1059},"model":"9654138c-9f46-43d0-aa0c-f430c973f22b:029f137e-d8a4-459d-b394-957546212639"},{"predicate":{"custom_model_data":1060},"model":"9654138c-9f46-43d0-aa0c-f430c973f22b:c8368cf0-6878-4b13-bec2-aed24fc4223a"},{"predicate":{"custom_model_data":1061},"model":"9654138c-9f46-43d0-aa0c-f430c973f22b:7087ad90-5958-4314-971b-c690953d1dd2"},{"predicate":{"custom_model_data":1062},"model":"9654138c-9f46-43d0-aa0c-f430c973f22b:dbd78c58-c52e-4c12-9e64-edb04ff55675"},{"predicate":{"custom_model_data":1063},"model":"9654138c-9f46-43d0-aa0c-f430c973f22b:511ab1a5-311f-4697-888f-c8badd8670a0"},{"predicate":{"custom_model_data":1064},"model":"9654138c-9f46-43d0-aa0c-f430c973f22b:be861212-1f7e-4cc8-b99c-e6256c1f57aa"},{"predicate":{"custom_model_data":1065},"model":"9654138c-9f46-43d0-aa0c-f430c973f22b:c6a2fba8-e5eb-45aa-8d96-19b64233ee6c"},{"predicate":{"custom_model_data":1066},"model":"9654138c-9f46-43d0-aa0c-f430c973f22b:f92888f4-0aef-4655-9e6f-22ac1dd38fd0"},{"predicate":{"custom_model_data":1067},"model":"c5326ba6-524f-4dc8-b3af-cdeaf37f9e0f:ab9ecb31-b0be-4ade-afe3-54398790147f"},{"predicate":{"custom_model_data":1068},"model":"c5326ba6-524f-4dc8-b3af-cdeaf37f9e0f:0124efdd-baba-4339-9ca2-c1f5df20c9a2"},{"predicate":{"custom_model_data":1069},"model":"9654138c-9f46-43d0-aa0c-f430c973f22b:3929986f-0a5a-41a4-9ee4-6af76fa2341b"},{"predicate":{"custom_model_data":1070},"model":"9654138c-9f46-43d0-aa0c-f430c973f22b:82b58b5f-386b-4975-8ccb-19fa28f49aab"},{"predicate":{"custom_model_data":1071},"model":"c5326ba6-524f-4dc8-b3af-cdeaf37f9e0f:1beb2ad2-0f40-43df-a503-2fa6823b60bd"},{"predicate":{"custom_model_data":1072},"model":"c5326ba6-524f-4dc8-b3af-cdeaf37f9e0f:2ff7bc95-d7f2-422e-b6bd-77391d0032bc"},{"predicate":{"custom_model_data":1073},"model":"c5326ba6-524f-4dc8-b3af-cdeaf37f9e0f:92bd91ff-2647-46b7-a47d-1642db2dec20"},{"predicate":{"custom_model_data":1074},"model":"c5326ba6-524f-4dc8-b3af-cdeaf37f9e0f:2487772c-8e03-4195-a5f4-2dcab5ee372c"},{"predicate":{"custom_model_data":1075},"model":"c5326ba6-524f-4dc8-b3af-cdeaf37f9e0f:1bbbd9d1-9016-4f82-ab7a-517194ad9051"},{"predicate":{"custom_model_data":1076},"model":"c5326ba6-524f-4dc8-b3af-cdeaf37f9e0f:552f7fe3-e84b-4544-8a4e-bb655bfcaa1b"},{"predicate":{"custom_model_data":1077},"model":"c5326ba6-524f-4dc8-b3af-cdeaf37f9e0f:924ce8b3-6d3e-477e-bd33-21639f53ddb1"},{"predicate":{"custom_model_data":1078},"model":"c5326ba6-524f-4dc8-b3af-cdeaf37f9e0f:c46cb364-0c0b-4c60-b667-0535b9244527"},{"predicate":{"custom_model_data":1079},"model":"c5326ba6-524f-4dc8-b3af-cdeaf37f9e0f:107a5a83-6025-4379-a5fd-cb171f58540b"},{"predicate":{"custom_model_data":1080},"model":"c5326ba6-524f-4dc8-b3af-cdeaf37f9e0f:16fbb122-6ce8-4b67-a8db-851654683280"},{"predicate":{"custom_model_data":1081},"model":"c5326ba6-524f-4dc8-b3af-cdeaf37f9e0f:0dce2bf0-c498-4731-a1f9-94fee1d9a1bf"},{"predicate":{"custom_model_data":1082},"model":"c5326ba6-524f-4dc8-b3af-cdeaf37f9e0f:a6955c55-b357-40cd-9fcb-f2f64f8e2bb0"},{"predicate":{"custom_model_data":1083},"model":"c5326ba6-524f-4dc8-b3af-cdeaf37f9e0f:4b5d8b08-1859-47bd-8e0e-28e64adb33d5"},{"predicate":{"custom_model_data":1084},"model":"c5326ba6-524f-4dc8-b3af-cdeaf37f9e0f:511db587-7c44-42ef-b0fa-816228fbcf2b"},{"predicate":{"custom_model_data":1085},"model":"c5326ba6-524f-4dc8-b3af-cdeaf37f9e0f:aa8d8375-1bc6-4b97-a181-9e87f2a51f9a"},{"predicate":{"custom_model_data":1086},"model":"c5326ba6-524f-4dc8-b3af-cdeaf37f9e0f:80a8c75e-738e-4966-8a4f-6145a4c10ef1"},{"predicate":{"custom_model_data":1087},"model":"c5326ba6-524f-4dc8-b3af-cdeaf37f9e0f:03a12801-9ae6-4e64-a367-a9def8a2f96d"},{"predicate":{"custom_model_data":1088},"model":"c5326ba6-524f-4dc8-b3af-cdeaf37f9e0f:9abc29ba-d1ba-4828-a279-29a89d371ce0"}]}