{"providers":[{"type":"bitmap","file":"de37f472-31e7-4255-8f58-da04aea1e6a2:2aa81dc9-19ac-4544-91c8-c6cdbaba9d4f.png","height":114,"ascent":13,"chars":["ꑅ"]},{"type":"bitmap","file":"de37f472-31e7-4255-8f58-da04aea1e6a2:91e9d28e-89dd-4d83-a096-48e267e2108e.png","ascent":8,"chars":["꒚"]},{"type":"bitmap","file":"de37f472-31e7-4255-8f58-da04aea1e6a2:887f4d87-98aa-4881-b654-c4d68f90abe7.png","ascent":8,"chars":["ꓯ"]},{"type":"bitmap","file":"de37f472-31e7-4255-8f58-da04aea1e6a2:2057e0b2-5644-4c8c-8290-3fd08bd3e46d.png","ascent":8,"chars":["꒽"]},{"type":"bitmap","file":"de37f472-31e7-4255-8f58-da04aea1e6a2:2977b137-845f-4e00-942d-46382540df0f.png","ascent":8,"chars":["ꒈ"]},{"type":"bitmap","file":"de37f472-31e7-4255-8f58-da04aea1e6a2:75bb85dd-960d-45c3-a1a3-a422931e5f1e.png","ascent":8,"chars":["ꔳ"]},{"type":"bitmap","file":"de37f472-31e7-4255-8f58-da04aea1e6a2:888cdc34-5215-48be-a3d7-52162263d368.png","ascent":8,"chars":["ꔜ"]},{"type":"bitmap","file":"de37f472-31e7-4255-8f58-da04aea1e6a2:5feb2fa2-bec7-4f16-b181-8128c0b364f3.png","ascent":8,"chars":["꓿"]},{"type":"bitmap","file":"de37f472-31e7-4255-8f58-da04aea1e6a2:2ad485df-c664-4c70-bac8-205ee44281d1.png","ascent":8,"chars":["ꒅ"]},{"type":"bitmap","file":"de37f472-31e7-4255-8f58-da04aea1e6a2:f9b4843a-1711-4d0a-bd84-099026fc3a89.png","ascent":8,"chars":["꒝"]},{"type":"bitmap","file":"de37f472-31e7-4255-8f58-da04aea1e6a2:f7ebaa61-91d4-4ac3-b443-998bee3226db.png","ascent":8,"chars":["ꔁ"]},{"type":"bitmap","file":"de37f472-31e7-4255-8f58-da04aea1e6a2:e23cf517-f28a-4456-9e55-b51c7a35f593.png","ascent":8,"chars":["ꓢ"]},{"type":"bitmap","file":"de37f472-31e7-4255-8f58-da04aea1e6a2:6401d50b-35a3-466a-ba35-84081d6bfee7.png","ascent":8,"chars":["꓾"]},{"type":"bitmap","file":"de37f472-31e7-4255-8f58-da04aea1e6a2:33b5e5ad-4bfa-4415-9b92-cfb3cedbdfd5.png","height":256,"ascent":37,"chars":["ꐛ"]},{"type":"bitmap","file":"de37f472-31e7-4255-8f58-da04aea1e6a2:b97b7884-4d59-4c68-8359-f3bfea9d63f6.png","height":114,"ascent":13,"chars":["ꑌ"]},{"type":"bitmap","file":"de37f472-31e7-4255-8f58-da04aea1e6a2:b6425e73-3f04-4740-a135-d0ddcd129d5f.png","ascent":8,"chars":["ꒄ"]},{"type":"bitmap","file":"de37f472-31e7-4255-8f58-da04aea1e6a2:a10c1cfe-d9bd-4a29-b540-70d77320d607.png","ascent":8,"chars":["ꓸ"]},{"type":"bitmap","file":"de37f472-31e7-4255-8f58-da04aea1e6a2:badefe9d-09ec-4392-899c-d33e01356c8f.png","ascent":8,"chars":["꓊"]},{"type":"bitmap","file":"de37f472-31e7-4255-8f58-da04aea1e6a2:0ec5e3a1-212a-4e73-8adb-d5f7682df9c5.png","ascent":8,"chars":["꓇"]},{"type":"bitmap","file":"de37f472-31e7-4255-8f58-da04aea1e6a2:f804ca61-9569-46ff-a1d1-ec241e852ec6.png","ascent":8,"chars":["ꒉ"]},{"type":"bitmap","file":"de37f472-31e7-4255-8f58-da04aea1e6a2:501148ef-ba06-44dc-8c58-8610ed5d2bc7.png","ascent":8,"chars":["꒜"]},{"type":"bitmap","file":"de37f472-31e7-4255-8f58-da04aea1e6a2:3264730a-55cb-4e09-b8a3-c93a85cf2992.png","ascent":8,"chars":["ꕆ"]},{"type":"bitmap","file":"de37f472-31e7-4255-8f58-da04aea1e6a2:64022fff-e4fa-4325-8943-9f679ad94ec2.png","ascent":8,"chars":["ꔬ"]},{"type":"bitmap","file":"de37f472-31e7-4255-8f58-da04aea1e6a2:f96b69a2-fe1c-4050-b327-0a825642b581.png","ascent":8,"chars":["ꔆ"]},{"type":"bitmap","file":"de37f472-31e7-4255-8f58-da04aea1e6a2:abbdb98f-0773-4f61-b06a-84d37a617d38.png","ascent":8,"chars":["ꔭ"]},{"type":"bitmap","file":"de37f472-31e7-4255-8f58-da04aea1e6a2:413dd014-07b5-4e00-9ee8-360fd9b76ff1.png","ascent":8,"chars":["ꔒ"]},{"type":"bitmap","file":"de37f472-31e7-4255-8f58-da04aea1e6a2:804e02f0-56e0-4f6f-97b3-2eeb147d53db.png","ascent":8,"chars":["ꓡ"]},{"type":"bitmap","file":"de37f472-31e7-4255-8f58-da04aea1e6a2:ce43d4de-e178-4dff-8516-cff24dd7e949.png","ascent":8,"chars":["ꓨ"]},{"type":"bitmap","file":"de37f472-31e7-4255-8f58-da04aea1e6a2:d0cc18c6-df9e-409a-928f-6849386c3ba0.png","ascent":8,"chars":["ꔵ"]},{"type":"bitmap","file":"de37f472-31e7-4255-8f58-da04aea1e6a2:62b7c75d-0e16-4955-97ee-59a23f8f3161.png","ascent":8,"chars":["꒖"]},{"type":"bitmap","file":"de37f472-31e7-4255-8f58-da04aea1e6a2:212634c3-8c56-4e13-96d1-a82644141755.png","ascent":8,"chars":["꒒"]},{"type":"bitmap","file":"de37f472-31e7-4255-8f58-da04aea1e6a2:b4609332-dda7-480b-94ac-6e98c4648b24.png","ascent":8,"chars":["ꕂ"]},{"type":"bitmap","file":"de37f472-31e7-4255-8f58-da04aea1e6a2:51a9b32d-62e6-4c29-906f-14ac73e76aee.png","ascent":8,"chars":["ꓖ"]},{"type":"bitmap","file":"de37f472-31e7-4255-8f58-da04aea1e6a2:4a81a1d5-3610-4778-a6e9-dfd247604a20.png","ascent":8,"chars":["ꕈ"]},{"type":"bitmap","file":"de37f472-31e7-4255-8f58-da04aea1e6a2:0e03d56e-7f4f-4e35-8e2b-3e12ab6b6a19.png","ascent":8,"chars":["꒼"]},{"type":"bitmap","file":"de37f472-31e7-4255-8f58-da04aea1e6a2:442e6259-9caf-4b55-a06f-62bfe4a01096.png","ascent":8,"chars":["ꔼ"]},{"type":"bitmap","file":"de37f472-31e7-4255-8f58-da04aea1e6a2:7d060ab7-0064-47d2-b79e-d13c7500d0d4.png","ascent":8,"chars":["ꔑ"]},{"type":"bitmap","file":"de37f472-31e7-4255-8f58-da04aea1e6a2:3550fd8a-c6c3-4c06-94f5-38c6f33844aa.png","ascent":8,"chars":["ꐫ"]},{"type":"bitmap","file":"de37f472-31e7-4255-8f58-da04aea1e6a2:ffdd129e-8931-4acc-989d-3d47262883fd.png","ascent":8,"chars":["ꔮ"]},{"type":"bitmap","file":"de37f472-31e7-4255-8f58-da04aea1e6a2:12a915d3-b9a6-4eeb-9e0c-d0be8012b652.png","ascent":8,"chars":["ꓱ"]},{"type":"bitmap","file":"de37f472-31e7-4255-8f58-da04aea1e6a2:fa1abe7c-d538-4e50-ab11-db856b3d258d.png","ascent":8,"chars":["꓃"]},{"type":"bitmap","file":"de37f472-31e7-4255-8f58-da04aea1e6a2:0e7326d9-bbbd-4d7d-a5ef-1c3a1abe7e14.png","ascent":8,"chars":["ꓑ"]},{"type":"bitmap","file":"de37f472-31e7-4255-8f58-da04aea1e6a2:efc530ee-a233-4802-b8ff-d0b704a137b1.png","ascent":8,"chars":["꓈"]},{"type":"bitmap","file":"de37f472-31e7-4255-8f58-da04aea1e6a2:03a75ae8-515d-4ebc-af4d-f9795610ed80.png","height":114,"ascent":13,"chars":["ꑄ"]},{"type":"bitmap","file":"de37f472-31e7-4255-8f58-da04aea1e6a2:4baff0cf-52c1-4e32-9ddd-04860baddaa7.png","ascent":8,"chars":["ꓠ"]},{"type":"bitmap","file":"de37f472-31e7-4255-8f58-da04aea1e6a2:2cf09571-1fd3-4b24-a032-ff8e0af5c5a3.png","ascent":8,"chars":["ꔾ"]},{"type":"bitmap","file":"de37f472-31e7-4255-8f58-da04aea1e6a2:f8f77240-15ac-43da-ad54-36fc50d69a5b.png","ascent":8,"chars":["ꒊ"]},{"type":"bitmap","file":"de37f472-31e7-4255-8f58-da04aea1e6a2:d4cf7c92-db03-433e-8b21-fba58cb93e58.png","ascent":8,"chars":["꒺"]},{"type":"bitmap","file":"de37f472-31e7-4255-8f58-da04aea1e6a2:14d821ec-ccd4-49a1-88da-33d8a9acd406.png","ascent":8,"chars":["꓆"]},{"type":"bitmap","file":"de37f472-31e7-4255-8f58-da04aea1e6a2:d1332848-7cb5-4ede-bea1-e9d8ba95c82f.png","ascent":8,"chars":["ꔿ"]},{"type":"bitmap","file":"de37f472-31e7-4255-8f58-da04aea1e6a2:14d14f96-1531-4fb8-8447-a585e47f2d5a.png","ascent":8,"chars":["ꓣ"]},{"type":"bitmap","file":"de37f472-31e7-4255-8f58-da04aea1e6a2:1eae1204-b230-4313-b453-cd4afa5b50c0.png","ascent":8,"chars":["꒪"]},{"type":"bitmap","file":"de37f472-31e7-4255-8f58-da04aea1e6a2:ff0c5110-1f8c-4ce3-b1bc-6c0c0a954d39.png","ascent":8,"chars":["ꑺ"]},{"type":"bitmap","file":"de37f472-31e7-4255-8f58-da04aea1e6a2:1fa4e46e-739c-4cb0-9c9a-cf9d90a8bace.png","ascent":8,"chars":["ꔌ"]},{"type":"bitmap","file":"de37f472-31e7-4255-8f58-da04aea1e6a2:adc315e7-4665-41e3-b605-5edd92c3df3a.png","ascent":8,"chars":["ꔷ"]},{"type":"bitmap","file":"de37f472-31e7-4255-8f58-da04aea1e6a2:62523296-ae04-4b6f-b998-4d83f2e227c5.png","ascent":8,"chars":["ꒀ"]},{"type":"bitmap","file":"de37f472-31e7-4255-8f58-da04aea1e6a2:d2df6230-5dc5-4dcc-b0ef-350d9b22ec2b.png","ascent":8,"chars":["ꓜ"]},{"type":"bitmap","file":"de37f472-31e7-4255-8f58-da04aea1e6a2:d612e83f-bc8e-4a52-bee6-59f22025b870.png","ascent":8,"chars":["ꐵ"]},{"type":"bitmap","file":"de37f472-31e7-4255-8f58-da04aea1e6a2:b1e98420-8715-47a1-af49-cb5d5afc02e6.png","height":114,"ascent":13,"chars":["ꑊ"]},{"type":"bitmap","file":"de37f472-31e7-4255-8f58-da04aea1e6a2:4445d906-fc6d-43d1-8b68-82f00935c935.png","ascent":8,"chars":["ꓝ"]},{"type":"bitmap","file":"de37f472-31e7-4255-8f58-da04aea1e6a2:bc4f43b4-5e72-4a63-b38f-f9cd571d5374.png","ascent":8,"chars":["ꔘ"]},{"type":"bitmap","file":"de37f472-31e7-4255-8f58-da04aea1e6a2:72653f3e-f222-463b-9b14-84120065d575.png","ascent":8,"chars":["꓂"]},{"type":"bitmap","file":"de37f472-31e7-4255-8f58-da04aea1e6a2:6f72c57b-acfe-4d42-a5d0-6e278c70265a.png","ascent":8,"chars":["꒨"]},{"type":"bitmap","file":"de37f472-31e7-4255-8f58-da04aea1e6a2:368c3c2c-3d07-4511-b1ce-34f6221ebb86.png","ascent":8,"chars":["꒦"]},{"type":"bitmap","file":"de37f472-31e7-4255-8f58-da04aea1e6a2:f7cd7aaf-6a6f-412a-8f9d-cdad0a2befc4.png","ascent":8,"chars":["꒤"]},{"type":"bitmap","file":"de37f472-31e7-4255-8f58-da04aea1e6a2:1de0dbda-e8b7-4de6-a23f-15e7246f64eb.png","ascent":8,"chars":["ꐮ"]},{"type":"bitmap","file":"de37f472-31e7-4255-8f58-da04aea1e6a2:c832b883-48cb-47e7-ba19-ce244544c37a.png","ascent":8,"chars":["꒞"]},{"type":"bitmap","file":"de37f472-31e7-4255-8f58-da04aea1e6a2:a7d247db-d595-4cdb-bda7-12a59283d3f8.png","ascent":8,"chars":["ꔇ"]},{"type":"bitmap","file":"de37f472-31e7-4255-8f58-da04aea1e6a2:7f34e161-5b2a-40aa-b08c-3e29fcb4411e.png","ascent":8,"chars":["ꓕ"]},{"type":"bitmap","file":"de37f472-31e7-4255-8f58-da04aea1e6a2:d9c3017a-7dbf-4fda-b6f6-5c592c7f27ec.png","ascent":8,"chars":["ꑽ"]},{"type":"bitmap","file":"de37f472-31e7-4255-8f58-da04aea1e6a2:e980b4fe-a860-41eb-9c25-22c625c3ca22.png","ascent":8,"chars":["ꔻ"]},{"type":"bitmap","file":"de37f472-31e7-4255-8f58-da04aea1e6a2:3b30bc5d-90ae-4af0-a402-3f5aa70e9b68.png","ascent":8,"chars":["ꔸ"]},{"type":"bitmap","file":"de37f472-31e7-4255-8f58-da04aea1e6a2:22b0ede5-ebcf-484a-822b-f8e0cd4f31fa.png","ascent":8,"chars":["ꕇ"]},{"type":"bitmap","file":"de37f472-31e7-4255-8f58-da04aea1e6a2:29a4caac-cb81-434b-b174-bb88559c0a18.png","ascent":8,"chars":["ꔧ"]},{"type":"bitmap","file":"de37f472-31e7-4255-8f58-da04aea1e6a2:8710297f-4c43-44b1-97a7-50f79e8d43f7.png","ascent":8,"chars":["ꓷ"]},{"type":"bitmap","file":"de37f472-31e7-4255-8f58-da04aea1e6a2:54631164-ee4d-4a9d-ad62-9a315137b7f6.png","ascent":8,"chars":["ꕄ"]},{"type":"bitmap","file":"de37f472-31e7-4255-8f58-da04aea1e6a2:744ff55c-60ad-4e94-abaa-5d803af4ef7f.png","ascent":8,"chars":["ꑴ"]},{"type":"bitmap","file":"de37f472-31e7-4255-8f58-da04aea1e6a2:647abca3-a946-4394-8485-a992f783e7b6.png","ascent":8,"chars":["꓅"]},{"type":"bitmap","file":"de37f472-31e7-4255-8f58-da04aea1e6a2:5f645fb0-de32-4504-b691-b82cb1a74c06.png","ascent":8,"chars":["ꔱ"]},{"type":"bitmap","file":"de37f472-31e7-4255-8f58-da04aea1e6a2:0b8bbed1-e86a-4923-a24b-2af3a1f7b230.png","ascent":8,"chars":["ꐧ"]},{"type":"bitmap","file":"de37f472-31e7-4255-8f58-da04aea1e6a2:40167bd2-35fb-43c4-bf13-0b683156a884.png","ascent":8,"chars":["꓍"]},{"type":"bitmap","file":"de37f472-31e7-4255-8f58-da04aea1e6a2:4b21a768-d9a8-4cf2-a620-27e70f202a03.png","ascent":8,"chars":["ꓞ"]},{"type":"bitmap","file":"de37f472-31e7-4255-8f58-da04aea1e6a2:661c64a5-d49c-44fe-a34b-f667b323c6f3.png","ascent":8,"chars":["ꑷ"]},{"type":"bitmap","file":"de37f472-31e7-4255-8f58-da04aea1e6a2:12d33c1c-37a2-43b7-a434-c1fa944e9171.png","ascent":8,"chars":["ꓴ"]},{"type":"bitmap","file":"de37f472-31e7-4255-8f58-da04aea1e6a2:17e662d3-7570-4568-b316-55eff3d71011.png","ascent":8,"chars":["ꔝ"]},{"type":"bitmap","file":"de37f472-31e7-4255-8f58-da04aea1e6a2:aaf039f3-75f9-4044-b94a-79f3c9a0d939.png","ascent":8,"chars":["꒔"]},{"type":"bitmap","file":"de37f472-31e7-4255-8f58-da04aea1e6a2:8f27c113-d9dd-406c-8f85-d25d8826ed9f.png","ascent":8,"chars":["ꐴ"]},{"type":"bitmap","file":"de37f472-31e7-4255-8f58-da04aea1e6a2:678660e2-66fe-4dce-8430-ee5b3f922dfa.png","ascent":8,"chars":["꒕"]},{"type":"bitmap","file":"de37f472-31e7-4255-8f58-da04aea1e6a2:c15207a1-3de5-4afa-969e-db864185ce12.png","ascent":8,"chars":["ꔞ"]},{"type":"bitmap","file":"de37f472-31e7-4255-8f58-da04aea1e6a2:7cfe2a25-2a14-4608-a27b-3d6c7bce0682.png","ascent":8,"chars":["ꕃ"]},{"type":"bitmap","file":"de37f472-31e7-4255-8f58-da04aea1e6a2:fbfba851-50af-4441-a264-30d69b56a6fd.png","ascent":8,"chars":["ꔺ"]},{"type":"bitmap","file":"de37f472-31e7-4255-8f58-da04aea1e6a2:f2773e19-950a-438e-970f-e29ec18911ad.png","ascent":8,"chars":["ꕅ"]},{"type":"bitmap","file":"de37f472-31e7-4255-8f58-da04aea1e6a2:55c15109-9d71-4d49-87f5-8f4e71cc24ad.png","ascent":8,"chars":["ꑹ"]},{"type":"bitmap","file":"de37f472-31e7-4255-8f58-da04aea1e6a2:9581bee6-ba9c-45c2-a1b7-03ee3cfd3ba2.png","ascent":8,"chars":["꒐"]},{"type":"bitmap","file":"de37f472-31e7-4255-8f58-da04aea1e6a2:b521cd62-98e1-417f-b2a4-4de9b7d86344.png","ascent":8,"chars":["ꑵ"]},{"type":"bitmap","file":"de37f472-31e7-4255-8f58-da04aea1e6a2:ed86e77f-0392-45a5-94d6-077117a48d3d.png","ascent":8,"chars":["꒰"]},{"type":"bitmap","file":"de37f472-31e7-4255-8f58-da04aea1e6a2:da2b7b62-8e45-45ca-9123-f28a9187f3a2.png","ascent":8,"chars":["꒧"]},{"type":"bitmap","file":"de37f472-31e7-4255-8f58-da04aea1e6a2:ec97e028-8f53-4d3b-abcf-9f4f33d92705.png","ascent":8,"chars":["ꓟ"]},{"type":"bitmap","file":"de37f472-31e7-4255-8f58-da04aea1e6a2:f6eade30-68f9-4ed8-8534-f3ba60b4fa40.png","ascent":8,"chars":["ꔋ"]},{"type":"bitmap","file":"de37f472-31e7-4255-8f58-da04aea1e6a2:e3fd97a2-b0fb-4ee3-b726-51c1850d7649.png","ascent":8,"chars":["ꓩ"]},{"type":"bitmap","file":"de37f472-31e7-4255-8f58-da04aea1e6a2:43bfe864-81d4-4ff2-b87a-e30fc82ade3b.png","ascent":8,"chars":["ꓥ"]},{"type":"bitmap","file":"de37f472-31e7-4255-8f58-da04aea1e6a2:d6e9a0b2-7f4a-407e-9525-d8f37c5399cd.png","ascent":8,"chars":["ꓫ"]},{"type":"bitmap","file":"de37f472-31e7-4255-8f58-da04aea1e6a2:46bd45b0-6d62-4789-bc3c-a39c0335b3e3.png","ascent":8,"chars":["ꒌ"]},{"type":"bitmap","file":"de37f472-31e7-4255-8f58-da04aea1e6a2:378f17d7-f311-4178-a59b-7730948d78cd.png","ascent":8,"chars":["꒎"]},{"type":"bitmap","file":"de37f472-31e7-4255-8f58-da04aea1e6a2:eb11acd7-862f-4f6f-8009-f09d5eb1902d.png","ascent":8,"chars":["ꔎ"]},{"type":"bitmap","file":"de37f472-31e7-4255-8f58-da04aea1e6a2:ef851c04-1927-4c00-89eb-c1ac0086b7d4.png","ascent":8,"chars":["ꓐ"]},{"type":"bitmap","file":"de37f472-31e7-4255-8f58-da04aea1e6a2:d73bd9fa-3373-43a2-92c3-e8f89e0ae279.png","ascent":8,"chars":["ꓮ"]},{"type":"bitmap","file":"de37f472-31e7-4255-8f58-da04aea1e6a2:0d5944ae-5a9c-44d0-8809-187a28d3a9d1.png","ascent":8,"chars":["꒵"]},{"type":"bitmap","file":"de37f472-31e7-4255-8f58-da04aea1e6a2:cf0022cb-b7a0-4e3d-8f78-953374785a12.png","ascent":8,"chars":["ꑿ"]},{"type":"bitmap","file":"de37f472-31e7-4255-8f58-da04aea1e6a2:8c35d6cb-ee6f-4c69-956a-625b9e68deeb.png","ascent":8,"chars":["ꐳ"]},{"type":"bitmap","file":"de37f472-31e7-4255-8f58-da04aea1e6a2:36ccfbc7-8788-4a55-a200-c197883b117c.png","ascent":8,"chars":["ꔈ"]},{"type":"bitmap","file":"de37f472-31e7-4255-8f58-da04aea1e6a2:6871a801-3842-49ee-bbd0-bc130b25eca0.png","ascent":8,"chars":["ꔦ"]},{"type":"bitmap","file":"de37f472-31e7-4255-8f58-da04aea1e6a2:5936f5b1-2d09-4595-9e72-9bb80cd74f55.png","ascent":8,"chars":["ꓳ"]},{"type":"bitmap","file":"de37f472-31e7-4255-8f58-da04aea1e6a2:eb1e1e05-0ab7-4f17-a068-15944c7534af.png","ascent":8,"chars":["ꔛ"]},{"type":"bitmap","file":"de37f472-31e7-4255-8f58-da04aea1e6a2:12c635af-c0eb-4888-a012-4f66fd5d7ba8.png","ascent":8,"chars":["ꔤ"]},{"type":"bitmap","file":"de37f472-31e7-4255-8f58-da04aea1e6a2:c6a8b13e-49a8-4397-a6ec-f7fcb844c592.png","ascent":8,"chars":["꓋"]},{"type":"bitmap","file":"de37f472-31e7-4255-8f58-da04aea1e6a2:f04be6de-2d9e-4a5b-9c5b-f5112f1bfde9.png","ascent":8,"chars":["ꔗ"]},{"type":"bitmap","file":"de37f472-31e7-4255-8f58-da04aea1e6a2:f5d1b7be-641f-4916-80b8-1a8ef2e81cb8.png","ascent":8,"chars":["꒹"]},{"type":"bitmap","file":"de37f472-31e7-4255-8f58-da04aea1e6a2:0d701af1-dc04-4af4-a128-dfe967c97e68.png","ascent":8,"chars":["ꓹ"]},{"type":"bitmap","file":"de37f472-31e7-4255-8f58-da04aea1e6a2:590a96c3-29e6-4797-b607-da1fc871c67d.png","ascent":8,"chars":["ꒇ"]},{"type":"bitmap","file":"de37f472-31e7-4255-8f58-da04aea1e6a2:1507d65b-fbd2-4442-ac2e-fc8e876ba61d.png","ascent":8,"chars":["꒿"]},{"type":"bitmap","file":"de37f472-31e7-4255-8f58-da04aea1e6a2:3874baf6-cabd-404a-a380-1f8157b95ab6.png","ascent":8,"chars":["ꓤ"]},{"type":"bitmap","file":"de37f472-31e7-4255-8f58-da04aea1e6a2:106b6cc0-83aa-4b78-98b1-162c27f28923.png","ascent":8,"chars":["ꐡ"]},{"type":"bitmap","file":"de37f472-31e7-4255-8f58-da04aea1e6a2:72fa0120-7432-44c7-8e40-e64bbae1063e.png","ascent":8,"chars":["ꐢ"]},{"type":"bitmap","file":"de37f472-31e7-4255-8f58-da04aea1e6a2:7ffd07e1-0fd6-46c1-b0da-d6db388c1971.png","ascent":8,"chars":["ꔂ"]},{"type":"bitmap","file":"de37f472-31e7-4255-8f58-da04aea1e6a2:230cf067-f5fa-4e51-aab4-42156ee82459.png","ascent":8,"chars":["ꓪ"]},{"type":"bitmap","file":"de37f472-31e7-4255-8f58-da04aea1e6a2:b23541f3-18ef-42d1-912a-27cb08dec3dc.png","ascent":8,"chars":["ꐰ"]},{"type":"bitmap","file":"de37f472-31e7-4255-8f58-da04aea1e6a2:b92137cd-5f54-451e-83d6-d12226a9a3f8.png","ascent":8,"chars":["ꓒ"]},{"type":"bitmap","file":"de37f472-31e7-4255-8f58-da04aea1e6a2:3fb8a01b-935b-4f03-8e69-3f6b9c397c1c.png","ascent":8,"chars":["꒛"]},{"type":"bitmap","file":"de37f472-31e7-4255-8f58-da04aea1e6a2:9f15b43d-376f-4988-9a39-4d762a691da1.png","ascent":8,"chars":["꒶"]},{"type":"bitmap","file":"de37f472-31e7-4255-8f58-da04aea1e6a2:24bc9786-9c6c-409a-828d-c61feb83e03b.png","ascent":8,"chars":["ꓭ"]},{"type":"bitmap","file":"de37f472-31e7-4255-8f58-da04aea1e6a2:17c3a76b-6b8d-42ec-8bfb-46a8424ca779.png","ascent":8,"chars":["ꔴ"]},{"type":"bitmap","file":"de37f472-31e7-4255-8f58-da04aea1e6a2:f627bccb-b31e-42e4-927c-23b3fa43f465.png","ascent":8,"chars":["ꔢ"]},{"type":"bitmap","file":"de37f472-31e7-4255-8f58-da04aea1e6a2:c871d923-0a3f-4703-89da-f9dc259f3790.png","height":114,"ascent":13,"chars":["ꑋ"]},{"type":"bitmap","file":"de37f472-31e7-4255-8f58-da04aea1e6a2:30f4f69b-6427-4550-b0bd-c2eb990c459c.png","ascent":8,"chars":["ꔡ"]},{"type":"bitmap","file":"de37f472-31e7-4255-8f58-da04aea1e6a2:4422fb4e-c147-4b81-bddd-3a907bfd41b6.png","ascent":8,"chars":["ꑻ"]},{"type":"bitmap","file":"de37f472-31e7-4255-8f58-da04aea1e6a2:e2a2fe1f-c412-44f1-ba76-ab44244a287c.png","height":114,"ascent":13,"chars":["ꑆ"]},{"type":"bitmap","file":"de37f472-31e7-4255-8f58-da04aea1e6a2:97e0d134-cf05-4cdf-8fe4-dbcc296d8558.png","ascent":8,"chars":["ꒁ"]},{"type":"bitmap","file":"de37f472-31e7-4255-8f58-da04aea1e6a2:96eff8fb-78b5-423c-8f3f-ac240a949d95.png","ascent":8,"chars":["ꒆ"]},{"type":"bitmap","file":"de37f472-31e7-4255-8f58-da04aea1e6a2:287dbd89-6f0a-41e6-8643-1ce41895f418.png","ascent":8,"chars":["ꔕ"]},{"type":"bitmap","file":"de37f472-31e7-4255-8f58-da04aea1e6a2:38a9a008-5e43-4f8d-b126-8d3ff9cedeec.png","ascent":8,"chars":["ꔩ"]},{"type":"bitmap","file":"de37f472-31e7-4255-8f58-da04aea1e6a2:60be1d57-c80d-43d0-a8c8-83dfd3c0dc5b.png","ascent":8,"chars":["ꔠ"]},{"type":"bitmap","file":"de37f472-31e7-4255-8f58-da04aea1e6a2:842f31c8-3e34-41a4-ad53-e5a64b36f006.png","ascent":8,"chars":["ꒃ"]},{"type":"bitmap","file":"de37f472-31e7-4255-8f58-da04aea1e6a2:0a940e4a-0a97-4c09-8ffe-976d0ff267f3.png","ascent":8,"chars":["꒾"]},{"type":"bitmap","file":"de37f472-31e7-4255-8f58-da04aea1e6a2:03a75ae8-515d-4ebc-af4d-f9795610ed80.png","height":114,"ascent":13,"chars":["ꑮ"]},{"type":"bitmap","file":"de37f472-31e7-4255-8f58-da04aea1e6a2:c38d459d-1442-4924-9db1-bfa1a3b48fe8.png","ascent":8,"chars":["ꐠ"]},{"type":"bitmap","file":"de37f472-31e7-4255-8f58-da04aea1e6a2:faa07d9f-ed8f-44de-b453-6be8dde07518.png","ascent":8,"chars":["ꐣ"]},{"type":"bitmap","file":"de37f472-31e7-4255-8f58-da04aea1e6a2:f2ba056c-44a6-4640-9b6b-f9af7f4d4ed4.png","ascent":8,"chars":["꒑"]},{"type":"bitmap","file":"de37f472-31e7-4255-8f58-da04aea1e6a2:9226c2fe-62bb-4185-b57d-23b60838957f.png","ascent":8,"chars":["꒱"]},{"type":"bitmap","file":"de37f472-31e7-4255-8f58-da04aea1e6a2:bcc02098-ff05-4439-91e8-b38b29f6fc4e.png","ascent":8,"chars":["꒲"]},{"type":"bitmap","file":"de37f472-31e7-4255-8f58-da04aea1e6a2:f8721197-c87e-45c6-b0f9-327ca54da1e4.png","ascent":8,"chars":["ꔃ"]},{"type":"bitmap","file":"de37f472-31e7-4255-8f58-da04aea1e6a2:3d9eb569-516b-4a55-b512-90f2551f3475.png","ascent":8,"chars":["ꐤ"]},{"type":"bitmap","file":"de37f472-31e7-4255-8f58-da04aea1e6a2:c2bff675-1147-41f6-af7d-a57efb319efa.png","ascent":8,"chars":["ꓬ"]},{"type":"bitmap","file":"de37f472-31e7-4255-8f58-da04aea1e6a2:e0a0d6f6-5001-4e0a-993b-b7bab1294984.png","ascent":8,"chars":["ꑸ"]},{"type":"bitmap","file":"de37f472-31e7-4255-8f58-da04aea1e6a2:8cd7edbc-cb07-4af9-a861-b7c6b7360483.png","ascent":8,"chars":["ꑰ"]},{"type":"bitmap","file":"de37f472-31e7-4255-8f58-da04aea1e6a2:e8318a34-e595-4b5e-a51b-c070404eba93.png","ascent":8,"chars":["ꔄ"]},{"type":"bitmap","file":"de37f472-31e7-4255-8f58-da04aea1e6a2:07bece9f-312c-420c-b75f-b02c1bb2c2bf.png","ascent":8,"chars":["꓀"]},{"type":"bitmap","file":"de37f472-31e7-4255-8f58-da04aea1e6a2:8f41166f-7804-4762-9e65-60dc7e38592b.png","ascent":8,"chars":["꓁"]},{"type":"bitmap","file":"de37f472-31e7-4255-8f58-da04aea1e6a2:9893831b-cb6b-4a58-92bd-5faeae4fba1f.png","ascent":8,"chars":["꒗"]},{"type":"bitmap","file":"de37f472-31e7-4255-8f58-da04aea1e6a2:f967cc06-1da5-4fe7-a9ff-3e9826bcb950.png","ascent":8,"chars":["ꐦ"]},{"type":"bitmap","file":"de37f472-31e7-4255-8f58-da04aea1e6a2:b3ae768c-c3a9-4e22-ac1b-a3d4242a669b.png","ascent":8,"chars":["ꔖ"]},{"type":"bitmap","file":"de37f472-31e7-4255-8f58-da04aea1e6a2:bd7cde94-4d66-44e3-a510-a2b1edc6130b.png","ascent":8,"chars":["ꑳ"]},{"type":"bitmap","file":"de37f472-31e7-4255-8f58-da04aea1e6a2:e20820b8-9a3c-4bff-9a62-7c63bada4108.png","ascent":8,"chars":["꒣"]},{"type":"bitmap","file":"de37f472-31e7-4255-8f58-da04aea1e6a2:e689a368-411e-44fb-b8b3-884cee1a5978.png","ascent":8,"chars":["꒯"]},{"type":"bitmap","file":"de37f472-31e7-4255-8f58-da04aea1e6a2:25df7819-950c-4303-ba06-db79ecfc0fed.png","ascent":8,"chars":["ꔏ"]},{"type":"bitmap","file":"de37f472-31e7-4255-8f58-da04aea1e6a2:7980a49c-87d0-4544-b1d4-eac40774c5ab.png","ascent":8,"chars":["ꓰ"]},{"type":"bitmap","file":"de37f472-31e7-4255-8f58-da04aea1e6a2:258f5ac7-0a63-481b-8891-5293018c8c7a.png","ascent":8,"chars":["ꓘ"]},{"type":"bitmap","file":"de37f472-31e7-4255-8f58-da04aea1e6a2:ba2fe9d6-ce4c-48a0-ab54-a26f40ec24f4.png","ascent":8,"chars":["꒠"]},{"type":"bitmap","file":"de37f472-31e7-4255-8f58-da04aea1e6a2:8f6e7b6d-4249-4247-bf49-dea3b51d0660.png","height":133,"ascent":13,"chars":["ꑭ"]},{"type":"bitmap","file":"de37f472-31e7-4255-8f58-da04aea1e6a2:0c248a98-142b-49f8-bded-45429d838eea.png","ascent":8,"chars":["ꓶ"]},{"type":"bitmap","file":"de37f472-31e7-4255-8f58-da04aea1e6a2:4fd4bf50-1f1f-462f-99a5-d985a96a89a7.png","ascent":8,"chars":["ꓛ"]},{"type":"bitmap","file":"de37f472-31e7-4255-8f58-da04aea1e6a2:3b551575-f80c-48f9-b41a-ed8c9e5ea9e6.png","ascent":8,"chars":["꒳"]},{"type":"bitmap","file":"de37f472-31e7-4255-8f58-da04aea1e6a2:8a6f198a-80c6-40e5-8a46-1cd457b28e47.png","height":114,"ascent":13,"chars":["ꑇ"]},{"type":"bitmap","file":"de37f472-31e7-4255-8f58-da04aea1e6a2:9b477fc7-b332-4bf1-8152-452d0fcd4405.png","ascent":8,"chars":["꒡"]},{"type":"bitmap","file":"de37f472-31e7-4255-8f58-da04aea1e6a2:4d5dc456-301c-4f60-ad9b-2e2abcdda4db.png","ascent":8,"chars":["ꔹ"]},{"type":"bitmap","file":"de37f472-31e7-4255-8f58-da04aea1e6a2:11361ff6-1a6a-412b-8066-6e359e712a8d.png","ascent":8,"chars":["꓉"]},{"type":"bitmap","file":"de37f472-31e7-4255-8f58-da04aea1e6a2:8001c0bb-295e-4f3b-bcca-fbeadfe77fe3.png","ascent":8,"chars":["ꓗ"]},{"type":"bitmap","file":"de37f472-31e7-4255-8f58-da04aea1e6a2:82b5d2a8-a81b-49de-9ca7-30d79b91904c.png","ascent":8,"chars":["ꔫ"]},{"type":"bitmap","file":"de37f472-31e7-4255-8f58-da04aea1e6a2:6a8c9056-0e54-4304-9ccf-ef4395e018d4.png","ascent":8,"chars":["꒩"]},{"type":"bitmap","file":"de37f472-31e7-4255-8f58-da04aea1e6a2:9e647f4b-ff9c-4327-b330-5d9aba2be7b1.png","ascent":8,"chars":["꓏"]},{"type":"bitmap","file":"de37f472-31e7-4255-8f58-da04aea1e6a2:5b8461a7-1c28-4803-93f8-fffacb5c437e.png","ascent":8,"chars":["ꐲ"]},{"type":"bitmap","file":"de37f472-31e7-4255-8f58-da04aea1e6a2:ede7b501-7df7-4aa8-acf6-23bc70f7b80f.png","ascent":8,"chars":["ꔓ"]},{"type":"bitmap","file":"de37f472-31e7-4255-8f58-da04aea1e6a2:c6bb98f8-7bc0-4c17-a193-d8cce4768fed.png","ascent":8,"chars":["ꔚ"]},{"type":"bitmap","file":"de37f472-31e7-4255-8f58-da04aea1e6a2:fc241133-b155-4b34-a8ad-8e65aa3c0c2a.png","ascent":8,"chars":["ꐬ"]},{"type":"bitmap","file":"de37f472-31e7-4255-8f58-da04aea1e6a2:276d5e06-7dcf-4037-a210-b53ca8a201cd.png","ascent":8,"chars":["꒢"]},{"type":"bitmap","file":"de37f472-31e7-4255-8f58-da04aea1e6a2:414b9212-5a52-4b6e-8f1f-626cb8fe3b59.png","ascent":8,"chars":["ꕀ"]},{"type":"bitmap","file":"de37f472-31e7-4255-8f58-da04aea1e6a2:5bfc2146-f286-4f47-8c2b-de23984f2611.png","ascent":8,"chars":["ꔲ"]},{"type":"bitmap","file":"de37f472-31e7-4255-8f58-da04aea1e6a2:8a4b03c1-873b-4a0e-b9ce-556f70b9a429.png","ascent":8,"chars":["ꔊ"]},{"type":"bitmap","file":"de37f472-31e7-4255-8f58-da04aea1e6a2:bb1450ce-d8b7-4bbe-b865-18bf5ad8f9fe.png","ascent":8,"chars":["꓌"]},{"type":"bitmap","file":"de37f472-31e7-4255-8f58-da04aea1e6a2:2c3c86f9-d874-4b46-89f7-502c5fdc918f.png","ascent":8,"chars":["꒬"]},{"type":"bitmap","file":"de37f472-31e7-4255-8f58-da04aea1e6a2:524d1dee-ddc1-4ecc-af49-11b41134cccd.png","ascent":8,"chars":["ꔉ"]},{"type":"bitmap","file":"de37f472-31e7-4255-8f58-da04aea1e6a2:27ddcfaf-d853-4165-b15c-be0c8005463b.png","ascent":8,"chars":["ꔰ"]},{"type":"bitmap","file":"de37f472-31e7-4255-8f58-da04aea1e6a2:186acac7-15ac-46eb-8ed6-5799c7892332.png","ascent":8,"chars":["ꔅ"]},{"type":"bitmap","file":"de37f472-31e7-4255-8f58-da04aea1e6a2:f6a97523-5971-485b-a588-ac096c469276.png","ascent":8,"chars":["꓄"]},{"type":"bitmap","file":"de37f472-31e7-4255-8f58-da04aea1e6a2:187ccfe9-4762-45bb-8991-48ce4804ff3e.png","ascent":8,"chars":["ꐩ"]},{"type":"bitmap","file":"de37f472-31e7-4255-8f58-da04aea1e6a2:baaa1565-a98f-49ef-b9e3-30196852ea6a.png","ascent":8,"chars":["꒟"]},{"type":"bitmap","file":"de37f472-31e7-4255-8f58-da04aea1e6a2:d5229e2a-061a-4eb7-846d-6c807808efb4.png","ascent":8,"chars":["ꔨ"]},{"type":"bitmap","file":"de37f472-31e7-4255-8f58-da04aea1e6a2:5ec55238-8259-4709-8faf-8809d15760aa.png","ascent":8,"chars":["ꔥ"]},{"type":"bitmap","file":"de37f472-31e7-4255-8f58-da04aea1e6a2:47fcc8d0-03a7-45cf-a045-003116f365de.png","ascent":8,"chars":["ꔀ"]},{"type":"bitmap","file":"de37f472-31e7-4255-8f58-da04aea1e6a2:b6e97538-2931-4672-9671-c6105b2e10e1.png","ascent":8,"chars":["ꓼ"]},{"type":"bitmap","file":"de37f472-31e7-4255-8f58-da04aea1e6a2:a5e75af6-6600-46bb-b000-74ff9c6a5274.png","ascent":8,"chars":["ꓙ"]},{"type":"bitmap","file":"de37f472-31e7-4255-8f58-da04aea1e6a2:e38d7cf8-b234-4251-af2d-ea203c1bc5d9.png","ascent":8,"chars":["ꓔ"]},{"type":"bitmap","file":"de37f472-31e7-4255-8f58-da04aea1e6a2:b508be60-1229-41a9-bae6-527d431d267d.png","ascent":8,"chars":["꒴"]},{"type":"bitmap","file":"de37f472-31e7-4255-8f58-da04aea1e6a2:7b61f2ae-9d51-432b-beef-867def25a1d1.png","ascent":8,"chars":["ꓺ"]},{"type":"bitmap","file":"de37f472-31e7-4255-8f58-da04aea1e6a2:eaf94d63-3909-4ebf-a20e-0b0700c594a4.png","ascent":8,"chars":["ꓧ"]},{"type":"bitmap","file":"de37f472-31e7-4255-8f58-da04aea1e6a2:6b5a9d26-72e9-4c6e-9a71-707141b37b4b.png","ascent":8,"chars":["ꓓ"]},{"type":"bitmap","file":"de37f472-31e7-4255-8f58-da04aea1e6a2:daf8b6b1-4d5a-4abd-8371-79aee3d0f240.png","ascent":8,"chars":["꓎"]},{"type":"bitmap","file":"de37f472-31e7-4255-8f58-da04aea1e6a2:2d4b549a-2152-44e3-ac94-2896bae0063b.png","ascent":8,"chars":["ꑢ"]},{"type":"bitmap","file":"de37f472-31e7-4255-8f58-da04aea1e6a2:930da812-1053-477f-8d8c-378c732bcede.png","ascent":8,"chars":["꒷"]},{"type":"bitmap","file":"de37f472-31e7-4255-8f58-da04aea1e6a2:37e3f36e-061a-4fa4-a32f-d54f65c356e1.png","ascent":8,"chars":["ꐨ"]},{"type":"bitmap","file":"de37f472-31e7-4255-8f58-da04aea1e6a2:4c284ba4-3181-4ee2-9965-8dfc24285b64.png","ascent":8,"chars":["ꐘ"]},{"type":"bitmap","file":"de37f472-31e7-4255-8f58-da04aea1e6a2:8d37bba3-86d2-4fae-94dc-a1f26be00b95.png","ascent":8,"chars":["꒮"]},{"type":"bitmap","file":"de37f472-31e7-4255-8f58-da04aea1e6a2:76b5e0a7-fd8d-46b0-b1f6-1133d618803e.png","ascent":8,"chars":["ꐱ"]},{"type":"bitmap","file":"de37f472-31e7-4255-8f58-da04aea1e6a2:05b79adc-c114-4c04-85e7-699a0984d0c4.png","ascent":8,"chars":["ꑲ"]},{"type":"bitmap","file":"de37f472-31e7-4255-8f58-da04aea1e6a2:7891b670-cccf-4159-afd8-7208e33d8407.png","height":133,"ascent":13,"chars":["ꑏ"]},{"type":"bitmap","file":"de37f472-31e7-4255-8f58-da04aea1e6a2:a38f6be6-61f4-4aa4-845f-99cebe566efa.png","ascent":8,"chars":["ꐪ"]},{"type":"bitmap","file":"de37f472-31e7-4255-8f58-da04aea1e6a2:f92afa3b-accb-420a-96dd-6864d9f2f52c.png","ascent":8,"chars":["ꑼ"]},{"type":"bitmap","file":"de37f472-31e7-4255-8f58-da04aea1e6a2:07d6555d-6f14-4ed8-8c1c-fb0da110dbb5.png","ascent":8,"chars":["ꑾ"]},{"type":"bitmap","file":"de37f472-31e7-4255-8f58-da04aea1e6a2:3899aef8-dba9-491a-9c58-b2b0a632d5fe.png","height":114,"ascent":13,"chars":["ꑎ"]},{"type":"bitmap","file":"de37f472-31e7-4255-8f58-da04aea1e6a2:608c7da6-4728-4162-9c53-17d81c973f1c.png","ascent":8,"chars":["ꒂ"]},{"type":"bitmap","file":"de37f472-31e7-4255-8f58-da04aea1e6a2:48ad1ac8-64c8-4a0a-9aba-cbc1205f168e.png","height":114,"ascent":13,"chars":["ꑍ"]},{"type":"bitmap","file":"de37f472-31e7-4255-8f58-da04aea1e6a2:dc687573-4dd5-4522-8d00-c2db6af72e44.png","ascent":8,"chars":["ꔟ"]},{"type":"bitmap","file":"de37f472-31e7-4255-8f58-da04aea1e6a2:3f2c5b8d-5c1e-4556-9eb0-5e21ebbecdcf.png","ascent":8,"chars":["ꔶ"]},{"type":"bitmap","file":"de37f472-31e7-4255-8f58-da04aea1e6a2:8697e682-90be-44cc-b828-e7f2e86c7a5c.png","ascent":8,"chars":["ꓵ"]},{"type":"bitmap","file":"de37f472-31e7-4255-8f58-da04aea1e6a2:01c89476-5f43-4119-aa34-1403e188c8cb.png","ascent":8,"chars":["ꔯ"]},{"type":"bitmap","file":"de37f472-31e7-4255-8f58-da04aea1e6a2:e562e096-d830-4f49-b85e-72ac1f8b6020.png","ascent":8,"chars":["ꔣ"]},{"type":"bitmap","file":"de37f472-31e7-4255-8f58-da04aea1e6a2:9f996dd1-9251-46d9-bf6e-b0d9bde3d3ae.png","ascent":8,"chars":["꒭"]},{"type":"bitmap","file":"de37f472-31e7-4255-8f58-da04aea1e6a2:c36b4f5f-24b6-4483-9ada-a240d45eabd6.png","ascent":8,"chars":["ꔐ"]},{"type":"bitmap","file":"de37f472-31e7-4255-8f58-da04aea1e6a2:33b268a8-c9cf-4251-b0e3-e39a98fbd12e.png","height":133,"ascent":13,"chars":["ꑐ"]},{"type":"bitmap","file":"de37f472-31e7-4255-8f58-da04aea1e6a2:397ea905-8a13-49b5-84b9-28e8c8069876.png","ascent":8,"chars":["ꑯ"]},{"type":"bitmap","file":"de37f472-31e7-4255-8f58-da04aea1e6a2:8ae8a4e4-c769-4c53-82a0-a96ace6d9421.png","ascent":8,"chars":["꒻"]},{"type":"bitmap","file":"de37f472-31e7-4255-8f58-da04aea1e6a2:b4cd0a1c-92d9-4ba9-87e9-11f854e3959e.png","ascent":8,"chars":["ꐥ"]},{"type":"bitmap","file":"de37f472-31e7-4255-8f58-da04aea1e6a2:a926dc96-c116-47e8-a994-ad7c16e993e6.png","ascent":8,"chars":["ꑱ"]},{"type":"bitmap","file":"de37f472-31e7-4255-8f58-da04aea1e6a2:788252d7-b020-41ca-9308-f912e296e4b2.png","ascent":8,"chars":["ꓚ"]},{"type":"bitmap","file":"de37f472-31e7-4255-8f58-da04aea1e6a2:9362f2f6-ce02-435b-a00c-20a332cbe8d2.png","ascent":8,"chars":["ꕁ"]},{"type":"bitmap","file":"de37f472-31e7-4255-8f58-da04aea1e6a2:79e9d8a2-7f3a-465d-bc57-0316a9dd0ade.png","ascent":8,"chars":["ꓻ"]},{"type":"bitmap","file":"de37f472-31e7-4255-8f58-da04aea1e6a2:993c4373-de07-49b6-a390-db1251b5fc6c.png","ascent":8,"chars":["꒫"]},{"type":"bitmap","file":"de37f472-31e7-4255-8f58-da04aea1e6a2:149bbb87-ce1e-4249-9610-9bb9207a0e22.png","ascent":8,"chars":["ꒋ"]},{"type":"bitmap","file":"de37f472-31e7-4255-8f58-da04aea1e6a2:ebbb83d2-83f1-4951-8846-44559a2108fe.png","ascent":8,"chars":["꒸"]},{"type":"bitmap","file":"de37f472-31e7-4255-8f58-da04aea1e6a2:07019156-af46-4a10-ae1b-b132e1b9380b.png","height":75,"ascent":74,"chars":["ꑫ"]},{"type":"bitmap","file":"de37f472-31e7-4255-8f58-da04aea1e6a2:b50a2db2-8857-4482-a87b-82d3ceeb7f2a.png","ascent":8,"chars":["ꔽ"]},{"type":"bitmap","file":"de37f472-31e7-4255-8f58-da04aea1e6a2:db86b60d-1340-4ea0-9093-5ca4fcb04e2c.png","ascent":8,"chars":["ꔍ"]},{"type":"bitmap","file":"de37f472-31e7-4255-8f58-da04aea1e6a2:8a320601-24fb-4c2f-a576-e2fd26385602.png","ascent":8,"chars":["꒥"]},{"type":"bitmap","file":"de37f472-31e7-4255-8f58-da04aea1e6a2:e266b832-8b86-41fc-b13c-58469369de66.png","ascent":8,"chars":["꒘"]},{"type":"bitmap","file":"de37f472-31e7-4255-8f58-da04aea1e6a2:4ebe3c09-87c3-45a1-b25b-4fd891d86851.png","ascent":8,"chars":["ꔔ"]},{"type":"bitmap","file":"de37f472-31e7-4255-8f58-da04aea1e6a2:5d720465-8383-4cf0-9220-4b6ec5a6b030.png","ascent":8,"chars":["ꐯ"]},{"type":"bitmap","file":"de37f472-31e7-4255-8f58-da04aea1e6a2:3d4d1dad-1929-4403-99f3-bef52b651302.png","ascent":8,"chars":["ꔙ"]},{"type":"bitmap","file":"de37f472-31e7-4255-8f58-da04aea1e6a2:7192f949-8a99-403a-a123-26ba8ea77871.png","ascent":8,"chars":["ꔪ"]},{"type":"bitmap","file":"de37f472-31e7-4255-8f58-da04aea1e6a2:c78b5445-6256-41a4-a241-38437d36f731.png","ascent":8,"chars":["ꓲ"]},{"type":"bitmap","file":"de37f472-31e7-4255-8f58-da04aea1e6a2:9f149270-00a8-4072-b898-948d6371a2bb.png","ascent":8,"chars":["ꓦ"]},{"type":"bitmap","file":"de37f472-31e7-4255-8f58-da04aea1e6a2:4b955314-f7f7-487c-a9ec-d7e967653f6e.png","ascent":8,"chars":["ꐭ"]},{"type":"bitmap","file":"de37f472-31e7-4255-8f58-da04aea1e6a2:a20852fc-bb01-4712-8ad9-7fe7073f868a.png","ascent":8,"chars":["꒏"]},{"type":"bitmap","file":"de37f472-31e7-4255-8f58-da04aea1e6a2:5e6ae69a-8fc6-423c-9bd2-749c11c818ad.png","height":114,"ascent":13,"chars":["ꑈ"]},{"type":"bitmap","file":"de37f472-31e7-4255-8f58-da04aea1e6a2:69a3da82-ef9c-4749-a3df-6740a10db6b9.png","ascent":8,"chars":["꒍"]},{"type":"bitmap","file":"de37f472-31e7-4255-8f58-da04aea1e6a2:d687f29c-6e25-4e66-81b7-efa2c445375d.png","ascent":8,"chars":["꒓"]},{"type":"bitmap","file":"de37f472-31e7-4255-8f58-da04aea1e6a2:b5591170-6b50-4f05-9c50-26990d8ec2ee.png","ascent":8,"chars":["꒙"]},{"type":"bitmap","file":"de37f472-31e7-4255-8f58-da04aea1e6a2:ce831e82-24ea-44aa-85e7-9b7612dfe5ee.png","ascent":8,"chars":["ꓽ"]},{"type":"bitmap","file":"de37f472-31e7-4255-8f58-da04aea1e6a2:56f9922c-477c-4eef-849a-5cd6ea36b8de.png","ascent":8,"chars":["ꑶ"]},{"type":"reference","id":"nexo:shift"}]}