{"display":{"thirdperson_righthand":{"rotation":[75.0,45.0,0.0],"translation":[0.0,0.5,0.0],"scale":[0.2,0.2,0.2]},"thirdperson_lefthand":{"rotation":[75.0,45.0,0.0],"translation":[0.0,0.5,0.0],"scale":[0.2,0.2,0.2]},"firstperson_righthand":{"rotation":[0.0,125.0,0.0],"translation":[2.25,1.25,-0.75],"scale":[0.2,0.2,0.2]},"firstperson_lefthand":{"rotation":[0.0,125.0,0.0],"translation":[2.25,1.25,-0.75],"scale":[0.2,0.2,0.2]},"ground":{"translation":[0.0,3.0,0.0],"scale":[0.25,0.25,0.25]},"gui":{"rotation":[30.0,225.0,0.0],"translation":[0.0,0.75,0.0],"scale":[0.4,0.4,0.4]},"fixed":{"rotation":[-90.0,0.0,0.0],"translation":[-16.0,0.0,-16.0],"scale":[2.0,2.0,2.0]}},"elements":[{"from":[22.0,0.0,0.0],"to":[24.0,10.0,2.0],"faces":{"north":{"uv":[7.5,3.0,8.0,5.5],"texture":"#0"},"east":{"uv":[6.5,7.5,7.0,10.0],"texture":"#0"},"south":{"uv":[7.0,7.5,7.5,10.0],"texture":"#0"},"west":{"uv":[7.5,7.5,8.0,10.0],"texture":"#0"},"up":{"uv":[7.5,7.0,7.0,6.5],"texture":"#0"},"down":{"uv":[8.0,6.5,7.5,7.0],"texture":"#0"}}},{"from":[22.0,8.0,2.0],"to":[24.0,10.0,14.0],"faces":{"north":{"uv":[8.0,0.0,8.5,0.5],"texture":"#0"},"east":{"uv":[7.0,5.5,10.0,6.0],"texture":"#0"},"south":{"uv":[8.0,0.5,8.5,1.0],"texture":"#0"},"west":{"uv":[6.0,7.0,9.0,7.5],"texture":"#0"},"up":{"uv":[8.0,3.0,7.5,0.0],"texture":"#0"},"down":{"uv":[6.5,7.5,6.0,10.5],"texture":"#0"}}},{"from":[-6.0,9.0,0.0],"to":[22.0,9.0,15.0],"faces":{"up":{"uv":[7.0,3.75,0.0,0.0],"texture":"#0","tintindex":0},"down":{"uv":[0.0,3.75,7.0,0.0],"texture":"#0","tintindex":0}}},{"from":[-8.0,0.0,0.0],"to":[-6.0,10.0,2.0],"faces":{"north":{"uv":[7.5,3.0,8.0,5.5],"texture":"#0"},"east":{"uv":[6.5,7.5,7.0,10.0],"texture":"#0"},"south":{"uv":[7.0,7.5,7.5,10.0],"texture":"#0"},"west":{"uv":[7.5,7.5,8.0,10.0],"texture":"#0"},"up":{"uv":[7.5,7.0,7.0,6.5],"texture":"#0"},"down":{"uv":[8.0,6.5,7.5,7.0],"texture":"#0"}}},{"from":[-8.0,0.0,14.0],"to":[-6.0,10.0,16.0],"rotation":{"origin":[0.0,0.0,16.0],"axis":"y","angle":0.0},"faces":{"north":{"uv":[7.5,7.5,7.0,10.0],"texture":"#0"},"east":{"uv":[7.0,7.5,6.5,10.0],"texture":"#0"},"south":{"uv":[8.0,3.0,7.5,5.5],"texture":"#0"},"west":{"uv":[8.0,7.5,7.5,10.0],"texture":"#0"},"up":{"uv":[7.5,6.5,7.0,7.0],"texture":"#0"},"down":{"uv":[8.0,7.0,7.5,6.5],"texture":"#0"}}},{"from":[22.0,0.0,14.0],"to":[24.0,10.0,16.0],"rotation":{"origin":[0.0,0.0,16.0],"axis":"y","angle":0.0},"faces":{"north":{"uv":[7.5,7.5,7.0,10.0],"texture":"#0"},"east":{"uv":[7.0,7.5,6.5,10.0],"texture":"#0"},"south":{"uv":[8.0,3.0,7.5,5.5],"texture":"#0"},"west":{"uv":[8.0,7.5,7.5,10.0],"texture":"#0"},"up":{"uv":[7.5,6.5,7.0,7.0],"texture":"#0"},"down":{"uv":[8.0,7.0,7.5,6.5],"texture":"#0"}}},{"from":[-8.0,8.0,2.0],"to":[-6.0,10.0,14.0],"faces":{"north":{"uv":[8.0,0.0,8.5,0.5],"texture":"#0"},"east":{"uv":[7.0,5.5,10.0,6.0],"texture":"#0"},"south":{"uv":[8.0,0.5,8.5,1.0],"texture":"#0"},"west":{"uv":[6.0,7.0,9.0,7.5],"texture":"#0"},"up":{"uv":[8.0,3.0,7.5,0.0],"texture":"#0"},"down":{"uv":[6.5,7.5,6.0,10.5],"texture":"#0"}}}],"textures":{"0":"9654138c-9f46-43d0-aa0c-f430c973f22b:e19cf4c7-5a3d-480f-b388-902f007745f2"},"gui_light":"front"}