{"parent":"builtin/entity","display":{"thirdperson_righthand":{"rotation":[0.0,90.0,0.0],"translation":[10.0,6.0,-4.0]},"thirdperson_lefthand":{"rotation":[0.0,90.0,0.0],"translation":[10.0,6.0,12.0]},"firstperson_righthand":{"rotation":[0.0,180.0,5.0],"translation":[-10.0,2.0,-10.0],"scale":[1.25,1.25,1.25]},"firstperson_lefthand":{"rotation":[0.0,180.0,5.0],"translation":[10.0,0.0,-10.0],"scale":[1.25,1.25,1.25]},"gui":{"rotation":[15.0,-25.0,-5.0],"translation":[2.0,3.0,0.0],"scale":[0.65,0.65,0.65]},"fixed":{"rotation":[0.0,180.0,0.0],"translation":[-2.0,4.0,-5.0],"scale":[0.5,0.5,0.5]},"ground":{"translation":[4.0,4.0,2.0],"scale":[0.25,0.25,0.25]}},"textures":{"particle":"block/dark_oak_planks"},"gui_light":"front","overrides":[{"predicate":{"blocking":1},"model":"item/shield_blocking"},{"predicate":{"custom_model_data":1450300},"model":"e263e7d5-9305-42de-bf78-e0e515391e33:7b94ef19-1b3f-4de0-83a7-2fcb941748bb"},{"predicate":{"custom_model_data":1450300,"blocking":1},"model":"incendium:item/necrotic_shield/blocking"},{"predicate":{"custom_model_data":1450301},"model":"e263e7d5-9305-42de-bf78-e0e515391e33:a9b363b4-9aeb-42af-b6eb-7a2c089f1974"},{"predicate":{"custom_model_data":1450301,"blocking":1},"model":"incendium:item/prismatic_shield/blocking"},{"predicate":{"custom_model_data":1450302},"model":"e263e7d5-9305-42de-bf78-e0e515391e33:eab6a908-158e-4a8b-ac9b-3dad77b33331"},{"predicate":{"custom_model_data":1450302,"blocking":1},"model":"incendium:item/radiation_shield/blocking"}]}