{"parent":"item/generated","textures":{"layer0":"item/leather_horse_armor"},"overrides":[{"predicate":{"custom_model_data":1000},"model":"cf5dc5eb-b193-4276-b39c-64e4ec2f6e48:4aa98b5b-cc04-41e4-9e64-7d3552f0abda"},{"predicate":{"custom_model_data":1001},"model":"cf5dc5eb-b193-4276-b39c-64e4ec2f6e48:8c81a12c-5fc5-4ddb-b4cc-cbf2c6169cfd"},{"predicate":{"custom_model_data":1002},"model":"cf5dc5eb-b193-4276-b39c-64e4ec2f6e48:49bf010e-9ffc-48e7-bcf8-1d7bfabf6f93"},{"predicate":{"custom_model_data":1003},"model":"cf5dc5eb-b193-4276-b39c-64e4ec2f6e48:8cc38b1c-4b3d-41df-8d9f-2e70abd4c7a2"}]}