{"parent":"item/generated","textures":{"layer0":"item/paper"},"overrides":[{"predicate":{"custom_model_data":1000},"model":"cf5dc5eb-b193-4276-b39c-64e4ec2f6e48:04286b98-fc44-4d52-9333-16cd2a39350a"},{"predicate":{"custom_model_data":1001},"model":"cf5dc5eb-b193-4276-b39c-64e4ec2f6e48:a5d7a477-5adf-4841-8c07-c5aea9dece2d"},{"predicate":{"custom_model_data":1002},"model":"cf5dc5eb-b193-4276-b39c-64e4ec2f6e48:32690740-5494-460d-a0f0-fa175134f077"},{"predicate":{"custom_model_data":1003},"model":"cf5dc5eb-b193-4276-b39c-64e4ec2f6e48:6ea24b31-9d49-46ab-8a54-e08153a74383"},{"predicate":{"custom_model_data":1004},"model":"cf5dc5eb-b193-4276-b39c-64e4ec2f6e48:432ffe48-dc46-4e92-b3fa-7005d78b0c44"},{"predicate":{"custom_model_data":1005},"model":"cf5dc5eb-b193-4276-b39c-64e4ec2f6e48:fbe19ee2-8e7d-4b6c-ac90-08381ea70bf1"},{"predicate":{"custom_model_data":1006},"model":"37612d07-f312-4ef7-bdc9-bcc933b6896a:30968bf2-4327-444f-a020-405967f0849e"},{"predicate":{"custom_model_data":1007},"model":"37612d07-f312-4ef7-bdc9-bcc933b6896a:e429a581-3910-435d-b156-98d35fbdd9fc"},{"predicate":{"custom_model_data":1008},"model":"37612d07-f312-4ef7-bdc9-bcc933b6896a:dadca4e9-859d-418d-9d98-4c5b76854a0e"},{"predicate":{"custom_model_data":1013},"model":"37612d07-f312-4ef7-bdc9-bcc933b6896a:a77dda20-6298-42bb-906b-698f8c91b6ef"},{"predicate":{"custom_model_data":1014},"model":"37612d07-f312-4ef7-bdc9-bcc933b6896a:9eb5b8b8-be4a-4192-995e-34f3dea5adfd"},{"predicate":{"custom_model_data":1015},"model":"37612d07-f312-4ef7-bdc9-bcc933b6896a:4e25f2bc-ee8c-4080-989c-596cedca4fe2"},{"predicate":{"custom_model_data":1040},"model":"37612d07-f312-4ef7-bdc9-bcc933b6896a:099e91eb-f646-4ebd-974c-0c87d3600ecc"},{"predicate":{"custom_model_data":1041},"model":"37612d07-f312-4ef7-bdc9-bcc933b6896a:5c6f2e7d-a79a-41cc-b068-87a491ba8889"},{"predicate":{"custom_model_data":1042},"model":"37612d07-f312-4ef7-bdc9-bcc933b6896a:78f54109-0951-4f94-a901-91121dc02e38"},{"predicate":{"custom_model_data":1043},"model":"37612d07-f312-4ef7-bdc9-bcc933b6896a:968b0cbd-cc74-47ea-b358-58b9c3295708"},{"predicate":{"custom_model_data":1044},"model":"37612d07-f312-4ef7-bdc9-bcc933b6896a:1131f833-4c03-4e27-ba58-ebd1364d9d29"},{"predicate":{"custom_model_data":1045},"model":"37612d07-f312-4ef7-bdc9-bcc933b6896a:24f8791f-8979-4a13-a0fa-c33e1eb56d3b"},{"predicate":{"custom_model_data":1046},"model":"37612d07-f312-4ef7-bdc9-bcc933b6896a:ec799d8c-012d-44d7-bfa7-ceeef830738b"},{"predicate":{"custom_model_data":1047},"model":"37612d07-f312-4ef7-bdc9-bcc933b6896a:73acd124-3f5f-470d-be92-87ff9104a270"},{"predicate":{"custom_model_data":1048},"model":"37612d07-f312-4ef7-bdc9-bcc933b6896a:1a428953-1484-4c1e-9718-c7055e90009d"},{"predicate":{"custom_model_data":1049},"model":"37612d07-f312-4ef7-bdc9-bcc933b6896a:779e0011-420c-4f0a-a7ee-0b61c8b9b038"},{"predicate":{"custom_model_data":1050},"model":"37612d07-f312-4ef7-bdc9-bcc933b6896a:adf2fdb7-92c6-49ac-b62b-c53e6629f909"},{"predicate":{"custom_model_data":1051},"model":"37612d07-f312-4ef7-bdc9-bcc933b6896a:4fe05a1d-14bc-4b8d-952f-419bf7534274"},{"predicate":{"custom_model_data":1052},"model":"37612d07-f312-4ef7-bdc9-bcc933b6896a:a01c6023-8fb7-45ae-bfd4-704b02e6277c"},{"predicate":{"custom_model_data":1053},"model":"37612d07-f312-4ef7-bdc9-bcc933b6896a:b9e21139-9bde-4695-820b-069469a9e9ee"},{"predicate":{"custom_model_data":1054},"model":"37612d07-f312-4ef7-bdc9-bcc933b6896a:923b6b52-2c36-4934-a585-9d8b9a69ed19"},{"predicate":{"custom_model_data":1055},"model":"37612d07-f312-4ef7-bdc9-bcc933b6896a:db684346-c727-409e-b37b-a6b7eae41649"},{"predicate":{"custom_model_data":1056},"model":"37612d07-f312-4ef7-bdc9-bcc933b6896a:9ca0aa83-2bfe-45ce-86d4-7bc53f30df73"},{"predicate":{"custom_model_data":1057},"model":"37612d07-f312-4ef7-bdc9-bcc933b6896a:1d191399-67e2-4afd-ab10-b975afffbedf"},{"predicate":{"custom_model_data":1058},"model":"37612d07-f312-4ef7-bdc9-bcc933b6896a:77c2edee-0a19-498f-9204-714c68712533"},{"predicate":{"custom_model_data":1059},"model":"37612d07-f312-4ef7-bdc9-bcc933b6896a:7f811e46-e8ae-4180-ab40-de2a3f548242"},{"predicate":{"custom_model_data":1060},"model":"37612d07-f312-4ef7-bdc9-bcc933b6896a:ac03d076-32eb-4a04-ba5e-7f930bf92b46"},{"predicate":{"custom_model_data":1061},"model":"37612d07-f312-4ef7-bdc9-bcc933b6896a:d7cf1bed-80ab-4b00-8361-7749073e247c"},{"predicate":{"custom_model_data":1062},"model":"37612d07-f312-4ef7-bdc9-bcc933b6896a:ae3cb982-d560-4b12-9943-8e9781967e9a"},{"predicate":{"custom_model_data":1063},"model":"37612d07-f312-4ef7-bdc9-bcc933b6896a:e3e8dbc3-7f07-46d2-81c7-23ef491242ee"},{"predicate":{"custom_model_data":1064},"model":"37612d07-f312-4ef7-bdc9-bcc933b6896a:1e573cbb-2a9f-47b3-83f7-8e3aa59cba5c"},{"predicate":{"custom_model_data":1065},"model":"37612d07-f312-4ef7-bdc9-bcc933b6896a:30ecb281-c13d-48f0-b739-6e4267c34d13"},{"predicate":{"custom_model_data":1066},"model":"37612d07-f312-4ef7-bdc9-bcc933b6896a:f5f71604-65ff-4145-b8cb-d2880feb5e8c"},{"predicate":{"custom_model_data":1067},"model":"37612d07-f312-4ef7-bdc9-bcc933b6896a:7423f012-6c2f-4e90-99cf-fa0046bf347c"},{"predicate":{"custom_model_data":1068},"model":"37612d07-f312-4ef7-bdc9-bcc933b6896a:3dcb1e96-e973-42c4-b335-4fd1122d757a"},{"predicate":{"custom_model_data":1069},"model":"37612d07-f312-4ef7-bdc9-bcc933b6896a:d28553fb-a3ad-460e-bae9-25b58bcbd398"},{"predicate":{"custom_model_data":1070},"model":"37612d07-f312-4ef7-bdc9-bcc933b6896a:e3af598b-18f7-4850-b583-e29a61caa0d5"}]}