{"display":{"thirdperson_righthand":{"rotation":[75.0,45.0,0.0],"translation":[0.0,0.5,0.0],"scale":[0.2,0.2,0.2]},"thirdperson_lefthand":{"rotation":[75.0,45.0,0.0],"translation":[0.0,0.5,0.0],"scale":[0.2,0.2,0.2]},"firstperson_righthand":{"rotation":[0.0,125.0,0.0],"translation":[2.25,1.25,-0.75],"scale":[0.2,0.2,0.2]},"firstperson_lefthand":{"rotation":[0.0,125.0,0.0],"translation":[2.25,1.25,-0.75],"scale":[0.2,0.2,0.2]},"ground":{"translation":[0.0,3.0,0.0],"scale":[0.25,0.25,0.25]},"gui":{"rotation":[30.0,225.0,0.0],"translation":[0.0,-1.25,0.0],"scale":[0.5,0.5,0.5]},"fixed":{"rotation":[-90.0,0.0,0.0],"translation":[0.0,0.0,-16.0],"scale":[2.0,2.0,2.0]}},"elements":[{"from":[14.0,0.0,0.0],"to":[16.0,10.0,2.0],"faces":{"north":{"uv":[7.5,3.0,8.0,5.5],"texture":"#0"},"east":{"uv":[6.5,7.5,7.0,10.0],"texture":"#0"},"south":{"uv":[7.0,7.5,7.5,10.0],"texture":"#0"},"west":{"uv":[7.5,7.5,8.0,10.0],"texture":"#0"},"up":{"uv":[7.5,7.0,7.0,6.5],"texture":"#0"},"down":{"uv":[8.0,6.5,7.5,7.0],"texture":"#0"}}},{"from":[15.0,0.0,0.0],"to":[15.0,15.0,14.0],"faces":{"east":{"uv":[0.0,7.0,3.5,10.75],"texture":"#0"},"west":{"uv":[3.5,7.0,0.0,10.75],"texture":"#0"}}},{"from":[14.0,8.0,2.0],"to":[16.0,10.0,14.0],"faces":{"north":{"uv":[8.0,0.0,8.5,0.5],"texture":"#0"},"east":{"uv":[7.0,5.5,10.0,6.0],"texture":"#0"},"south":{"uv":[8.0,0.5,8.5,1.0],"texture":"#0"},"west":{"uv":[6.0,7.0,9.0,7.5],"texture":"#0"},"up":{"uv":[8.0,3.0,7.5,0.0],"texture":"#0"},"down":{"uv":[6.5,7.5,6.0,10.5],"texture":"#0"}}},{"from":[14.0,15.0,0.0],"to":[16.0,16.0,14.0],"faces":{"north":{"uv":[8.0,2.0,8.5,2.25],"texture":"#0"},"east":{"uv":[7.0,6.0,10.5,6.25],"texture":"#0"},"south":{"uv":[8.0,2.25,8.5,2.5],"texture":"#0"},"west":{"uv":[7.0,6.25,10.5,6.5],"texture":"#0"},"up":{"uv":[5.5,10.5,5.0,7.0],"texture":"#0"},"down":{"uv":[6.0,7.0,5.5,10.5],"texture":"#0"}}},{"from":[2.0,9.0,0.0],"to":[14.0,9.0,15.0],"faces":{"up":{"uv":[3.0,3.75,0.0,0.0],"texture":"#0","tintindex":0},"down":{"uv":[3.0,0.0,0.0,3.75],"texture":"#0","tintindex":0}}},{"from":[2.0,9.0,15.0],"to":[14.0,22.0,15.0],"faces":{"north":{"uv":[0.0,3.75,3.0,7.0],"texture":"#0","tintindex":0},"south":{"uv":[3.0,3.75,0.0,7.0],"texture":"#0","tintindex":0}}},{"from":[14.0,0.0,14.0],"to":[16.0,22.0,16.0],"faces":{"north":{"uv":[7.0,0.0,7.5,5.5],"texture":"#0"},"east":{"uv":[3.5,7.0,4.0,12.5],"texture":"#0"},"south":{"uv":[4.0,7.0,4.5,12.5],"texture":"#0"},"west":{"uv":[4.0,7.0,3.5,12.5],"texture":"#0"},"up":{"uv":[8.5,1.5,8.0,1.0],"texture":"#0"},"down":{"uv":[8.5,1.5,8.0,2.0],"texture":"#0"}}},{"from":[0.0,0.0,0.0],"to":[2.0,10.0,2.0],"faces":{"north":{"uv":[7.5,3.0,8.0,5.5],"texture":"#0"},"east":{"uv":[6.5,7.5,7.0,10.0],"texture":"#0"},"south":{"uv":[7.0,7.5,7.5,10.0],"texture":"#0"},"west":{"uv":[7.5,7.5,8.0,10.0],"texture":"#0"},"up":{"uv":[7.5,7.0,7.0,6.5],"texture":"#0"},"down":{"uv":[8.0,6.5,7.5,7.0],"texture":"#0"}}},{"from":[1.0,0.0,0.0],"to":[1.0,15.0,14.0],"faces":{"east":{"uv":[0.0,7.0,3.5,10.75],"texture":"#0"},"west":{"uv":[3.5,7.0,0.0,10.75],"texture":"#0"}}},{"from":[0.0,8.0,2.0],"to":[2.0,10.0,14.0],"faces":{"north":{"uv":[8.0,0.0,8.5,0.5],"texture":"#0"},"east":{"uv":[7.0,5.5,10.0,6.0],"texture":"#0"},"south":{"uv":[8.0,0.5,8.5,1.0],"texture":"#0"},"west":{"uv":[6.0,7.0,9.0,7.5],"texture":"#0"},"up":{"uv":[8.0,3.0,7.5,0.0],"texture":"#0"},"down":{"uv":[6.5,7.5,6.0,10.5],"texture":"#0"}}},{"from":[0.0,15.0,0.0],"to":[2.0,16.0,14.0],"faces":{"north":{"uv":[8.0,2.0,8.5,2.25],"texture":"#0"},"east":{"uv":[7.0,6.0,10.5,6.25],"texture":"#0"},"south":{"uv":[8.0,2.25,8.5,2.5],"texture":"#0"},"west":{"uv":[7.0,6.25,10.5,6.5],"texture":"#0"},"up":{"uv":[5.5,10.5,5.0,7.0],"texture":"#0"},"down":{"uv":[6.0,7.0,5.5,10.5],"texture":"#0"}}},{"from":[0.0,0.0,14.0],"to":[2.0,22.0,16.0],"faces":{"north":{"uv":[7.0,0.0,7.5,5.5],"texture":"#0"},"east":{"uv":[3.5,7.0,4.0,12.5],"texture":"#0"},"south":{"uv":[4.0,7.0,4.5,12.5],"texture":"#0"},"west":{"uv":[4.0,7.0,3.5,12.5],"texture":"#0"},"up":{"uv":[8.5,1.5,8.0,1.0],"texture":"#0"},"down":{"uv":[8.5,1.5,8.0,2.0],"texture":"#0"}}}],"textures":{"0":"35889a75-2821-4bf7-9fa8-acabe343b5f6:d3d16ef4-a60c-4b6a-aae6-2d54d94f92ad"},"gui_light":"front"}