{"display":{"thirdperson_righthand":{"rotation":[0.0,-90.0,-90.0],"translation":[3.0,-2.5,2.0]},"thirdperson_lefthand":{"rotation":[0.0,-90.0,-90.0],"translation":[3.0,-2.5,2.0]},"firstperson_righthand":{"rotation":[0.0,-9.0,0.0],"translation":[-2.5,-0.25,0.0]},"firstperson_lefthand":{"rotation":[0.0,-9.0,0.0],"translation":[-2.5,-0.25,0.0]},"ground":{"rotation":[45.0,0.0,0.0],"translation":[0.0,2.75,0.0],"scale":[0.7,0.7,0.7]},"gui":{"rotation":[0.0,160.0,17.0],"translation":[-0.25,-0.75,0.0],"scale":[0.93,0.93,0.93]},"head":{"scale":[0.0,0.0,0.0]},"fixed":{"rotation":[0.0,0.0,45.0],"translation":[1.5,-0.75,-0.25],"scale":[1.29,1.29,1.29]}},"elements":[{"from":[6.5,1.0,6.75],"to":[9.5,17.0,9.75],"rotation":{"origin":[7.5,0.0,7.75],"axis":"y","angle":0.0},"faces":{"north":{"uv":[0.0,0.0,1.5,8.0],"texture":"#3"},"east":{"uv":[1.5,0.0,3.0,8.0],"texture":"#3"},"south":{"uv":[3.0,0.0,4.5,8.0],"texture":"#3"},"west":{"uv":[4.5,0.0,6.0,8.0],"texture":"#3"},"up":{"uv":[13.5,1.5,12.0,0.0],"texture":"#3"},"down":{"uv":[13.5,1.5,12.0,3.0],"texture":"#3"}}},{"from":[4.5,2.0,7.25],"to":[6.5,18.0,9.25],"rotation":{"origin":[4.5,2.0,8.25],"axis":"y","angle":0.0},"faces":{"north":{"uv":[6.0,0.0,7.0,8.0],"texture":"#3"},"east":{"uv":[7.0,0.0,8.0,8.0],"texture":"#3"},"south":{"uv":[0.0,8.0,1.0,16.0],"texture":"#3"},"west":{"uv":[8.0,0.0,9.0,8.0],"texture":"#3"},"up":{"uv":[13.5,8.0,12.5,7.0],"texture":"#3"},"down":{"uv":[13.5,8.0,12.5,9.0],"texture":"#3"}}},{"from":[9.5,2.0,7.25],"to":[11.5,16.0,9.25],"rotation":{"origin":[10.5,0.0,8.25],"axis":"y","angle":0.0},"faces":{"north":{"uv":[1.0,8.0,2.0,15.0],"texture":"#3"},"east":{"uv":[2.0,8.0,3.0,15.0],"texture":"#3"},"south":{"uv":[3.0,8.0,4.0,15.0],"texture":"#3"},"west":{"uv":[4.0,8.0,5.0,15.0],"texture":"#3"},"up":{"uv":[13.5,10.0,12.5,9.0],"texture":"#3"},"down":{"uv":[14.0,10.0,13.0,11.0],"texture":"#3"}}},{"from":[11.5,2.5,7.0],"to":[13.5,14.5,9.0],"rotation":{"origin":[12.5,0.5,8.0],"axis":"y","angle":0.0},"faces":{"north":{"uv":[5.0,8.0,6.0,14.0],"texture":"#3"},"east":{"uv":[6.0,8.0,7.0,14.0],"texture":"#3"},"south":{"uv":[7.0,8.0,8.0,14.0],"texture":"#3"},"west":{"uv":[8.0,8.0,9.0,14.0],"texture":"#3"},"up":{"uv":[12.0,14.0,11.0,13.0],"texture":"#3"},"down":{"uv":[14.0,11.0,13.0,12.0],"texture":"#3"}}},{"from":[2.5,4.5,7.0],"to":[4.5,14.5,9.0],"rotation":{"origin":[2.5,0.5,8.0],"axis":"y","angle":0.0},"faces":{"north":{"uv":[9.0,4.0,10.0,9.0],"texture":"#3"},"east":{"uv":[9.0,9.0,10.0,14.0],"texture":"#3"},"south":{"uv":[10.0,4.0,11.0,9.0],"texture":"#3"},"west":{"uv":[10.0,9.0,11.0,14.0],"texture":"#3"},"up":{"uv":[13.0,14.0,12.0,13.0],"texture":"#3"},"down":{"uv":[14.0,12.0,13.0,13.0],"texture":"#3"}}},{"from":[5.0,8.0,9.0],"to":[11.0,10.0,13.0],"rotation":{"origin":[8.0,8.0,10.0],"axis":"y","angle":0.0},"faces":{"north":{"uv":[11.0,4.0,14.0,5.0],"texture":"#3"},"east":{"uv":[12.0,3.0,14.0,4.0],"texture":"#3"},"south":{"uv":[11.0,5.0,14.0,6.0],"texture":"#3"},"west":{"uv":[12.5,6.0,14.5,7.0],"texture":"#3"},"up":{"uv":[12.0,2.0,9.0,0.0],"texture":"#3"},"down":{"uv":[12.0,2.0,9.0,4.0],"texture":"#3"}}},{"from":[12.53806,9.80866,8.0],"to":[15.53806,13.80866,8.0],"rotation":{"origin":[14.03806,11.80866,8.0],"axis":"z","angle":-45.0},"faces":{"north":{"uv":[11.0,6.0,12.5,8.0],"texture":"#3"},"east":{"uv":[0.0,0.0,0.0,2.0],"texture":"#3"},"south":{"uv":[11.0,8.0,12.5,10.0],"texture":"#3"},"west":{"uv":[0.0,0.0,0.0,2.0],"texture":"#3"},"up":{"uv":[1.5,0.0,0.0,0.0],"texture":"#3"},"down":{"uv":[1.5,0.0,0.0,0.0],"texture":"#3"}}},{"from":[1.46194,2.05866,8.0],"to":[5.46194,5.05866,8.0],"rotation":{"origin":[3.46194,3.55866,8.0],"axis":"z","angle":45.0},"faces":{"north":{"uv":[12.5,6.0,11.0,8.0],"texture":"#3","rotation":90},"east":{"uv":[0.0,0.0,1.5,0.0],"texture":"#3","rotation":270},"south":{"uv":[12.5,8.0,11.0,10.0],"texture":"#3","rotation":270},"west":{"uv":[0.0,0.0,1.5,0.0],"texture":"#3","rotation":270},"up":{"uv":[0.0,0.0,0.0,2.0],"texture":"#3","rotation":270},"down":{"uv":[0.0,0.0,0.0,2.0],"texture":"#3","rotation":270}}}],"textures":{"3":"a966757d-4284-49e3-8961-66ea349a56a0:cfc076b5-2ea1-47cb-aef8-e99a9e3c5ca0"},"gui_light":"front"}