{"parent":"item/generated","textures":{"layer0":"item/leather_horse_armor"},"overrides":[{"predicate":{"custom_model_data":1000},"model":"a54f2cd2-5011-4f69-9fcf-3c686c67132b:44076ca0-c38c-49c5-a52b-92286f17ffcc"},{"predicate":{"custom_model_data":1001},"model":"a54f2cd2-5011-4f69-9fcf-3c686c67132b:7a74de94-f791-4565-b3c0-8a01867f62cb"},{"predicate":{"custom_model_data":1002},"model":"a54f2cd2-5011-4f69-9fcf-3c686c67132b:af1b03be-aad8-4b1b-9d27-6d529a433520"},{"predicate":{"custom_model_data":1003},"model":"a54f2cd2-5011-4f69-9fcf-3c686c67132b:e29fa5cc-bd94-4ab1-9fdb-94fa5b805e78"}]}