{"parent":"item/generated","textures":{"layer0":"item/paper"},"overrides":[{"predicate":{"custom_model_data":1000},"model":"nexo:a9ec74f9-7100-4c52-83e5-5afe45258087"},{"predicate":{"custom_model_data":1001},"model":"nexo:e3e6a03f-69b5-4e48-ae79-8dea970da649"},{"predicate":{"custom_model_data":1002},"model":"nexo:c807a389-97f1-4947-8c01-c9ab6cb064da"},{"predicate":{"custom_model_data":1003},"model":"nexo:d458530a-afe0-46b2-8908-b8bfd40c86a0"},{"predicate":{"custom_model_data":1004},"model":"nexo:6d756e67-3145-491f-9475-a541b726f913"},{"predicate":{"custom_model_data":1005},"model":"nexo:92118e50-51af-41e0-b50a-8a97743cf102"},{"predicate":{"custom_model_data":1006},"model":"bbacba06-5d2b-4ae9-8de8-72eb3b385ca7"},{"predicate":{"custom_model_data":1007},"model":"25d621ab-204b-437a-822a-6f606e8e91a3"},{"predicate":{"custom_model_data":1008},"model":"ae9fdfbc-f145-4388-bd6d-15130258434e"},{"predicate":{"custom_model_data":1013},"model":"a3e6323d-0277-428a-8dc8-d198bdf8fd4e"},{"predicate":{"custom_model_data":1014},"model":"7a49b35e-9394-40ca-92b6-d8238d8aed77"},{"predicate":{"custom_model_data":1015},"model":"a55e8169-e478-4d8c-9af6-f52a1cd1353c"},{"predicate":{"custom_model_data":1040},"model":"ddde9505-078c-4827-89d7-83aa4e1965f6"},{"predicate":{"custom_model_data":1041},"model":"6eba1f15-de08-434c-99fe-7152e383a303"},{"predicate":{"custom_model_data":1042},"model":"546cb841-01ca-470f-a976-5cb879d2eecc"},{"predicate":{"custom_model_data":1043},"model":"528e2ed9-61df-4941-81d8-8e732722fed5"},{"predicate":{"custom_model_data":1044},"model":"dafce478-468e-4c6a-9ead-6429851a032d"},{"predicate":{"custom_model_data":1045},"model":"c385ad30-5967-486f-8529-68537d74bbc5"},{"predicate":{"custom_model_data":1046},"model":"629bb0c5-6a4c-43d4-9000-aeed1e9b60d4"},{"predicate":{"custom_model_data":1047},"model":"35bfbb3d-ad79-4b3c-9289-4a1ace29e9d6"},{"predicate":{"custom_model_data":1048},"model":"a24c9c68-9a85-4df7-bd34-f4261abedc5b"},{"predicate":{"custom_model_data":1049},"model":"22300abe-5717-49f4-8634-e815a5bf95f0"},{"predicate":{"custom_model_data":1050},"model":"39c1ecb1-adbe-4190-bf5c-7c3c4d10ec46"},{"predicate":{"custom_model_data":1051},"model":"bdaaf593-fe62-49d6-8295-7d1ef5cca1bf"},{"predicate":{"custom_model_data":1052},"model":"5d5151dc-1b43-40da-a613-43174929e53e"},{"predicate":{"custom_model_data":1053},"model":"c1320929-c407-4b94-a9e9-99163fbaa34a"},{"predicate":{"custom_model_data":1054},"model":"f336eafc-b7d0-4170-89e1-65981014f49b"},{"predicate":{"custom_model_data":1055},"model":"3e4e1277-f20a-4a55-8f86-8bcceb0329e7"},{"predicate":{"custom_model_data":1056},"model":"eb664252-ca81-4277-ac59-9c95d64b1972"},{"predicate":{"custom_model_data":1057},"model":"f5235c2b-4c7c-4bef-9343-bbf477794af6"},{"predicate":{"custom_model_data":1058},"model":"f52c0bd5-f9c7-434f-b5cd-9e3d862ba8f8"},{"predicate":{"custom_model_data":1059},"model":"98b9da2e-5752-4c05-9c97-f5b73ea229ea"},{"predicate":{"custom_model_data":1060},"model":"d40b4042-fca3-44ee-90ab-013ed653e29e"},{"predicate":{"custom_model_data":1061},"model":"95baf82f-306c-458f-a520-36f5d99fb81a"},{"predicate":{"custom_model_data":1062},"model":"f6e4d240-10b2-458f-a776-99bc71cf9d9c"},{"predicate":{"custom_model_data":1063},"model":"3935c884-2060-4f78-97f0-74f0ef2793b6"},{"predicate":{"custom_model_data":1064},"model":"5a36c0b8-d9b2-4336-b80a-44ab534695a4"},{"predicate":{"custom_model_data":1065},"model":"264aa267-998b-49f4-ae8c-fb5ca7a176a2"},{"predicate":{"custom_model_data":1066},"model":"b5947e56-e411-44ee-af3f-30e15cc19f6b"},{"predicate":{"custom_model_data":1067},"model":"c2023bd5-578e-4b6a-9a03-c3bcb8c39d65"},{"predicate":{"custom_model_data":1068},"model":"91da0416-61a8-41d9-920c-64bff42443f2"},{"predicate":{"custom_model_data":1069},"model":"2c068018-1d85-42ad-804e-cf107cfa2efd"},{"predicate":{"custom_model_data":1070},"model":"82a7aa57-9c99-4669-8f3f-184e61658d0d"}]}