{"display":{"thirdperson_righthand":{"rotation":[75.0,45.0,0.0],"translation":[-0.5,2.25,2.0],"scale":[0.375,0.375,0.375]},"firstperson_righthand":{"rotation":[0.0,15.0,0.0],"translation":[1.75,3.25,0.0],"scale":[0.4,0.4,0.4]},"firstperson_lefthand":{"scale":[0.4,0.4,0.4]},"ground":{"translation":[0.0,3.0,0.0],"scale":[0.25,0.25,0.25]},"gui":{"rotation":[90.0,0.0,0.0],"translation":[-0.5,0.75,0.0],"scale":[1.2,1.2,1.2]},"head":{"translation":[0.0,14.5,0.0]},"fixed":{"rotation":[-90.0,0.0,0.0],"translation":[0.0,0.0,-8.25]}},"elements":[{"from":[9.0,0.1,9.0],"to":[15.0,2.1,15.0],"faces":{"north":{"uv":[0.0,0.0,6.0,2.0],"texture":"#0"},"east":{"uv":[0.0,0.0,6.0,2.0],"texture":"#0"},"south":{"uv":[0.0,0.0,6.0,2.0],"texture":"#0"},"west":{"uv":[0.0,0.0,6.0,2.0],"texture":"#0"},"up":{"uv":[0.0,0.0,6.0,6.0],"texture":"#0"},"down":{"uv":[0.0,0.0,6.0,6.0],"texture":"#0"}}},{"from":[2.0,0.1,4.0],"to":[8.0,3.1,10.0],"faces":{"north":{"uv":[0.0,0.0,6.0,3.0],"texture":"#0"},"east":{"uv":[0.0,0.0,6.0,3.0],"texture":"#0"},"south":{"uv":[0.0,0.0,6.0,3.0],"texture":"#0"},"west":{"uv":[0.0,0.0,6.0,3.0],"texture":"#0"},"up":{"uv":[0.0,0.0,6.0,6.0],"texture":"#0"},"down":{"uv":[0.0,0.0,6.0,6.0],"texture":"#0"}}},{"from":[11.0,0.1,2.0],"to":[14.0,1.1,5.0],"faces":{"north":{"uv":[0.0,0.0,3.0,1.0],"texture":"#0"},"east":{"uv":[0.0,0.0,3.0,1.0],"texture":"#0"},"south":{"uv":[0.0,0.0,3.0,1.0],"texture":"#0"},"west":{"uv":[0.0,0.0,3.0,1.0],"texture":"#0"},"up":{"uv":[0.0,0.0,3.0,3.0],"texture":"#0"},"down":{"uv":[0.0,0.0,3.0,3.0],"texture":"#0"}}}],"textures":{"0":"block/mossy_cobblestone","particle":"block/mossy_cobblestone"},"gui_light":"front"}