{"parent":"item/generated","textures":{"layer0":"item/leather_horse_armor"},"overrides":[{"predicate":{"custom_model_data":1000},"model":"32504f9f-aadb-440f-8d9d-a1fc47c88801:52c05bca-d1c5-494e-bcff-a591ca3cde1d"},{"predicate":{"custom_model_data":1001},"model":"32504f9f-aadb-440f-8d9d-a1fc47c88801:52681f3d-f068-41b8-a999-01cfa9f9560d"},{"predicate":{"custom_model_data":1002},"model":"32504f9f-aadb-440f-8d9d-a1fc47c88801:1ac64e3d-b400-4ac7-8cae-59b962fbf189"},{"predicate":{"custom_model_data":1003},"model":"32504f9f-aadb-440f-8d9d-a1fc47c88801:ecb1ba69-ae4c-48ea-9cbc-d333b6c1c9c5"}]}