{"sources":[{"type":"single","resource":"block/birch_planks"},{"type":"single","resource":"block/black_concrete"},{"type":"single","resource":"block/black_stained_glass"},{"type":"single","resource":"block/black_wool"},{"type":"single","resource":"block/blue_wool"},{"type":"single","resource":"block/brown_wool"},{"type":"single","resource":"block/campfire_fire"},{"type":"single","resource":"block/campfire_log_lit"},{"type":"single","resource":"block/cartography_table_side3"},{"type":"single","resource":"block/cauldron_inner"},{"type":"single","resource":"block/cauldron_side"},{"type":"single","resource":"block/clay"},{"type":"single","resource":"block/cobblestone"},{"type":"single","resource":"block/cyan_wool"},{"type":"single","resource":"block/dark_oak_planks"},{"type":"single","resource":"block/furnace_top"},{"type":"single","resource":"block/glass"},{"type":"single","resource":"block/gold_block"},{"type":"single","resource":"block/gray_wool"},{"type":"single","resource":"block/green_wool"},{"type":"single","resource":"block/iron_bars"},{"type":"single","resource":"block/iron_block"},{"type":"single","resource":"block/lava_still"},{"type":"single","resource":"block/light_blue_wool"},{"type":"single","resource":"block/light_gray_concrete"},{"type":"single","resource":"block/light_gray_wool"},{"type":"single","resource":"block/lime_wool"},{"type":"single","resource":"block/magenta_wool"},{"type":"single","resource":"block/mossy_cobblestone"},{"type":"single","resource":"block/oak_log"},{"type":"single","resource":"block/oak_log_top"},{"type":"single","resource":"block/oak_planks"},{"type":"single","resource":"block/orange_wool"},{"type":"single","resource":"block/pink_wool"},{"type":"single","resource":"block/purple_wool"},{"type":"single","resource":"block/quartz_block_side"},{"type":"single","resource":"block/quartz_block_top"},{"type":"single","resource":"block/red_concrete"},{"type":"single","resource":"block/red_wool"},{"type":"single","resource":"block/sandstone"},{"type":"single","resource":"block/spruce_log"},{"type":"single","resource":"block/spruce_log_top"},{"type":"single","resource":"block/spruce_planks"},{"type":"single","resource":"block/stone_bricks"},{"type":"single","resource":"block/stripped_spruce_log"},{"type":"single","resource":"block/white_concrete"},{"type":"single","resource":"block/white_wool"},{"type":"single","resource":"block/yellow_wool"},{"type":"single","resource":"2dde4ef7-6464-4ec7-bd28-f897e05154a6:d6b53714-1f42-4d23-ad33-120bd73b7bf3"},{"type":"single","resource":"2dde4ef7-6464-4ec7-bd28-f897e05154a6:e1d2193f-7088-4459-b492-664f6adc30f4"},{"type":"single","resource":"2dde4ef7-6464-4ec7-bd28-f897e05154a6:aba86a75-eef1-4108-b7fb-b373fc231d14"},{"type":"single","resource":"2dde4ef7-6464-4ec7-bd28-f897e05154a6:4646e570-e839-40c3-b340-26d54a2d43a1"},{"type":"single","resource":"2dde4ef7-6464-4ec7-bd28-f897e05154a6:ff6a3a70-902b-4313-a112-011b11bd5653"},{"type":"single","resource":"entity/chest/normal"},{"type":"single","resource":"2dde4ef7-6464-4ec7-bd28-f897e05154a6:011f9ca4-92b2-464e-9033-b4047ff332ca"},{"type":"single","resource":"2dde4ef7-6464-4ec7-bd28-f897e05154a6:3c92a909-700a-4ad1-835f-a89c680b4115"},{"type":"single","resource":"2dde4ef7-6464-4ec7-bd28-f897e05154a6:86ff130a-f757-4c46-aa9f-1d08d6261461"},{"type":"single","resource":"2dde4ef7-6464-4ec7-bd28-f897e05154a6:be6f5896-7cac-4912-bd8a-13b8a9fd382a"},{"type":"single","resource":"2dde4ef7-6464-4ec7-bd28-f897e05154a6:6e133b2d-b441-4a00-ba88-38843b952e83"},{"type":"single","resource":"2dde4ef7-6464-4ec7-bd28-f897e05154a6:516ab010-2d91-4c31-bb81-01f919c2fd9b"},{"type":"single","resource":"2dde4ef7-6464-4ec7-bd28-f897e05154a6:d00d2042-b883-4a36-9edf-09d1978ec065"},{"type":"single","resource":"2dde4ef7-6464-4ec7-bd28-f897e05154a6:78d3d6dc-6d5b-49e6-b17b-171de878be94"},{"type":"single","resource":"2dde4ef7-6464-4ec7-bd28-f897e05154a6:811cf77c-4db1-4c4b-8f24-ecd1dbaebcbf"},{"type":"single","resource":"2dde4ef7-6464-4ec7-bd28-f897e05154a6:193c007e-b224-4034-8b9d-21ce4c2471b4"},{"type":"single","resource":"9b670ba0-18fb-4c92-a3e4-c2e41ae29134:7a1f7053-6a73-478c-ab34-3a20ca41768b"},{"type":"single","resource":"9b670ba0-18fb-4c92-a3e4-c2e41ae29134:c551c3be-a81c-4ec4-b945-f1648508428a"},{"type":"single","resource":"9b670ba0-18fb-4c92-a3e4-c2e41ae29134:3049bf41-3710-4165-94e8-1d0124eb0b19"},{"type":"single","resource":"2dde4ef7-6464-4ec7-bd28-f897e05154a6:28efc648-f165-43ce-a598-fb538e3bf8ae"},{"type":"single","resource":"2dde4ef7-6464-4ec7-bd28-f897e05154a6:511e0846-0991-411c-9e78-e32fadeb7724"},{"type":"single","resource":"2dde4ef7-6464-4ec7-bd28-f897e05154a6:c045820b-4f7c-40e6-a2e2-5dc84474dd56"},{"type":"single","resource":"9b670ba0-18fb-4c92-a3e4-c2e41ae29134:7165ecaf-e798-426e-9f19-91d106e822bc"},{"type":"single","resource":"9b670ba0-18fb-4c92-a3e4-c2e41ae29134:3b112893-700f-4d93-b0b0-45c406328490"},{"type":"single","resource":"2dde4ef7-6464-4ec7-bd28-f897e05154a6:d8115396-2ab0-4f83-8907-3a92ce45ea21"},{"type":"single","resource":"2dde4ef7-6464-4ec7-bd28-f897e05154a6:f43a08b9-35b6-4202-ab58-21de7e6a679b"},{"type":"single","resource":"2dde4ef7-6464-4ec7-bd28-f897e05154a6:9b93cd1c-6a6d-4563-ab21-9601fbc31761"},{"type":"single","resource":"2dde4ef7-6464-4ec7-bd28-f897e05154a6:c12e4ea8-5704-49da-bd7a-b6688b225c4c"},{"type":"single","resource":"2dde4ef7-6464-4ec7-bd28-f897e05154a6:debdbb3c-11c3-471c-a714-4e04da59f86d"},{"type":"single","resource":"2dde4ef7-6464-4ec7-bd28-f897e05154a6:1e1b2776-207f-4ccd-acea-23c27418b8a9"},{"type":"single","resource":"2dde4ef7-6464-4ec7-bd28-f897e05154a6:aa2e42e7-2783-4a3b-896f-54537fe02b59"},{"type":"single","resource":"item/chainmail_boots"},{"type":"single","resource":"item/chainmail_chestplate"},{"type":"single","resource":"item/chainmail_helmet"},{"type":"single","resource":"item/chainmail_leggings"},{"type":"single","resource":"item/crossbow_standby"},{"type":"single","resource":"item/leather_horse_armor"},{"type":"single","resource":"item/leather_horse_armor_overlay"},{"type":"single","resource":"item/netherite_axe"},{"type":"single","resource":"item/netherite_hoe"},{"type":"single","resource":"item/netherite_pickaxe"},{"type":"single","resource":"item/netherite_shovel"},{"type":"single","resource":"item/netherite_sword"},{"type":"single","resource":"288d7f4e-865f-4c67-87f9-85eb463183ef:c9d2a91b-2d65-4801-9ef7-e220c815f6f1"},{"type":"single","resource":"288d7f4e-865f-4c67-87f9-85eb463183ef:59cf3c82-cabb-4fc7-9973-f676a37156fa"},{"type":"single","resource":"288d7f4e-865f-4c67-87f9-85eb463183ef:782c94b0-0af8-433e-aebc-0da13d676790"},{"type":"single","resource":"288d7f4e-865f-4c67-87f9-85eb463183ef:53c029c8-f16d-47c5-b9f1-645eec6601c7"},{"type":"single","resource":"288d7f4e-865f-4c67-87f9-85eb463183ef:119761b3-bbb9-4096-a4f7-cd7418344238"},{"type":"single","resource":"288d7f4e-865f-4c67-87f9-85eb463183ef:8eb383e1-3ae8-4053-8f2e-218357c9b814"},{"type":"single","resource":"288d7f4e-865f-4c67-87f9-85eb463183ef:e0fd2aaf-ff6a-4810-ab4d-98a309bc3aed"},{"type":"single","resource":"288d7f4e-865f-4c67-87f9-85eb463183ef:bd173a23-48b2-445a-8289-760d4769a4db"},{"type":"single","resource":"288d7f4e-865f-4c67-87f9-85eb463183ef:5e78661c-5063-4438-8cac-18d64a6264fb"},{"type":"single","resource":"288d7f4e-865f-4c67-87f9-85eb463183ef:eca28e85-8042-42f8-b35c-909dd02e47cf"},{"type":"single","resource":"288d7f4e-865f-4c67-87f9-85eb463183ef:eaf5bd1c-b27d-4585-adfd-b0ebb9ec2229"},{"type":"single","resource":"288d7f4e-865f-4c67-87f9-85eb463183ef:99643ef1-c742-45c5-a5da-24d52776f450"},{"type":"single","resource":"288d7f4e-865f-4c67-87f9-85eb463183ef:ff796bd9-bc49-454c-91f1-aad5af3a6af6"},{"type":"single","resource":"288d7f4e-865f-4c67-87f9-85eb463183ef:ed1f1819-1b26-45c1-863e-2682dbbbe06c"},{"type":"single","resource":"288d7f4e-865f-4c67-87f9-85eb463183ef:e28a5220-ef5a-4eec-9bc4-1069fc82c576"},{"type":"single","resource":"288d7f4e-865f-4c67-87f9-85eb463183ef:1e2dd1b9-84cb-466c-80a1-4bcc9712a21b"},{"type":"single","resource":"288d7f4e-865f-4c67-87f9-85eb463183ef:007aaaa6-2fcd-40cc-9161-eb690007c997"},{"type":"single","resource":"288d7f4e-865f-4c67-87f9-85eb463183ef:77676096-7fdf-4776-a5d1-d8cb97ee773f"},{"type":"single","resource":"288d7f4e-865f-4c67-87f9-85eb463183ef:56576672-0a5f-496e-9a60-7dca4d60f53d"},{"type":"single","resource":"288d7f4e-865f-4c67-87f9-85eb463183ef:f0d0dbcc-153e-495b-bc73-9a28439e2c29"},{"type":"single","resource":"288d7f4e-865f-4c67-87f9-85eb463183ef:7deed155-d63e-4c87-94d1-9f014c0ab301"},{"type":"single","resource":"288d7f4e-865f-4c67-87f9-85eb463183ef:8485c4a9-6546-4f1f-9e21-e060527ea280"},{"type":"single","resource":"288d7f4e-865f-4c67-87f9-85eb463183ef:99fcce07-5f95-42dd-9a51-7d18b86818fe"},{"type":"single","resource":"288d7f4e-865f-4c67-87f9-85eb463183ef:664b49d7-08d2-45cd-911f-aabb7070a13f"},{"type":"single","resource":"288d7f4e-865f-4c67-87f9-85eb463183ef:f991f346-ecc9-4e78-96e3-2f889d994615"},{"type":"single","resource":"288d7f4e-865f-4c67-87f9-85eb463183ef:f3b8ea86-12bc-4118-abfe-19705cc61619"},{"type":"single","resource":"288d7f4e-865f-4c67-87f9-85eb463183ef:1655975c-c4fc-4767-baaf-bdbe5258d7b6"},{"type":"single","resource":"288d7f4e-865f-4c67-87f9-85eb463183ef:1f3e79d8-3798-4a0b-a40a-a43a53f3ab04"},{"type":"single","resource":"288d7f4e-865f-4c67-87f9-85eb463183ef:50709890-b465-4bff-9a81-a29f0ab93d7a"},{"type":"single","resource":"288d7f4e-865f-4c67-87f9-85eb463183ef:4ccc2504-636f-438a-a98e-50856a011022"},{"type":"single","resource":"288d7f4e-865f-4c67-87f9-85eb463183ef:1e567bac-19b2-492f-a274-f0e06a132d5e"},{"type":"single","resource":"288d7f4e-865f-4c67-87f9-85eb463183ef:12697e02-b207-4466-9b24-13265aa7bfd1"},{"type":"single","resource":"288d7f4e-865f-4c67-87f9-85eb463183ef:df2da09e-9396-4312-8c45-35671de6cc8b"},{"type":"single","resource":"288d7f4e-865f-4c67-87f9-85eb463183ef:69c2e512-ec66-41a6-95ba-7c226fe35ea1"},{"type":"single","resource":"item/paper"},{"type":"single","resource":"2dde4ef7-6464-4ec7-bd28-f897e05154a6:2ab6bc7c-2084-472b-843f-4ea046cc9d28"},{"type":"single","resource":"2dde4ef7-6464-4ec7-bd28-f897e05154a6:b0daf180-cc51-483f-910a-efa9f6ec0ebb"},{"type":"single","resource":"2dde4ef7-6464-4ec7-bd28-f897e05154a6:731fa5ac-b669-4691-913a-33b44097e2df"},{"type":"single","resource":"2dde4ef7-6464-4ec7-bd28-f897e05154a6:ea507a1f-fef9-4bef-a5a8-8e5eb6f0a591"},{"type":"single","resource":"2dde4ef7-6464-4ec7-bd28-f897e05154a6:ee9db8bb-b88c-45cf-8223-5d40d84152ca"},{"type":"single","resource":"2dde4ef7-6464-4ec7-bd28-f897e05154a6:0d38991d-fde2-48e8-9503-92372dc16d05"},{"type":"single","resource":"2dde4ef7-6464-4ec7-bd28-f897e05154a6:631871a9-f44b-4a79-acd6-3aa7ec3c4880"}]}