{"providers":[{"type":"bitmap","file":"5528b4b6-4004-476c-9816-1b0afa1a07da.png","height":114,"ascent":13,"chars":["ꑅ"]},{"type":"bitmap","file":"e2f77e48-325d-44c1-ba21-ff3533e27fe6.png","ascent":8,"chars":["꒚"]},{"type":"bitmap","file":"54b3bfcd-ca2c-4173-a985-3716c63334c7.png","height":7,"ascent":7,"chars":["ꑖ"]},{"type":"bitmap","file":"76ab69e8-a3e6-45bb-999f-f4ee81828667.png","height":7,"ascent":7,"chars":["ꑛ"]},{"type":"bitmap","file":"fe47a7f4-18ed-49ad-8e14-09791ecce6f8.png","ascent":8,"chars":["ꓯ"]},{"type":"bitmap","file":"fb43f6ae-e977-4009-a663-1e80f5554065.png","height":7,"ascent":7,"chars":["ꑂ"]},{"type":"bitmap","file":"48c684d4-d247-4c80-b2f5-df22916595dc.png","ascent":8,"chars":["꒽"]},{"type":"bitmap","file":"5da2bdbc-b05a-4650-9967-0cd195eea290.png","ascent":8,"chars":["ꒈ"]},{"type":"bitmap","file":"edaa7c33-19a8-495d-9fef-614c670346f7.png","ascent":8,"chars":["ꔳ"]},{"type":"bitmap","file":"1f73c7f4-f2fa-4f1d-ba88-fed56ee570ca.png","ascent":8,"chars":["꓿"]},{"type":"bitmap","file":"57d1a8e7-b1eb-4f65-bb6b-4ca4132e104d.png","ascent":8,"chars":["ꒅ"]},{"type":"bitmap","file":"2ef75a41-9793-46ce-8f2c-1f28de1f4511.png","ascent":8,"chars":["꒝"]},{"type":"bitmap","file":"49bfb2db-5a61-4cb4-a1bc-499410df4bc4.png","ascent":8,"chars":["ꔜ"]},{"type":"bitmap","file":"feee3c91-9465-4420-98ce-27a1560a88a5.png","ascent":8,"chars":["ꓢ"]},{"type":"bitmap","file":"8d3fb9c8-0e76-4788-b349-c156df4603aa.png","height":7,"ascent":7,"chars":["ꑔ"]},{"type":"bitmap","file":"2ee50cbf-a0f4-4950-a09e-2d490541f3c9.png","ascent":8,"chars":["ꔁ"]},{"type":"bitmap","file":"f0877754-3b20-45f9-ac3a-2869b23dbbb6.png","height":256,"ascent":37,"chars":["ꐛ"]},{"type":"bitmap","file":"ca94c443-0c17-4252-88c7-8e9e1a1a3553.png","height":114,"ascent":13,"chars":["ꑌ"]},{"type":"bitmap","file":"a9d2ba99-510a-41df-b716-416a3c5cbc29.png","ascent":8,"chars":["ꒄ"]},{"type":"bitmap","file":"b3947c95-73e2-40cf-bd23-3b168fe8dddb.png","ascent":8,"chars":["ꓸ"]},{"type":"bitmap","file":"5d19cc8e-d9d4-4e2e-8ebd-3d8ee9a83b84.png","height":7,"ascent":7,"chars":["ꑓ"]},{"type":"bitmap","file":"b4b9b645-1251-4298-9a4c-cc7cd9d4e3a7.png","ascent":8,"chars":["꓾"]},{"type":"bitmap","file":"a842ca4d-5495-4336-acf9-6319b27694b2.png","height":7,"ascent":7,"chars":["ꐼ"]},{"type":"bitmap","file":"c39db9e0-a7ff-4c84-84b8-b2deb859f3d6.png","ascent":8,"chars":["ꒉ"]},{"type":"bitmap","file":"e61dc5e1-a20f-439b-bc6e-f3021447ff54.png","ascent":8,"chars":["꓇"]},{"type":"bitmap","file":"4d36eae3-1275-43e4-8ca0-4b79cde37e04.png","ascent":8,"chars":["꒜"]},{"type":"bitmap","file":"846bfce8-33f6-41ac-b53b-0714b0f02d62.png","ascent":8,"chars":["꓊"]},{"type":"bitmap","file":"67f173a4-d3b2-4a0c-a3d5-4329d55c918a.png","height":7,"ascent":7,"chars":["ꐽ"]},{"type":"bitmap","file":"5a205540-e653-419c-bf26-3f4cdeb80d63.png","ascent":8,"chars":["ꕆ"]},{"type":"bitmap","file":"e6b5c25d-4a6b-4d4f-b044-478f6f149dea.png","ascent":8,"chars":["ꔬ"]},{"type":"bitmap","file":"e83bcfdc-9221-442a-9f12-be2c67f26d96.png","ascent":8,"chars":["ꔆ"]},{"type":"bitmap","file":"66af094d-d817-4314-8999-39d5af45c214.png","ascent":8,"chars":["ꔭ"]},{"type":"bitmap","file":"f27bcf83-f136-44d5-8d74-e7ad49dc3031.png","ascent":8,"chars":["ꔒ"]},{"type":"bitmap","file":"4d829466-2990-483d-a6c1-0f513d2a0318.png","ascent":8,"chars":["ꓡ"]},{"type":"bitmap","file":"a4ed9b76-2fdb-4557-b008-40a61b330f0a.png","ascent":8,"chars":["ꓨ"]},{"type":"bitmap","file":"899622fa-5fd8-4566-86a4-9f7e54423082.png","ascent":8,"chars":["ꔵ"]},{"type":"bitmap","file":"7eba29f1-6c62-47c9-89ab-2d30f1bb9373.png","ascent":8,"chars":["꒖"]},{"type":"bitmap","file":"153a8b02-035b-4b72-bcb4-46e6656b0a58.png","ascent":7,"chars":["ꑥ"]},{"type":"bitmap","file":"4cf6339c-e0f2-42f7-8f9b-1007ee1de964.png","height":7,"ascent":7,"chars":["ꐟ"]},{"type":"bitmap","file":"8df252e4-6dd6-4220-9edd-1c8604dee142.png","ascent":8,"chars":["꒒"]},{"type":"bitmap","file":"c46dd6a6-d273-4518-8e7c-ff74822e0e7e.png","ascent":8,"chars":["ꕂ"]},{"type":"bitmap","file":"e9e72231-b08f-466b-8d0d-d5ba4f12a6fa.png","ascent":8,"chars":["ꓖ"]},{"type":"bitmap","file":"756a49d5-1a45-4bda-9186-f1ad5060d444.png","ascent":8,"chars":["ꕈ"]},{"type":"bitmap","file":"dd17d8b3-5522-49c3-b072-65a72c5f36d9.png","ascent":8,"chars":["꒼"]},{"type":"bitmap","file":"1d8fe433-9ae8-4e67-82f7-a91a1a71c439.png","ascent":8,"chars":["ꔑ"]},{"type":"bitmap","file":"2f90d5b4-882d-46ea-9171-6257adc03e9a.png","ascent":8,"chars":["ꐫ"]},{"type":"bitmap","file":"1520bb5e-a2d7-4c80-b1b9-7772c61e6053.png","ascent":8,"chars":["ꔼ"]},{"type":"bitmap","file":"d2a77bf3-ea67-4525-aaff-d086497f4c40.png","ascent":8,"chars":["ꔮ"]},{"type":"bitmap","file":"e7a7f27b-1513-4ab0-8155-16e8ff4831c9.png","ascent":8,"chars":["꓃"]},{"type":"bitmap","file":"9acfa9e1-2aaa-4f34-91f7-0e545eab8f97.png","ascent":8,"chars":["ꓱ"]},{"type":"bitmap","file":"d9596bdd-1b75-4834-b46e-2e24f83a614a.png","ascent":8,"chars":["ꓑ"]},{"type":"bitmap","file":"17fbfdaa-e669-4fc1-bc2d-b48fb6482584.png","ascent":8,"chars":["꓈"]},{"type":"bitmap","file":"7f26a5aa-ccb9-4af4-9e15-00126a7915e2.png","height":114,"ascent":13,"chars":["ꑄ"]},{"type":"bitmap","file":"75b684e9-fd4e-4be5-8a83-dcb6cc112887.png","ascent":8,"chars":["ꓠ"]},{"type":"bitmap","file":"005a0619-9b39-4424-b6bf-30d6f49c7898.png","ascent":8,"chars":["ꔾ"]},{"type":"bitmap","file":"ba7903f8-a13a-4dda-9783-19421909b772.png","ascent":8,"chars":["ꒊ"]},{"type":"bitmap","file":"32db6215-3aba-439b-a16f-46851975437b.png","ascent":8,"chars":["꒺"]},{"type":"bitmap","file":"13974dff-c532-4e6f-bd38-1163a208dfcf.png","height":7,"ascent":7,"chars":["ꐒ"]},{"type":"bitmap","file":"ebe27ede-c851-4a87-bc26-2578d6895ef8.png","height":7,"ascent":7,"chars":["ꑒ"]},{"type":"bitmap","file":"74608fc5-dbfc-492b-80e9-35fbac857e20.png","ascent":8,"chars":["꓆"]},{"type":"bitmap","file":"125fc412-f35b-49ea-b5b6-3b610a878ffd.png","ascent":8,"chars":["ꔿ"]},{"type":"bitmap","file":"c4f1c490-1db3-4b46-adcb-592532201fff.png","ascent":8,"chars":["ꓣ"]},{"type":"bitmap","file":"c2bd908d-3f81-49bb-8068-21618892508b.png","ascent":8,"chars":["꒪"]},{"type":"bitmap","file":"2ba2e1ed-cfcf-44d9-9b5c-cc1d4dce591e.png","ascent":8,"chars":["ꑺ"]},{"type":"bitmap","file":"76e6cde0-fb72-4f82-88c3-8936c1a3b749.png","ascent":8,"chars":["ꔌ"]},{"type":"bitmap","file":"3a366d96-8563-4736-8d2f-76641068aa8c.png","ascent":8,"chars":["ꔷ"]},{"type":"bitmap","file":"e8410753-2f2c-4760-97dc-e897670432d9.png","ascent":8,"chars":["ꒀ"]},{"type":"bitmap","file":"48bfda47-0d12-43e6-9c77-5ccd840ce73e.png","ascent":8,"chars":["ꓜ"]},{"type":"bitmap","file":"4b82b0c5-2d2b-4424-bb88-37d97dece896.png","ascent":8,"chars":["ꐵ"]},{"type":"bitmap","file":"8e7a7419-65f4-4842-938b-5ce7513d6f08.png","height":114,"ascent":13,"chars":["ꑊ"]},{"type":"bitmap","file":"ee248d02-229b-49bb-a6f0-27278d388f20.png","ascent":8,"chars":["ꓝ"]},{"type":"bitmap","file":"c5ed3fef-da0b-4f19-9727-310c4bfd28db.png","ascent":8,"chars":["ꔘ"]},{"type":"bitmap","file":"3f7f9171-5ec2-45f1-9e9c-58bab1d9927b.png","ascent":8,"chars":["꓂"]},{"type":"bitmap","file":"76e527e5-3734-4840-8693-b610f7bbd93f.png","ascent":8,"chars":["꒨"]},{"type":"bitmap","file":"2ef3b643-4d8e-487f-b2c6-2b3fe7761af1.png","ascent":8,"chars":["꒦"]},{"type":"bitmap","file":"2771668e-f6e4-4276-820c-91006a0830d8.png","ascent":8,"chars":["꒤"]},{"type":"bitmap","file":"c6036b8b-32d4-4a86-b8a9-bcca5b3d3561.png","ascent":8,"chars":["ꐮ"]},{"type":"bitmap","file":"12809808-af45-4333-8c66-e8bffda5544b.png","ascent":8,"chars":["꒞"]},{"type":"bitmap","file":"39b68c3b-47d0-4e80-9daf-a53d4ae1c553.png","ascent":8,"chars":["ꔇ"]},{"type":"bitmap","file":"6ab6be44-df06-4b4b-819a-dbe28f168567.png","height":7,"ascent":7,"chars":["ꑘ"]},{"type":"bitmap","file":"eb7b4e65-59b3-4b60-939a-c3e0e26ab0fd.png","ascent":8,"chars":["ꓕ"]},{"type":"bitmap","file":"5630dff8-ea53-47f8-ba81-37f070e21e7d.png","ascent":8,"chars":["ꑽ"]},{"type":"bitmap","file":"9ebade9a-2678-4817-a776-7dd74564b64b.png","ascent":8,"chars":["ꔻ"]},{"type":"bitmap","file":"2ba12fcb-d437-4f36-9cf7-531bcbefbf62.png","ascent":8,"chars":["ꔸ"]},{"type":"bitmap","file":"67b16792-4188-49e3-ad78-049d5a026564.png","height":7,"ascent":7,"chars":["ꑪ"]},{"type":"bitmap","file":"d7a732b1-98e8-4e37-9b2f-8b5d4fd401a9.png","ascent":8,"chars":["ꕇ"]},{"type":"bitmap","file":"d167b554-a0d4-425f-a7e3-bc62af58f676.png","ascent":8,"chars":["ꔧ"]},{"type":"bitmap","file":"df582487-92f2-4477-a2b0-e34cd9be70c6.png","height":7,"ascent":7,"chars":["ꐘ"]},{"type":"bitmap","file":"ffb9e23b-3d05-4ece-822d-50ad92a75fe3.png","ascent":8,"chars":["ꓷ"]},{"type":"bitmap","file":"fb0654bd-5278-44d6-98b3-094c6a30b1f4.png","height":7,"ascent":7,"chars":["ꐜ"]},{"type":"bitmap","file":"285abc42-ed72-4bd5-bb4e-4122ae7c62ba.png","ascent":8,"chars":["ꕄ"]},{"type":"bitmap","file":"6587cc2e-9c7d-440e-a5eb-607a0c3769fd.png","height":7,"ascent":7,"chars":["ꑁ"]},{"type":"bitmap","file":"e597f3c5-1781-4921-bfdc-e37fc0851d84.png","ascent":8,"chars":["ꑴ"]},{"type":"bitmap","file":"ed5bdedc-ee5c-4ee4-a198-9cb76be80cdb.png","ascent":8,"chars":["꓅"]},{"type":"bitmap","file":"5d5ce716-3da8-4784-bfd1-06129836a8e0.png","ascent":8,"chars":["ꔱ"]},{"type":"bitmap","file":"138c280f-3e45-4dce-b244-8415304d07c3.png","ascent":8,"chars":["ꐧ"]},{"type":"bitmap","file":"4aeb9700-d8fd-4a80-b25b-4f58cc683bda.png","ascent":8,"chars":["꓍"]},{"type":"bitmap","file":"75a64e45-d3ea-424f-979b-e59ac3e401e0.png","ascent":8,"chars":["ꓞ"]},{"type":"bitmap","file":"6bb44c05-fd88-44c2-a670-a63adaf45a9b.png","height":7,"ascent":7,"chars":["ꑃ"]},{"type":"bitmap","file":"5b304c74-a86b-4b27-8fbf-e6b098f7ddfa.png","ascent":8,"chars":["ꑷ"]},{"type":"bitmap","file":"7b12fc8f-5ebe-4a79-b664-b8492fb8b80b.png","ascent":8,"chars":["ꓴ"]},{"type":"bitmap","file":"5606a2d6-afbe-4974-b1f4-fee1e5004366.png","ascent":8,"chars":["ꔝ"]},{"type":"bitmap","file":"c574261c-b24b-4c52-be8c-d472569f704a.png","height":7,"ascent":7,"chars":["ꑞ"]},{"type":"bitmap","file":"d458f02c-9bf4-4a6a-b8c5-b4cfbd6ea0c0.png","ascent":8,"chars":["ꕊ"]},{"type":"bitmap","file":"c0c53fa7-af89-43b9-822c-87b4ad54a573.png","ascent":8,"chars":["ꐴ"]},{"type":"bitmap","file":"26161c3b-7a54-466b-9a80-9c8f02a7814e.png","ascent":8,"chars":["꒔"]},{"type":"bitmap","file":"280ba972-e2f9-4de0-9d3c-9153490f5425.png","ascent":8,"chars":["꒕"]},{"type":"bitmap","file":"6f9665b5-dd96-48fa-877a-f7903bf41a5b.png","ascent":8,"chars":["ꔞ"]},{"type":"bitmap","file":"5b5c4408-67ca-4ed2-8e96-54423a5d6653.png","ascent":8,"chars":["ꕃ"]},{"type":"bitmap","file":"2961c788-eb2f-4ebe-9d16-e646c0a69900.png","ascent":8,"chars":["ꔺ"]},{"type":"bitmap","file":"85eafe1f-80af-4a4e-be23-5f316ac2153c.png","height":7,"ascent":7,"chars":["ꐖ"]},{"type":"bitmap","file":"989e1c55-7410-4350-8b0a-978222b49ca8.png","ascent":8,"chars":["ꕅ"]},{"type":"bitmap","file":"153815f8-7fe6-4158-aced-7ff67328d2c2.png","ascent":8,"chars":["ꑹ"]},{"type":"bitmap","file":"c6dfe051-d909-444e-af8b-e7df44d8cfdb.png","ascent":8,"chars":["꒐"]},{"type":"bitmap","file":"7d1ea229-e597-4c3a-8e78-1be2c44f79ee.png","height":114,"ascent":13,"chars":["ꑉ"]},{"type":"bitmap","file":"427060e6-acc3-43d1-b630-1bb0ded18137.png","ascent":8,"chars":["ꑵ"]},{"type":"bitmap","file":"df994c66-2742-4686-93e2-f7eccadd8acf.png","ascent":8,"chars":["꒰"]},{"type":"bitmap","file":"e942654b-451a-401b-ad07-1d8775c21a64.png","height":7,"ascent":7,"chars":["ꑚ"]},{"type":"bitmap","file":"cd60899b-02b2-400c-9c4b-ef208f26768e.png","ascent":8,"chars":["꒧"]},{"type":"bitmap","file":"bfbc19e7-69a3-4376-ada5-ef9309bf1288.png","ascent":8,"chars":["ꓟ"]},{"type":"bitmap","file":"fc077196-d55c-46b6-a158-c093c2f6f25a.png","height":7,"ascent":7,"chars":["ꑡ"]},{"type":"bitmap","file":"bb492f0f-96c0-481e-a259-9ac69f5edc6e.png","ascent":8,"chars":["ꔋ"]},{"type":"bitmap","file":"6b5e03a9-516c-4d4d-875f-98b0fec8bd51.png","ascent":8,"chars":["ꓩ"]},{"type":"bitmap","file":"c7a9596c-608a-4aae-9658-ce957faacc30.png","ascent":8,"chars":["ꓥ"]},{"type":"bitmap","file":"e8584eba-2f1a-4eec-913e-34398ca2fabf.png","ascent":8,"chars":["ꓫ"]},{"type":"bitmap","file":"be41a0a0-3838-4f88-a4f2-c253286cd697.png","height":7,"ascent":7,"chars":["ꐸ"]},{"type":"bitmap","file":"7ccafca1-34f1-4130-8971-e95f3a731b20.png","ascent":8,"chars":["ꒌ"]},{"type":"bitmap","file":"99091608-b451-4a55-a28a-01cbaea6c66f.png","ascent":8,"chars":["꒎"]},{"type":"bitmap","file":"02de86b3-7b83-4aec-adc2-fb3f557c4715.png","ascent":8,"chars":["ꔎ"]},{"type":"bitmap","file":"2f8f53a3-afab-4b58-aab3-e47e20b6075f.png","ascent":8,"chars":["ꓐ"]},{"type":"bitmap","file":"41a815e8-1edd-4858-874c-71982851c969.png","ascent":8,"chars":["ꓮ"]},{"type":"bitmap","file":"abe80242-f081-4368-983b-7fd01a568462.png","ascent":8,"chars":["꒵"]},{"type":"bitmap","file":"b721ad21-832d-4f52-90d8-694888b11eeb.png","ascent":8,"chars":["ꑿ"]},{"type":"bitmap","file":"c6d0507c-4f7e-4fc4-8f57-d673c8972ca1.png","ascent":8,"chars":["ꐳ"]},{"type":"bitmap","file":"9b07d0cd-c10a-462e-bc78-86658608f117.png","ascent":8,"chars":["ꔈ"]},{"type":"bitmap","file":"63d62377-9fd5-4e13-a143-4b87d84616c5.png","ascent":8,"chars":["ꔦ"]},{"type":"bitmap","file":"86c12690-f791-4c72-8554-8d78d968704e.png","height":7,"ascent":7,"chars":["ꕉ"]},{"type":"bitmap","file":"411fb025-1f65-4d75-adce-0630cd720650.png","ascent":8,"chars":["ꓳ"]},{"type":"bitmap","file":"084fa273-bf5a-49e2-a311-30a887a75e73.png","ascent":8,"chars":["ꔛ"]},{"type":"bitmap","file":"7cae51b8-2488-4bc9-93a4-fe66ddf0ceaa.png","ascent":8,"chars":["ꔤ"]},{"type":"bitmap","file":"02be3ab7-5424-4cb3-8193-f7415e36702c.png","ascent":8,"chars":["꓋"]},{"type":"bitmap","file":"7b0a611e-bdc7-4f6f-b335-2c8820927a16.png","ascent":8,"chars":["ꔗ"]},{"type":"bitmap","file":"228bd5f5-66fe-4a05-ad3a-9f42439cb969.png","ascent":8,"chars":["꒹"]},{"type":"bitmap","file":"6b1fdfbe-c338-45fc-9173-3b803e093e6b.png","ascent":8,"chars":["ꓹ"]},{"type":"bitmap","file":"e0654adc-7c32-4017-94ca-231a8ce57454.png","ascent":8,"chars":["ꒇ"]},{"type":"bitmap","file":"e981e58a-d267-42ed-a71f-1a7100cd8a76.png","height":7,"ascent":7,"chars":["ꐺ"]},{"type":"bitmap","file":"a9f3d856-219e-4b9a-a208-6a8ca71fa979.png","ascent":8,"chars":["꒿"]},{"type":"bitmap","file":"86ae90ed-2734-42ad-bb8f-e04a71dce310.png","ascent":8,"chars":["ꓤ"]},{"type":"bitmap","file":"f83d0fc9-6d84-494c-9c7e-e058a87ab6c1.png","ascent":8,"chars":["ꐢ"]},{"type":"bitmap","file":"31cc7272-a79b-4d10-a985-53a9631cb721.png","ascent":8,"chars":["ꐡ"]},{"type":"bitmap","file":"bb2ba2ab-9b48-4dac-84ca-fbfe29f5e8db.png","ascent":8,"chars":["ꔂ"]},{"type":"bitmap","file":"6ddc6282-a6c2-428f-8988-6998731dfd71.png","ascent":8,"chars":["ꓪ"]},{"type":"bitmap","file":"d03b0904-a77b-4b72-a4bf-ffd214e9c518.png","ascent":8,"chars":["ꐰ"]},{"type":"bitmap","file":"074a9575-cce8-4948-aedf-d4cc76c27015.png","ascent":8,"chars":["ꓒ"]},{"type":"bitmap","file":"1664aaa0-2eec-40cf-bb67-c6b22856b254.png","ascent":8,"chars":["꒛"]},{"type":"bitmap","file":"1dbe0626-b887-4c6d-8867-a57a4d3ec4db.png","ascent":8,"chars":["꒶"]},{"type":"bitmap","file":"fd1614e9-3db3-4d55-b93b-82c0616edcb7.png","ascent":8,"chars":["ꓭ"]},{"type":"bitmap","file":"9cc8f211-009f-4250-8594-717a859d6756.png","ascent":8,"chars":["ꔴ"]},{"type":"bitmap","file":"7ee4a7ef-b8dc-4303-a337-407186901346.png","ascent":8,"chars":["ꔢ"]},{"type":"bitmap","file":"d1ed6a0c-240a-45a4-a8ee-b5e9aa0e24cb.png","ascent":8,"chars":["ꔡ"]},{"type":"bitmap","file":"8320090b-be3a-4472-95d4-cf946dc0780c.png","height":114,"ascent":13,"chars":["ꑋ"]},{"type":"bitmap","file":"0d137db6-811b-44d4-81e2-6d810aac6f5c.png","height":7,"ascent":7,"chars":["ꐞ"]},{"type":"bitmap","file":"16b82455-fc5b-495a-852d-5b5a9717b155.png","ascent":8,"chars":["ꑻ"]},{"type":"bitmap","file":"7f4ab1c9-9b57-4e46-bb2a-5f8c453b160d.png","height":114,"ascent":13,"chars":["ꑆ"]},{"type":"bitmap","file":"e4909887-a74d-45ba-aed6-84ab42ccdebb.png","ascent":8,"chars":["ꒁ"]},{"type":"bitmap","file":"4f68626b-e0a4-46e9-b0ee-9eee6818f3c6.png","ascent":8,"chars":["ꒆ"]},{"type":"bitmap","file":"a2973bed-16d5-4c7c-a1c8-784e49e4715c.png","ascent":8,"chars":["ꔕ"]},{"type":"bitmap","file":"0b0e7458-37f1-45b9-92bc-5e15f6baf9ae.png","ascent":7,"chars":["ꑤ"]},{"type":"bitmap","file":"7474bf01-21bf-4dfc-8277-371224936148.png","ascent":8,"chars":["ꔩ"]},{"type":"bitmap","file":"0c74bd61-6502-483d-9d44-011a37164469.png","ascent":8,"chars":["ꒃ"]},{"type":"bitmap","file":"b96897cf-906a-4dfa-8617-1613b97c8256.png","ascent":8,"chars":["ꔠ"]},{"type":"bitmap","file":"cad39078-0adf-45d6-a8ec-ff7ea7d41844.png","ascent":8,"chars":["꒑"]},{"type":"bitmap","file":"def67d41-82ec-46f0-b260-0ee3728b7644.png","ascent":7,"chars":["ꑩ"]},{"type":"bitmap","file":"7f26a5aa-ccb9-4af4-9e15-00126a7915e2.png","height":114,"ascent":13,"chars":["ꑮ"]},{"type":"bitmap","file":"ff61fc8b-3278-43a5-b1db-4b9934f3199f.png","ascent":8,"chars":["ꐣ"]},{"type":"bitmap","file":"c57f0233-593d-406f-a2e9-557e3b16edec.png","ascent":8,"chars":["ꐠ"]},{"type":"bitmap","file":"1c03a6dc-b694-416b-8b82-da80d1be1049.png","ascent":8,"chars":["꒱"]},{"type":"bitmap","file":"0b5aa7e2-c569-49bc-8897-41586f1f06c3.png","ascent":8,"chars":["꒾"]},{"type":"bitmap","file":"3b125f80-c6ee-4235-955f-7d8006fdfbb0.png","ascent":8,"chars":["꒲"]},{"type":"bitmap","file":"ef4d73b7-52cd-4b06-b189-e431ddd1e2e2.png","ascent":8,"chars":["ꔃ"]},{"type":"bitmap","file":"5011c013-0368-4a48-81b7-875bf580c073.png","ascent":8,"chars":["ꐤ"]},{"type":"bitmap","file":"a79aece4-7705-4077-b127-572490ddae83.png","ascent":8,"chars":["ꓬ"]},{"type":"bitmap","file":"14c678cf-ca02-4724-8c95-a5ddebcd28bb.png","ascent":8,"chars":["ꑸ"]},{"type":"bitmap","file":"24ac15cd-ae77-4a85-bb0e-e497887c09eb.png","ascent":8,"chars":["ꑰ"]},{"type":"bitmap","file":"b03806af-6966-48c4-9b8f-f690b727a226.png","ascent":8,"chars":["ꔄ"]},{"type":"bitmap","file":"61f274fa-08a8-4090-9bd2-3672304114e0.png","ascent":8,"chars":["꓀"]},{"type":"bitmap","file":"ed3a5846-c360-4f91-97b1-96b6c1a54948.png","ascent":8,"chars":["꓁"]},{"type":"bitmap","file":"5ce5e222-10d4-4bf1-8c8f-e88a80c099c2.png","ascent":8,"chars":["꒗"]},{"type":"bitmap","file":"7c9459e2-38e1-42ba-9c3b-e8a3d08496ca.png","height":7,"ascent":7,"chars":["ꑀ"]},{"type":"bitmap","file":"88335b1f-e9e6-4c98-838c-f26a2e93d801.png","height":7,"ascent":7,"chars":["ꐹ"]},{"type":"bitmap","file":"e65148c2-029a-49e9-ade9-22f7fc004893.png","height":7,"ascent":7,"chars":["ꑙ"]},{"type":"bitmap","file":"7a80502d-82e6-4888-a5a6-d8e137b16996.png","ascent":8,"chars":["ꐦ"]},{"type":"bitmap","file":"7a9910c4-d53c-439d-8189-034aa15cc15f.png","height":7,"ascent":7,"chars":["ꐾ"]},{"type":"bitmap","file":"fb29d73a-6367-466f-91d1-a38acd0f86a2.png","ascent":8,"chars":["ꑳ"]},{"type":"bitmap","file":"318cca4e-7173-4c1e-857e-36184fe07ee9.png","ascent":8,"chars":["꒣"]},{"type":"bitmap","file":"ce151069-583f-48db-b0a2-9a74ffc26818.png","ascent":8,"chars":["꒯"]},{"type":"bitmap","file":"48d26677-6abc-4e9a-ab5d-36411b408008.png","ascent":8,"chars":["ꔖ"]},{"type":"bitmap","file":"8556aac1-3e10-49d8-a8bb-1f1a690d7dc4.png","ascent":8,"chars":["ꔏ"]},{"type":"bitmap","file":"a1b47d6b-0c17-42b5-b8a8-b0f987d029f9.png","height":7,"ascent":7,"chars":["ꐔ"]},{"type":"bitmap","file":"c358056c-4802-4979-8564-7b80fa1ceec5.png","ascent":8,"chars":["ꓰ"]},{"type":"bitmap","file":"b6dd7189-65c6-402e-96a6-5dc6b685d21f.png","ascent":8,"chars":["ꓘ"]},{"type":"bitmap","file":"d35b4241-596f-4b85-9cf1-8a4d7efc246f.png","height":7,"ascent":7,"chars":["ꑕ"]},{"type":"bitmap","file":"07882043-e571-43c6-8a76-aacb1bbaec8b.png","ascent":8,"chars":["꒠"]},{"type":"bitmap","file":"89475701-963d-44ba-92cb-ac210122b49a.png","height":7,"ascent":7,"chars":["ꑟ"]},{"type":"bitmap","file":"a3ca9caa-1fbc-40d6-b47a-d531f35547ce.png","height":7,"ascent":7,"chars":["ꐑ"]},{"type":"bitmap","file":"50550bb0-c707-40b8-b0e4-cb36d53dc8e0.png","height":132,"ascent":13,"chars":["ꑭ"]},{"type":"bitmap","file":"2458059d-df8b-498b-87ab-aa3f25e087c4.png","ascent":8,"chars":["ꓶ"]},{"type":"bitmap","file":"098dd63d-c53f-4837-8d8d-e73d266abeb2.png","ascent":8,"chars":["ꓛ"]},{"type":"bitmap","file":"7d05677f-cfd2-4938-bbfe-b365a16bbb61.png","ascent":8,"chars":["꒳"]},{"type":"bitmap","file":"abd3afc2-7e4d-4fa2-86b7-02a893eb1c37.png","height":114,"ascent":13,"chars":["ꑇ"]},{"type":"bitmap","file":"1fbdd2e1-3d75-41ab-89b6-73d408c6ed56.png","ascent":8,"chars":["꒡"]},{"type":"bitmap","file":"b2a9555a-84ec-4aa2-9704-b4d320b13c89.png","ascent":8,"chars":["ꔹ"]},{"type":"bitmap","file":"04ba93ec-3534-4b63-bd5e-f18db07d4a87.png","height":7,"ascent":7,"chars":["ꐓ"]},{"type":"bitmap","file":"74561ea0-9ab8-4f2a-bd80-bf7a982d1c5c.png","ascent":8,"chars":["꓉"]},{"type":"bitmap","file":"f266ce05-71fd-4e7f-9234-777c050364e8.png","ascent":8,"chars":["ꓗ"]},{"type":"bitmap","file":"1ec40648-8241-4371-bfde-a21730f0aa11.png","ascent":8,"chars":["ꔫ"]},{"type":"bitmap","file":"63c5a189-278a-4e13-aa3a-d58dad2ab783.png","height":7,"ascent":7,"chars":["ꐶ"]},{"type":"bitmap","file":"dfb7230f-b3bc-42c0-9c60-7677f9a2ae64.png","ascent":8,"chars":["꒩"]},{"type":"bitmap","file":"b7f7a05c-c87c-4419-b775-2e3c97b666c3.png","ascent":8,"chars":["꓏"]},{"type":"bitmap","file":"7b4e4854-023e-4269-8058-97eaa88a7b66.png","ascent":8,"chars":["ꐲ"]},{"type":"bitmap","file":"d962d232-0177-4bc5-bc47-97a328e84530.png","ascent":8,"chars":["ꔓ"]},{"type":"bitmap","file":"4301bfbb-277a-46df-bc80-2f55a3b2436f.png","ascent":8,"chars":["ꔚ"]},{"type":"bitmap","file":"f4049cc8-5424-4790-9929-dd41e075cdb7.png","height":7,"ascent":7,"chars":["ꐻ"]},{"type":"bitmap","file":"aa565eb9-2c44-47cc-afcf-0fdacaeb5f11.png","ascent":8,"chars":["ꐬ"]},{"type":"bitmap","file":"72f0f113-e6c6-4ac8-8665-b8044e152192.png","ascent":8,"chars":["꒢"]},{"type":"bitmap","file":"04dbbe2a-401b-483d-b045-8fd1279aa124.png","ascent":8,"chars":["ꕀ"]},{"type":"bitmap","file":"5a32cf39-2cef-47e3-9f4c-516dd38a7631.png","ascent":8,"chars":["ꔲ"]},{"type":"bitmap","file":"8b8e4d99-bd08-4c98-988a-ea1040c747ba.png","ascent":8,"chars":["ꔊ"]},{"type":"bitmap","file":"0a7f0849-fbdf-403b-858d-bf1034cacc62.png","ascent":8,"chars":["꒬"]},{"type":"bitmap","file":"17e2baeb-e516-4eed-ba33-1f4d5fb92ceb.png","ascent":8,"chars":["꓌"]},{"type":"bitmap","file":"c82b3b8d-a2c8-492d-9015-67a06de3a1c6.png","height":7,"ascent":7,"chars":["ꐷ"]},{"type":"bitmap","file":"5032398f-d8d7-4e3b-8d41-19a0a5ddd87e.png","ascent":8,"chars":["ꔉ"]},{"type":"bitmap","file":"098634f8-ed3b-4738-ac19-4b16a9a03d66.png","ascent":8,"chars":["ꔅ"]},{"type":"bitmap","file":"0fdd1b55-2256-4f1a-bbe0-27846d46aef9.png","ascent":8,"chars":["ꐩ"]},{"type":"bitmap","file":"6a3a65c7-add0-4f12-9d83-78b75467fb3b.png","ascent":8,"chars":["꓄"]},{"type":"bitmap","file":"906089ab-6302-4d33-9c41-2a7844fbcd7b.png","ascent":8,"chars":["꒟"]},{"type":"bitmap","file":"cecb014d-afd3-4fd1-93bf-b14db528db19.png","ascent":8,"chars":["ꔥ"]},{"type":"bitmap","file":"c6f9b76c-7230-43b6-8772-435e07727ce1.png","ascent":8,"chars":["ꔀ"]},{"type":"bitmap","file":"322ead71-2c54-421b-9e0e-7889fbdb42c7.png","ascent":8,"chars":["ꓼ"]},{"type":"bitmap","file":"c18e3e20-9765-46e0-89f2-421da446e890.png","ascent":8,"chars":["ꓙ"]},{"type":"bitmap","file":"8e46c5b2-6d67-4254-a4f6-fb2869c08a7a.png","ascent":8,"chars":["ꓔ"]},{"type":"bitmap","file":"2fe8ad9c-d192-47dc-ac94-7c80ca2d3545.png","ascent":8,"chars":["꒴"]},{"type":"bitmap","file":"954bbfa0-d2f7-4cd0-a598-e1c69d9b0f91.png","ascent":8,"chars":["ꓺ"]},{"type":"bitmap","file":"799b2810-a341-4ab7-ba9e-7883177cfc5b.png","ascent":8,"chars":["ꓧ"]},{"type":"bitmap","file":"3948c8e1-0564-4029-b5e2-a9399e886baf.png","ascent":8,"chars":["ꓓ"]},{"type":"bitmap","file":"aba971a6-970e-4e81-9aea-61c4f2884f9b.png","ascent":8,"chars":["ꔰ"]},{"type":"bitmap","file":"e301d5c9-da19-405c-a1aa-f475f1ca1ed2.png","ascent":8,"chars":["ꑢ"]},{"type":"bitmap","file":"ee19019d-2eea-4baf-b5de-aa20ddd9499e.png","height":7,"ascent":7,"chars":["ꐝ"]},{"type":"bitmap","file":"7c4a3c22-132d-40e9-a9b5-ee9a2b3b3e7d.png","height":7,"ascent":7,"chars":["ꑜ"]},{"type":"bitmap","file":"47499b46-78cb-4b44-a047-752e3b61becd.png","ascent":8,"chars":["ꐨ"]},{"type":"bitmap","file":"aba8fafc-721e-4948-9729-406148bdc15c.png","ascent":8,"chars":["꒷"]},{"type":"bitmap","file":"45ca76a2-60e1-436f-aad1-d08e2ea1ad26.png","ascent":8,"chars":["ꐘ"]},{"type":"bitmap","file":"de09b1cb-e822-4b61-aa09-9006baf0fa2e.png","ascent":8,"chars":["꒮"]},{"type":"bitmap","file":"b8b05150-7fb2-4e53-811d-98f795d51e52.png","ascent":8,"chars":["ꔨ"]},{"type":"bitmap","file":"55fc1b71-f358-47e8-82fa-3655e005a1c7.png","ascent":8,"chars":["ꐱ"]},{"type":"bitmap","file":"38b500bf-547d-4e04-91d9-779d91120fec.png","ascent":8,"chars":["ꑲ"]},{"type":"bitmap","file":"74509256-cd11-4e7b-a551-f97eb3e49b45.png","ascent":8,"chars":["꓎"]},{"type":"bitmap","file":"29a204d5-aced-4973-9139-08bda1c6c18a.png","height":132,"ascent":13,"chars":["ꑏ"]},{"type":"bitmap","file":"b678e876-436e-4f54-931b-03b3a270134d.png","height":227,"ascent":133,"chars":["ꐚ"]},{"type":"bitmap","file":"4d8ee5c1-ad55-4edc-9853-36d186ca9446.png","height":7,"ascent":7,"chars":["ꐿ"]},{"type":"bitmap","file":"df85ddc5-4780-4181-8434-5c98e8fd79db.png","height":7,"ascent":7,"chars":["ꑬ"]},{"type":"bitmap","file":"336c5bef-6c3a-4d03-a09a-ae355cc95dd0.png","height":78,"ascent":78,"chars":["ꐙ"]},{"type":"bitmap","file":"ee88b768-b67f-4ba2-946a-8fe3284226e0.png","height":7,"ascent":7,"chars":["ꑠ"]},{"type":"bitmap","file":"81d3792d-52da-4a92-ba19-e8a865c99491.png","ascent":8,"chars":["ꐪ"]},{"type":"bitmap","file":"baa3a126-bc95-4402-9674-11b9193dd978.png","height":7,"ascent":7,"chars":["ꑗ"]},{"type":"bitmap","file":"c469484c-55b2-49a1-8f29-3435624cf39d.png","ascent":8,"chars":["ꑼ"]},{"type":"bitmap","file":"ffd42634-146b-427f-90ae-2a5f828e106f.png","ascent":8,"chars":["ꑾ"]},{"type":"bitmap","file":"84886394-f8d6-4331-af93-8476b6559df5.png","height":114,"ascent":13,"chars":["ꑎ"]},{"type":"bitmap","file":"ac9b72b9-c241-4485-8baf-7a3cd3a630d8.png","ascent":8,"chars":["ꒂ"]},{"type":"bitmap","file":"67016d17-5f59-4109-a4a5-61c77af50348.png","height":114,"ascent":13,"chars":["ꑍ"]},{"type":"bitmap","file":"110cd210-ee23-497f-aace-b5c2f3eae52f.png","ascent":8,"chars":["ꔟ"]},{"type":"bitmap","file":"4af5f430-783a-4963-b7dd-b87a8b2131a7.png","ascent":8,"chars":["ꔶ"]},{"type":"bitmap","file":"2e2a0a1e-67c7-4974-898d-457d0a876f83.png","ascent":8,"chars":["ꓵ"]},{"type":"bitmap","file":"b0e1f845-8589-4c3f-be11-5ceea6bc821a.png","ascent":8,"chars":["ꔯ"]},{"type":"bitmap","file":"0a191e04-708b-49d2-81f7-e07c7ebeb762.png","ascent":8,"chars":["ꔣ"]},{"type":"bitmap","file":"21a8f645-3b7a-4f0c-b544-c937d7577b2f.png","ascent":8,"chars":["꒭"]},{"type":"bitmap","file":"07f771ca-c84f-44af-a4ab-25a6f179a0a6.png","ascent":8,"chars":["ꔐ"]},{"type":"bitmap","file":"65f5cd2a-6136-4430-bcdf-52afe25dfa85.png","height":132,"ascent":13,"chars":["ꑐ"]},{"type":"bitmap","file":"98ae1c16-a403-4d50-861d-5d93639aceab.png","ascent":8,"chars":["ꑯ"]},{"type":"bitmap","file":"d495fc15-0c92-4470-a7a6-ef2d59ba004b.png","ascent":8,"chars":["꒻"]},{"type":"bitmap","file":"6fa9d61d-4998-4409-aa00-14b8bcbab682.png","ascent":8,"chars":["ꐥ"]},{"type":"bitmap","file":"8ba9c905-ddbb-4b44-9a95-32773e7204d4.png","ascent":8,"chars":["ꑱ"]},{"type":"bitmap","file":"43d12e66-8037-4079-9b61-af5a5b2cb82e.png","ascent":8,"chars":["ꓚ"]},{"type":"bitmap","file":"1a1aa909-8066-44fe-9a42-e632f1163921.png","ascent":8,"chars":["ꕁ"]},{"type":"bitmap","file":"791a6de6-1eb1-407d-8b9b-6f4366cf16c2.png","ascent":8,"chars":["ꓻ"]},{"type":"bitmap","file":"8731bce8-4561-4806-83bc-b8209cafcf5a.png","height":7,"ascent":7,"chars":["ꐕ"]},{"type":"bitmap","file":"c6fda91f-96da-4636-9a21-ee31c8100058.png","ascent":7,"chars":["ꑣ"]},{"type":"bitmap","file":"64af127b-382f-48cd-9089-dc7d6cee784b.png","ascent":8,"chars":["꒫"]},{"type":"bitmap","file":"e4353b1a-8f0e-4252-b5cb-f4cf461851cb.png","height":7,"ascent":7,"chars":["ꐐ"]},{"type":"bitmap","file":"abac7e97-6fa0-4469-8781-369b0bf0da9c.png","ascent":7,"chars":["ꑦ"]},{"type":"bitmap","file":"729046a5-55e7-48cf-9bfe-9bc362907eb7.png","ascent":8,"chars":["ꒋ"]},{"type":"bitmap","file":"f8433a20-f912-46bd-9a04-52692ef77ef1.png","height":75,"ascent":74,"chars":["ꑫ"]},{"type":"bitmap","file":"f28ecba9-1b05-4e5b-95c1-31d3bfd97344.png","ascent":8,"chars":["꒸"]},{"type":"bitmap","file":"5e3fccfa-990b-4183-a4fb-3b533f4901cd.png","ascent":8,"chars":["ꔽ"]},{"type":"bitmap","file":"c1d69d2c-f78b-4cb9-9da4-075bde490586.png","ascent":8,"chars":["ꔍ"]},{"type":"bitmap","file":"8db9bd12-ab8d-4b1a-8408-7166f0114903.png","ascent":7,"chars":["ꑧ"]},{"type":"bitmap","file":"4d9147be-657d-42c4-9767-054b55ec8156.png","ascent":8,"chars":["꒥"]},{"type":"bitmap","file":"8c1a9c99-5de5-4700-910e-3c2eeb4f04f0.png","ascent":8,"chars":["꒘"]},{"type":"bitmap","file":"ba36fe9a-6fd8-4850-8af1-62f545d4a817.png","height":7,"ascent":7,"chars":["ꐗ"]},{"type":"bitmap","file":"60852368-4eda-4635-b49d-a7ef472a9c22.png","height":7,"ascent":7,"chars":["ꑝ"]},{"type":"bitmap","file":"c7ea964b-f06f-497a-b313-4d9516db26c5.png","ascent":8,"chars":["ꔔ"]},{"type":"bitmap","file":"496574f7-2d98-4d83-a706-4a4ee8dbda17.png","ascent":8,"chars":["ꐯ"]},{"type":"bitmap","file":"a84a7318-9d8e-4868-94cf-20d69b0f5ed0.png","ascent":8,"chars":["ꔙ"]},{"type":"bitmap","file":"8cb9a9e2-0bdf-4b9f-b3f9-30b31023bab0.png","ascent":8,"chars":["ꔪ"]},{"type":"bitmap","file":"779c82ca-8b89-426c-8719-e502f7a83cab.png","ascent":8,"chars":["ꓲ"]},{"type":"bitmap","file":"aac2da16-f1ca-470c-8ae9-0976c676a0f2.png","ascent":8,"chars":["ꓦ"]},{"type":"bitmap","file":"27a1da97-a6f6-41af-b6cb-d3cc3ba91ad2.png","height":7,"ascent":7,"chars":["ꑑ"]},{"type":"bitmap","file":"df8473c0-1314-4e15-8061-93ea808d45ae.png","ascent":8,"chars":["ꐭ"]},{"type":"bitmap","file":"d4c6f469-69e7-4c3e-b2be-aa15f76417ad.png","ascent":8,"chars":["꒏"]},{"type":"bitmap","file":"dbbe491e-009c-42a6-a4ff-42f12a751a85.png","height":114,"ascent":13,"chars":["ꑈ"]},{"type":"bitmap","file":"629f0da1-8bad-4b87-a0b3-d51d56d1ae97.png","ascent":7,"chars":["ꑨ"]},{"type":"bitmap","file":"938a7a61-c042-4385-895a-a7410c759566.png","ascent":8,"chars":["꒍"]},{"type":"bitmap","file":"2a768768-cfbe-41ee-b803-0d9d48c8e4c0.png","ascent":8,"chars":["꒓"]},{"type":"bitmap","file":"b63073e5-fd7c-46a9-b89a-0e488568de4e.png","ascent":8,"chars":["꒙"]},{"type":"bitmap","file":"dc760be5-0191-4ba4-8877-5d5cd6882e6a.png","ascent":8,"chars":["ꓽ"]},{"type":"bitmap","file":"c922aa68-8d69-46d8-914f-73cd44ad830f.png","ascent":8,"chars":["ꑶ"]},{"type":"reference","id":"nexo:shift"}]}