{"parent":"item/generated","textures":{"layer0":"item/leather_horse_armor"},"overrides":[{"predicate":{"custom_model_data":1000},"model":"52250f54-5cd5-4486-830b-9f7d38026ad9:569e7c00-7940-418f-a7db-488d4685415d"},{"predicate":{"custom_model_data":1001},"model":"52250f54-5cd5-4486-830b-9f7d38026ad9:4dcdcefa-0339-4102-a88d-1b7f42b56b71"},{"predicate":{"custom_model_data":1002},"model":"52250f54-5cd5-4486-830b-9f7d38026ad9:6fdbb126-abe5-4e35-93d0-69fe92f8b192"},{"predicate":{"custom_model_data":1003},"model":"52250f54-5cd5-4486-830b-9f7d38026ad9:fa361b22-d269-4e92-8442-2d548abdcd88"}]}