{"parent":"item/generated","display":{"thirdperson_righthand":{"rotation":[-80.0,260.0,-40.0],"translation":[-1.0,-2.0,2.5],"scale":[0.9,0.9,0.9]},"thirdperson_lefthand":{"rotation":[-80.0,-280.0,40.0],"translation":[-1.0,-2.0,2.5],"scale":[0.9,0.9,0.9]},"firstperson_righthand":{"rotation":[0.0,-90.0,25.0],"translation":[1.13,3.2,1.13],"scale":[0.68,0.68,0.68]},"firstperson_lefthand":{"rotation":[0.0,90.0,-25.0],"translation":[1.13,3.2,1.13],"scale":[0.68,0.68,0.68]}},"textures":{"layer0":"item/bow"},"overrides":[{"predicate":{"pulling":1},"model":"item/bow_pulling_0"},{"predicate":{"pulling":1,"pull":0.65},"model":"item/bow_pulling_1"},{"predicate":{"pulling":1,"pull":0.9},"model":"item/bow_pulling_2"},{"predicate":{"custom_model_data":1450104},"model":"89f8b009-3902-48db-b1d4-eb1f08f41555:98356132-c251-464d-9220-1a6829037c0a"},{"predicate":{"custom_model_data":1450104,"pulling":1},"model":"89f8b009-3902-48db-b1d4-eb1f08f41555:c7525beb-dbc6-4042-b11c-c90a903c4693"},{"predicate":{"custom_model_data":1450104,"pulling":1,"pull":0.65},"model":"89f8b009-3902-48db-b1d4-eb1f08f41555:c4367c95-bab7-4360-9a5f-32f6c6cd3316"},{"predicate":{"custom_model_data":1450104,"pulling":1,"pull":0.9},"model":"89f8b009-3902-48db-b1d4-eb1f08f41555:fb84afc9-79e1-4965-a3cc-763ad539a7fa"},{"predicate":{"custom_model_data":1450105},"model":"89f8b009-3902-48db-b1d4-eb1f08f41555:a5f3a71b-cefc-43ce-bdfb-17998c1580a8"},{"predicate":{"custom_model_data":1450105,"pulling":1},"model":"89f8b009-3902-48db-b1d4-eb1f08f41555:01ded19d-5f12-4660-80ed-323311bd9958"},{"predicate":{"custom_model_data":1450105,"pulling":1,"pull":0.65},"model":"89f8b009-3902-48db-b1d4-eb1f08f41555:3a1e06a3-a291-4dfa-bfe9-8f6abcd5fb59"},{"predicate":{"custom_model_data":1450105,"pulling":1,"pull":0.9},"model":"89f8b009-3902-48db-b1d4-eb1f08f41555:a1af0637-0a18-4444-b0b8-6d7ac3d3a5cc"},{"predicate":{"custom_model_data":1451104,"pulling":1,"pull":0.9},"model":"89f8b009-3902-48db-b1d4-eb1f08f41555:516fa7f0-3e24-4028-bf45-34dbd9def6d6"},{"predicate":{"custom_model_data":1451105,"pulling":1,"pull":0.9},"model":"89f8b009-3902-48db-b1d4-eb1f08f41555:ffbba2b9-41b6-43ad-84a0-3755e1b04ea0"},{"predicate":{"custom_model_data":1452104,"pulling":1,"pull":0.9},"model":"89f8b009-3902-48db-b1d4-eb1f08f41555:ecf66dae-233f-4687-ad5f-3f513050a9a5"},{"predicate":{"custom_model_data":1452105,"pulling":1,"pull":0.9},"model":"89f8b009-3902-48db-b1d4-eb1f08f41555:dc0c54c7-76de-47eb-99cf-e17b49eb09d6"},{"predicate":{"custom_model_data":1453104,"pulling":1,"pull":0.9},"model":"89f8b009-3902-48db-b1d4-eb1f08f41555:581de537-3115-424b-9c94-407d66ab775e"},{"predicate":{"custom_model_data":1453105,"pulling":1,"pull":0.9},"model":"89f8b009-3902-48db-b1d4-eb1f08f41555:a4644946-0415-47ef-b44c-ef10dbf4f667"},{"predicate":{"custom_model_data":1454104,"pulling":1,"pull":0.9},"model":"89f8b009-3902-48db-b1d4-eb1f08f41555:29257ff4-7569-4d32-9be1-c16d8fe9a4b3"},{"predicate":{"custom_model_data":1454105,"pulling":1,"pull":0.9},"model":"89f8b009-3902-48db-b1d4-eb1f08f41555:3f2c5969-6bb1-43e9-b7ae-5a487f433b4c"}]}