{"parent":"item/generated","display":{"thirdperson_righthand":{"rotation":[-90.0,0.0,-60.0],"translation":[2.0,0.1,-3.0],"scale":[0.9,0.9,0.9]},"thirdperson_lefthand":{"rotation":[-90.0,0.0,30.0],"translation":[2.0,0.1,-3.0],"scale":[0.9,0.9,0.9]},"firstperson_righthand":{"rotation":[-90.0,0.0,-55.0],"translation":[1.13,3.2,1.13],"scale":[0.68,0.68,0.68]},"firstperson_lefthand":{"rotation":[-90.0,0.0,35.0],"translation":[1.13,3.2,1.13],"scale":[0.68,0.68,0.68]}},"textures":{"layer0":"item/crossbow_standby"},"overrides":[{"predicate":{"pulling":1},"model":"item/crossbow_pulling_0"},{"predicate":{"pulling":1,"pull":0.58},"model":"item/crossbow_pulling_1"},{"predicate":{"pulling":1,"pull":1.0},"model":"item/crossbow_pulling_2"},{"predicate":{"charged":1},"model":"item/crossbow_arrow"},{"predicate":{"charged":1,"firework":1},"model":"item/crossbow_firework"},{"predicate":{"custom_model_data":1450100},"model":"89f8b009-3902-48db-b1d4-eb1f08f41555:e2225261-10f2-4ac6-aaec-c03a5af3a2a6"},{"predicate":{"custom_model_data":1450100,"pulling":1},"model":"89f8b009-3902-48db-b1d4-eb1f08f41555:f16de2fb-ac72-46b6-9158-0f1169ce8d99"},{"predicate":{"custom_model_data":1450100,"pulling":1,"pull":0.58},"model":"89f8b009-3902-48db-b1d4-eb1f08f41555:8d57961f-a712-4855-bd76-32e3a0660b41"},{"predicate":{"custom_model_data":1450100,"pulling":1,"pull":1.0},"model":"89f8b009-3902-48db-b1d4-eb1f08f41555:637f7c55-57a8-4768-b15c-c428e62eae0a"},{"predicate":{"custom_model_data":1450100,"charged":1},"model":"89f8b009-3902-48db-b1d4-eb1f08f41555:e0eca4cb-5e22-4a5b-94f6-e90b742aa423"},{"predicate":{"custom_model_data":1450100,"charged":1,"firework":1},"model":"89f8b009-3902-48db-b1d4-eb1f08f41555:d26aef28-48c9-4bef-a6c3-5d2615f50495"},{"predicate":{"custom_model_data":1450101},"model":"89f8b009-3902-48db-b1d4-eb1f08f41555:bf61284b-440b-46c3-984f-cce2136e1a7c"},{"predicate":{"custom_model_data":1450101,"pulling":1},"model":"89f8b009-3902-48db-b1d4-eb1f08f41555:d4f9333c-c885-4c06-aef0-14e83163442a"},{"predicate":{"custom_model_data":1450101,"pulling":1,"pull":0.58},"model":"89f8b009-3902-48db-b1d4-eb1f08f41555:b906d2b6-60ef-481b-bf46-2d1b9f01e3a8"},{"predicate":{"custom_model_data":1450101,"pulling":1,"pull":1.0},"model":"89f8b009-3902-48db-b1d4-eb1f08f41555:7789a64f-6c24-4e2c-962f-e69f8454cc8e"},{"predicate":{"custom_model_data":1450101,"charged":1},"model":"89f8b009-3902-48db-b1d4-eb1f08f41555:74f94d67-557c-4d1e-8bf4-5399134a720d"},{"predicate":{"custom_model_data":1450101,"charged":1,"firework":1},"model":"89f8b009-3902-48db-b1d4-eb1f08f41555:fdadfb83-d5c9-4eb6-aca9-1b6d3a6f1520"},{"predicate":{"custom_model_data":1450102},"model":"89f8b009-3902-48db-b1d4-eb1f08f41555:28af96ac-4e7b-41d6-af26-101ca76da2e6"},{"predicate":{"custom_model_data":1450102,"pulling":1},"model":"89f8b009-3902-48db-b1d4-eb1f08f41555:19b463eb-8536-49af-9ea5-ca54ff677a9d"},{"predicate":{"custom_model_data":1450102,"pulling":1,"pull":0.58},"model":"89f8b009-3902-48db-b1d4-eb1f08f41555:db596222-2b85-4b47-9dca-858a4aed652c"},{"predicate":{"custom_model_data":1450102,"pulling":1,"pull":1.0},"model":"89f8b009-3902-48db-b1d4-eb1f08f41555:e305f1fe-bf7f-4d2f-8e9b-374574669405"},{"predicate":{"custom_model_data":1450102,"charged":1},"model":"89f8b009-3902-48db-b1d4-eb1f08f41555:d9a6c077-d0fe-40d8-add7-8fab1ffd858e"},{"predicate":{"custom_model_data":1450102,"charged":1,"firework":1},"model":"89f8b009-3902-48db-b1d4-eb1f08f41555:97de6847-9b36-4881-8bb4-2151a9a9b544"},{"predicate":{"custom_model_data":1450103},"model":"89f8b009-3902-48db-b1d4-eb1f08f41555:0630bcd0-3e4d-42f7-9bf6-1918c72d52c2"},{"predicate":{"custom_model_data":1450103,"pulling":1},"model":"89f8b009-3902-48db-b1d4-eb1f08f41555:eb7d878d-c663-4a2d-bc1a-0aa0b01ab128"},{"predicate":{"custom_model_data":1450103,"pulling":1,"pull":0.58},"model":"89f8b009-3902-48db-b1d4-eb1f08f41555:8d740bd5-1692-4edd-994b-fdfca75ee5c5"},{"predicate":{"custom_model_data":1450103,"pulling":1,"pull":1.0},"model":"89f8b009-3902-48db-b1d4-eb1f08f41555:13261cd3-16a5-4f92-b110-8a58cd5fdded"},{"predicate":{"custom_model_data":1450103,"charged":1},"model":"89f8b009-3902-48db-b1d4-eb1f08f41555:8b1722be-7b2b-424e-bb71-4bce3881c1ef"},{"predicate":{"custom_model_data":1450103,"charged":1,"firework":1},"model":"89f8b009-3902-48db-b1d4-eb1f08f41555:2adc09eb-3be2-4fa3-bda6-208359fa230b"}]}