{"parent":"item/generated","textures":{"layer0":"item/leather_horse_armor"},"overrides":[{"predicate":{"custom_model_data":1000},"model":"567f60f8-5e8d-4ff6-b2c4-eb0dffe49046:982c22cb-3d9e-4275-9d36-c9cd98c36318"},{"predicate":{"custom_model_data":1001},"model":"567f60f8-5e8d-4ff6-b2c4-eb0dffe49046:89be1b36-d366-4eff-ba39-0942942bf991"},{"predicate":{"custom_model_data":1002},"model":"567f60f8-5e8d-4ff6-b2c4-eb0dffe49046:45007c1a-4e6f-4cf7-b725-51cc70ea1638"},{"predicate":{"custom_model_data":1003},"model":"567f60f8-5e8d-4ff6-b2c4-eb0dffe49046:b471abe7-5f54-4d2b-9657-dd4f63aa1a13"}]}