{"parent":"item/handheld","textures":{"layer0":"item/netherite_sword"},"overrides":[{"predicate":{"custom_model_data":1001},"model":"567f60f8-5e8d-4ff6-b2c4-eb0dffe49046:12a60bfc-fecd-46e7-bfda-c2008a1ef64f"},{"predicate":{"custom_model_data":1450000},"model":"89f8b009-3902-48db-b1d4-eb1f08f41555:abf534b9-1d60-42d5-af5d-cd60e59fb631"},{"predicate":{"custom_model_data":1450001},"model":"89f8b009-3902-48db-b1d4-eb1f08f41555:c5535183-ec4d-4a2b-99f5-6aa35f022779"},{"predicate":{"custom_model_data":1450003},"model":"89f8b009-3902-48db-b1d4-eb1f08f41555:e2e95959-9a34-4084-b43d-cbcbd2a34ebb"},{"predicate":{"custom_model_data":1450004},"model":"89f8b009-3902-48db-b1d4-eb1f08f41555:0792511a-b5e6-4429-960c-a04df0277d2d"},{"predicate":{"custom_model_data":1450005},"model":"89f8b009-3902-48db-b1d4-eb1f08f41555:d99b81c8-049d-4bbb-96d3-e55074f3b3ca"}]}