{"parent":"item/generated","textures":{"layer0":"item/paper"},"overrides":[{"predicate":{"custom_model_data":1000},"model":"567f60f8-5e8d-4ff6-b2c4-eb0dffe49046:220b6aab-b77d-4502-94e5-7036b8f7617a"},{"predicate":{"custom_model_data":1001},"model":"567f60f8-5e8d-4ff6-b2c4-eb0dffe49046:fc5aedb5-7c79-4707-bb19-6ac3f4b03caa"},{"predicate":{"custom_model_data":1002},"model":"567f60f8-5e8d-4ff6-b2c4-eb0dffe49046:47eef87e-7dee-44c0-ab0f-b369e1f9b0a6"},{"predicate":{"custom_model_data":1003},"model":"567f60f8-5e8d-4ff6-b2c4-eb0dffe49046:92736c77-06dc-4e93-ae7b-48928efe0ab1"},{"predicate":{"custom_model_data":1004},"model":"567f60f8-5e8d-4ff6-b2c4-eb0dffe49046:d1874f43-571c-4477-bac6-ebeb17f3c3df"},{"predicate":{"custom_model_data":1005},"model":"567f60f8-5e8d-4ff6-b2c4-eb0dffe49046:c6c722a2-7a05-4307-ac6d-541059991f41"},{"predicate":{"custom_model_data":1006},"model":"75ecc080-2d3f-408a-894a-932f3e7853c5:195dfab5-890c-491a-9c18-42a34f6dfc9f"},{"predicate":{"custom_model_data":1007},"model":"75ecc080-2d3f-408a-894a-932f3e7853c5:594fe43e-e9fc-466b-b01d-52c7fdd50a4e"},{"predicate":{"custom_model_data":1008},"model":"75ecc080-2d3f-408a-894a-932f3e7853c5:021b4b85-54c1-475e-819c-703398dac0f6"},{"predicate":{"custom_model_data":1009},"model":"d27eda98-f68c-4eea-9c5d-df825ae254fb:f79ae16c-a483-496c-b0bb-e98da5bba6da"},{"predicate":{"custom_model_data":1010},"model":"d27eda98-f68c-4eea-9c5d-df825ae254fb:24bf2884-292b-479e-95a8-364ab0463c97"},{"predicate":{"custom_model_data":1011},"model":"d27eda98-f68c-4eea-9c5d-df825ae254fb:7d661165-4c3b-4b79-b2f6-bf2eac050065"},{"predicate":{"custom_model_data":1012},"model":"d27eda98-f68c-4eea-9c5d-df825ae254fb:a518f919-88fe-48aa-ba1f-819ca529b2db"},{"predicate":{"custom_model_data":1013},"model":"75ecc080-2d3f-408a-894a-932f3e7853c5:b94b0624-6009-4b7a-956a-5a185e4a1758"},{"predicate":{"custom_model_data":1014},"model":"75ecc080-2d3f-408a-894a-932f3e7853c5:04128c39-a123-4b24-8e4e-874dd3a8188b"},{"predicate":{"custom_model_data":1015},"model":"75ecc080-2d3f-408a-894a-932f3e7853c5:b3f8079e-e8e8-4a23-aed0-3d17fcee835e"},{"predicate":{"custom_model_data":1016},"model":"d27eda98-f68c-4eea-9c5d-df825ae254fb:859f9fa5-1981-4fa2-b1bc-806bb77c12b8"},{"predicate":{"custom_model_data":1017},"model":"d27eda98-f68c-4eea-9c5d-df825ae254fb:aba90529-ecdb-493f-bc99-6eb1686eea3a"},{"predicate":{"custom_model_data":1018},"model":"d27eda98-f68c-4eea-9c5d-df825ae254fb:44775fb3-5a97-4ffb-9ba6-cf6aa5f68c77"},{"predicate":{"custom_model_data":1019},"model":"d27eda98-f68c-4eea-9c5d-df825ae254fb:9e65dc9c-016f-4000-968d-c13cf3278f3d"},{"predicate":{"custom_model_data":1020},"model":"d27eda98-f68c-4eea-9c5d-df825ae254fb:df995fe4-99c1-4c79-9c36-4f1669453683"},{"predicate":{"custom_model_data":1021},"model":"d27eda98-f68c-4eea-9c5d-df825ae254fb:2e22cbda-dc61-4d0f-b4b5-2f63f3bc358b"},{"predicate":{"custom_model_data":1022},"model":"d27eda98-f68c-4eea-9c5d-df825ae254fb:7a599976-dc59-4b13-a228-6412f5740e24"},{"predicate":{"custom_model_data":1023},"model":"d27eda98-f68c-4eea-9c5d-df825ae254fb:f4afcc87-9599-4340-aea6-c68bddd3b908"},{"predicate":{"custom_model_data":1024},"model":"d27eda98-f68c-4eea-9c5d-df825ae254fb:942f3405-9c51-4a6e-99ab-31b9388947e5"},{"predicate":{"custom_model_data":1025},"model":"d27eda98-f68c-4eea-9c5d-df825ae254fb:d1452e56-2988-4ab0-85dc-86fe34b7c260"},{"predicate":{"custom_model_data":1026},"model":"d27eda98-f68c-4eea-9c5d-df825ae254fb:103aa522-42ee-475a-ba62-7aeefcadbcb2"},{"predicate":{"custom_model_data":1027},"model":"d27eda98-f68c-4eea-9c5d-df825ae254fb:951dcc51-ef8b-40cd-ac30-9b88999857d3"},{"predicate":{"custom_model_data":1028},"model":"d27eda98-f68c-4eea-9c5d-df825ae254fb:41e62be5-a1f1-4d5d-bea5-314954976803"},{"predicate":{"custom_model_data":1029},"model":"d27eda98-f68c-4eea-9c5d-df825ae254fb:be4ba963-0f7f-4154-ad78-e3516154a6f3"},{"predicate":{"custom_model_data":1030},"model":"d27eda98-f68c-4eea-9c5d-df825ae254fb:e40a5048-aa84-4d05-b75e-12aa34797af8"},{"predicate":{"custom_model_data":1031},"model":"d27eda98-f68c-4eea-9c5d-df825ae254fb:41876de2-b343-429f-9c35-cc8615151ed4"},{"predicate":{"custom_model_data":1032},"model":"d27eda98-f68c-4eea-9c5d-df825ae254fb:6e82f4d9-502f-4cc7-8cf8-667a14417da2"},{"predicate":{"custom_model_data":1033},"model":"d27eda98-f68c-4eea-9c5d-df825ae254fb:b40ee52e-a545-40c8-b495-080b2dffebd7"},{"predicate":{"custom_model_data":1034},"model":"d27eda98-f68c-4eea-9c5d-df825ae254fb:209f8a5d-c2e0-436b-9f26-f1df8e60afbf"},{"predicate":{"custom_model_data":1035},"model":"d27eda98-f68c-4eea-9c5d-df825ae254fb:c1c7581a-97e7-45cb-8737-b63669812bbc"},{"predicate":{"custom_model_data":1036},"model":"d27eda98-f68c-4eea-9c5d-df825ae254fb:c4fd189d-7a31-4d57-b8b8-7d5d576bd42c"},{"predicate":{"custom_model_data":1037},"model":"d27eda98-f68c-4eea-9c5d-df825ae254fb:e60898fe-f19f-41a9-907e-db4f1294f322"},{"predicate":{"custom_model_data":1038},"model":"d27eda98-f68c-4eea-9c5d-df825ae254fb:b89efd4e-ac31-4095-bad8-500cb6f8a83c"},{"predicate":{"custom_model_data":1039},"model":"d27eda98-f68c-4eea-9c5d-df825ae254fb:dac0cd07-2e9f-4a54-9307-030f57a5619a"},{"predicate":{"custom_model_data":1040},"model":"75ecc080-2d3f-408a-894a-932f3e7853c5:2a06331b-c6e2-48b2-a33c-3ad760675f3f"},{"predicate":{"custom_model_data":1041},"model":"75ecc080-2d3f-408a-894a-932f3e7853c5:7bb24d6b-ac0f-4ed2-8a90-612d781085e2"},{"predicate":{"custom_model_data":1042},"model":"75ecc080-2d3f-408a-894a-932f3e7853c5:d246fa0c-88b8-4a54-ab3b-290128a1eb8a"},{"predicate":{"custom_model_data":1043},"model":"75ecc080-2d3f-408a-894a-932f3e7853c5:677d1b44-c494-40bb-bf98-7f627ea54bf8"},{"predicate":{"custom_model_data":1044},"model":"75ecc080-2d3f-408a-894a-932f3e7853c5:a9751433-ad47-4fb0-a0c2-3ce948f9002c"},{"predicate":{"custom_model_data":1045},"model":"75ecc080-2d3f-408a-894a-932f3e7853c5:756ad7ac-dd9f-44ca-9475-db9fe38e6ccc"},{"predicate":{"custom_model_data":1046},"model":"75ecc080-2d3f-408a-894a-932f3e7853c5:a8f63f6d-39fe-419b-99f2-a86f0fa166f1"},{"predicate":{"custom_model_data":1047},"model":"75ecc080-2d3f-408a-894a-932f3e7853c5:ee0a0a98-bfb8-482e-ab7a-b890a7cf2c47"},{"predicate":{"custom_model_data":1048},"model":"75ecc080-2d3f-408a-894a-932f3e7853c5:5cd6ec8e-bd6d-45d5-b054-2237f3e2b872"},{"predicate":{"custom_model_data":1049},"model":"75ecc080-2d3f-408a-894a-932f3e7853c5:cf0828f5-31b6-47f7-a31c-66f3a5b395db"},{"predicate":{"custom_model_data":1050},"model":"75ecc080-2d3f-408a-894a-932f3e7853c5:176ba9b2-063a-4db0-a465-59b8bd371b44"},{"predicate":{"custom_model_data":1051},"model":"75ecc080-2d3f-408a-894a-932f3e7853c5:75b64055-06a3-4193-a893-837cd1e9a825"},{"predicate":{"custom_model_data":1052},"model":"75ecc080-2d3f-408a-894a-932f3e7853c5:2c8301c7-00da-4349-8be9-a0ad26d2ee75"},{"predicate":{"custom_model_data":1053},"model":"75ecc080-2d3f-408a-894a-932f3e7853c5:2b0a81ed-374c-4877-ba70-e4d5ec491fca"},{"predicate":{"custom_model_data":1054},"model":"75ecc080-2d3f-408a-894a-932f3e7853c5:52115edb-e11f-4fc5-bc75-3cbdd017a220"},{"predicate":{"custom_model_data":1055},"model":"75ecc080-2d3f-408a-894a-932f3e7853c5:4a4d7836-989e-4496-9b91-2b4dc2494e13"},{"predicate":{"custom_model_data":1056},"model":"75ecc080-2d3f-408a-894a-932f3e7853c5:a7beef6e-e816-4987-9cec-7dcd989813b4"},{"predicate":{"custom_model_data":1057},"model":"75ecc080-2d3f-408a-894a-932f3e7853c5:c224fd3d-367a-4c6e-9631-6ddc0cb50505"},{"predicate":{"custom_model_data":1058},"model":"75ecc080-2d3f-408a-894a-932f3e7853c5:041e2b22-d306-408a-a416-b1739dadb8d3"},{"predicate":{"custom_model_data":1059},"model":"75ecc080-2d3f-408a-894a-932f3e7853c5:19a063d8-4a3a-41ea-829e-83c762bff42b"},{"predicate":{"custom_model_data":1060},"model":"75ecc080-2d3f-408a-894a-932f3e7853c5:9a8d3a5d-d6d6-46c3-8f7d-58430b8bac3a"},{"predicate":{"custom_model_data":1061},"model":"75ecc080-2d3f-408a-894a-932f3e7853c5:0584d7b4-57f4-459b-a1e5-d378a96deedf"},{"predicate":{"custom_model_data":1062},"model":"75ecc080-2d3f-408a-894a-932f3e7853c5:04452661-f64c-41e6-8a2f-a2c5a15d5593"},{"predicate":{"custom_model_data":1063},"model":"75ecc080-2d3f-408a-894a-932f3e7853c5:a9a32cbb-e8af-464a-b8a0-913aef6bfbcb"},{"predicate":{"custom_model_data":1064},"model":"75ecc080-2d3f-408a-894a-932f3e7853c5:147c2f21-a851-405f-ab81-1379dfa8b1b6"},{"predicate":{"custom_model_data":1065},"model":"75ecc080-2d3f-408a-894a-932f3e7853c5:be6493fe-e09b-4b83-a6f5-dbbd32cc39fe"},{"predicate":{"custom_model_data":1066},"model":"75ecc080-2d3f-408a-894a-932f3e7853c5:5556fd05-2dc6-405c-9d19-ac56d3480e3e"},{"predicate":{"custom_model_data":1067},"model":"d27eda98-f68c-4eea-9c5d-df825ae254fb:b2d14427-0377-4372-b86d-e767626c3944"},{"predicate":{"custom_model_data":1068},"model":"d27eda98-f68c-4eea-9c5d-df825ae254fb:8a11acd6-272a-480c-92c4-a398f5ff2f80"},{"predicate":{"custom_model_data":1069},"model":"75ecc080-2d3f-408a-894a-932f3e7853c5:73af0e6f-14d1-4f78-bb60-17450344a8be"},{"predicate":{"custom_model_data":1070},"model":"75ecc080-2d3f-408a-894a-932f3e7853c5:749ec15d-2853-4c3d-a30b-139718955022"},{"predicate":{"custom_model_data":1071},"model":"d27eda98-f68c-4eea-9c5d-df825ae254fb:3d037ef3-7b3b-4948-8c76-595996b35018"},{"predicate":{"custom_model_data":1072},"model":"d27eda98-f68c-4eea-9c5d-df825ae254fb:d7e8ba35-5cf8-4f2b-9ab5-f0516f9c8377"},{"predicate":{"custom_model_data":1073},"model":"d27eda98-f68c-4eea-9c5d-df825ae254fb:ba3a3f08-c3b0-415a-a0d8-ea67b6ba3e42"},{"predicate":{"custom_model_data":1074},"model":"d27eda98-f68c-4eea-9c5d-df825ae254fb:8a246a6b-8f0d-4e4e-b2dd-a26fe2173edb"},{"predicate":{"custom_model_data":1075},"model":"d27eda98-f68c-4eea-9c5d-df825ae254fb:2f01058e-24cc-4dc5-911b-bdd04d7f93a7"},{"predicate":{"custom_model_data":1076},"model":"d27eda98-f68c-4eea-9c5d-df825ae254fb:19869501-2a17-425d-aa5d-a0bbbc15f547"},{"predicate":{"custom_model_data":1077},"model":"d27eda98-f68c-4eea-9c5d-df825ae254fb:29529eae-6187-46a0-98e5-44fe1d86944e"},{"predicate":{"custom_model_data":1078},"model":"d27eda98-f68c-4eea-9c5d-df825ae254fb:2167a867-4b1d-45bb-9269-88f9696a47ec"},{"predicate":{"custom_model_data":1079},"model":"d27eda98-f68c-4eea-9c5d-df825ae254fb:1cbb3027-83ba-4d06-b7f9-fd4918866748"},{"predicate":{"custom_model_data":1080},"model":"d27eda98-f68c-4eea-9c5d-df825ae254fb:8f947455-ea30-401a-96d8-c8cab6acdc8c"},{"predicate":{"custom_model_data":1081},"model":"d27eda98-f68c-4eea-9c5d-df825ae254fb:1c6c926e-ce11-44ad-b632-ae57d2c7f9a6"},{"predicate":{"custom_model_data":1082},"model":"d27eda98-f68c-4eea-9c5d-df825ae254fb:4b248f40-b6cb-4c67-af22-398530d409b5"},{"predicate":{"custom_model_data":1083},"model":"d27eda98-f68c-4eea-9c5d-df825ae254fb:0520865a-10cc-4c06-901e-5cc2ba591c94"},{"predicate":{"custom_model_data":1084},"model":"d27eda98-f68c-4eea-9c5d-df825ae254fb:237f2d99-d338-4fb7-bc3c-4f670f10a31f"},{"predicate":{"custom_model_data":1085},"model":"d27eda98-f68c-4eea-9c5d-df825ae254fb:aeda1c0c-1583-4e10-bb4e-63bb4c7fe4e3"},{"predicate":{"custom_model_data":1086},"model":"d27eda98-f68c-4eea-9c5d-df825ae254fb:0f8b37fd-fbc1-44a1-81e2-80ecdb97dea9"},{"predicate":{"custom_model_data":1087},"model":"d27eda98-f68c-4eea-9c5d-df825ae254fb:528509ba-1361-4185-8c16-14820b83a42d"},{"predicate":{"custom_model_data":1088},"model":"d27eda98-f68c-4eea-9c5d-df825ae254fb:fb8ad6cf-c0a3-4613-a896-2d7738fbdacd"}]}