{"sources":[{"type":"single","resource":"nexo:99deaaad-ce22-4874-84ef-6b4a5961f857"},{"type":"single","resource":"nexo:758f2a84-0894-4815-8b26-c74646d1c1b6"},{"type":"single","resource":"nexo:669e3e79-dbe9-4104-aa25-9fddb4622f86"},{"type":"single","resource":"nexo:77fd8f62-7d7f-45e7-867c-fd632b5c3a4b"},{"type":"single","resource":"nexo:cdf7b3e3-5371-4cd9-8a16-6e9cf9dfef79"},{"type":"single","resource":"nexo:b181e98e-0a70-47ba-ba52-bb367b7a054c"},{"type":"single","resource":"nexo:b181e98e-0a70-47ba-ba52-bb367b7a054c"},{"type":"single","resource":"nexo:37f61cf3-dd0c-4322-ac1c-fe1874629943"},{"type":"single","resource":"nexo:edc38ebe-3960-4941-94a6-1c79f2188c63"},{"type":"single","resource":"nexo:e06b549a-7285-4901-8e76-c36fa8c653fe"},{"type":"single","resource":"nexo:b69f7a47-820c-4a9a-b2f8-2a964e4140ee"},{"type":"single","resource":"nexo:b69f7a47-820c-4a9a-b2f8-2a964e4140ee"},{"type":"single","resource":"nexo:af291225-be6e-47f2-bfec-d9062c4fef87"},{"type":"single","resource":"nexo:af291225-be6e-47f2-bfec-d9062c4fef87"},{"type":"single","resource":"nexo:30d79a09-2c4a-4754-8707-6d3f97517844"},{"type":"single","resource":"nexo:30d79a09-2c4a-4754-8707-6d3f97517844"},{"type":"single","resource":"nexo:70e8e43c-fa9a-4f84-bed4-a48aa880a38d"},{"type":"single","resource":"nexo:c999d4e2-69c5-4110-a112-82bd15f58c0f"},{"type":"single","resource":"nexo:131ebd28-f230-4ec7-a726-53cec7af1b15"},{"type":"single","resource":"nexo:131ebd28-f230-4ec7-a726-53cec7af1b15"},{"type":"single","resource":"nexo:badb47c7-6c19-488f-a68a-fdd3bebb8b38"},{"type":"single","resource":"nexo:0593fc40-9636-4749-8263-887f7b45e665"},{"type":"single","resource":"block/mossy_cobblestone"},{"type":"single","resource":"block/mossy_cobblestone"},{"type":"single","resource":"block/cobblestone"},{"type":"single","resource":"block/cobblestone"},{"type":"single","resource":"0f35d56f-87fa-4f3a-93ff-543a12f95242"},{"type":"single","resource":"bf40bfb4-8720-4dc9-9184-0cb85f571493"},{"type":"single","resource":"34fce1e8-e2a5-4373-9068-49cb516feef3"},{"type":"single","resource":"422eac59-b1d0-4fb7-9d77-d01c0eb2bfbf"},{"type":"single","resource":"86328f93-52d7-4ca8-af38-4c1b115a1176"},{"type":"single","resource":"7651664f-3a3f-48c7-a133-3efb127dc7d3"},{"type":"single","resource":"block/black_wool"},{"type":"single","resource":"block/white_concrete"},{"type":"single","resource":"block/white_concrete"},{"type":"single","resource":"block/black_concrete"},{"type":"single","resource":"block/black_wool"},{"type":"single","resource":"79a39dd2-97dd-4a3b-a947-1d3a4f02de8a"},{"type":"single","resource":"f1d472f1-a8c3-4fc4-87e5-359c2e5884bd"},{"type":"single","resource":"ad525f3a-3807-440d-b317-ec40c1d34d92"},{"type":"single","resource":"31c21b56-29e0-4c3a-9d1b-c81dfdd920ff"},{"type":"single","resource":"31c21b56-29e0-4c3a-9d1b-c81dfdd920ff"},{"type":"single","resource":"0f35d56f-87fa-4f3a-93ff-543a12f95242"},{"type":"single","resource":"f1d472f1-a8c3-4fc4-87e5-359c2e5884bd"},{"type":"single","resource":"1a2d99e8-c024-4790-ac2b-501c73ceb25f"},{"type":"single","resource":"38cc09f3-5ee8-4ad2-ab4c-051bb44ab76e"},{"type":"single","resource":"6da8991f-3185-43c6-aa46-a25bc496e480"},{"type":"single","resource":"6979dd31-6a7e-4b5f-8dcd-80376af995ca"},{"type":"single","resource":"6979dd31-6a7e-4b5f-8dcd-80376af995ca"},{"type":"single","resource":"86b4c432-fd93-4ee1-88f2-352e46594996"},{"type":"single","resource":"86b4c432-fd93-4ee1-88f2-352e46594996"},{"type":"single","resource":"0d2d6c93-6595-43a8-b499-3c8941ba5565"},{"type":"single","resource":"8348b0ef-a52b-4b77-97c3-23ad02aff25c"},{"type":"single","resource":"2005e690-bd6c-4310-956f-8ed848594c80"},{"type":"single","resource":"block/black_wool"},{"type":"single","resource":"block/white_concrete"},{"type":"single","resource":"block/white_concrete"},{"type":"single","resource":"block/black_concrete"},{"type":"single","resource":"block/black_wool"},{"type":"single","resource":"ffdd6bd8-ea95-4610-a732-964617471e67"},{"type":"single","resource":"243d8891-2d3a-4d20-a9aa-d35ed323d1cf"},{"type":"single","resource":"item/chainmail_helmet"},{"type":"single","resource":"item/chainmail_chestplate"},{"type":"single","resource":"item/chainmail_leggings"},{"type":"single","resource":"item/chainmail_boots"},{"type":"single","resource":"item/paper"},{"type":"single","resource":"item/leather_horse_armor"},{"type":"single","resource":"item/netherite_axe"},{"type":"single","resource":"item/netherite_hoe"},{"type":"single","resource":"item/netherite_pickaxe"},{"type":"single","resource":"item/netherite_shovel"},{"type":"single","resource":"item/netherite_sword"},{"type":"single","resource":"block/dark_oak_planks"},{"type":"single","resource":"nexo:c65d7ac6-4db8-4763-949f-9438c65911cb"},{"type":"single","resource":"nexo:a2638366-cd4a-44cd-a898-ab4732f5b3ef"},{"type":"single","resource":"nexo:eda1a57b-1891-4a9d-b213-4bddae19c142"},{"type":"single","resource":"1ae478b3-232b-4f97-9eca-b7bff21a4255"},{"type":"single","resource":"0b9ecd75-4316-4a30-9499-31d6c4aa33bf"},{"type":"single","resource":"7f5871f2-0d77-47f3-9715-c5d93de2d5d7"},{"type":"single","resource":"1ae478b3-232b-4f97-9eca-b7bff21a4255"},{"type":"single","resource":"0b9ecd75-4316-4a30-9499-31d6c4aa33bf"},{"type":"single","resource":"d458f02c-9bf4-4a6a-b8c5-b4cfbd6ea0c0"},{"type":"single","resource":"70ae3215-6c6a-4635-a245-7d75946f3fe1"},{"type":"single","resource":"2f7a51e3-a2d3-4326-9585-e1b318a10451"},{"type":"single","resource":"ae22f573-c8f0-45c2-871a-e1445730c223"},{"type":"single","resource":"b4dadda1-0479-4fc8-99e7-f91b10bff92a"},{"type":"single","resource":"377a5e35-49cd-4cee-8704-76f1bf91e72e"}]}