{"display":{"thirdperson_righthand":{"rotation":[40.5,0.0,0.0],"translation":[0.0,1.5,-1.5],"scale":[0.4,0.4,0.4]},"thirdperson_lefthand":{"rotation":[40.5,0.0,0.0],"translation":[0.0,1.5,-1.5],"scale":[0.4,0.4,0.4]},"firstperson_righthand":{"rotation":[0.0,117.0,0.0],"translation":[2.25,2.75,0.0],"scale":[0.36,0.36,0.36]},"firstperson_lefthand":{"rotation":[0.0,117.0,0.0],"translation":[2.25,2.75,0.0],"scale":[0.36,0.36,0.36]},"ground":{"translation":[0.0,1.25,0.0],"scale":[0.3,0.3,0.3]},"gui":{"rotation":[11.75,158.0,0.0],"translation":[0.0,-1.25,0.0],"scale":[0.66,0.66,0.66]},"head":{"scale":[0.0,0.0,0.0]},"fixed":{"rotation":[-90.0,0.0,0.0],"translation":[0.0,0.0,-16.0],"scale":[2.0,2.0,2.0]}},"elements":[{"from":[0.0,4.0,0.0],"to":[16.0,6.0,16.0],"rotation":{"origin":[0.0,4.0,0.0],"axis":"y","angle":0.0},"faces":{"north":{"uv":[7.875,0.75,5.875,1.0],"texture":"#2"},"east":{"uv":[7.875,1.5,5.875,1.75],"texture":"#2"},"south":{"uv":[7.875,1.25,5.875,1.5],"texture":"#2"},"west":{"uv":[7.875,1.0,5.875,1.25],"texture":"#2"},"up":{"uv":[0.0,2.0,2.0,0.0],"texture":"#2"},"down":{"uv":[0.0,2.0,2.0,4.0],"texture":"#2"}}},{"from":[0.0,1.0,14.5],"to":[14.0,4.0,15.5],"rotation":{"origin":[-26.0,0.0,14.5],"axis":"y","angle":0.0},"faces":{"north":{"uv":[7.25,4.875,5.5,5.25],"texture":"#2"},"east":{"uv":[2.0,4.375,1.875,4.75],"texture":"#2"},"south":{"uv":[7.25,5.25,5.5,5.625],"texture":"#2"},"west":{"uv":[2.0,4.0,1.875,4.375],"texture":"#2"},"up":{"uv":[5.125,6.875,6.875,6.75],"texture":"#2"},"down":{"uv":[1.5,6.875,3.25,7.0],"texture":"#2"}}},{"from":[14.0,0.0,14.0],"to":[16.0,4.0,16.0],"rotation":{"origin":[16.0,0.0,14.0],"axis":"y","angle":0.0},"faces":{"north":{"uv":[1.75,6.0,1.5,6.5],"texture":"#2"},"east":{"uv":[2.0,7.0,1.75,7.5],"texture":"#2"},"south":{"uv":[1.75,7.0,1.5,7.5],"texture":"#2"},"west":{"uv":[4.75,6.875,4.5,7.375],"texture":"#2"},"up":{"uv":[2.0,7.25,2.25,7.0],"texture":"#2"},"down":{"uv":[2.25,7.0,2.5,7.25],"texture":"#2"}}},{"from":[14.5,1.0,0.0],"to":[15.5,4.0,14.0],"rotation":{"origin":[16.5,0.0,11.0],"axis":"y","angle":0.0},"faces":{"north":{"uv":[1.875,5.625,1.75,6.0],"texture":"#2"},"east":{"uv":[7.25,5.625,5.5,6.0],"texture":"#2"},"south":{"uv":[1.875,6.0,1.75,6.375],"texture":"#2"},"west":{"uv":[1.75,5.625,0.0,6.0],"texture":"#2"},"up":{"uv":[3.25,8.625,3.375,6.875],"texture":"#2"},"down":{"uv":[3.375,6.875,3.5,8.625],"texture":"#2"}}},{"from":[0.0,6.0,14.0],"to":[16.0,19.0,16.0],"rotation":{"origin":[-28.0,5.0,14.0],"axis":"y","angle":0.0},"faces":{"north":{"uv":[4.0,0.0,2.0,1.625],"texture":"#2"},"east":{"uv":[1.0,6.0,0.75,7.625],"texture":"#2"},"south":{"uv":[4.0,1.625,2.0,3.25],"texture":"#2"},"west":{"uv":[0.75,6.0,0.5,7.625],"texture":"#2"},"up":{"uv":[5.875,2.0,7.875,1.75],"texture":"#2"},"down":{"uv":[5.875,2.0,7.875,2.25],"texture":"#2"}}},{"from":[14.5,6.0,3.0],"to":[15.5,9.0,14.0],"rotation":{"origin":[14.5,6.0,3.0],"axis":"y","angle":0.0},"faces":{"north":{"uv":[4.875,6.875,4.75,7.25],"texture":"#2"},"east":{"uv":[7.25,0.375,5.875,0.75],"texture":"#2"},"south":{"uv":[2.625,7.0,2.5,7.375],"texture":"#2"},"west":{"uv":[7.25,0.0,5.875,0.375],"texture":"#2"},"up":{"uv":[4.25,8.25,4.375,6.875],"texture":"#2"},"down":{"uv":[4.375,6.875,4.5,8.25],"texture":"#2"}}},{"from":[1.0,6.0,1.0],"to":[15.0,8.0,15.0],"rotation":{"origin":[2.0,6.0,2.0],"axis":"y","angle":0.0},"faces":{"north":{"uv":[7.625,2.25,5.875,2.5],"texture":"#2"},"east":{"uv":[7.625,3.0,5.875,3.25],"texture":"#2"},"south":{"uv":[7.625,2.75,5.875,3.0],"texture":"#2"},"west":{"uv":[7.625,2.5,5.875,2.75],"texture":"#2"},"up":{"uv":[2.0,5.0,3.75,3.25],"texture":"#2"},"down":{"uv":[3.75,3.25,5.5,5.0],"texture":"#2"}}},{"from":[0.0,6.0,1.0],"to":[1.0,8.0,13.0],"rotation":{"origin":[1.0,6.0,2.0],"axis":"y","angle":0.0},"faces":{"north":{"uv":[2.0,4.75,1.875,5.0],"texture":"#2"},"east":{"uv":[7.0,6.25,5.5,6.5],"texture":"#2"},"south":{"uv":[1.875,6.375,1.75,6.625],"texture":"#2"},"west":{"uv":[7.0,6.0,5.5,6.25],"texture":"#2"},"up":{"uv":[4.0,8.375,4.125,6.875],"texture":"#2"},"down":{"uv":[4.125,6.875,4.25,8.375],"texture":"#2"}}},{"from":[1.0,6.0,0.0],"to":[13.0,8.0,1.0],"rotation":{"origin":[2.0,6.0,1.0],"axis":"y","angle":0.0},"faces":{"north":{"uv":[7.0,6.5,5.5,6.75],"texture":"#2"},"east":{"uv":[2.875,7.0,2.75,7.25],"texture":"#2"},"south":{"uv":[3.0,6.625,1.5,6.875],"texture":"#2"},"west":{"uv":[2.75,7.0,2.625,7.25],"texture":"#2"},"up":{"uv":[5.125,7.0,6.625,6.875],"texture":"#2"},"down":{"uv":[6.625,6.875,8.125,7.0],"texture":"#2"}}},{"from":[0.0,5.0,13.0],"to":[15.0,18.0,14.0],"rotation":{"origin":[-28.0,5.0,13.0],"axis":"y","angle":0.0},"faces":{"north":{"uv":[1.875,4.0,0.0,5.625],"texture":"#2"},"east":{"uv":[3.75,6.875,3.625,8.5],"texture":"#2"},"south":{"uv":[5.875,0.0,4.0,1.625],"texture":"#2"},"west":{"uv":[3.625,6.875,3.5,8.5],"texture":"#2"},"up":{"uv":[3.0,6.75,4.875,6.625],"texture":"#2"},"down":{"uv":[3.0,6.75,4.875,6.875],"texture":"#2"}}},{"from":[14.0,6.0,0.0],"to":[16.0,19.0,14.0],"rotation":{"origin":[14.35,12.0,8.025],"axis":"y","angle":0.0},"faces":{"north":{"uv":[1.25,6.0,1.0,7.625],"texture":"#2"},"east":{"uv":[7.25,3.25,5.5,4.875],"texture":"#2"},"south":{"uv":[1.5,6.0,1.25,7.625],"texture":"#2"},"west":{"uv":[5.5,5.0,3.75,6.625],"texture":"#2"},"up":{"uv":[0.0,7.75,0.25,6.0],"texture":"#2"},"down":{"uv":[0.25,6.0,0.5,7.75],"texture":"#2"}}},{"from":[12.975,5.0,0.025],"to":[13.975,18.0,15.025],"rotation":{"origin":[14.1,12.0,8.025],"axis":"y","angle":0.0},"faces":{"north":{"uv":[3.875,6.875,3.75,8.5],"texture":"#2"},"east":{"uv":[3.75,5.0,1.875,6.625],"texture":"#2"},"south":{"uv":[4.0,6.875,3.875,8.5],"texture":"#2"},"west":{"uv":[5.875,1.625,4.0,3.25],"texture":"#2"},"up":{"uv":[4.875,8.5,5.0,6.625],"texture":"#2"},"down":{"uv":[5.0,6.625,5.125,8.5],"texture":"#2"}}}],"textures":{"2":"2a37e520-9b3d-4eae-98a9-9261ca83c5a6:34a0e110-9977-4860-b0e6-3fe7ddd1b986"},"gui_light":"front"}