{"sources":[{"type":"single","resource":"block/black_concrete"},{"type":"single","resource":"block/black_concrete"},{"type":"single","resource":"block/black_wool"},{"type":"single","resource":"block/black_wool"},{"type":"single","resource":"block/black_wool"},{"type":"single","resource":"block/black_wool"},{"type":"single","resource":"block/cobblestone"},{"type":"single","resource":"block/cobblestone"},{"type":"single","resource":"block/dark_oak_planks"},{"type":"single","resource":"block/mossy_cobblestone"},{"type":"single","resource":"block/mossy_cobblestone"},{"type":"single","resource":"block/white_concrete"},{"type":"single","resource":"block/white_concrete"},{"type":"single","resource":"block/white_concrete"},{"type":"single","resource":"block/white_concrete"},{"type":"single","resource":"dd1c5625-fec0-4e62-a0cb-847f09f6106c:3dcbf63d-a693-4778-a349-712feb764998"},{"type":"single","resource":"dd1c5625-fec0-4e62-a0cb-847f09f6106c:3dcbf63d-a693-4778-a349-712feb764998"},{"type":"single","resource":"dd1c5625-fec0-4e62-a0cb-847f09f6106c:7458d35d-1311-40cc-9835-c7c82661e6da"},{"type":"single","resource":"dd1c5625-fec0-4e62-a0cb-847f09f6106c:7458d35d-1311-40cc-9835-c7c82661e6da"},{"type":"single","resource":"dd1c5625-fec0-4e62-a0cb-847f09f6106c:887ca6cd-67b6-4161-9322-3d034c26ec01"},{"type":"single","resource":"dd1c5625-fec0-4e62-a0cb-847f09f6106c:887ca6cd-67b6-4161-9322-3d034c26ec01"},{"type":"single","resource":"dd1c5625-fec0-4e62-a0cb-847f09f6106c:003d7478-3ffc-4c14-8b23-98071000ca21"},{"type":"single","resource":"dd1c5625-fec0-4e62-a0cb-847f09f6106c:003d7478-3ffc-4c14-8b23-98071000ca21"},{"type":"single","resource":"dd1c5625-fec0-4e62-a0cb-847f09f6106c:f8e7709c-e0ea-4754-afc2-9ddc5c782561"},{"type":"single","resource":"dd1c5625-fec0-4e62-a0cb-847f09f6106c:f8e7709c-e0ea-4754-afc2-9ddc5c782561"},{"type":"single","resource":"dd1c5625-fec0-4e62-a0cb-847f09f6106c:dd102641-c051-4bed-85b7-674e1935e370"},{"type":"single","resource":"dd1c5625-fec0-4e62-a0cb-847f09f6106c:dd102641-c051-4bed-85b7-674e1935e370"},{"type":"single","resource":"dd1c5625-fec0-4e62-a0cb-847f09f6106c:3a8df921-bbe2-45b4-8c17-129c1fdb69cf"},{"type":"single","resource":"dd1c5625-fec0-4e62-a0cb-847f09f6106c:0a10cf1e-980d-40fe-a603-d6e3be832e5e"},{"type":"single","resource":"dd1c5625-fec0-4e62-a0cb-847f09f6106c:91e36d56-900f-413f-b7f2-d1b5accb7583"},{"type":"single","resource":"dd1c5625-fec0-4e62-a0cb-847f09f6106c:9884b8a4-d3d1-44f8-a1c2-56eca9da4151"},{"type":"single","resource":"dd1c5625-fec0-4e62-a0cb-847f09f6106c:3bb1b631-c434-4e8c-8621-7f7f1606c1cc"},{"type":"single","resource":"dd1c5625-fec0-4e62-a0cb-847f09f6106c:66a72994-a3f5-4b15-871b-89eca64317df"},{"type":"single","resource":"dd1c5625-fec0-4e62-a0cb-847f09f6106c:b7fc1dc7-2054-4c1c-84b1-86f1ffe195e6"},{"type":"single","resource":"dd1c5625-fec0-4e62-a0cb-847f09f6106c:b7fc1dc7-2054-4c1c-84b1-86f1ffe195e6"},{"type":"single","resource":"dd1c5625-fec0-4e62-a0cb-847f09f6106c:8608d159-cb7e-470c-a2a3-ad16c603fee3"},{"type":"single","resource":"dd1c5625-fec0-4e62-a0cb-847f09f6106c:ed1ffc93-aa17-451a-84a7-61638c1818ac"},{"type":"single","resource":"dd1c5625-fec0-4e62-a0cb-847f09f6106c:ed1ffc93-aa17-451a-84a7-61638c1818ac"},{"type":"single","resource":"dd1c5625-fec0-4e62-a0cb-847f09f6106c:309cd0e9-df21-473e-8e7e-3b7b926e911a"},{"type":"single","resource":"dd1c5625-fec0-4e62-a0cb-847f09f6106c:56450fb4-6b8b-497d-9e50-8bfde333594d"},{"type":"single","resource":"dd1c5625-fec0-4e62-a0cb-847f09f6106c:3e8454ca-635c-4f8a-bb00-a222db419bed"},{"type":"single","resource":"dd1c5625-fec0-4e62-a0cb-847f09f6106c:52a86c55-f49c-4dd1-a002-95c59db370a3"},{"type":"single","resource":"dd1c5625-fec0-4e62-a0cb-847f09f6106c:52a86c55-f49c-4dd1-a002-95c59db370a3"},{"type":"single","resource":"dd1c5625-fec0-4e62-a0cb-847f09f6106c:097ace6d-afc1-4292-9c2f-6e2d7ff68f37"},{"type":"single","resource":"dd1c5625-fec0-4e62-a0cb-847f09f6106c:097ace6d-afc1-4292-9c2f-6e2d7ff68f37"},{"type":"single","resource":"dd1c5625-fec0-4e62-a0cb-847f09f6106c:51a14030-88f2-4657-8fd8-9c7686a2c05d"},{"type":"single","resource":"dd1c5625-fec0-4e62-a0cb-847f09f6106c:68ee73a8-124d-4c21-810e-f82100cc0023"},{"type":"single","resource":"dd1c5625-fec0-4e62-a0cb-847f09f6106c:bbf17268-b173-454f-80b5-1c1ac5b92ce6"},{"type":"single","resource":"dd1c5625-fec0-4e62-a0cb-847f09f6106c:34494754-e0c0-475a-a218-f38a0ea2fea3"},{"type":"single","resource":"dd1c5625-fec0-4e62-a0cb-847f09f6106c:e4287f9a-64df-4f8d-86e6-ce68c38013c7"},{"type":"single","resource":"dd1c5625-fec0-4e62-a0cb-847f09f6106c:6c645af9-348d-47d6-96cf-901db63e0c12"},{"type":"single","resource":"dd1c5625-fec0-4e62-a0cb-847f09f6106c:18611b64-9457-48dd-afe8-a8e185381d19"},{"type":"single","resource":"dd1c5625-fec0-4e62-a0cb-847f09f6106c:18733d60-2e69-459f-8437-c6e5539ca674"},{"type":"single","resource":"dd1c5625-fec0-4e62-a0cb-847f09f6106c:19c3e960-2f7f-49ae-9a60-11035bf5d6cb"},{"type":"single","resource":"dd1c5625-fec0-4e62-a0cb-847f09f6106c:9a210938-c7f1-4058-a6bc-904fd1a0933d"},{"type":"single","resource":"dd1c5625-fec0-4e62-a0cb-847f09f6106c:71cf049e-14ea-4d96-bded-cf708764092e"},{"type":"single","resource":"dd1c5625-fec0-4e62-a0cb-847f09f6106c:476deb69-f868-45f1-8336-b2c006b23b70"},{"type":"single","resource":"dd1c5625-fec0-4e62-a0cb-847f09f6106c:461be792-757d-4444-8754-4bb07c8c2957"},{"type":"single","resource":"dd1c5625-fec0-4e62-a0cb-847f09f6106c:7692f42d-b9a5-4c58-a03b-7a5c2fda3401"},{"type":"single","resource":"dd1c5625-fec0-4e62-a0cb-847f09f6106c:732c4f19-6765-4efe-b855-29d4c7048b7a"},{"type":"single","resource":"dd1c5625-fec0-4e62-a0cb-847f09f6106c:731c52c5-5699-4433-84c5-0db776fc99a1"},{"type":"single","resource":"dd1c5625-fec0-4e62-a0cb-847f09f6106c:b3885020-51fc-4f12-be91-9e01eed583e2"},{"type":"single","resource":"dd1c5625-fec0-4e62-a0cb-847f09f6106c:54ec869a-4f7e-46f6-ad4d-2bcabd6593ac"},{"type":"single","resource":"dd1c5625-fec0-4e62-a0cb-847f09f6106c:36475286-d4fa-4925-a69a-8780823cc387"},{"type":"single","resource":"dd1c5625-fec0-4e62-a0cb-847f09f6106c:e21d77f7-b788-4cb3-b63a-20fe9541513b"},{"type":"single","resource":"dd1c5625-fec0-4e62-a0cb-847f09f6106c:0b58a640-c803-4ec3-84cd-3a28236dbdcb"},{"type":"single","resource":"dd1c5625-fec0-4e62-a0cb-847f09f6106c:9b0622c5-b667-48a3-a339-d956c0a7aa78"},{"type":"single","resource":"dd1c5625-fec0-4e62-a0cb-847f09f6106c:432b3073-9158-4449-b22f-bea16e30bc37"},{"type":"single","resource":"d4130432-fd3e-43bf-b3c5-c3f8f3933858:0a50b0a1-b402-494a-af40-57f08d9208b7"},{"type":"single","resource":"item/chainmail_boots"},{"type":"single","resource":"item/chainmail_chestplate"},{"type":"single","resource":"item/chainmail_helmet"},{"type":"single","resource":"item/chainmail_leggings"},{"type":"single","resource":"d4130432-fd3e-43bf-b3c5-c3f8f3933858:369ddbc5-e1a4-463c-b2e9-f6b899f5b96c"},{"type":"single","resource":"d4130432-fd3e-43bf-b3c5-c3f8f3933858:9cb3e5d0-c60c-4ad6-b968-f01cc8b1d6bb"},{"type":"single","resource":"d4130432-fd3e-43bf-b3c5-c3f8f3933858:d1939a1c-93f8-429e-8af2-b3828b90b2f3"},{"type":"single","resource":"d4130432-fd3e-43bf-b3c5-c3f8f3933858:c27ea67b-d837-45e9-a383-d3023bb991ae"},{"type":"single","resource":"dd1c5625-fec0-4e62-a0cb-847f09f6106c:d842886c-05ac-4fac-957a-a1b4e4bada4f"},{"type":"single","resource":"d4130432-fd3e-43bf-b3c5-c3f8f3933858:33861dc5-605b-4fb9-ac56-7d40204cb228"},{"type":"single","resource":"dd1c5625-fec0-4e62-a0cb-847f09f6106c:7a6ca1d1-5bed-432e-bc98-f6d1c8304848"},{"type":"single","resource":"dd1c5625-fec0-4e62-a0cb-847f09f6106c:bb43cb9f-eb35-4329-b2af-07b2f300df4c"},{"type":"single","resource":"dd1c5625-fec0-4e62-a0cb-847f09f6106c:91a5d7f4-2481-498c-828d-a25cd2efc845"},{"type":"single","resource":"dd1c5625-fec0-4e62-a0cb-847f09f6106c:d91b937b-6b26-4980-b29c-489a41291206"},{"type":"single","resource":"dd1c5625-fec0-4e62-a0cb-847f09f6106c:82453a5a-8466-4a3c-b817-ee630d738725"},{"type":"single","resource":"dd1c5625-fec0-4e62-a0cb-847f09f6106c:9e6f2f20-2324-448a-9a98-00da41ab069e"},{"type":"single","resource":"dd1c5625-fec0-4e62-a0cb-847f09f6106c:23edabfd-a54f-4ba6-9b26-4514b26b775b"},{"type":"single","resource":"dd1c5625-fec0-4e62-a0cb-847f09f6106c:0347d949-c334-4bbb-8a5e-f9149c075d92"},{"type":"single","resource":"dd1c5625-fec0-4e62-a0cb-847f09f6106c:be36b106-5a6a-4956-95f8-4246415461c3"},{"type":"single","resource":"dd1c5625-fec0-4e62-a0cb-847f09f6106c:c3da7183-c483-4456-b35f-6bf79e937218"},{"type":"single","resource":"dd1c5625-fec0-4e62-a0cb-847f09f6106c:c887fb80-8789-4728-84ec-870483302193"},{"type":"single","resource":"dd1c5625-fec0-4e62-a0cb-847f09f6106c:50d76ed0-9503-4e42-9145-6d813b696cc5"},{"type":"single","resource":"dd1c5625-fec0-4e62-a0cb-847f09f6106c:b1d87775-8f95-429c-a7ee-59ca6209b76e"},{"type":"single","resource":"dd1c5625-fec0-4e62-a0cb-847f09f6106c:098a8694-40db-44a5-b716-bcc1c9bf5a0b"},{"type":"single","resource":"dd1c5625-fec0-4e62-a0cb-847f09f6106c:87e4117c-b91d-45c6-84e2-a144ca055c26"},{"type":"single","resource":"dd1c5625-fec0-4e62-a0cb-847f09f6106c:7bf198d9-6ace-4a43-bbbb-a6876efa6948"},{"type":"single","resource":"dd1c5625-fec0-4e62-a0cb-847f09f6106c:8ab1981c-0590-4951-beac-9e7ad37685e7"},{"type":"single","resource":"dd1c5625-fec0-4e62-a0cb-847f09f6106c:82051e04-63f2-4e20-897c-e4cbfd2948e9"},{"type":"single","resource":"dd1c5625-fec0-4e62-a0cb-847f09f6106c:82051e04-63f2-4e20-897c-e4cbfd2948e9"},{"type":"single","resource":"dd1c5625-fec0-4e62-a0cb-847f09f6106c:10bda5fa-0b69-41ec-8ae1-990d5cb82a55"},{"type":"single","resource":"dd1c5625-fec0-4e62-a0cb-847f09f6106c:d66654ad-0d48-41f2-a871-eba72f5401a2"},{"type":"single","resource":"dd1c5625-fec0-4e62-a0cb-847f09f6106c:f2250dbd-4189-413c-8dd5-0aed082e96c9"},{"type":"single","resource":"dd1c5625-fec0-4e62-a0cb-847f09f6106c:d82b433f-bdb8-48c4-a4d6-7fd9513493ab"},{"type":"single","resource":"dd1c5625-fec0-4e62-a0cb-847f09f6106c:a5e07135-f5ee-48ee-8403-450219cbc627"},{"type":"single","resource":"dd1c5625-fec0-4e62-a0cb-847f09f6106c:50ca5666-d7bb-40f0-976a-cf4186c946be"},{"type":"single","resource":"dd1c5625-fec0-4e62-a0cb-847f09f6106c:bf0094c5-afc8-436f-bd22-dbcbfd54ba47"},{"type":"single","resource":"dd1c5625-fec0-4e62-a0cb-847f09f6106c:572aaa2d-72d9-412f-9889-e9621d48c60d"},{"type":"single","resource":"dd1c5625-fec0-4e62-a0cb-847f09f6106c:92ee1c78-63b2-489c-ba63-08461d30a78e"},{"type":"single","resource":"dd1c5625-fec0-4e62-a0cb-847f09f6106c:3a85768f-5984-4068-90aa-e72070e098be"},{"type":"single","resource":"dd1c5625-fec0-4e62-a0cb-847f09f6106c:03fdc2d7-8198-4d66-aab7-3e0a62c0a85b"},{"type":"single","resource":"dd1c5625-fec0-4e62-a0cb-847f09f6106c:c82e7d71-1224-473a-9248-1d4319869846"},{"type":"single","resource":"dd1c5625-fec0-4e62-a0cb-847f09f6106c:fa646971-d8ce-4a98-b23e-a9487d827d49"},{"type":"single","resource":"dd1c5625-fec0-4e62-a0cb-847f09f6106c:cdfa6acb-a697-4928-b166-377d796eaead"},{"type":"single","resource":"dd1c5625-fec0-4e62-a0cb-847f09f6106c:2e52cee1-c57c-4398-998f-599d0b7452bd"},{"type":"single","resource":"dd1c5625-fec0-4e62-a0cb-847f09f6106c:1c580341-cd28-4f4d-a17d-b25eb8da3abb"},{"type":"single","resource":"dd1c5625-fec0-4e62-a0cb-847f09f6106c:f288393e-5349-4114-bc35-cbea5609f556"},{"type":"single","resource":"dd1c5625-fec0-4e62-a0cb-847f09f6106c:b2ac2eb3-1e70-4d12-8706-73cf9d912248"},{"type":"single","resource":"dd1c5625-fec0-4e62-a0cb-847f09f6106c:4c2f1921-d2cf-4da4-a319-e5b789ffd3ac"},{"type":"single","resource":"dd1c5625-fec0-4e62-a0cb-847f09f6106c:149b52f4-f668-4c90-9803-0a30665ea50d"},{"type":"single","resource":"dd1c5625-fec0-4e62-a0cb-847f09f6106c:d1d9c49a-d16d-4c85-bf2a-eab221622ffa"},{"type":"single","resource":"dd1c5625-fec0-4e62-a0cb-847f09f6106c:f5f3ef27-5ac9-4f60-862e-f5586163edd7"},{"type":"single","resource":"dd1c5625-fec0-4e62-a0cb-847f09f6106c:a3922819-50b9-4f80-b62a-50810749ecbc"},{"type":"single","resource":"dd1c5625-fec0-4e62-a0cb-847f09f6106c:63429f78-cbd6-46c6-af08-2c025ffd5b57"},{"type":"single","resource":"dd1c5625-fec0-4e62-a0cb-847f09f6106c:6969e0fb-b3cf-449c-a46c-eee9f2f71406"},{"type":"single","resource":"dd1c5625-fec0-4e62-a0cb-847f09f6106c:06f2e01c-07b2-4843-bc92-7a7a1a7c1d6a"},{"type":"single","resource":"dd1c5625-fec0-4e62-a0cb-847f09f6106c:f352379e-7154-4996-b88e-972dedf6e99b"},{"type":"single","resource":"dd1c5625-fec0-4e62-a0cb-847f09f6106c:f16db298-f14d-42fa-9ea5-8dc0915c82a7"},{"type":"single","resource":"dd1c5625-fec0-4e62-a0cb-847f09f6106c:3a85aa15-db1a-4ded-8cac-56de935fb097"},{"type":"single","resource":"dd1c5625-fec0-4e62-a0cb-847f09f6106c:47dad421-f905-40e4-a328-ddf5f446f9df"},{"type":"single","resource":"dd1c5625-fec0-4e62-a0cb-847f09f6106c:80df1fb8-7e7e-4618-ae08-e3edf0d37924"},{"type":"single","resource":"dd1c5625-fec0-4e62-a0cb-847f09f6106c:5fe15d89-3262-404d-b583-09c925983bee"},{"type":"single","resource":"dd1c5625-fec0-4e62-a0cb-847f09f6106c:d5dbf5d6-c4e8-4b7e-afce-be678c3abb03"},{"type":"single","resource":"dd1c5625-fec0-4e62-a0cb-847f09f6106c:aeac9fa2-d012-4e84-abaa-9be631c545b6"},{"type":"single","resource":"dd1c5625-fec0-4e62-a0cb-847f09f6106c:80e4976a-ad15-4cf0-a59c-f20a67608076"},{"type":"single","resource":"dd1c5625-fec0-4e62-a0cb-847f09f6106c:5857a746-cbec-4b90-8852-36390b5d3bcb"},{"type":"single","resource":"dd1c5625-fec0-4e62-a0cb-847f09f6106c:426545b0-89d6-4bce-9780-f2acb33199e0"},{"type":"single","resource":"dd1c5625-fec0-4e62-a0cb-847f09f6106c:7f60905d-d45e-49d5-996d-a31c9692f1e6"},{"type":"single","resource":"dd1c5625-fec0-4e62-a0cb-847f09f6106c:875407d1-f991-4d3d-a039-6c66551418dc"},{"type":"single","resource":"dd1c5625-fec0-4e62-a0cb-847f09f6106c:d40d34b8-02e3-47f2-b3b4-6b026c21cd31"},{"type":"single","resource":"dd1c5625-fec0-4e62-a0cb-847f09f6106c:7fdaee0c-6adf-44d0-954f-492f96028cbc"},{"type":"single","resource":"dd1c5625-fec0-4e62-a0cb-847f09f6106c:0d0a6def-c9a3-4980-902e-e97f14c0949a"},{"type":"single","resource":"dd1c5625-fec0-4e62-a0cb-847f09f6106c:c82574ed-2c96-42b5-bd8f-27aeb8cd7267"},{"type":"single","resource":"dd1c5625-fec0-4e62-a0cb-847f09f6106c:1236da28-59a7-4187-825f-df7453cc92ef"},{"type":"single","resource":"dd1c5625-fec0-4e62-a0cb-847f09f6106c:1f6d72d2-f7e6-4275-b835-b5bcae35548c"},{"type":"single","resource":"dd1c5625-fec0-4e62-a0cb-847f09f6106c:b1b0a57b-90b5-4f40-b815-689d238f7c93"},{"type":"single","resource":"dd1c5625-fec0-4e62-a0cb-847f09f6106c:ef69508a-c1da-4318-a3fd-b170a8b6acde"},{"type":"single","resource":"dd1c5625-fec0-4e62-a0cb-847f09f6106c:e00e5249-c742-4688-a2af-99335288dcaa"},{"type":"single","resource":"dd1c5625-fec0-4e62-a0cb-847f09f6106c:20f496aa-d443-4a58-9c38-d89b088afe44"},{"type":"single","resource":"dd1c5625-fec0-4e62-a0cb-847f09f6106c:901e5d75-8ff8-482a-a754-e75aff81f2fe"},{"type":"single","resource":"dd1c5625-fec0-4e62-a0cb-847f09f6106c:7b5966fc-021e-4a45-9809-b757a861211a"},{"type":"single","resource":"dd1c5625-fec0-4e62-a0cb-847f09f6106c:c4f9a556-0859-492f-b164-7d13252e36cb"},{"type":"single","resource":"dd1c5625-fec0-4e62-a0cb-847f09f6106c:cd5c679d-0e5b-440f-8acb-6d3ad1cb4350"},{"type":"single","resource":"dd1c5625-fec0-4e62-a0cb-847f09f6106c:62b548b5-64ac-4078-ac9c-4970fd05dc45"},{"type":"single","resource":"dd1c5625-fec0-4e62-a0cb-847f09f6106c:8a65e179-1542-4821-8e7c-bd17caea5452"},{"type":"single","resource":"dd1c5625-fec0-4e62-a0cb-847f09f6106c:e268af85-717d-494e-967f-226d08a58d74"},{"type":"single","resource":"dd1c5625-fec0-4e62-a0cb-847f09f6106c:b0cc4047-9134-4f17-9790-1e7af26a5e5f"},{"type":"single","resource":"dd1c5625-fec0-4e62-a0cb-847f09f6106c:d6e3edd2-4056-47bc-99e2-55e72b4f01ca"},{"type":"single","resource":"dd1c5625-fec0-4e62-a0cb-847f09f6106c:49ccbeca-e8f0-4175-b898-8a6a94822452"},{"type":"single","resource":"dd1c5625-fec0-4e62-a0cb-847f09f6106c:630ee80f-2763-4a44-a719-6678e95e0487"},{"type":"single","resource":"dd1c5625-fec0-4e62-a0cb-847f09f6106c:517c1127-799d-4d32-a9e4-c1db429bf5f2"},{"type":"single","resource":"dd1c5625-fec0-4e62-a0cb-847f09f6106c:43d4c3c0-8952-4a67-a6c4-502f60dd8600"},{"type":"single","resource":"dd1c5625-fec0-4e62-a0cb-847f09f6106c:0c23d9ac-ee5e-434f-890c-b637ded0be9f"},{"type":"single","resource":"dd1c5625-fec0-4e62-a0cb-847f09f6106c:6ab276b2-ebd8-46e2-b9b6-a07830518a30"},{"type":"single","resource":"dd1c5625-fec0-4e62-a0cb-847f09f6106c:204bbba8-8e4f-419f-94be-4b62bc560184"},{"type":"single","resource":"dd1c5625-fec0-4e62-a0cb-847f09f6106c:1a6ee6ec-9311-463d-81c5-b66986cb3014"},{"type":"single","resource":"dd1c5625-fec0-4e62-a0cb-847f09f6106c:e5bbb202-c6db-45d8-af07-c31ca146c8ca"},{"type":"single","resource":"dd1c5625-fec0-4e62-a0cb-847f09f6106c:7b2869e9-015c-4ae5-b5ff-ee79e712b44a"},{"type":"single","resource":"dd1c5625-fec0-4e62-a0cb-847f09f6106c:4e0b460e-c7a2-4f82-9320-c9bb5f6db8c3"},{"type":"single","resource":"dd1c5625-fec0-4e62-a0cb-847f09f6106c:672e017d-458a-49e2-93b6-7c42d1afa14d"},{"type":"single","resource":"dd1c5625-fec0-4e62-a0cb-847f09f6106c:4d2ca20e-a983-4fbc-a252-59b23fdffbcf"},{"type":"single","resource":"dd1c5625-fec0-4e62-a0cb-847f09f6106c:b08b76aa-ecb4-4cf9-8e4c-1d03953f6d1f"},{"type":"single","resource":"dd1c5625-fec0-4e62-a0cb-847f09f6106c:f32451c5-0cb3-418d-8c47-1ed06ff5f02b"},{"type":"single","resource":"dd1c5625-fec0-4e62-a0cb-847f09f6106c:8d9f9d08-756d-4ec0-a615-b6bcf704c2bf"},{"type":"single","resource":"dd1c5625-fec0-4e62-a0cb-847f09f6106c:a289934b-4981-43d0-a8bf-3cdd9598a84c"},{"type":"single","resource":"dd1c5625-fec0-4e62-a0cb-847f09f6106c:474ab7f1-9cfa-4648-b530-331dafafcd44"},{"type":"single","resource":"dd1c5625-fec0-4e62-a0cb-847f09f6106c:a02ea5f8-0347-4d05-855f-2872851771b5"},{"type":"single","resource":"dd1c5625-fec0-4e62-a0cb-847f09f6106c:8d188e09-ebdc-480f-8743-4b1831de30d2"},{"type":"single","resource":"dd1c5625-fec0-4e62-a0cb-847f09f6106c:249bfb24-9956-412e-bc6b-f9b6c64c6385"},{"type":"single","resource":"dd1c5625-fec0-4e62-a0cb-847f09f6106c:c415b14e-9899-41c1-aa9d-493194c78548"},{"type":"single","resource":"dd1c5625-fec0-4e62-a0cb-847f09f6106c:4e5d15c8-10bb-432d-a71e-18926441f2b6"},{"type":"single","resource":"dd1c5625-fec0-4e62-a0cb-847f09f6106c:3afde7ba-264c-47f6-ad45-41a9c7008448"},{"type":"single","resource":"dd1c5625-fec0-4e62-a0cb-847f09f6106c:8008b0da-10ee-4510-8c1e-d01b6fa6aac3"},{"type":"single","resource":"dd1c5625-fec0-4e62-a0cb-847f09f6106c:56acd5eb-82e1-4172-bb3b-9e653cf45729"},{"type":"single","resource":"dd1c5625-fec0-4e62-a0cb-847f09f6106c:6fad276d-6eb9-4d77-b28c-f0685b6d8b4a"},{"type":"single","resource":"dd1c5625-fec0-4e62-a0cb-847f09f6106c:9b723b8e-dfe8-46b7-9421-732bf5eec991"},{"type":"single","resource":"dd1c5625-fec0-4e62-a0cb-847f09f6106c:40e90ecb-fa3d-4ee3-8c58-7ddb369443b7"},{"type":"single","resource":"dd1c5625-fec0-4e62-a0cb-847f09f6106c:024c5781-a171-47eb-8b1b-3c4ac20518c1"},{"type":"single","resource":"dd1c5625-fec0-4e62-a0cb-847f09f6106c:4ebbd350-94c2-4a45-9dfc-8ad95a3360ac"},{"type":"single","resource":"dd1c5625-fec0-4e62-a0cb-847f09f6106c:ce920b9a-9d7d-4fd1-930f-f6885d88fba3"},{"type":"single","resource":"dd1c5625-fec0-4e62-a0cb-847f09f6106c:b0027619-6d98-4863-97a9-edba220a81db"},{"type":"single","resource":"dd1c5625-fec0-4e62-a0cb-847f09f6106c:a86a4da5-af97-4372-8341-e866a20db49b"},{"type":"single","resource":"dd1c5625-fec0-4e62-a0cb-847f09f6106c:e622b4ae-0c9a-4ca9-be8c-b69545b19e17"},{"type":"single","resource":"dd1c5625-fec0-4e62-a0cb-847f09f6106c:6374acb7-a9b3-4552-883f-0945b8f36667"},{"type":"single","resource":"dd1c5625-fec0-4e62-a0cb-847f09f6106c:cc589b44-9cdc-4e58-bdad-d48816cbc195"},{"type":"single","resource":"dd1c5625-fec0-4e62-a0cb-847f09f6106c:e42d79ac-5fbe-4a93-aa27-0cee48203453"},{"type":"single","resource":"dd1c5625-fec0-4e62-a0cb-847f09f6106c:201b2d2a-f37d-4e3c-a4c4-87fcd8fd9ebc"},{"type":"single","resource":"dd1c5625-fec0-4e62-a0cb-847f09f6106c:ad33b033-2779-4201-9ca0-57e04df73a06"},{"type":"single","resource":"dd1c5625-fec0-4e62-a0cb-847f09f6106c:ce089df6-4e61-4717-b3ad-9df48e8c8c83"},{"type":"single","resource":"dd1c5625-fec0-4e62-a0cb-847f09f6106c:386a1122-8502-4032-ac48-87ed327303a9"},{"type":"single","resource":"dd1c5625-fec0-4e62-a0cb-847f09f6106c:dcf164dd-fa60-423b-85a2-ddd00e1deae0"},{"type":"single","resource":"d4130432-fd3e-43bf-b3c5-c3f8f3933858:8790c9f8-24a0-4945-9e06-e1c134156594"},{"type":"single","resource":"d4130432-fd3e-43bf-b3c5-c3f8f3933858:f93b9db7-3c5f-41f7-8019-3704296ff7db"},{"type":"single","resource":"d4130432-fd3e-43bf-b3c5-c3f8f3933858:ab80e229-fafd-441a-84df-989971899c98"},{"type":"single","resource":"item/leather_horse_armor"},{"type":"single","resource":"d4130432-fd3e-43bf-b3c5-c3f8f3933858:060e26be-c781-46b0-85bb-c39d588106cd"},{"type":"single","resource":"dd1c5625-fec0-4e62-a0cb-847f09f6106c:5af907ec-3fdc-4114-bc54-f882cc21b7eb"},{"type":"single","resource":"dd1c5625-fec0-4e62-a0cb-847f09f6106c:e64f8fcb-7b7b-4375-b653-863be34bf735"},{"type":"single","resource":"dd1c5625-fec0-4e62-a0cb-847f09f6106c:e8f60479-afa7-453e-8fb3-07ee5f106471"},{"type":"single","resource":"dd1c5625-fec0-4e62-a0cb-847f09f6106c:7f2cd94d-c115-45f1-a94b-216bfc7a3d2c"},{"type":"single","resource":"dd1c5625-fec0-4e62-a0cb-847f09f6106c:1915ca8b-1d92-44be-9d5d-d5ce2ee43871"},{"type":"single","resource":"dd1c5625-fec0-4e62-a0cb-847f09f6106c:787d0bfd-40e4-41f7-b381-5e49d1418484"},{"type":"single","resource":"dd1c5625-fec0-4e62-a0cb-847f09f6106c:3cb0ddaf-9467-4e6f-a690-3b6f837666e3"},{"type":"single","resource":"dd1c5625-fec0-4e62-a0cb-847f09f6106c:4720c5f7-9e45-414e-980c-c173d6c8d75b"},{"type":"single","resource":"dd1c5625-fec0-4e62-a0cb-847f09f6106c:771bc8cb-24c1-4c50-8ad2-d52b4ce76dbf"},{"type":"single","resource":"dd1c5625-fec0-4e62-a0cb-847f09f6106c:6453f60b-1b07-417a-ad8a-c2dd06c235fc"},{"type":"single","resource":"dd1c5625-fec0-4e62-a0cb-847f09f6106c:21cce71a-7e2a-4039-937f-53ad16078be5"},{"type":"single","resource":"dd1c5625-fec0-4e62-a0cb-847f09f6106c:8acc7cee-52e8-4ca7-8dac-c520945199f8"},{"type":"single","resource":"dd1c5625-fec0-4e62-a0cb-847f09f6106c:2f18cad5-42bd-41dc-b3c6-6c779aba1410"},{"type":"single","resource":"dd1c5625-fec0-4e62-a0cb-847f09f6106c:77512afb-751c-4e2a-b385-8e8420d76a2e"},{"type":"single","resource":"dd1c5625-fec0-4e62-a0cb-847f09f6106c:0d3a0397-0eab-4bcf-bb02-d939ce31f684"},{"type":"single","resource":"dd1c5625-fec0-4e62-a0cb-847f09f6106c:554b9059-a4c7-4959-b021-dae08d177b44"},{"type":"single","resource":"dd1c5625-fec0-4e62-a0cb-847f09f6106c:0e64e35e-c7fe-4105-a2a2-400b346c30bd"},{"type":"single","resource":"dd1c5625-fec0-4e62-a0cb-847f09f6106c:12e88d3c-31ac-4b7a-a2f1-8e2b822ccbe1"},{"type":"single","resource":"dd1c5625-fec0-4e62-a0cb-847f09f6106c:b884f80d-a36e-4f3f-85d9-80fb40bbe451"},{"type":"single","resource":"dd1c5625-fec0-4e62-a0cb-847f09f6106c:2e5bf275-82f9-4334-9698-5444916a5b18"},{"type":"single","resource":"dd1c5625-fec0-4e62-a0cb-847f09f6106c:23b51e4f-8dbf-4319-84f9-b97765cd14bd"},{"type":"single","resource":"dd1c5625-fec0-4e62-a0cb-847f09f6106c:55a3e942-2e75-43e8-ad24-e05195ee5103"},{"type":"single","resource":"dd1c5625-fec0-4e62-a0cb-847f09f6106c:1f933f57-d00d-447b-9d92-3c594665110d"},{"type":"single","resource":"dd1c5625-fec0-4e62-a0cb-847f09f6106c:08a59dc2-a6c4-4a8a-9a98-492f45ecebb3"},{"type":"single","resource":"dd1c5625-fec0-4e62-a0cb-847f09f6106c:01f01843-e739-4d55-ac46-6d46a84dd0e1"},{"type":"single","resource":"dd1c5625-fec0-4e62-a0cb-847f09f6106c:febbf666-a03d-4bf3-a64c-63d1298b11f1"},{"type":"single","resource":"dd1c5625-fec0-4e62-a0cb-847f09f6106c:2080c6d4-431c-462d-944c-71fd69b00980"},{"type":"single","resource":"dd1c5625-fec0-4e62-a0cb-847f09f6106c:a962c37b-a10d-4080-8801-309f1eb4a486"},{"type":"single","resource":"dd1c5625-fec0-4e62-a0cb-847f09f6106c:f4963ef7-a1f8-4a4c-8fc0-ed92c95caa4b"},{"type":"single","resource":"dd1c5625-fec0-4e62-a0cb-847f09f6106c:15c98a9c-01a8-467d-a78d-334c2b4984db"},{"type":"single","resource":"dd1c5625-fec0-4e62-a0cb-847f09f6106c:7c6ba033-6775-4a44-a277-b8d374d2b139"},{"type":"single","resource":"dd1c5625-fec0-4e62-a0cb-847f09f6106c:95b8b579-86cb-4b1b-a983-4c1f6dd118f6"},{"type":"single","resource":"dd1c5625-fec0-4e62-a0cb-847f09f6106c:e9f169a1-18ba-4f95-8104-3ce241022911"},{"type":"single","resource":"dd1c5625-fec0-4e62-a0cb-847f09f6106c:6291555f-5d0b-4afe-9759-54588cb4b007"},{"type":"single","resource":"dd1c5625-fec0-4e62-a0cb-847f09f6106c:bf12dd8d-915a-44b2-9150-9bf804d5ba2a"},{"type":"single","resource":"dd1c5625-fec0-4e62-a0cb-847f09f6106c:f8915316-3798-4931-811b-f54f473c8fe5"},{"type":"single","resource":"dd1c5625-fec0-4e62-a0cb-847f09f6106c:9edd4f7b-fbf9-41c8-af93-3dbd43a919b5"},{"type":"single","resource":"dd1c5625-fec0-4e62-a0cb-847f09f6106c:70aa39a8-10af-44dd-afe0-2f86b5e939ae"},{"type":"single","resource":"dd1c5625-fec0-4e62-a0cb-847f09f6106c:ddd459b4-807e-4b05-b814-7811762d1fbc"},{"type":"single","resource":"dd1c5625-fec0-4e62-a0cb-847f09f6106c:c00153f7-6ef0-483d-b51d-883d2a7c7502"},{"type":"single","resource":"dd1c5625-fec0-4e62-a0cb-847f09f6106c:0c08d384-917f-4058-98bc-f24e0337b8da"},{"type":"single","resource":"dd1c5625-fec0-4e62-a0cb-847f09f6106c:efd2dc01-503a-4089-8d7e-fdd7910da957"},{"type":"single","resource":"d4130432-fd3e-43bf-b3c5-c3f8f3933858:52c0c028-0405-40e3-9420-905444075ecf"},{"type":"single","resource":"dd1c5625-fec0-4e62-a0cb-847f09f6106c:ade63356-4cfa-48e0-9166-894c7d0f0de8"},{"type":"single","resource":"dd1c5625-fec0-4e62-a0cb-847f09f6106c:a8bb8760-8114-47ee-bbfb-ed649d6589c2"},{"type":"single","resource":"dd1c5625-fec0-4e62-a0cb-847f09f6106c:a91b1bc8-3d53-43f2-9f14-a67fbb4498fe"},{"type":"single","resource":"dd1c5625-fec0-4e62-a0cb-847f09f6106c:6ce199d7-d021-4c51-859d-14ccc18da609"},{"type":"single","resource":"dd1c5625-fec0-4e62-a0cb-847f09f6106c:f33d07be-2526-4b2c-b14a-09e8d985fe33"},{"type":"single","resource":"dd1c5625-fec0-4e62-a0cb-847f09f6106c:2f348d6a-7adc-4074-bfba-f487c6251af7"},{"type":"single","resource":"item/netherite_axe"},{"type":"single","resource":"item/netherite_hoe"},{"type":"single","resource":"item/netherite_pickaxe"},{"type":"single","resource":"item/netherite_shovel"},{"type":"single","resource":"d4130432-fd3e-43bf-b3c5-c3f8f3933858:fc745a08-8cbc-4fbe-8abe-2ce8eb2075a1"},{"type":"single","resource":"item/netherite_sword"},{"type":"single","resource":"3068c5ae-0312-483d-b20d-ad03c578b9eb:e4429673-9ade-4063-8c9c-692805c944ba"},{"type":"single","resource":"3068c5ae-0312-483d-b20d-ad03c578b9eb:e4429673-9ade-4063-8c9c-692805c944ba"},{"type":"single","resource":"3068c5ae-0312-483d-b20d-ad03c578b9eb:ecbd2fd6-8a12-4881-91c7-8e2b660af486"},{"type":"single","resource":"3068c5ae-0312-483d-b20d-ad03c578b9eb:ecbd2fd6-8a12-4881-91c7-8e2b660af486"},{"type":"single","resource":"3068c5ae-0312-483d-b20d-ad03c578b9eb:28d0a883-b221-479b-809d-675a3759799c"},{"type":"single","resource":"3068c5ae-0312-483d-b20d-ad03c578b9eb:eb47eae0-4e92-4eba-b5ac-86a0ce3d083d"},{"type":"single","resource":"3068c5ae-0312-483d-b20d-ad03c578b9eb:eb47eae0-4e92-4eba-b5ac-86a0ce3d083d"},{"type":"single","resource":"3068c5ae-0312-483d-b20d-ad03c578b9eb:a3aca574-9fec-4195-8ad4-3570197b143c"},{"type":"single","resource":"3068c5ae-0312-483d-b20d-ad03c578b9eb:77c9a07a-e8c4-4ffe-a0c2-cb2f0cef503c"},{"type":"single","resource":"3068c5ae-0312-483d-b20d-ad03c578b9eb:18d1416c-2f3e-4a4c-bf88-14b79cd1fad6"},{"type":"single","resource":"3068c5ae-0312-483d-b20d-ad03c578b9eb:eaa141b7-7cf3-4125-af5f-bd5b15c47258"},{"type":"single","resource":"3068c5ae-0312-483d-b20d-ad03c578b9eb:b8307c77-beb0-46da-bbfe-87688f08ca51"},{"type":"single","resource":"3068c5ae-0312-483d-b20d-ad03c578b9eb:b8307c77-beb0-46da-bbfe-87688f08ca51"},{"type":"single","resource":"3068c5ae-0312-483d-b20d-ad03c578b9eb:72123823-7a3f-4b5a-aa61-1926e93dbb79"},{"type":"single","resource":"3068c5ae-0312-483d-b20d-ad03c578b9eb:72123823-7a3f-4b5a-aa61-1926e93dbb79"},{"type":"single","resource":"3068c5ae-0312-483d-b20d-ad03c578b9eb:c821da4a-f50a-48c2-8be3-9eea044d207a"},{"type":"single","resource":"3068c5ae-0312-483d-b20d-ad03c578b9eb:f0f84e6a-2fc0-47c0-8bbe-f391e359a41c"},{"type":"single","resource":"3068c5ae-0312-483d-b20d-ad03c578b9eb:4533f37a-3d38-4bf7-af3c-4dac7c098510"},{"type":"single","resource":"3068c5ae-0312-483d-b20d-ad03c578b9eb:4533f37a-3d38-4bf7-af3c-4dac7c098510"},{"type":"single","resource":"3068c5ae-0312-483d-b20d-ad03c578b9eb:d725c444-b572-4f81-aa11-c9a4228f3dc3"},{"type":"single","resource":"3068c5ae-0312-483d-b20d-ad03c578b9eb:d725c444-b572-4f81-aa11-c9a4228f3dc3"},{"type":"single","resource":"3068c5ae-0312-483d-b20d-ad03c578b9eb:d725c444-b572-4f81-aa11-c9a4228f3dc3"},{"type":"single","resource":"3068c5ae-0312-483d-b20d-ad03c578b9eb:bce029da-ceee-4de5-9ea3-dcf8537aab54"},{"type":"single","resource":"3068c5ae-0312-483d-b20d-ad03c578b9eb:0883a6cb-b2ea-4330-bf36-63ae40b2f7ee"},{"type":"single","resource":"3068c5ae-0312-483d-b20d-ad03c578b9eb:b5b00a81-5ff5-4405-904b-a49688625a61"},{"type":"single","resource":"3068c5ae-0312-483d-b20d-ad03c578b9eb:19f49af2-43ea-4b6d-bc65-115d1ff77109"},{"type":"single","resource":"3068c5ae-0312-483d-b20d-ad03c578b9eb:d78bf493-f70d-49fd-912d-1e265385b3ef"},{"type":"single","resource":"3068c5ae-0312-483d-b20d-ad03c578b9eb:25b6f6f9-a5d1-4779-ad6a-5c9d454a63ea"},{"type":"single","resource":"3068c5ae-0312-483d-b20d-ad03c578b9eb:cbabae11-b489-47ef-8f7d-5ff7f0a046e2"},{"type":"single","resource":"3068c5ae-0312-483d-b20d-ad03c578b9eb:cbabae11-b489-47ef-8f7d-5ff7f0a046e2"},{"type":"single","resource":"3068c5ae-0312-483d-b20d-ad03c578b9eb:951456f2-68d9-4929-ab78-d35ae70ca7c9"},{"type":"single","resource":"3068c5ae-0312-483d-b20d-ad03c578b9eb:9f620264-2c94-4ee7-9244-8d143310616a"},{"type":"single","resource":"3068c5ae-0312-483d-b20d-ad03c578b9eb:13f72f9e-849d-4e8a-af1f-ab1e340f4bc6"},{"type":"single","resource":"3068c5ae-0312-483d-b20d-ad03c578b9eb:fb5f5f89-a020-4344-92e6-908213ae7f8e"},{"type":"single","resource":"3068c5ae-0312-483d-b20d-ad03c578b9eb:fb5f5f89-a020-4344-92e6-908213ae7f8e"},{"type":"single","resource":"3068c5ae-0312-483d-b20d-ad03c578b9eb:aed8fae3-cb00-4738-8ee9-6e600e8b8cfd"},{"type":"single","resource":"3068c5ae-0312-483d-b20d-ad03c578b9eb:aed8fae3-cb00-4738-8ee9-6e600e8b8cfd"},{"type":"single","resource":"3068c5ae-0312-483d-b20d-ad03c578b9eb:905b6872-2efb-4021-8ee8-dad5e2bf65ad"},{"type":"single","resource":"3068c5ae-0312-483d-b20d-ad03c578b9eb:905b6872-2efb-4021-8ee8-dad5e2bf65ad"},{"type":"single","resource":"3068c5ae-0312-483d-b20d-ad03c578b9eb:31720957-cdee-496f-b6aa-a5e709447487"},{"type":"single","resource":"3068c5ae-0312-483d-b20d-ad03c578b9eb:22cf96cc-7b63-4fb0-b8e3-5f39828a11bb"},{"type":"single","resource":"3068c5ae-0312-483d-b20d-ad03c578b9eb:b0acab61-0705-4896-b045-1b78bd65d701"},{"type":"single","resource":"3068c5ae-0312-483d-b20d-ad03c578b9eb:b0acab61-0705-4896-b045-1b78bd65d701"},{"type":"single","resource":"3068c5ae-0312-483d-b20d-ad03c578b9eb:eb7504f0-f24e-40a0-83b9-fb4995e71bce"},{"type":"single","resource":"3068c5ae-0312-483d-b20d-ad03c578b9eb:bf571f09-b495-4c2a-beeb-d78e72a23026"},{"type":"single","resource":"3068c5ae-0312-483d-b20d-ad03c578b9eb:9d5d4234-df4b-4060-ac09-b381f4005678"},{"type":"single","resource":"3068c5ae-0312-483d-b20d-ad03c578b9eb:9d5d4234-df4b-4060-ac09-b381f4005678"},{"type":"single","resource":"d4130432-fd3e-43bf-b3c5-c3f8f3933858:51c431d0-9c03-4ca8-99be-2954488e2000"},{"type":"single","resource":"d4130432-fd3e-43bf-b3c5-c3f8f3933858:78eb54ff-cdaa-458c-8740-697d103085af"},{"type":"single","resource":"d4130432-fd3e-43bf-b3c5-c3f8f3933858:3b0ceb26-e637-49d9-b2e7-c89e1996d179"},{"type":"single","resource":"d4130432-fd3e-43bf-b3c5-c3f8f3933858:2d407fe7-0304-4ecf-b624-79f0f0129a99"},{"type":"single","resource":"d4130432-fd3e-43bf-b3c5-c3f8f3933858:22a19f90-717f-4502-a6ee-f3e12add3d91"},{"type":"single","resource":"d4130432-fd3e-43bf-b3c5-c3f8f3933858:290a9a18-1168-477e-b696-9721370aa8af"},{"type":"single","resource":"d4130432-fd3e-43bf-b3c5-c3f8f3933858:862b3d53-fa26-4e66-98ca-11e40a71c68b"},{"type":"single","resource":"d4130432-fd3e-43bf-b3c5-c3f8f3933858:b4598d59-c5ae-4608-a58f-bda340e7c324"},{"type":"single","resource":"d4130432-fd3e-43bf-b3c5-c3f8f3933858:c320a073-fab7-4f7b-be57-2e3782cfc0f2"},{"type":"single","resource":"d4130432-fd3e-43bf-b3c5-c3f8f3933858:84e8da6c-e1d1-4082-8665-e7ab48cdc28a"},{"type":"single","resource":"d4130432-fd3e-43bf-b3c5-c3f8f3933858:1f27e03b-b7b4-4ca4-bb18-970151130b01"},{"type":"single","resource":"d4130432-fd3e-43bf-b3c5-c3f8f3933858:68c08272-6ab0-43d6-b561-f176c5e09d71"},{"type":"single","resource":"d4130432-fd3e-43bf-b3c5-c3f8f3933858:32caeb4d-2021-431b-bca1-a1e1b12eb49a"},{"type":"single","resource":"d4130432-fd3e-43bf-b3c5-c3f8f3933858:e57a6b66-fe9b-4315-b160-45f548258d13"},{"type":"single","resource":"d4130432-fd3e-43bf-b3c5-c3f8f3933858:7430625e-2e58-4cff-82fb-78813d30aae4"},{"type":"single","resource":"d4130432-fd3e-43bf-b3c5-c3f8f3933858:d9b7cf2f-482d-4f8a-a6e9-054ef983693f"},{"type":"single","resource":"d4130432-fd3e-43bf-b3c5-c3f8f3933858:51227550-e489-496f-bec5-1ddd4143c691"},{"type":"single","resource":"d4130432-fd3e-43bf-b3c5-c3f8f3933858:94ad7830-fd7d-46f2-8398-07d32c6d009b"},{"type":"single","resource":"d4130432-fd3e-43bf-b3c5-c3f8f3933858:09f30b3d-a76a-46cc-8aeb-5c7baddbdb71"},{"type":"single","resource":"d4130432-fd3e-43bf-b3c5-c3f8f3933858:b231cec9-d2ea-45ad-a8fb-fff9729d4f14"},{"type":"single","resource":"d4130432-fd3e-43bf-b3c5-c3f8f3933858:5d60c972-3464-4f5c-a6ba-9a63933984d2"},{"type":"single","resource":"d4130432-fd3e-43bf-b3c5-c3f8f3933858:aae20fd1-1ed6-4187-b395-2bae6f1d993b"},{"type":"single","resource":"d4130432-fd3e-43bf-b3c5-c3f8f3933858:86d0b4da-d88e-4c2e-8027-20d6f277d1d5"},{"type":"single","resource":"d4130432-fd3e-43bf-b3c5-c3f8f3933858:d7bb94b2-4822-4b04-8af3-cb48e3ac7787"},{"type":"single","resource":"d4130432-fd3e-43bf-b3c5-c3f8f3933858:8511a8d1-83e1-4f08-92a3-a6416006a142"},{"type":"single","resource":"d4130432-fd3e-43bf-b3c5-c3f8f3933858:ae14fd43-d543-41e2-b04e-2d6615267557"},{"type":"single","resource":"d4130432-fd3e-43bf-b3c5-c3f8f3933858:05985c5d-ca37-4c1e-bbe6-11dc69dc04da"},{"type":"single","resource":"d4130432-fd3e-43bf-b3c5-c3f8f3933858:5c5b6580-1a17-4b87-8520-69e97d7a3b29"},{"type":"single","resource":"d4130432-fd3e-43bf-b3c5-c3f8f3933858:f9f616df-b5f8-40a0-b16b-291a2cc036e8"},{"type":"single","resource":"d4130432-fd3e-43bf-b3c5-c3f8f3933858:1bf5337a-de25-4fef-aa70-8430318771e3"},{"type":"single","resource":"d4130432-fd3e-43bf-b3c5-c3f8f3933858:689dd47d-09ee-4f00-89f6-e66f11daf8e8"},{"type":"single","resource":"d4130432-fd3e-43bf-b3c5-c3f8f3933858:28500b23-0893-46e3-895d-cd4a1198ae7a"},{"type":"single","resource":"item/paper"},{"type":"single","resource":"d4130432-fd3e-43bf-b3c5-c3f8f3933858:d53c4856-eaaf-4ddc-96b7-7ab43586abb1"},{"type":"single","resource":"d4130432-fd3e-43bf-b3c5-c3f8f3933858:bc1e9dfa-16bd-4247-8042-b02dfe3e16ee"},{"type":"single","resource":"d4130432-fd3e-43bf-b3c5-c3f8f3933858:45691c4a-f3eb-447a-b469-e16436ce7963"},{"type":"single","resource":"d4130432-fd3e-43bf-b3c5-c3f8f3933858:8d733c2c-521e-426c-9bcd-a5630637f08b"},{"type":"single","resource":"d4130432-fd3e-43bf-b3c5-c3f8f3933858:fed5ab1a-96a0-4619-9ff3-570b3d81d411"},{"type":"single","resource":"d4130432-fd3e-43bf-b3c5-c3f8f3933858:3800fdd6-5111-4655-bc6e-f7c1d89875e6"},{"type":"single","resource":"d4130432-fd3e-43bf-b3c5-c3f8f3933858:5a9503c6-3ad3-4f64-a4dd-58c52d2f5285"},{"type":"single","resource":"d4130432-fd3e-43bf-b3c5-c3f8f3933858:ba6f2141-4d34-4223-bee8-b93baafa60be"},{"type":"single","resource":"d4130432-fd3e-43bf-b3c5-c3f8f3933858:ea350104-224c-4547-bd2c-c58793a23c04"},{"type":"single","resource":"dd1c5625-fec0-4e62-a0cb-847f09f6106c:6c659eb1-a766-49b0-8e1f-9f5fd6731763"},{"type":"single","resource":"dd1c5625-fec0-4e62-a0cb-847f09f6106c:6c659eb1-a766-49b0-8e1f-9f5fd6731763"},{"type":"single","resource":"dd1c5625-fec0-4e62-a0cb-847f09f6106c:947bf694-54d9-4ff3-8424-95b532e00dc1"},{"type":"single","resource":"dd1c5625-fec0-4e62-a0cb-847f09f6106c:d1c624d4-de5a-4777-809f-3d215f16f5ec"},{"type":"single","resource":"dd1c5625-fec0-4e62-a0cb-847f09f6106c:d1c624d4-de5a-4777-809f-3d215f16f5ec"},{"type":"single","resource":"dd1c5625-fec0-4e62-a0cb-847f09f6106c:5721a624-0519-41af-b523-7b3463b5e36e"},{"type":"single","resource":"dd1c5625-fec0-4e62-a0cb-847f09f6106c:77cc13ac-5b27-4652-844d-7551f25a72a7"},{"type":"single","resource":"dd1c5625-fec0-4e62-a0cb-847f09f6106c:77cc13ac-5b27-4652-844d-7551f25a72a7"},{"type":"single","resource":"dd1c5625-fec0-4e62-a0cb-847f09f6106c:dbd35ace-d07e-40a5-96c7-0eef310bc5de"},{"type":"single","resource":"dd1c5625-fec0-4e62-a0cb-847f09f6106c:dbd35ace-d07e-40a5-96c7-0eef310bc5de"},{"type":"single","resource":"dd1c5625-fec0-4e62-a0cb-847f09f6106c:dbd35ace-d07e-40a5-96c7-0eef310bc5de"},{"type":"single","resource":"dd1c5625-fec0-4e62-a0cb-847f09f6106c:dbd35ace-d07e-40a5-96c7-0eef310bc5de"},{"type":"single","resource":"dd1c5625-fec0-4e62-a0cb-847f09f6106c:cd30bf62-9eb5-4bed-8381-ff519103c229"},{"type":"single","resource":"dd1c5625-fec0-4e62-a0cb-847f09f6106c:ac6be4c1-ec84-4ea0-87b7-6f993b3d3711"},{"type":"single","resource":"dd1c5625-fec0-4e62-a0cb-847f09f6106c:d8e05fbb-a5dd-48a6-85d6-15a98aceed75"},{"type":"single","resource":"dd1c5625-fec0-4e62-a0cb-847f09f6106c:05437c5a-9487-45ff-b679-29de85462da2"},{"type":"single","resource":"dd1c5625-fec0-4e62-a0cb-847f09f6106c:d1776be9-731e-4929-826c-b2965100982b"},{"type":"single","resource":"dd1c5625-fec0-4e62-a0cb-847f09f6106c:1f432593-3a73-4fb8-b02c-89aba6c43a35"},{"type":"single","resource":"dd1c5625-fec0-4e62-a0cb-847f09f6106c:bed10f42-06c0-4f00-9cb9-33758e7b3a5a"},{"type":"single","resource":"dd1c5625-fec0-4e62-a0cb-847f09f6106c:17c2df57-28a6-47f1-9c57-6b01a31d399f"},{"type":"single","resource":"dd1c5625-fec0-4e62-a0cb-847f09f6106c:e34cdd3b-cc6e-4345-b46d-fe9a73033e87"},{"type":"single","resource":"dd1c5625-fec0-4e62-a0cb-847f09f6106c:6bcd21b2-bc0a-4dc5-bdb7-4cb27e6897c3"},{"type":"single","resource":"dd1c5625-fec0-4e62-a0cb-847f09f6106c:d073a25f-a9ab-4d5f-a669-c3412328d367"},{"type":"single","resource":"dd1c5625-fec0-4e62-a0cb-847f09f6106c:1302af89-ee96-40f8-be7f-92f0553024a9"},{"type":"single","resource":"dd1c5625-fec0-4e62-a0cb-847f09f6106c:47a835e3-5187-4622-973c-7b7aa2110b1d"},{"type":"single","resource":"dd1c5625-fec0-4e62-a0cb-847f09f6106c:ee155eb8-dcb9-4381-af2a-46a96642b4d2"},{"type":"single","resource":"dd1c5625-fec0-4e62-a0cb-847f09f6106c:2260b669-e52d-45d2-a738-3376be5384aa"},{"type":"single","resource":"dd1c5625-fec0-4e62-a0cb-847f09f6106c:43b96a1d-3f69-4aae-a6ff-2cd0b02c1d92"},{"type":"single","resource":"dd1c5625-fec0-4e62-a0cb-847f09f6106c:dcc323f4-a7be-488a-8aa7-992c367545c5"},{"type":"single","resource":"dd1c5625-fec0-4e62-a0cb-847f09f6106c:f7600387-c79f-4580-96de-b6e5564bd306"},{"type":"single","resource":"dd1c5625-fec0-4e62-a0cb-847f09f6106c:d216382a-9c5b-4ffb-9a87-711931b13c1d"},{"type":"single","resource":"dd1c5625-fec0-4e62-a0cb-847f09f6106c:bd2a0c7b-9183-4d70-a314-1bf7e0c9eb4c"},{"type":"single","resource":"dd1c5625-fec0-4e62-a0cb-847f09f6106c:76044c56-d0ad-41d4-a343-7fc01902fc56"},{"type":"single","resource":"dd1c5625-fec0-4e62-a0cb-847f09f6106c:88e840e0-618a-437c-a77a-8c95d8222309"},{"type":"single","resource":"dd1c5625-fec0-4e62-a0cb-847f09f6106c:14969f2c-a854-4ea9-ab65-eeba62e8038f"},{"type":"single","resource":"dd1c5625-fec0-4e62-a0cb-847f09f6106c:e63cbce7-82a3-47a8-814e-915a36afe386"},{"type":"single","resource":"dd1c5625-fec0-4e62-a0cb-847f09f6106c:015eb6a2-1c36-41ee-bc87-a7beab473618"},{"type":"single","resource":"dd1c5625-fec0-4e62-a0cb-847f09f6106c:c7ac6530-30cc-4d98-ab7b-17aaa43000d3"},{"type":"single","resource":"dd1c5625-fec0-4e62-a0cb-847f09f6106c:45c983db-f390-4c08-a6be-c18469eb3a8e"},{"type":"single","resource":"dd1c5625-fec0-4e62-a0cb-847f09f6106c:b6739f54-5e40-4542-9ed4-77ae4712bc59"},{"type":"single","resource":"dd1c5625-fec0-4e62-a0cb-847f09f6106c:1254adb1-0319-43ac-ac19-14fa5ed4bc93"},{"type":"single","resource":"dd1c5625-fec0-4e62-a0cb-847f09f6106c:e880a832-7b78-4cf5-a1e8-0fa4c27872c3"},{"type":"single","resource":"dd1c5625-fec0-4e62-a0cb-847f09f6106c:6b592594-9804-4cbb-89b4-a568434083bc"},{"type":"single","resource":"dd1c5625-fec0-4e62-a0cb-847f09f6106c:5a09f203-7cd8-4a03-86f5-e402dc210887"},{"type":"single","resource":"dd1c5625-fec0-4e62-a0cb-847f09f6106c:c4977fe4-6492-4814-ace4-b96fa9f15242"},{"type":"single","resource":"dd1c5625-fec0-4e62-a0cb-847f09f6106c:f5594f53-bf48-492e-b03f-44edf76edebc"},{"type":"single","resource":"dd1c5625-fec0-4e62-a0cb-847f09f6106c:beb3351c-1c97-438c-aeb5-e32052a8520b"},{"type":"single","resource":"dd1c5625-fec0-4e62-a0cb-847f09f6106c:bcd81f47-3ada-47b1-a874-ef1834f0c039"},{"type":"single","resource":"dd1c5625-fec0-4e62-a0cb-847f09f6106c:79894d56-1d5c-4852-be28-93b5264d189f"},{"type":"single","resource":"dd1c5625-fec0-4e62-a0cb-847f09f6106c:ce0b1d11-1df3-4e46-882d-663563310615"},{"type":"single","resource":"dd1c5625-fec0-4e62-a0cb-847f09f6106c:8680b034-d707-444c-83cd-6d18872b47ce"},{"type":"single","resource":"dd1c5625-fec0-4e62-a0cb-847f09f6106c:e17b8d13-6c30-4e42-84d3-11dbe149eb96"},{"type":"single","resource":"dd1c5625-fec0-4e62-a0cb-847f09f6106c:51cd85cb-7a49-40a8-83b2-907ac7bf63c4"},{"type":"single","resource":"dd1c5625-fec0-4e62-a0cb-847f09f6106c:f70d3952-98f6-498b-b788-7dd77aab35f7"},{"type":"single","resource":"dd1c5625-fec0-4e62-a0cb-847f09f6106c:40346d11-bc8e-4070-b056-94ef37bfd999"},{"type":"single","resource":"dd1c5625-fec0-4e62-a0cb-847f09f6106c:f6979a2e-9970-4b2b-9d1c-55e1f82ed439"},{"type":"single","resource":"dd1c5625-fec0-4e62-a0cb-847f09f6106c:6bd944e3-d644-453f-847e-63aea3035622"},{"type":"single","resource":"dd1c5625-fec0-4e62-a0cb-847f09f6106c:f6a8cd9b-a2cb-40af-8f6e-bcde13b5399d"},{"type":"single","resource":"dd1c5625-fec0-4e62-a0cb-847f09f6106c:7fed7ca0-7541-4f40-afdb-eb71aa85e0df"},{"type":"single","resource":"dd1c5625-fec0-4e62-a0cb-847f09f6106c:e7e42806-62d1-45c8-9b08-6ef9016f729e"},{"type":"single","resource":"dd1c5625-fec0-4e62-a0cb-847f09f6106c:2a9f2b40-98f7-44f0-a13f-726dbda7c97e"},{"type":"single","resource":"dd1c5625-fec0-4e62-a0cb-847f09f6106c:d938787b-e7e2-4afb-b3f7-8920cc7e40d1"},{"type":"single","resource":"dd1c5625-fec0-4e62-a0cb-847f09f6106c:dd246d08-9fe8-49ee-aae2-f9ab81d0396a"},{"type":"single","resource":"dd1c5625-fec0-4e62-a0cb-847f09f6106c:74730792-84c9-4a07-a581-379edd0289a8"},{"type":"single","resource":"dd1c5625-fec0-4e62-a0cb-847f09f6106c:acaed5e3-bcb5-4813-bf3a-b169f6335c95"},{"type":"single","resource":"dd1c5625-fec0-4e62-a0cb-847f09f6106c:587f2853-1fcc-4f71-9c9c-adf4184486d9"},{"type":"single","resource":"dd1c5625-fec0-4e62-a0cb-847f09f6106c:cbc73292-b4cd-46a6-a45e-e8c3c0d53768"},{"type":"single","resource":"dd1c5625-fec0-4e62-a0cb-847f09f6106c:c32569df-7fb3-4597-a62e-f88d0c2e9ee3"},{"type":"single","resource":"dd1c5625-fec0-4e62-a0cb-847f09f6106c:6847168c-d1bd-47b5-a466-72992451697a"},{"type":"single","resource":"dd1c5625-fec0-4e62-a0cb-847f09f6106c:edb258e0-f33a-4532-b0f4-69b2e10e873c"},{"type":"single","resource":"dd1c5625-fec0-4e62-a0cb-847f09f6106c:5eba818d-b335-43ef-b535-db87150434a9"},{"type":"single","resource":"dd1c5625-fec0-4e62-a0cb-847f09f6106c:dbb4b0d1-9753-4012-b735-5b9c45b5705d"},{"type":"single","resource":"dd1c5625-fec0-4e62-a0cb-847f09f6106c:d30e0061-33af-4baf-bb48-99d4555b323e"},{"type":"single","resource":"dd1c5625-fec0-4e62-a0cb-847f09f6106c:fdcf81e1-660a-4b39-ad97-a9c6f4eb0c65"},{"type":"single","resource":"dd1c5625-fec0-4e62-a0cb-847f09f6106c:6efae0d6-f1e5-4fcd-a6f1-6d6b42846abd"},{"type":"single","resource":"dd1c5625-fec0-4e62-a0cb-847f09f6106c:a50e4b9a-83f3-4076-8d7b-42f46b1c2ece"},{"type":"single","resource":"dd1c5625-fec0-4e62-a0cb-847f09f6106c:9f49f8ed-77e6-49b8-abfc-39de9238f997"},{"type":"single","resource":"dd1c5625-fec0-4e62-a0cb-847f09f6106c:99027f90-369e-4e68-94df-97375d5088fe"},{"type":"single","resource":"dd1c5625-fec0-4e62-a0cb-847f09f6106c:6e14d07c-ec9f-44b3-95c5-200ab641997b"},{"type":"single","resource":"dd1c5625-fec0-4e62-a0cb-847f09f6106c:d38a2895-dfd2-4454-85b5-3c9752fa3c7e"},{"type":"single","resource":"dd1c5625-fec0-4e62-a0cb-847f09f6106c:8177e2d0-d0ff-4787-aa08-322403bfab38"},{"type":"single","resource":"dd1c5625-fec0-4e62-a0cb-847f09f6106c:42227aab-cd39-4300-a793-1f527cd3cf5b"},{"type":"single","resource":"dd1c5625-fec0-4e62-a0cb-847f09f6106c:88cc2b75-f66a-4712-958e-6c7fb4e042e2"},{"type":"single","resource":"dd1c5625-fec0-4e62-a0cb-847f09f6106c:cc42bdb2-9bbe-49c8-bd50-43578ae6093e"},{"type":"single","resource":"dd1c5625-fec0-4e62-a0cb-847f09f6106c:6b9fc638-4184-4915-8fea-bce253869ab5"},{"type":"single","resource":"dd1c5625-fec0-4e62-a0cb-847f09f6106c:915085e2-5996-430c-8a09-53ebe7fd33c1"},{"type":"single","resource":"dd1c5625-fec0-4e62-a0cb-847f09f6106c:9417637e-343e-4f10-ba92-259f6b0adeb8"},{"type":"single","resource":"dd1c5625-fec0-4e62-a0cb-847f09f6106c:155f5a67-666a-4f37-a044-8dd7023efd94"},{"type":"single","resource":"dd1c5625-fec0-4e62-a0cb-847f09f6106c:a1e54dfe-dc57-43fa-b170-54fee1615876"},{"type":"single","resource":"dd1c5625-fec0-4e62-a0cb-847f09f6106c:c55f095f-7ca6-4ef1-813d-a0cf51996d75"},{"type":"single","resource":"dd1c5625-fec0-4e62-a0cb-847f09f6106c:f17e2fcb-1e32-4031-a015-01e8b0732fe1"},{"type":"single","resource":"dd1c5625-fec0-4e62-a0cb-847f09f6106c:82be06dc-c679-486a-b695-7b31d358e6cd"},{"type":"single","resource":"dd1c5625-fec0-4e62-a0cb-847f09f6106c:ea48ed84-2318-42db-b1d3-abcdb767e07c"},{"type":"single","resource":"dd1c5625-fec0-4e62-a0cb-847f09f6106c:25791cd4-e0a9-4cd9-ac91-5f2f57c53ff0"},{"type":"single","resource":"d4130432-fd3e-43bf-b3c5-c3f8f3933858:d268e095-8de3-4916-9d79-b39b5a6513ff"},{"type":"single","resource":"d4130432-fd3e-43bf-b3c5-c3f8f3933858:6baa4fb7-bd8a-4b65-b29d-2eecbff2ac76"},{"type":"single","resource":"dd1c5625-fec0-4e62-a0cb-847f09f6106c:73bed7ce-c6a3-4989-9578-d956cb563282"},{"type":"single","resource":"dd1c5625-fec0-4e62-a0cb-847f09f6106c:82a2a2b4-d035-4273-a298-b99e7ad50ee6"},{"type":"single","resource":"dd1c5625-fec0-4e62-a0cb-847f09f6106c:4a08658e-0396-4ec4-b67e-ba9dc6e7e377"},{"type":"single","resource":"dd1c5625-fec0-4e62-a0cb-847f09f6106c:4a08658e-0396-4ec4-b67e-ba9dc6e7e377"},{"type":"single","resource":"dd1c5625-fec0-4e62-a0cb-847f09f6106c:b027cbe8-9c27-4d97-a5f2-dc608b3676aa"},{"type":"single","resource":"dd1c5625-fec0-4e62-a0cb-847f09f6106c:f9fb168f-4e33-42bc-868a-d50022c53852"},{"type":"single","resource":"dd1c5625-fec0-4e62-a0cb-847f09f6106c:4349fa79-1f16-4286-b2c1-650a8d081735"},{"type":"single","resource":"dd1c5625-fec0-4e62-a0cb-847f09f6106c:69b95733-3f1a-4c94-a374-7226fc6a449c"},{"type":"single","resource":"dd1c5625-fec0-4e62-a0cb-847f09f6106c:ed6349d6-6f65-41a1-9279-dcdd72d4fd81"},{"type":"single","resource":"dd1c5625-fec0-4e62-a0cb-847f09f6106c:d016d581-a4d3-4d3b-9eb9-eeb86d9f9ef7"},{"type":"single","resource":"dd1c5625-fec0-4e62-a0cb-847f09f6106c:d016d581-a4d3-4d3b-9eb9-eeb86d9f9ef7"},{"type":"single","resource":"dd1c5625-fec0-4e62-a0cb-847f09f6106c:3666815e-ce71-4df8-9cbb-33fc315ecb1f"},{"type":"single","resource":"dd1c5625-fec0-4e62-a0cb-847f09f6106c:3666815e-ce71-4df8-9cbb-33fc315ecb1f"},{"type":"single","resource":"dd1c5625-fec0-4e62-a0cb-847f09f6106c:28acc63e-9cef-4b3f-afec-275c219b782f"},{"type":"single","resource":"dd1c5625-fec0-4e62-a0cb-847f09f6106c:28acc63e-9cef-4b3f-afec-275c219b782f"},{"type":"single","resource":"dd1c5625-fec0-4e62-a0cb-847f09f6106c:1e85e914-d268-45d0-9bbf-32e1418557dc"},{"type":"single","resource":"dd1c5625-fec0-4e62-a0cb-847f09f6106c:1e85e914-d268-45d0-9bbf-32e1418557dc"},{"type":"single","resource":"dd1c5625-fec0-4e62-a0cb-847f09f6106c:01ccd2a1-50a2-4187-b30a-4a56c3125f7c"},{"type":"single","resource":"dd1c5625-fec0-4e62-a0cb-847f09f6106c:01ccd2a1-50a2-4187-b30a-4a56c3125f7c"},{"type":"single","resource":"dd1c5625-fec0-4e62-a0cb-847f09f6106c:a608072b-a68d-4478-a316-b68d796652ab"},{"type":"single","resource":"dd1c5625-fec0-4e62-a0cb-847f09f6106c:a608072b-a68d-4478-a316-b68d796652ab"},{"type":"single","resource":"dd1c5625-fec0-4e62-a0cb-847f09f6106c:ba49fa2f-ad3d-4ed1-9790-ec3c8a3c40ff"},{"type":"single","resource":"dd1c5625-fec0-4e62-a0cb-847f09f6106c:c49ffcf8-635f-4b02-9327-cc138503ab00"},{"type":"single","resource":"dd1c5625-fec0-4e62-a0cb-847f09f6106c:c49ffcf8-635f-4b02-9327-cc138503ab00"},{"type":"single","resource":"dd1c5625-fec0-4e62-a0cb-847f09f6106c:8b4f9d3c-77f3-4a1c-ada5-b6d3b235d60a"},{"type":"single","resource":"dd1c5625-fec0-4e62-a0cb-847f09f6106c:8b4f9d3c-77f3-4a1c-ada5-b6d3b235d60a"},{"type":"single","resource":"dd1c5625-fec0-4e62-a0cb-847f09f6106c:ed4a9ed7-2eeb-43a0-94da-12f7d8023637"},{"type":"single","resource":"dd1c5625-fec0-4e62-a0cb-847f09f6106c:ed4a9ed7-2eeb-43a0-94da-12f7d8023637"},{"type":"single","resource":"dd1c5625-fec0-4e62-a0cb-847f09f6106c:ee4cf1ae-a77e-458f-920c-3cd2a0122c22"},{"type":"single","resource":"dd1c5625-fec0-4e62-a0cb-847f09f6106c:ee4cf1ae-a77e-458f-920c-3cd2a0122c22"},{"type":"single","resource":"dd1c5625-fec0-4e62-a0cb-847f09f6106c:bd3249dc-7335-4de1-b24a-6f3b37ff1d8d"},{"type":"single","resource":"dd1c5625-fec0-4e62-a0cb-847f09f6106c:bd3249dc-7335-4de1-b24a-6f3b37ff1d8d"},{"type":"single","resource":"dd1c5625-fec0-4e62-a0cb-847f09f6106c:d6048170-169e-45a9-983e-f010b333adac"},{"type":"single","resource":"dd1c5625-fec0-4e62-a0cb-847f09f6106c:d6048170-169e-45a9-983e-f010b333adac"},{"type":"single","resource":"dd1c5625-fec0-4e62-a0cb-847f09f6106c:a06419be-8a07-4d4a-a87e-7b5078e4490b"},{"type":"single","resource":"dd1c5625-fec0-4e62-a0cb-847f09f6106c:20436bce-3271-46a7-aa03-1345bb475985"},{"type":"single","resource":"dd1c5625-fec0-4e62-a0cb-847f09f6106c:20436bce-3271-46a7-aa03-1345bb475985"},{"type":"single","resource":"dd1c5625-fec0-4e62-a0cb-847f09f6106c:790d403f-4bb0-499b-86c8-0bd0398eded0"},{"type":"single","resource":"dd1c5625-fec0-4e62-a0cb-847f09f6106c:790d403f-4bb0-499b-86c8-0bd0398eded0"},{"type":"single","resource":"dd1c5625-fec0-4e62-a0cb-847f09f6106c:6f48a180-c187-45d5-9d0c-fa977154b1b5"},{"type":"single","resource":"dd1c5625-fec0-4e62-a0cb-847f09f6106c:6f48a180-c187-45d5-9d0c-fa977154b1b5"},{"type":"single","resource":"dd1c5625-fec0-4e62-a0cb-847f09f6106c:6be52984-ad27-483f-845b-cc89d8f07868"},{"type":"single","resource":"dd1c5625-fec0-4e62-a0cb-847f09f6106c:6be52984-ad27-483f-845b-cc89d8f07868"},{"type":"single","resource":"dd1c5625-fec0-4e62-a0cb-847f09f6106c:145d8b19-f856-4e41-bb0a-f218597d3c5a"},{"type":"single","resource":"dd1c5625-fec0-4e62-a0cb-847f09f6106c:145d8b19-f856-4e41-bb0a-f218597d3c5a"},{"type":"single","resource":"dd1c5625-fec0-4e62-a0cb-847f09f6106c:7cbd6449-ded7-4720-af14-117a4a7e175c"},{"type":"single","resource":"dd1c5625-fec0-4e62-a0cb-847f09f6106c:7cbd6449-ded7-4720-af14-117a4a7e175c"},{"type":"single","resource":"dd1c5625-fec0-4e62-a0cb-847f09f6106c:d081bd39-08f4-4f5c-9932-d52f67832f03"},{"type":"single","resource":"dd1c5625-fec0-4e62-a0cb-847f09f6106c:95477ae7-7331-421a-b32f-75ab9a3f40bb"},{"type":"single","resource":"dd1c5625-fec0-4e62-a0cb-847f09f6106c:95477ae7-7331-421a-b32f-75ab9a3f40bb"},{"type":"single","resource":"dd1c5625-fec0-4e62-a0cb-847f09f6106c:9e6c2e7c-c039-4682-860a-f487bc360e44"},{"type":"single","resource":"dd1c5625-fec0-4e62-a0cb-847f09f6106c:9e6c2e7c-c039-4682-860a-f487bc360e44"},{"type":"single","resource":"dd1c5625-fec0-4e62-a0cb-847f09f6106c:5caa4781-3ee8-4afc-8c9e-70a9c7cd78d3"},{"type":"single","resource":"dd1c5625-fec0-4e62-a0cb-847f09f6106c:5caa4781-3ee8-4afc-8c9e-70a9c7cd78d3"},{"type":"single","resource":"dd1c5625-fec0-4e62-a0cb-847f09f6106c:7b95c6cb-66c3-44fa-b114-b3e0395fb1ca"},{"type":"single","resource":"dd1c5625-fec0-4e62-a0cb-847f09f6106c:7b95c6cb-66c3-44fa-b114-b3e0395fb1ca"},{"type":"single","resource":"dd1c5625-fec0-4e62-a0cb-847f09f6106c:8009966f-3ab5-4cc0-9ed2-6c7751d7060f"},{"type":"single","resource":"dd1c5625-fec0-4e62-a0cb-847f09f6106c:8009966f-3ab5-4cc0-9ed2-6c7751d7060f"},{"type":"single","resource":"dd1c5625-fec0-4e62-a0cb-847f09f6106c:4fbbd149-8674-4df7-a61b-a5ed473108bc"},{"type":"single","resource":"dd1c5625-fec0-4e62-a0cb-847f09f6106c:4fbbd149-8674-4df7-a61b-a5ed473108bc"},{"type":"single","resource":"dd1c5625-fec0-4e62-a0cb-847f09f6106c:b9bd6373-a08f-4094-af34-bcbc02f10002"},{"type":"single","resource":"dd1c5625-fec0-4e62-a0cb-847f09f6106c:8203efc4-6ab4-4c50-84e7-1d760cd8ef1b"},{"type":"single","resource":"dd1c5625-fec0-4e62-a0cb-847f09f6106c:8203efc4-6ab4-4c50-84e7-1d760cd8ef1b"},{"type":"single","resource":"dd1c5625-fec0-4e62-a0cb-847f09f6106c:3a8e3c1c-3f32-4bc0-8a2a-6b1a44d5610f"},{"type":"single","resource":"dd1c5625-fec0-4e62-a0cb-847f09f6106c:3a8e3c1c-3f32-4bc0-8a2a-6b1a44d5610f"},{"type":"single","resource":"dd1c5625-fec0-4e62-a0cb-847f09f6106c:49bac88f-654f-4138-8e1d-639e28f70d41"},{"type":"single","resource":"dd1c5625-fec0-4e62-a0cb-847f09f6106c:49bac88f-654f-4138-8e1d-639e28f70d41"},{"type":"single","resource":"dd1c5625-fec0-4e62-a0cb-847f09f6106c:cef78733-e2be-445b-a5db-291a5f83dde7"},{"type":"single","resource":"dd1c5625-fec0-4e62-a0cb-847f09f6106c:cef78733-e2be-445b-a5db-291a5f83dde7"},{"type":"single","resource":"dd1c5625-fec0-4e62-a0cb-847f09f6106c:b0440466-b8c7-4e29-963d-a3609c026c1d"},{"type":"single","resource":"dd1c5625-fec0-4e62-a0cb-847f09f6106c:b0440466-b8c7-4e29-963d-a3609c026c1d"},{"type":"single","resource":"dd1c5625-fec0-4e62-a0cb-847f09f6106c:cf65ea33-83a0-47e4-83b2-9536a6b8d464"},{"type":"single","resource":"dd1c5625-fec0-4e62-a0cb-847f09f6106c:cf65ea33-83a0-47e4-83b2-9536a6b8d464"},{"type":"single","resource":"dd1c5625-fec0-4e62-a0cb-847f09f6106c:c6538cf9-038d-4574-a458-6a01222e7ad0"},{"type":"single","resource":"dd1c5625-fec0-4e62-a0cb-847f09f6106c:0e5b2809-e0fe-45dd-80c4-c475859a6f9a"},{"type":"single","resource":"dd1c5625-fec0-4e62-a0cb-847f09f6106c:0e5b2809-e0fe-45dd-80c4-c475859a6f9a"},{"type":"single","resource":"dd1c5625-fec0-4e62-a0cb-847f09f6106c:350dc252-b3dc-431f-938d-4bd091f3215f"},{"type":"single","resource":"dd1c5625-fec0-4e62-a0cb-847f09f6106c:350dc252-b3dc-431f-938d-4bd091f3215f"},{"type":"single","resource":"dd1c5625-fec0-4e62-a0cb-847f09f6106c:37a1778c-8859-4d2c-9416-9c41cbb5d387"},{"type":"single","resource":"dd1c5625-fec0-4e62-a0cb-847f09f6106c:37a1778c-8859-4d2c-9416-9c41cbb5d387"},{"type":"single","resource":"dd1c5625-fec0-4e62-a0cb-847f09f6106c:acc7e060-065c-4943-89a9-dbcd428c67b8"},{"type":"single","resource":"dd1c5625-fec0-4e62-a0cb-847f09f6106c:acc7e060-065c-4943-89a9-dbcd428c67b8"},{"type":"single","resource":"dd1c5625-fec0-4e62-a0cb-847f09f6106c:31bf5f5e-d3eb-4657-a1a0-b6faacf789f0"},{"type":"single","resource":"dd1c5625-fec0-4e62-a0cb-847f09f6106c:31bf5f5e-d3eb-4657-a1a0-b6faacf789f0"},{"type":"single","resource":"dd1c5625-fec0-4e62-a0cb-847f09f6106c:cd3f6818-d866-4380-8cad-8a2a4e2f30a2"},{"type":"single","resource":"dd1c5625-fec0-4e62-a0cb-847f09f6106c:cd3f6818-d866-4380-8cad-8a2a4e2f30a2"},{"type":"single","resource":"dd1c5625-fec0-4e62-a0cb-847f09f6106c:684ed033-9589-45cc-997c-0eb785e0eb4c"},{"type":"single","resource":"d4130432-fd3e-43bf-b3c5-c3f8f3933858:db3a3a12-5740-4018-b67a-d50068a1c871"},{"type":"single","resource":"item/wooden_sword"},{"type":"single","resource":"item/wooden_sword"},{"type":"single","resource":"item/wooden_sword"},{"type":"single","resource":"item/wooden_sword"},{"type":"single","resource":"item/wooden_sword"},{"type":"single","resource":"item/wooden_sword"},{"type":"single","resource":"dd1c5625-fec0-4e62-a0cb-847f09f6106c:0d3cd81a-56a1-41c4-b94c-2ef0aaf3cc99"},{"type":"single","resource":"dd1c5625-fec0-4e62-a0cb-847f09f6106c:0d3cd81a-56a1-41c4-b94c-2ef0aaf3cc99"},{"type":"single","resource":"dd1c5625-fec0-4e62-a0cb-847f09f6106c:0d3cd81a-56a1-41c4-b94c-2ef0aaf3cc99"},{"type":"single","resource":"dd1c5625-fec0-4e62-a0cb-847f09f6106c:0d3cd81a-56a1-41c4-b94c-2ef0aaf3cc99"},{"type":"single","resource":"dd1c5625-fec0-4e62-a0cb-847f09f6106c:51aed938-84c3-4558-b72b-5f42ee62cb9a"},{"type":"single","resource":"dd1c5625-fec0-4e62-a0cb-847f09f6106c:51aed938-84c3-4558-b72b-5f42ee62cb9a"},{"type":"single","resource":"dd1c5625-fec0-4e62-a0cb-847f09f6106c:51aed938-84c3-4558-b72b-5f42ee62cb9a"},{"type":"single","resource":"dd1c5625-fec0-4e62-a0cb-847f09f6106c:51aed938-84c3-4558-b72b-5f42ee62cb9a"},{"type":"single","resource":"dd1c5625-fec0-4e62-a0cb-847f09f6106c:02aa0b6a-816f-4164-8090-18c50ec77bc1"},{"type":"single","resource":"dd1c5625-fec0-4e62-a0cb-847f09f6106c:02aa0b6a-816f-4164-8090-18c50ec77bc1"},{"type":"single","resource":"dd1c5625-fec0-4e62-a0cb-847f09f6106c:783bfbd6-6245-463c-87fc-e09f660ef961"},{"type":"single","resource":"dd1c5625-fec0-4e62-a0cb-847f09f6106c:783bfbd6-6245-463c-87fc-e09f660ef961"}]}