{"model":{"type":"minecraft:range_dispatch","property":"minecraft:custom_model_data","entries":[{"threshold":1000.0,"model":{"model":"nexo:item/nexo_furniture/arm_chair","type":"minecraft:model"}},{"threshold":1001.0,"model":{"model":"nexo:item/nexo_furniture/coffee_table","type":"minecraft:model"}},{"threshold":1002.0,"model":{"model":"nexo:item/nexo_furniture/end_table","type":"minecraft:model"}},{"threshold":1003.0,"model":{"model":"nexo:item/nexo_furniture/sofa","type":"minecraft:model"}},{"threshold":1004.0,"model":{"model":"nexo:item/nexo_furniture/storage_chest","type":"minecraft:model"}},{"threshold":1005.0,"model":{"model":"nexo:item/nexo_furniture/table_lamp","type":"minecraft:model"}},{"threshold":1006.0,"model":{"model":"minecraft:next_page_icon","type":"minecraft:model"}},{"threshold":1007.0,"model":{"model":"minecraft:previous_page_icon","type":"minecraft:model"}},{"threshold":1008.0,"model":{"model":"minecraft:cancel_icon","type":"minecraft:model"}},{"threshold":1013.0,"model":{"model":"minecraft:arrow_next_icon","type":"minecraft:model"}},{"threshold":1014.0,"model":{"model":"minecraft:arrow_previous_icon","type":"minecraft:model"}},{"threshold":1015.0,"model":{"model":"minecraft:exit_icon","type":"minecraft:model"}},{"threshold":1040.0,"model":{"model":"minecraft:close_icon","type":"minecraft:model"}},{"threshold":1041.0,"model":{"model":"minecraft:inv_menu","type":"minecraft:model"}},{"threshold":1042.0,"model":{"model":"minecraft:next","type":"minecraft:model"}},{"threshold":1043.0,"model":{"model":"minecraft:previous","type":"minecraft:model"}},{"threshold":1044.0,"model":{"model":"minecraft:blank_button","type":"minecraft:model"}},{"threshold":1045.0,"model":{"model":"minecraft:furniture/park_bench","type":"minecraft:model"}},{"threshold":1046.0,"model":{"model":"minecraft:furniture/simple_park_bench","type":"minecraft:model"}},{"threshold":1047.0,"model":{"model":"minecraft:furniture/dark_park_bench","type":"minecraft:model"}},{"threshold":1048.0,"model":{"model":"minecraft:furniture/simple_dark_park_bench","type":"minecraft:model"}},{"threshold":1049.0,"model":{"model":"minecraft:furniture/wood_park_bench","type":"minecraft:model"}},{"threshold":1050.0,"model":{"model":"minecraft:furniture/dark_wood_park_bench","type":"minecraft:model"}},{"threshold":1051.0,"model":{"model":"minecraft:furniture/park_chair","type":"minecraft:model"}},{"threshold":1052.0,"model":{"model":"minecraft:furniture/dark_park_chair","type":"minecraft:model"}},{"threshold":1053.0,"model":{"model":"minecraft:furniture/wood_park_chair","type":"minecraft:model"}},{"threshold":1054.0,"model":{"model":"minecraft:furniture/dark_wood_park_chair","type":"minecraft:model"}},{"threshold":1055.0,"model":{"model":"minecraft:furniture/park_table","type":"minecraft:model"}},{"threshold":1056.0,"model":{"model":"minecraft:furniture/dark_park_table","type":"minecraft:model"}},{"threshold":1057.0,"model":{"model":"minecraft:furniture/glass_park_table","type":"minecraft:model"}},{"threshold":1058.0,"model":{"model":"minecraft:furniture/single_park_table","type":"minecraft:model"}},{"threshold":1059.0,"model":{"model":"minecraft:furniture/single_dark_park_table","type":"minecraft:model"}},{"threshold":1060.0,"model":{"model":"minecraft:furniture/single_glass_park_table","type":"minecraft:model"}},{"threshold":1061.0,"model":{"model":"minecraft:furniture/trash_can","type":"minecraft:model"}},{"threshold":1062.0,"model":{"model":"minecraft:furniture/traffic_jam","type":"minecraft:model"}},{"threshold":1063.0,"model":{"model":"minecraft:furniture/traffic_fence","type":"minecraft:model"}},{"threshold":1064.0,"model":{"model":"minecraft:furniture/outdoor_unit","type":"minecraft:model"}},{"threshold":1065.0,"model":{"model":"minecraft:furniture/traffic_sign","type":"minecraft:model"}},{"threshold":1066.0,"model":{"model":"minecraft:furniture/traffic_sign_2","type":"minecraft:model"}},{"threshold":1067.0,"model":{"model":"minecraft:furniture/monitor","type":"minecraft:model"}},{"threshold":1068.0,"model":{"model":"minecraft:furniture/tv","type":"minecraft:model"}},{"threshold":1069.0,"model":{"model":"minecraft:deco/small_rocks","type":"minecraft:model"}},{"threshold":1070.0,"model":{"model":"minecraft:deco/mossy_small_rocks","type":"minecraft:model"}}],"scale":1.0,"fallback":{"type":"minecraft:model","model":"minecraft:item/paper"}}}