{"model":{"type":"minecraft:condition","on_false":{"type":"minecraft:range_dispatch","property":"minecraft:custom_model_data","entries":[{"model":{"type":"minecraft:special","base":"minecraft:item/shield","model":{"type":"minecraft:shield"}},"threshold":0.0},{"threshold":1000.0,"model":{"model":"nexo:item/nexo_tools/forest_shield","type":"minecraft:model"}}]},"on_true":{"type":"minecraft:range_dispatch","property":"minecraft:custom_model_data","entries":[{"model":{"type":"minecraft:special","base":"minecraft:item/shield_blocking","model":{"type":"minecraft:shield"}},"threshold":0.0},{"threshold":1000.0,"model":{"model":"nexo:item/nexo_tools/forest_shield_blocking","type":"minecraft:model"}}]},"property":"minecraft:using_item"}}