{"block.stone.place":{"replace":true,"sounds":[]},"block.stone.break":{"replace":true,"sounds":[]},"block.stone.hit":{"replace":true,"sounds":[]},"block.stone.fall":{"replace":true,"sounds":[]},"block.stone.step":{"replace":true,"sounds":[]},"buzzer":{"sounds":["970bdfee-e781-4bc9-9116-c27c0c85c46b:c92c5df1-863f-4a47-a942-4abe8dd691a6"]},"farttroll":{"sounds":["970bdfee-e781-4bc9-9116-c27c0c85c46b:9e3aece4-b81b-4e07-8d87-96bc12568983"]},"fbi":{"sounds":["970bdfee-e781-4bc9-9116-c27c0c85c46b:a6f293fd-ec70-4109-86c0-a884a3806a67"]}}