{"parent":"item/netherite_sword","display":{"thirdperson_righthand":{"rotation":[0.0,-90.0,55.0],"translation":[0.0,6.0,1.0],"scale":[1.25,1.25,1.25]},"thirdperson_lefthand":{"rotation":[0.0,-90.0,-35.0],"translation":[0.0,6.0,1.0],"scale":[1.25,1.25,1.25]},"firstperson_righthand":{"rotation":[0.0,-90.0,40.0],"translation":[1.13,3.2,1.13]},"firstperson_lefthand":{"rotation":[0.0,90.0,-25.0],"translation":[1.13,3.2,1.13]}},"textures":{"layer0":"3996ac82-b75e-4563-a23b-b3de06ceb947:4dad0943-7763-4e27-a814-0ab988abc88e"}}