{"parent":"item/crossbow","display":{"thirdperson_righthand":{"rotation":[-90.0,0.0,-60.0],"translation":[2.0,0.1,-3.0],"scale":[0.9,0.9,0.9]},"thirdperson_lefthand":{"rotation":[-90.0,0.0,30.0],"translation":[2.0,0.1,-3.0],"scale":[0.9,0.9,0.9]},"firstperson_righthand":{"rotation":[-90.0,0.0,-55.0],"translation":[1.13,3.2,1.13],"scale":[0.68,0.68,0.68]},"firstperson_lefthand":{"rotation":[-90.0,0.0,35.0],"translation":[1.13,3.2,1.13],"scale":[0.68,0.68,0.68]}},"textures":{"layer0":"3996ac82-b75e-4563-a23b-b3de06ceb947:7c067d72-aa45-4560-974e-66a84e12d511"},"overrides":[{"predicate":{"pulling":1},"model":"3996ac82-b75e-4563-a23b-b3de06ceb947:d768687e-e523-4824-a245-c778bce85b00"},{"predicate":{"pulling":1,"pull":0.58},"model":"3996ac82-b75e-4563-a23b-b3de06ceb947:69beaa80-150e-4b50-8bf5-5bb0f59bf146"},{"predicate":{"pulling":1,"pull":1.0},"model":"3996ac82-b75e-4563-a23b-b3de06ceb947:fe1dcfd2-ccbf-4518-9712-460b3e55e6df"},{"predicate":{"charged":1},"model":"3996ac82-b75e-4563-a23b-b3de06ceb947:010a45dc-961f-481e-9082-4bc36078a7e0"},{"predicate":{"charged":1,"firework":1},"model":"3996ac82-b75e-4563-a23b-b3de06ceb947:d517f63e-d341-4583-a0a0-9c4bf77aa680"}]}