{"parent":"item/netherite_sword","display":{"thirdperson_righthand":{"rotation":[0.0,-90.0,55.0],"translation":[0.0,7.0,1.0],"scale":[1.35,1.35,1.35]},"thirdperson_lefthand":{"rotation":[0.0,-90.0,-35.0],"translation":[0.0,7.0,1.0],"scale":[1.35,1.35,1.35]},"firstperson_righthand":{"rotation":[0.0,-90.0,40.0],"translation":[1.13,3.2,1.13],"scale":[1.1,1.1,1.1]},"firstperson_lefthand":{"rotation":[0.0,90.0,-25.0],"translation":[1.13,3.2,1.13],"scale":[1.1,1.1,1.1]}},"textures":{"layer0":"3996ac82-b75e-4563-a23b-b3de06ceb947:0fc4da9d-94de-474c-ab76-a6ab6b24e6d1"}}