{"parent":"item/bow","display":{"thirdperson_righthand":{"rotation":[-80.0,260.0,-40.0],"translation":[-1.0,-2.0,2.5],"scale":[0.9,0.9,0.9]},"thirdperson_lefthand":{"rotation":[-80.0,-280.0,40.0],"translation":[-1.0,-2.0,2.5],"scale":[0.9,0.9,0.9]},"firstperson_righthand":{"rotation":[0.0,-90.0,25.0],"translation":[1.13,3.2,1.13],"scale":[0.68,0.68,0.68]},"firstperson_lefthand":{"rotation":[0.0,90.0,-25.0],"translation":[1.13,3.2,1.13],"scale":[0.68,0.68,0.68]}},"textures":{"layer0":"3996ac82-b75e-4563-a23b-b3de06ceb947:7ced9c56-bbee-4288-83bf-fc41b9feb6ef"},"overrides":[{"predicate":{"pulling":1},"model":"3996ac82-b75e-4563-a23b-b3de06ceb947:b4f588fa-8e74-4646-9585-a2f960fbf96b"},{"predicate":{"pulling":1,"pull":0.65},"model":"3996ac82-b75e-4563-a23b-b3de06ceb947:b3d7905b-fa13-44cc-b9f3-9bf26b9af4b6"},{"predicate":{"pulling":1,"pull":0.9},"model":"3996ac82-b75e-4563-a23b-b3de06ceb947:b20b30ba-9c13-4621-a2d3-f2b89c1a0f4b"},{"predicate":{"pulling":1,"pull":0.9},"model":"3996ac82-b75e-4563-a23b-b3de06ceb947:5d27831d-d977-4078-98c8-68f33c2210bb"},{"predicate":{"pulling":1,"pull":0.9},"model":"3996ac82-b75e-4563-a23b-b3de06ceb947:aa7800fb-cfca-43c3-9fed-94a58181c4ed"},{"predicate":{"pulling":1,"pull":0.9},"model":"3996ac82-b75e-4563-a23b-b3de06ceb947:0775396e-8d49-4ac0-90c2-3668a1b5d8c7"},{"predicate":{"pulling":1,"pull":0.9},"model":"3996ac82-b75e-4563-a23b-b3de06ceb947:94338d28-4035-4bac-9efe-5eef63d4228d"}]}