{"parent":"item/crossbow","display":{"thirdperson_righthand":{"rotation":[-90.0,0.0,-60.0],"translation":[2.0,0.1,-3.0],"scale":[0.9,0.9,0.9]},"thirdperson_lefthand":{"rotation":[-90.0,0.0,30.0],"translation":[2.0,0.1,-3.0],"scale":[0.9,0.9,0.9]},"firstperson_righthand":{"rotation":[-90.0,0.0,-55.0],"translation":[1.13,3.2,1.13],"scale":[0.68,0.68,0.68]},"firstperson_lefthand":{"rotation":[-90.0,0.0,35.0],"translation":[1.13,3.2,1.13],"scale":[0.68,0.68,0.68]}},"textures":{"layer0":"3996ac82-b75e-4563-a23b-b3de06ceb947:9ed3c8cf-c175-4966-9930-b54e063844ff"},"overrides":[{"predicate":{"pulling":1},"model":"3996ac82-b75e-4563-a23b-b3de06ceb947:d43ea458-d479-4b75-a011-d14b30628b73"},{"predicate":{"pulling":1,"pull":0.58},"model":"3996ac82-b75e-4563-a23b-b3de06ceb947:9dd184a6-2f62-4ad4-b3c5-568dd70e329d"},{"predicate":{"pulling":1,"pull":1.0},"model":"3996ac82-b75e-4563-a23b-b3de06ceb947:fd95be4d-e1df-4167-8e6e-c1074aaa9c87"},{"predicate":{"charged":1},"model":"3996ac82-b75e-4563-a23b-b3de06ceb947:0d5954ed-256b-4fd3-8e3d-2b67b65d55fc"},{"predicate":{"charged":1,"firework":1},"model":"3996ac82-b75e-4563-a23b-b3de06ceb947:73fc3d8c-f616-42a2-8306-62683f3b3405"}]}