{"parent":"item/crossbow","display":{"thirdperson_righthand":{"rotation":[-90.0,0.0,-60.0],"translation":[2.0,0.1,-3.0],"scale":[0.9,0.9,0.9]},"thirdperson_lefthand":{"rotation":[-90.0,0.0,30.0],"translation":[2.0,0.1,-3.0],"scale":[0.9,0.9,0.9]},"firstperson_righthand":{"rotation":[-90.0,0.0,-55.0],"translation":[1.13,3.2,1.13],"scale":[0.68,0.68,0.68]},"firstperson_lefthand":{"rotation":[-90.0,0.0,35.0],"translation":[1.13,3.2,1.13],"scale":[0.68,0.68,0.68]}},"textures":{"layer0":"3996ac82-b75e-4563-a23b-b3de06ceb947:6a83542d-3a67-42aa-a3d8-943f86916c07"},"overrides":[{"predicate":{"pulling":1},"model":"3996ac82-b75e-4563-a23b-b3de06ceb947:916a6d25-fa5c-4315-a74e-1bf5616ba316"},{"predicate":{"pulling":1,"pull":0.58},"model":"3996ac82-b75e-4563-a23b-b3de06ceb947:7c7bb2c7-1daa-4a3d-a3da-76c08cda1a4a"},{"predicate":{"pulling":1,"pull":1.0},"model":"3996ac82-b75e-4563-a23b-b3de06ceb947:ee43378a-4a56-495a-a85b-ccd6d9a1e4f6"},{"predicate":{"charged":1},"model":"3996ac82-b75e-4563-a23b-b3de06ceb947:24a150ed-bbc9-4868-b6f7-dacb4eefa645"},{"predicate":{"charged":1,"firework":1},"model":"3996ac82-b75e-4563-a23b-b3de06ceb947:83f5600c-419e-4cda-b705-cb2b7e5e621b"}]}