{"parent":"item/crossbow","display":{"thirdperson_righthand":{"rotation":[-90.0,0.0,-60.0],"translation":[2.0,0.1,-3.0],"scale":[0.9,0.9,0.9]},"thirdperson_lefthand":{"rotation":[-90.0,0.0,30.0],"translation":[2.0,0.1,-3.0],"scale":[0.9,0.9,0.9]},"firstperson_righthand":{"rotation":[-90.0,0.0,-55.0],"translation":[1.13,3.2,1.13],"scale":[0.68,0.68,0.68]},"firstperson_lefthand":{"rotation":[-90.0,0.0,35.0],"translation":[1.13,3.2,1.13],"scale":[0.68,0.68,0.68]}},"textures":{"layer0":"3996ac82-b75e-4563-a23b-b3de06ceb947:42f79016-8e07-487a-a857-783a2b5a64ac"},"overrides":[{"predicate":{"pulling":1},"model":"3996ac82-b75e-4563-a23b-b3de06ceb947:e61831e9-f7c8-4b51-b9f1-cbce424b3c32"},{"predicate":{"pulling":1,"pull":0.58},"model":"3996ac82-b75e-4563-a23b-b3de06ceb947:b26c0ebd-3748-46de-b808-3f645240c4ba"},{"predicate":{"pulling":1,"pull":1.0},"model":"3996ac82-b75e-4563-a23b-b3de06ceb947:4920e8b3-d5bc-49c3-b69b-753c3bd64a85"},{"predicate":{"charged":1},"model":"3996ac82-b75e-4563-a23b-b3de06ceb947:7fcef7dd-a603-4ccb-9cb1-291a3fbe85b8"},{"predicate":{"charged":1,"firework":1},"model":"3996ac82-b75e-4563-a23b-b3de06ceb947:4900118a-a3df-4676-a011-a43e897f258e"}]}