{"parent":"item/bow","display":{"thirdperson_righthand":{"rotation":[-80.0,260.0,-40.0],"translation":[-1.0,-2.0,2.5],"scale":[0.9,0.9,0.9]},"thirdperson_lefthand":{"rotation":[-80.0,-280.0,40.0],"translation":[-1.0,-2.0,2.5],"scale":[0.9,0.9,0.9]},"firstperson_righthand":{"rotation":[0.0,-90.0,25.0],"translation":[1.13,3.2,1.13],"scale":[0.68,0.68,0.68]},"firstperson_lefthand":{"rotation":[0.0,90.0,-25.0],"translation":[1.13,3.2,1.13],"scale":[0.68,0.68,0.68]}},"textures":{"layer0":"3996ac82-b75e-4563-a23b-b3de06ceb947:5d050c75-7b72-49df-be57-c2c14a114a21"},"overrides":[{"predicate":{"pulling":1},"model":"3996ac82-b75e-4563-a23b-b3de06ceb947:848fe7c4-ede2-4d03-a31d-a71ef0ec4449"},{"predicate":{"pulling":1,"pull":0.65},"model":"3996ac82-b75e-4563-a23b-b3de06ceb947:70ec5c19-8168-4b14-9cfc-74dc29262469"},{"predicate":{"pulling":1,"pull":0.9},"model":"3996ac82-b75e-4563-a23b-b3de06ceb947:3ad47a6d-a38b-4bbf-9baf-b37c01658080"},{"predicate":{"pulling":1,"pull":0.9},"model":"3996ac82-b75e-4563-a23b-b3de06ceb947:4feb2eb3-b2fa-4794-80a3-5f53f38e5e01"},{"predicate":{"pulling":1,"pull":0.9},"model":"3996ac82-b75e-4563-a23b-b3de06ceb947:e81ea108-4cba-46ce-bcd4-cbb1e67477d0"},{"predicate":{"pulling":1,"pull":0.9},"model":"3996ac82-b75e-4563-a23b-b3de06ceb947:7d91d7a1-64a0-4fff-9e02-78be6ce1880b"},{"predicate":{"pulling":1,"pull":0.9},"model":"3996ac82-b75e-4563-a23b-b3de06ceb947:e3ac3775-1d10-4ba0-8a96-748e60b9aa0d"}]}