{"display":{"thirdperson_righthand":{"rotation":[60.0,45.0,0.0],"translation":[0.0,2.0,0.0],"scale":[0.2,0.2,0.2]},"ground":{"translation":[0.0,2.0,0.0],"scale":[0.25,0.25,0.25]},"gui":{"rotation":[25.0,-45.0,0.0],"translation":[0.0,-0.75,0.0],"scale":[0.62,0.62,0.62]},"head":{"translation":[0.0,-19.0,0.0],"scale":[2.3,2.3,2.3]},"fixed":{"translation":[0.0,-2.0,-3.25],"scale":[0.5,0.5,0.5]}},"elements":[{"from":[1.2,6.0,0.9],"to":[14.8,19.0,4.9],"faces":{"north":{"uv":[0.0,0.0,13.6,13.0],"texture":"#1"},"east":{"uv":[0.0,0.0,4.0,13.0],"texture":"#1"},"south":{"uv":[0.0,0.0,13.6,13.0],"texture":"#1"},"west":{"uv":[0.0,0.0,4.0,13.0],"texture":"#1"},"up":{"uv":[0.0,0.0,13.6,4.0],"texture":"#1","rotation":180},"down":{"uv":[0.0,0.0,13.6,4.0],"texture":"#1","rotation":180}}},{"from":[13.0,0.0,13.0],"to":[15.0,9.0,15.0],"faces":{"north":{"uv":[0.0,0.0,2.0,8.0],"texture":"#0"},"east":{"uv":[0.0,0.0,2.0,8.0],"texture":"#0"},"south":{"uv":[0.0,0.0,2.0,8.0],"texture":"#0"},"west":{"uv":[0.0,0.0,2.0,8.0],"texture":"#0"},"up":{"uv":[0.0,0.0,2.0,8.0],"texture":"#0","rotation":180},"down":{"uv":[0.0,0.0,2.0,8.0],"texture":"#0","rotation":180}}},{"from":[1.0,0.0,13.0],"to":[3.0,9.0,15.0],"faces":{"north":{"uv":[0.0,0.0,2.0,8.0],"texture":"#0"},"east":{"uv":[0.0,0.0,2.0,8.0],"texture":"#0"},"south":{"uv":[0.0,0.0,2.0,8.0],"texture":"#0"},"west":{"uv":[0.0,0.0,2.0,8.0],"texture":"#0"},"up":{"uv":[0.0,0.0,2.0,8.0],"texture":"#0","rotation":180},"down":{"uv":[0.0,0.0,2.0,8.0],"texture":"#0","rotation":180}}},{"from":[13.0,0.0,1.0],"to":[15.0,9.0,3.0],"faces":{"north":{"uv":[0.0,0.0,2.0,8.0],"texture":"#0"},"east":{"uv":[0.0,0.0,2.0,8.0],"texture":"#0"},"south":{"uv":[0.0,0.0,2.0,8.0],"texture":"#0"},"west":{"uv":[0.0,0.0,2.0,8.0],"texture":"#0"},"up":{"uv":[0.0,0.0,2.0,8.0],"texture":"#0","rotation":180},"down":{"uv":[0.0,0.0,2.0,8.0],"texture":"#0","rotation":180}}},{"from":[1.0,0.0,1.0],"to":[3.0,9.0,3.0],"faces":{"north":{"uv":[0.0,0.0,2.0,8.0],"texture":"#0"},"east":{"uv":[0.0,0.0,2.0,8.0],"texture":"#0"},"south":{"uv":[0.0,0.0,2.0,8.0],"texture":"#0"},"west":{"uv":[0.0,0.0,2.0,8.0],"texture":"#0"},"up":{"uv":[0.0,0.0,2.0,8.0],"texture":"#0","rotation":180},"down":{"uv":[0.0,0.0,2.0,8.0],"texture":"#0","rotation":180}}},{"from":[3.0,5.0,1.0],"to":[13.0,6.0,15.0],"faces":{"north":{"uv":[0.0,0.0,10.0,1.0],"texture":"#0"},"east":{"uv":[0.0,0.0,14.0,1.0],"texture":"#0"},"south":{"uv":[0.0,0.0,10.0,1.0],"texture":"#0"},"west":{"uv":[0.0,0.0,14.0,1.0],"texture":"#0"},"up":{"uv":[0.0,0.0,10.0,14.0],"texture":"#0","rotation":180},"down":{"uv":[0.0,0.0,10.0,14.0],"texture":"#0","rotation":180}}},{"from":[1.1,6.0,1.1],"to":[2.9,13.0,14.9],"faces":{"north":{"uv":[0.0,0.0,1.8,7.0],"texture":"#1"},"east":{"uv":[0.0,0.0,13.8,7.0],"texture":"#1"},"south":{"uv":[0.0,0.0,1.8,7.0],"texture":"#1"},"west":{"uv":[0.0,0.0,13.8,7.0],"texture":"#1"},"up":{"uv":[0.0,0.0,1.8,13.8],"texture":"#1","rotation":180},"down":{"uv":[0.0,0.0,1.8,13.8],"texture":"#1","rotation":180}}},{"from":[13.1,6.0,1.1],"to":[14.9,13.0,14.9],"faces":{"north":{"uv":[0.0,0.0,1.8,7.0],"texture":"#1"},"east":{"uv":[0.0,0.0,13.8,7.0],"texture":"#1"},"south":{"uv":[0.0,0.0,1.8,7.0],"texture":"#1"},"west":{"uv":[0.0,0.0,13.8,7.0],"texture":"#1"},"up":{"uv":[0.0,0.0,1.8,13.8],"texture":"#1","rotation":180},"down":{"uv":[0.0,0.0,1.8,13.8],"texture":"#1","rotation":180}}},{"from":[2.1,6.0,1.1],"to":[13.5,7.0,14.9],"faces":{"north":{"uv":[0.0,0.0,1.8,7.0],"texture":"#1"},"east":{"uv":[0.0,0.0,13.8,7.0],"texture":"#1"},"south":{"uv":[0.0,0.0,11.4,1.0],"texture":"#1"},"west":{"uv":[0.0,0.0,13.8,7.0],"texture":"#1"},"up":{"uv":[0.0,0.0,11.4,13.8],"texture":"#1","rotation":180},"down":{"uv":[0.0,0.0,1.8,13.8],"texture":"#1","rotation":180}}}],"textures":{"particle":"block/spruce_planks","0":"block/spruce_planks","1":"block/light_blue_wool"}}