{"display":{"thirdperson_righthand":{"rotation":[57.0,-58.0,0.0],"translation":[1.0,1.5,-1.75],"scale":[0.3,0.3,0.3]},"firstperson_righthand":{"translation":[0.5,1.5,1.75],"scale":[0.5,0.5,0.5]},"ground":{"translation":[0.0,3.0,0.0],"scale":[0.2,0.2,0.2]},"gui":{"rotation":[20.0,45.0,0.0],"translation":[2.75,-1.25,0.0],"scale":[0.4,0.4,0.4]},"head":{"rotation":[0.0,90.0,0.0],"translation":[0.0,-15.0,20.0],"scale":[2.2,2.2,2.2]},"fixed":{"rotation":[0.0,90.0,-90.0],"translation":[0.0,-1.5,-1.75],"scale":[0.3,0.3,0.3]}},"elements":[{"from":[12.0,0.0,4.0],"to":[13.0,9.0,5.0],"rotation":{"origin":[18.0,8.0,8.0],"axis":"y","angle":0.0},"faces":{"north":{"uv":[0.0,0.0,1.0,16.0],"texture":"#2"},"east":{"uv":[0.0,0.0,1.0,16.0],"texture":"#2"},"south":{"uv":[0.0,0.0,1.0,16.0],"texture":"#2"},"west":{"uv":[0.0,0.0,1.0,16.0],"texture":"#2"},"up":{"uv":[0.0,0.0,1.0,16.0],"texture":"#2"},"down":{"uv":[0.0,0.0,1.0,16.0],"texture":"#2"}}},{"from":[12.0,0.0,11.0],"to":[13.0,9.0,12.0],"rotation":{"origin":[18.0,8.0,8.0],"axis":"y","angle":0.0},"faces":{"north":{"uv":[0.0,0.0,1.0,16.0],"texture":"#2"},"east":{"uv":[0.0,0.0,1.0,16.0],"texture":"#2"},"south":{"uv":[0.0,0.0,1.0,16.0],"texture":"#2"},"west":{"uv":[0.0,0.0,1.0,16.0],"texture":"#2"},"up":{"uv":[0.0,0.0,1.0,16.0],"texture":"#2"},"down":{"uv":[0.0,0.0,1.0,16.0],"texture":"#2"}}},{"from":[21.0,0.0,11.0],"to":[22.0,9.0,12.0],"rotation":{"origin":[18.0,8.0,8.0],"axis":"y","angle":0.0},"faces":{"north":{"uv":[0.0,0.0,1.0,16.0],"texture":"#2"},"east":{"uv":[0.0,0.0,1.0,16.0],"texture":"#2"},"south":{"uv":[0.0,0.0,1.0,16.0],"texture":"#2"},"west":{"uv":[0.0,0.0,1.0,16.0],"texture":"#2"},"up":{"uv":[0.0,0.0,1.0,16.0],"texture":"#2"},"down":{"uv":[0.0,0.0,1.0,16.0],"texture":"#2"}}},{"from":[21.0,0.0,4.0],"to":[22.0,9.0,5.0],"rotation":{"origin":[18.0,8.0,8.0],"axis":"y","angle":0.0},"faces":{"north":{"uv":[0.0,0.0,1.0,16.0],"texture":"#2"},"east":{"uv":[0.0,0.0,1.0,16.0],"texture":"#2"},"south":{"uv":[0.0,0.0,1.0,16.0],"texture":"#2"},"west":{"uv":[0.0,0.0,1.0,16.0],"texture":"#2"},"up":{"uv":[0.0,0.0,1.0,16.0],"texture":"#2"},"down":{"uv":[0.0,0.0,1.0,16.0],"texture":"#2"}}},{"from":[12.0,9.0,3.0],"to":[22.0,10.0,13.0],"rotation":{"origin":[18.0,8.0,8.0],"axis":"y","angle":0.0},"faces":{"north":{"uv":[1.0,0.0,4.0,16.0],"texture":"#1","rotation":90},"east":{"uv":[0.0,0.0,2.0,16.0],"texture":"#1","rotation":90},"south":{"uv":[1.0,0.0,4.0,16.0],"texture":"#1","rotation":90},"west":{"uv":[1.0,0.0,3.0,16.0],"texture":"#1","rotation":90},"up":{"uv":[0.0,1.0,16.0,15.0],"texture":"#1"},"down":{"uv":[0.0,0.0,16.0,16.0],"texture":"#1"}}},{"from":[20.9,16.8,3.1],"to":[21.9,21.2,12.9],"rotation":{"origin":[22.0,14.3,8.0],"axis":"z","angle":0.0},"faces":{"north":{"uv":[0.0,0.0,16.0,2.0],"texture":"#1","rotation":90},"east":{"uv":[0.0,0.0,16.0,16.0],"texture":"#1"},"south":{"uv":[0.0,0.0,16.0,2.0],"texture":"#1","rotation":90},"west":{"uv":[0.0,0.0,16.0,16.0],"texture":"#1"},"up":{"uv":[0.0,1.0,16.0,4.0],"texture":"#1","rotation":90},"down":{"uv":[0.0,1.0,16.0,4.0],"texture":"#1","rotation":90}}},{"from":[20.9,10.0,3.1],"to":[21.9,16.8,3.9],"rotation":{"origin":[22.0,14.3,8.0],"axis":"z","angle":0.0},"faces":{"north":{"uv":[1.0,0.0,3.0,16.0],"texture":"#1"},"east":{"uv":[1.0,0.0,3.0,16.0],"texture":"#1"},"south":{"uv":[1.0,0.0,3.0,16.0],"texture":"#1"},"west":{"uv":[1.0,0.0,3.0,16.0],"texture":"#1"},"up":{"uv":[1.0,0.0,3.0,16.0],"texture":"#1"},"down":{"uv":[1.0,0.0,3.0,16.0],"texture":"#1"}}},{"from":[20.9,10.0,12.1],"to":[21.9,16.8,12.9],"rotation":{"origin":[22.0,14.3,8.0],"axis":"z","angle":0.0},"faces":{"north":{"uv":[1.0,0.0,3.0,16.0],"texture":"#1"},"east":{"uv":[1.0,0.0,3.0,16.0],"texture":"#1"},"south":{"uv":[1.0,0.0,3.0,16.0],"texture":"#1"},"west":{"uv":[1.0,0.0,3.0,16.0],"texture":"#1"},"up":{"uv":[1.0,0.0,3.0,16.0],"texture":"#1"},"down":{"uv":[1.0,0.0,3.0,16.0],"texture":"#1"}}},{"from":[-13.06716,12.6,-8.42122],"to":[6.93284,16.0,23.57878],"rotation":{"origin":[1.53284,8.1,7.87878],"axis":"y","angle":0.0},"faces":{"north":{"uv":[0.0,0.0,3.0,16.0],"texture":"#1","rotation":90},"east":{"uv":[0.0,0.0,3.0,16.0],"texture":"#1","rotation":90},"south":{"uv":[0.0,0.0,3.0,16.0],"texture":"#1","rotation":90},"west":{"uv":[0.0,0.0,3.0,16.0],"texture":"#1","rotation":90},"up":{"uv":[0.0,0.0,16.0,16.0],"texture":"#1"},"down":{"uv":[0.0,0.0,16.0,16.0],"texture":"#1"}}},{"from":[4.93284,0.0,-7.42122],"to":[5.93284,13.0,-6.42122],"rotation":{"origin":[1.53284,8.1,7.87878],"axis":"y","angle":0.0},"faces":{"north":{"uv":[0.0,0.0,1.0,16.0],"texture":"#2"},"east":{"uv":[0.0,0.0,1.0,16.0],"texture":"#2"},"south":{"uv":[0.0,0.0,1.0,16.0],"texture":"#2"},"west":{"uv":[0.0,0.0,1.0,16.0],"texture":"#2"},"up":{"uv":[0.0,0.0,1.0,16.0],"texture":"#2"},"down":{"uv":[0.0,0.0,1.0,16.0],"texture":"#2"}}},{"from":[4.93284,0.0,21.57878],"to":[5.93284,13.0,22.57878],"rotation":{"origin":[1.53284,8.1,7.87878],"axis":"y","angle":0.0},"faces":{"north":{"uv":[0.0,0.0,1.0,16.0],"texture":"#2"},"east":{"uv":[0.0,0.0,1.0,16.0],"texture":"#2"},"south":{"uv":[0.0,0.0,1.0,16.0],"texture":"#2"},"west":{"uv":[0.0,0.0,1.0,16.0],"texture":"#2"},"up":{"uv":[0.0,0.0,1.0,16.0],"texture":"#2"},"down":{"uv":[0.0,0.0,1.0,16.0],"texture":"#2"}}},{"from":[-12.06716,0.0,21.57878],"to":[-11.06716,13.0,22.57878],"rotation":{"origin":[1.53284,8.1,7.87878],"axis":"y","angle":0.0},"faces":{"north":{"uv":[0.0,0.0,1.0,16.0],"texture":"#2"},"east":{"uv":[0.0,0.0,1.0,16.0],"texture":"#2"},"south":{"uv":[0.0,0.0,1.0,16.0],"texture":"#2"},"west":{"uv":[0.0,0.0,1.0,16.0],"texture":"#2"},"up":{"uv":[0.0,0.0,1.0,16.0],"texture":"#2"},"down":{"uv":[0.0,0.0,1.0,16.0],"texture":"#2"}}},{"from":[-12.06716,0.0,-7.42122],"to":[-11.06716,13.0,-6.42122],"rotation":{"origin":[1.53284,8.1,7.87878],"axis":"y","angle":0.0},"faces":{"north":{"uv":[0.0,0.0,1.0,16.0],"texture":"#2"},"east":{"uv":[0.0,0.0,1.0,16.0],"texture":"#2"},"south":{"uv":[0.0,0.0,1.0,16.0],"texture":"#2"},"west":{"uv":[0.0,0.0,1.0,16.0],"texture":"#2"},"up":{"uv":[0.0,0.0,1.0,16.0],"texture":"#2"},"down":{"uv":[0.0,0.0,1.0,16.0],"texture":"#2"}}}],"textures":{"1":"block/cartography_table_side3","2":"block/black_concrete"}}