{"display":{"thirdperson_righthand":{"rotation":[40.5,0.0,0.0],"translation":[0.0,1.5,-1.5],"scale":[0.4,0.4,0.4]},"thirdperson_lefthand":{"rotation":[40.5,0.0,0.0],"translation":[0.0,1.5,-1.5],"scale":[0.4,0.4,0.4]},"firstperson_righthand":{"rotation":[0.0,117.0,0.0],"translation":[2.25,2.75,0.0],"scale":[0.36,0.36,0.36]},"firstperson_lefthand":{"rotation":[0.0,117.0,0.0],"translation":[2.25,2.75,0.0],"scale":[0.36,0.36,0.36]},"ground":{"translation":[0.0,1.25,0.0],"scale":[0.3,0.3,0.3]},"gui":{"rotation":[11.75,158.0,0.0],"translation":[0.0,-1.25,0.0],"scale":[0.66,0.66,0.66]},"head":{"scale":[0.0,0.0,0.0]},"fixed":{"rotation":[-90.0,0.0,0.0],"translation":[0.0,0.0,-16.0],"scale":[2.0,2.0,2.0]}},"elements":[{"from":[0.0,4.0,0.0],"to":[16.0,6.0,16.0],"rotation":{"origin":[16.0,4.0,0.0],"axis":"y","angle":0.0},"faces":{"north":{"uv":[10.75,9.5,14.75,10.0],"texture":"#2"},"east":{"uv":[4.0,11.0,8.0,11.5],"texture":"#2"},"south":{"uv":[8.0,11.0,12.0,11.5],"texture":"#2"},"west":{"uv":[0.0,11.25,4.0,11.75],"texture":"#2"},"up":{"uv":[4.0,4.0,0.0,0.0],"texture":"#2"},"down":{"uv":[4.0,4.0,0.0,8.0],"texture":"#2"}}},{"from":[0.0,0.0,1.0],"to":[2.0,4.0,3.0],"rotation":{"origin":[0.0,0.0,1.0],"axis":"y","angle":0.0},"faces":{"north":{"uv":[12.0,0.0,12.5,1.0],"texture":"#2"},"east":{"uv":[0.25,12.0,0.75,13.0],"texture":"#2"},"south":{"uv":[0.75,12.0,1.25,13.0],"texture":"#2"},"west":{"uv":[12.0,1.0,12.5,2.0],"texture":"#2"},"up":{"uv":[7.25,10.25,6.75,9.75],"texture":"#2"},"down":{"uv":[7.75,9.75,7.25,10.25],"texture":"#2"}}},{"from":[2.0,1.0,1.5],"to":[15.0,4.0,2.5],"rotation":{"origin":[42.0,0.0,1.5],"axis":"y","angle":0.0},"faces":{"north":{"uv":[8.0,6.5,11.25,7.25],"texture":"#2"},"east":{"uv":[7.0,12.0,7.25,12.75],"texture":"#2"},"south":{"uv":[8.0,7.25,11.25,8.0],"texture":"#2"},"west":{"uv":[7.25,12.0,7.5,12.75],"texture":"#2"},"up":{"uv":[12.25,11.75,9.0,11.5],"texture":"#2"},"down":{"uv":[3.25,11.75,0.0,12.0],"texture":"#2"}}},{"from":[2.0,1.0,14.5],"to":[15.0,4.0,15.5],"rotation":{"origin":[42.0,0.0,14.5],"axis":"y","angle":0.0},"faces":{"north":{"uv":[8.0,8.0,11.25,8.75],"texture":"#2"},"east":{"uv":[7.5,12.0,7.75,12.75],"texture":"#2"},"south":{"uv":[8.0,8.75,11.25,9.5],"texture":"#2"},"west":{"uv":[7.75,12.0,8.0,12.75],"texture":"#2"},"up":{"uv":[8.25,12.0,5.0,11.75],"texture":"#2"},"down":{"uv":[11.5,11.75,8.25,12.0],"texture":"#2"}}},{"from":[0.0,0.0,14.0],"to":[2.0,4.0,16.0],"rotation":{"origin":[0.0,0.0,14.0],"axis":"y","angle":0.0},"faces":{"north":{"uv":[1.25,12.0,1.75,13.0],"texture":"#2"},"east":{"uv":[1.75,12.0,2.25,13.0],"texture":"#2"},"south":{"uv":[12.0,2.0,12.5,3.0],"texture":"#2"},"west":{"uv":[2.25,12.0,2.75,13.0],"texture":"#2"},"up":{"uv":[4.5,11.0,4.0,10.5],"texture":"#2"},"down":{"uv":[5.0,10.5,4.5,11.0],"texture":"#2"}}},{"from":[0.5,1.0,3.0],"to":[1.5,4.0,14.0],"rotation":{"origin":[-0.5,0.0,11.0],"axis":"y","angle":0.0},"faces":{"north":{"uv":[8.0,12.0,8.25,12.75],"texture":"#2"},"east":{"uv":[8.0,9.5,10.75,10.25],"texture":"#2"},"south":{"uv":[8.25,12.0,8.5,12.75],"texture":"#2"},"west":{"uv":[4.0,9.75,6.75,10.5],"texture":"#2"},"up":{"uv":[4.0,14.5,3.75,11.75],"texture":"#2"},"down":{"uv":[11.75,11.75,11.5,14.5],"texture":"#2"}}},{"from":[0.0,6.0,14.0],"to":[16.0,19.0,16.0],"rotation":{"origin":[44.0,5.0,14.0],"axis":"y","angle":0.0},"faces":{"north":{"uv":[4.0,0.0,8.0,3.25],"texture":"#2"},"east":{"uv":[4.0,11.5,4.5,14.75],"texture":"#2"},"south":{"uv":[4.0,3.25,8.0,6.5],"texture":"#2"},"west":{"uv":[4.5,11.5,5.0,14.75],"texture":"#2"},"up":{"uv":[15.25,7.0,11.25,6.5],"texture":"#2"},"down":{"uv":[15.25,7.0,11.25,7.5],"texture":"#2"}}},{"from":[0.0,6.0,1.0],"to":[16.0,8.0,14.0],"rotation":{"origin":[15.0,6.0,1.0],"axis":"y","angle":0.0},"faces":{"north":{"uv":[11.25,7.5,15.25,8.0],"texture":"#2","tintindex":0},"east":{"uv":[11.25,8.5,14.5,9.0],"texture":"#2","tintindex":0},"south":{"uv":[11.25,8.0,15.25,8.5],"texture":"#2","tintindex":0},"west":{"uv":[11.25,9.0,14.5,9.5],"texture":"#2","tintindex":0},"up":{"uv":[8.0,9.75,4.0,6.5],"texture":"#2","tintindex":0},"down":{"uv":[4.0,8.0,0.0,11.25],"texture":"#2","tintindex":0}}},{"from":[0.0,5.0,13.0],"to":[16.0,18.0,14.0],"rotation":{"origin":[44.0,5.0,13.0],"axis":"y","angle":0.0},"faces":{"north":{"uv":[8.0,0.0,12.0,3.25],"texture":"#2","tintindex":0},"east":{"uv":[3.25,11.75,3.5,15.0],"texture":"#2","tintindex":0},"south":{"uv":[8.0,3.25,12.0,6.5],"texture":"#2","tintindex":0},"west":{"uv":[3.5,11.75,3.75,15.0],"texture":"#2","tintindex":0},"up":{"uv":[14.75,10.25,10.75,10.0],"texture":"#2","tintindex":0},"down":{"uv":[9.0,11.5,5.0,11.75],"texture":"#2","tintindex":0}}},{"from":[14.0,0.0,14.0],"to":[16.0,4.0,16.0],"rotation":{"origin":[16.0,0.0,14.0],"axis":"y","angle":0.0},"faces":{"north":{"uv":[2.75,12.0,3.25,13.0],"texture":"#2"},"east":{"uv":[12.0,3.0,12.5,4.0],"texture":"#2"},"south":{"uv":[12.0,4.0,12.5,5.0],"texture":"#2"},"west":{"uv":[5.0,12.0,5.5,13.0],"texture":"#2"},"up":{"uv":[5.5,11.0,5.0,10.5],"texture":"#2"},"down":{"uv":[6.0,10.5,5.5,11.0],"texture":"#2"}}},{"from":[14.0,0.0,1.0],"to":[16.0,4.0,3.0],"rotation":{"origin":[16.0,0.0,1.0],"axis":"y","angle":0.0},"faces":{"north":{"uv":[12.0,5.0,12.5,6.0],"texture":"#2"},"east":{"uv":[5.5,12.0,6.0,13.0],"texture":"#2"},"south":{"uv":[6.0,12.0,6.5,13.0],"texture":"#2"},"west":{"uv":[6.5,12.0,7.0,13.0],"texture":"#2"},"up":{"uv":[6.5,11.0,6.0,10.5],"texture":"#2"},"down":{"uv":[12.5,6.0,12.0,6.5],"texture":"#2"}}},{"from":[14.5,1.0,3.0],"to":[15.5,4.0,14.0],"rotation":{"origin":[16.5,0.0,11.0],"axis":"y","angle":0.0},"faces":{"north":{"uv":[8.5,12.0,8.75,12.75],"texture":"#2"},"east":{"uv":[6.75,10.25,9.5,11.0],"texture":"#2"},"south":{"uv":[8.75,12.0,9.0,12.75],"texture":"#2"},"west":{"uv":[9.5,10.25,12.25,11.0],"texture":"#2"},"up":{"uv":[12.0,14.5,11.75,11.75],"texture":"#2"},"down":{"uv":[0.25,12.0,0.0,14.75],"texture":"#2"}}}],"textures":{"2":"5897fd60-b538-4a41-b238-5004be888425:c512446d-e051-4673-a25a-58882e82cdf0"},"gui_light":"front"}