{"model":{"type":"select","property":"block_state","block_state_property":"connectable","cases":[{"when":"straight","model":{"type":"model","model":"a966757d-4284-49e3-8961-66ea349a56a0:c9d6f116-d3e1-40e9-9f26-d4a8cf55096d","tints":[]}},{"when":"left","model":{"type":"model","model":"a966757d-4284-49e3-8961-66ea349a56a0:963df282-7f0f-48d7-b10e-43059b32091d","tints":[]}},{"when":"right","model":{"type":"model","model":"a966757d-4284-49e3-8961-66ea349a56a0:af0a7ac3-db2b-4baf-86ab-84d70a7b253e","tints":[]}},{"when":"inner","model":{"type":"model","model":"a966757d-4284-49e3-8961-66ea349a56a0:339b056f-580c-4864-8607-809fbace3442","tints":[]}},{"when":"outer","model":{"type":"model","model":"a966757d-4284-49e3-8961-66ea349a56a0:e3c59b60-1e5c-4efc-8384-f7d3fe62ded2","tints":[]}}],"fallback":{"type":"model","model":"a966757d-4284-49e3-8961-66ea349a56a0:21e81523-fe48-4e5a-a671-7c12547dcb87","tints":[]}}}