{"display":{"thirdperson_righthand":{"rotation":[40.5,0.0,0.0],"translation":[0.0,1.5,-1.5],"scale":[0.4,0.4,0.4]},"thirdperson_lefthand":{"rotation":[40.5,0.0,0.0],"translation":[0.0,1.5,-1.5],"scale":[0.4,0.4,0.4]},"firstperson_righthand":{"rotation":[0.0,117.0,0.0],"translation":[2.25,2.75,0.0],"scale":[0.36,0.36,0.36]},"firstperson_lefthand":{"rotation":[0.0,117.0,0.0],"translation":[2.25,2.75,0.0],"scale":[0.36,0.36,0.36]},"ground":{"translation":[0.0,1.25,0.0],"scale":[0.3,0.3,0.3]},"gui":{"rotation":[11.75,158.0,0.0],"translation":[0.0,-1.25,0.0],"scale":[0.66,0.66,0.66]},"head":{"scale":[0.0,0.0,0.0]},"fixed":{"rotation":[-90.0,0.0,0.0],"translation":[0.0,0.0,-16.0],"scale":[2.0,2.0,2.0]}},"elements":[{"from":[0.0,4.0,0.0],"to":[16.0,6.0,16.0],"rotation":{"origin":[0.0,4.0,0.0],"axis":"y","angle":0.0},"faces":{"north":{"uv":[9.25,11.25,5.25,11.75],"texture":"#2"},"east":{"uv":[15.5,6.75,11.5,7.25],"texture":"#2"},"south":{"uv":[15.5,6.25,11.5,6.75],"texture":"#2"},"west":{"uv":[13.25,11.25,9.25,11.75],"texture":"#2"},"up":{"uv":[0.0,4.0,4.0,0.0],"texture":"#2"},"down":{"uv":[0.0,4.0,4.0,8.0],"texture":"#2"}}},{"from":[1.0,1.0,1.5],"to":[16.0,4.0,2.5],"rotation":{"origin":[-26.0,0.0,1.5],"axis":"y","angle":0.0},"faces":{"north":{"uv":[11.75,3.25,8.0,4.0],"texture":"#2"},"east":{"uv":[4.0,8.75,3.75,9.5],"texture":"#2"},"south":{"uv":[11.75,4.0,8.0,4.75],"texture":"#2"},"west":{"uv":[4.0,8.0,3.75,8.75],"texture":"#2"},"up":{"uv":[11.75,4.0,15.5,3.75],"texture":"#2"},"down":{"uv":[11.75,4.0,15.5,4.25],"texture":"#2"}}},{"from":[1.0,1.0,14.5],"to":[16.0,4.0,15.5],"rotation":{"origin":[-26.0,0.0,14.5],"axis":"y","angle":0.0},"faces":{"north":{"uv":[11.75,4.75,8.0,5.5],"texture":"#2"},"east":{"uv":[3.25,12.25,3.0,13.0],"texture":"#2"},"south":{"uv":[11.75,5.5,8.0,6.25],"texture":"#2"},"west":{"uv":[3.0,12.25,2.75,13.0],"texture":"#2"},"up":{"uv":[11.75,4.5,15.5,4.25],"texture":"#2"},"down":{"uv":[11.75,4.5,15.5,4.75],"texture":"#2"}}},{"from":[0.0,6.0,14.0],"to":[16.0,19.0,16.0],"rotation":{"origin":[-28.0,5.0,14.0],"axis":"y","angle":0.0},"faces":{"north":{"uv":[8.0,0.0,4.0,3.25],"texture":"#2"},"east":{"uv":[12.25,0.0,11.75,3.25],"texture":"#2"},"south":{"uv":[8.0,3.25,4.0,6.5],"texture":"#2"},"west":{"uv":[0.5,11.75,0.0,15.0],"texture":"#2"},"up":{"uv":[11.5,7.75,15.5,7.25],"texture":"#2"},"down":{"uv":[11.5,7.75,15.5,8.25],"texture":"#2"}}},{"from":[1.0,6.0,1.0],"to":[16.0,8.0,14.0],"rotation":{"origin":[1.0,6.0,1.0],"axis":"y","angle":0.0},"faces":{"north":{"uv":[3.75,11.25,0.0,11.75],"texture":"#2"},"east":{"uv":[15.0,3.25,11.75,3.75],"texture":"#2"},"south":{"uv":[15.25,8.25,11.5,8.75],"texture":"#2"},"west":{"uv":[3.75,11.75,0.5,12.25],"texture":"#2"},"up":{"uv":[4.0,9.75,7.75,6.5],"texture":"#2"},"down":{"uv":[7.75,6.5,11.5,9.75],"texture":"#2"}}},{"from":[1.0,5.0,13.0],"to":[16.0,18.0,14.0],"rotation":{"origin":[-28.0,5.0,13.0],"axis":"y","angle":0.0},"faces":{"north":{"uv":[3.75,8.0,0.0,11.25],"texture":"#2"},"east":{"uv":[5.75,11.75,5.5,15.0],"texture":"#2"},"south":{"uv":[11.75,0.0,8.0,3.25],"texture":"#2"},"west":{"uv":[5.5,11.75,5.25,15.0],"texture":"#2"},"up":{"uv":[11.75,5.0,15.5,4.75],"texture":"#2"},"down":{"uv":[11.75,5.0,15.5,5.25],"texture":"#2"}}},{"from":[0.0,0.0,14.0],"to":[2.0,4.0,16.0],"rotation":{"origin":[0.0,0.0,14.0],"axis":"y","angle":0.0},"faces":{"north":{"uv":[12.25,5.25,11.75,6.25],"texture":"#2"},"east":{"uv":[8.75,11.75,8.25,12.75],"texture":"#2"},"south":{"uv":[8.25,11.75,7.75,12.75],"texture":"#2"},"west":{"uv":[7.75,11.75,7.25,12.75],"texture":"#2"},"up":{"uv":[1.25,12.75,1.75,12.25],"texture":"#2"},"down":{"uv":[12.25,1.25,12.75,1.75],"texture":"#2"}}},{"from":[0.0,0.0,1.0],"to":[2.0,4.0,3.0],"rotation":{"origin":[0.0,0.0,1.0],"axis":"y","angle":0.0},"faces":{"north":{"uv":[9.25,11.75,8.75,12.75],"texture":"#2"},"east":{"uv":[10.75,11.75,10.25,12.75],"texture":"#2"},"south":{"uv":[10.25,11.75,9.75,12.75],"texture":"#2"},"west":{"uv":[9.75,11.75,9.25,12.75],"texture":"#2"},"up":{"uv":[1.75,12.75,2.25,12.25],"texture":"#2"},"down":{"uv":[12.25,1.75,12.75,2.25],"texture":"#2"}}},{"from":[0.5,1.0,3.0],"to":[1.5,4.0,14.0],"rotation":{"origin":[-0.5,0.0,11.0],"axis":"y","angle":0.0},"faces":{"north":{"uv":[3.5,12.25,3.25,13.0],"texture":"#2"},"east":{"uv":[10.75,9.75,8.0,10.5],"texture":"#2"},"south":{"uv":[3.75,12.25,3.5,13.0],"texture":"#2"},"west":{"uv":[8.0,9.75,5.25,10.5],"texture":"#2"},"up":{"uv":[5.75,14.5,6.0,11.75],"texture":"#2"},"down":{"uv":[6.0,11.75,6.25,14.5],"texture":"#2"}}},{"from":[0.5,6.0,3.0],"to":[1.5,9.0,14.0],"rotation":{"origin":[1.5,6.0,3.0],"axis":"y","angle":0.0},"faces":{"north":{"uv":[12.75,5.25,12.5,6.0],"texture":"#2"},"east":{"uv":[13.5,10.5,10.75,11.25],"texture":"#2"},"south":{"uv":[11.0,12.5,10.75,13.25],"texture":"#2"},"west":{"uv":[13.5,9.75,10.75,10.5],"texture":"#2"},"up":{"uv":[6.75,14.5,7.0,11.75],"texture":"#2"},"down":{"uv":[7.0,11.75,7.25,14.5],"texture":"#2"}}},{"from":[0.0,6.0,1.0],"to":[2.0,9.0,3.0],"rotation":{"origin":[2.0,6.0,1.0],"axis":"y","angle":0.0},"faces":{"north":{"uv":[11.25,11.75,10.75,12.5],"texture":"#2"},"east":{"uv":[12.75,0.0,12.25,0.75],"texture":"#2"},"south":{"uv":[12.25,11.75,11.75,12.5],"texture":"#2"},"west":{"uv":[11.75,11.75,11.25,12.5],"texture":"#2"},"up":{"uv":[2.25,12.75,2.75,12.25],"texture":"#2"},"down":{"uv":[12.25,2.25,12.75,2.75],"texture":"#2"}}},{"from":[-1.0,9.0,0.0],"to":[2.0,11.0,15.0],"rotation":{"origin":[2.0,10.0,1.0],"axis":"y","angle":0.0},"faces":{"north":{"uv":[1.25,12.25,0.5,12.75],"texture":"#2"},"east":{"uv":[15.25,9.25,11.5,9.75],"texture":"#2"},"south":{"uv":[13.0,0.75,12.25,1.25],"texture":"#2"},"west":{"uv":[15.25,8.75,11.5,9.25],"texture":"#2"},"up":{"uv":[3.75,13.5,4.5,9.75],"texture":"#2"},"down":{"uv":[4.5,9.75,5.25,13.5],"texture":"#2"}}}],"textures":{"2":"a54f2cd2-5011-4f69-9fcf-3c686c67132b:6d8c6122-137b-473a-9430-2b087b7932d6"},"gui_light":"front"}