{"display":{"thirdperson_righthand":{"rotation":[75.0,45.0,0.0],"translation":[0.0,0.5,0.0],"scale":[0.2,0.2,0.2]},"thirdperson_lefthand":{"rotation":[75.0,45.0,0.0],"translation":[0.0,0.5,0.0],"scale":[0.2,0.2,0.2]},"firstperson_righthand":{"rotation":[0.0,125.0,0.0],"translation":[2.25,1.25,-0.75],"scale":[0.2,0.2,0.2]},"firstperson_lefthand":{"rotation":[0.0,125.0,0.0],"translation":[2.25,1.25,-0.75],"scale":[0.2,0.2,0.2]},"ground":{"translation":[0.0,3.0,0.0],"scale":[0.25,0.25,0.25]},"gui":{"rotation":[30.0,225.0,0.0],"translation":[0.0,1.0,0.0],"scale":[0.7,0.7,0.7]},"fixed":{"rotation":[-90.0,0.0,0.0],"translation":[0.0,0.0,-16.0],"scale":[2.0,2.0,2.0]}},"elements":[{"from":[2.0,0.0,2.0],"to":[14.0,2.0,14.0],"faces":{"north":{"uv":[9.0,9.0,15.0,10.0],"texture":"#0"},"east":{"uv":[9.0,9.0,15.0,10.0],"texture":"#0"},"south":{"uv":[9.0,9.0,15.0,10.0],"texture":"#0"},"west":{"uv":[9.0,9.0,15.0,10.0],"texture":"#0"},"up":{"uv":[6.0,6.0,0.0,0.0],"texture":"#0"},"down":{"uv":[6.0,6.0,0.0,0.0],"texture":"#0"}}},{"from":[4.0,2.0,4.0],"to":[12.0,7.0,12.0],"faces":{"north":{"uv":[6.0,4.0,10.0,6.5],"texture":"#0"},"east":{"uv":[6.0,4.0,10.0,6.5],"texture":"#0"},"south":{"uv":[6.0,4.0,10.0,6.5],"texture":"#0"},"west":{"uv":[6.0,4.0,10.0,6.5],"texture":"#0"},"up":{"uv":[10.0,4.0,6.0,0.0],"texture":"#0"}}},{"from":[5.0,7.0,5.0],"to":[11.0,12.0,11.0],"faces":{"north":{"uv":[9.0,6.5,12.0,9.0],"texture":"#0"},"east":{"uv":[9.0,6.5,12.0,9.0],"texture":"#0"},"south":{"uv":[9.0,6.5,12.0,9.0],"texture":"#0"},"west":{"uv":[9.0,6.5,12.0,9.0],"texture":"#0"},"up":{"uv":[9.0,9.5,6.0,6.5],"texture":"#0"}}},{"from":[6.0,12.0,6.0],"to":[10.0,16.0,10.0],"faces":{"north":{"uv":[6.0,9.5,8.0,11.5],"texture":"#0"},"east":{"uv":[6.0,9.5,8.0,11.5],"texture":"#0"},"south":{"uv":[6.0,9.5,8.0,11.5],"texture":"#0"},"west":{"uv":[6.0,9.5,8.0,11.5],"texture":"#0"},"up":{"uv":[12.0,5.0,10.0,3.0],"texture":"#0"}}}],"textures":{"particle":"75ecc080-2d3f-408a-894a-932f3e7853c5:febb3540-cbb2-47ba-afc3-1de45aea152d","0":"75ecc080-2d3f-408a-894a-932f3e7853c5:febb3540-cbb2-47ba-afc3-1de45aea152d"},"gui_light":"front"}