{"parent":"builtin/entity","display":{"thirdperson_righthand":{"rotation":[0.0,90.0,0.0],"translation":[10.0,6.0,-4.0]},"thirdperson_lefthand":{"rotation":[0.0,90.0,0.0],"translation":[10.0,6.0,12.0]},"firstperson_righthand":{"rotation":[0.0,180.0,5.0],"translation":[-10.0,2.0,-10.0],"scale":[1.25,1.25,1.25]},"firstperson_lefthand":{"rotation":[0.0,180.0,5.0],"translation":[10.0,0.0,-10.0],"scale":[1.25,1.25,1.25]},"gui":{"rotation":[15.0,-25.0,-5.0],"translation":[2.0,3.0,0.0],"scale":[0.65,0.65,0.65]},"fixed":{"rotation":[0.0,180.0,0.0],"translation":[-2.0,4.0,-5.0],"scale":[0.5,0.5,0.5]},"ground":{"translation":[4.0,4.0,2.0],"scale":[0.25,0.25,0.25]}},"textures":{"particle":"block/dark_oak_planks"},"gui_light":"front","overrides":[{"predicate":{"blocking":1},"model":"item/shield_blocking"},{"predicate":{"custom_model_data":1450300},"model":"89f8b009-3902-48db-b1d4-eb1f08f41555:1e72ea65-e555-41f7-a93a-c93b1fcec1c3"},{"predicate":{"custom_model_data":1450300,"blocking":1},"model":"incendium:item/necrotic_shield/blocking"},{"predicate":{"custom_model_data":1450301},"model":"89f8b009-3902-48db-b1d4-eb1f08f41555:004a9aee-dd9f-43cb-acf7-9bf68912428d"},{"predicate":{"custom_model_data":1450301,"blocking":1},"model":"incendium:item/prismatic_shield/blocking"},{"predicate":{"custom_model_data":1450302},"model":"89f8b009-3902-48db-b1d4-eb1f08f41555:8f839b13-9490-43b1-bca8-cfa3b602b894"},{"predicate":{"custom_model_data":1450302,"blocking":1},"model":"incendium:item/radiation_shield/blocking"}]}