{"parent":"item/generated","textures":{"layer0":"item/leather_horse_armor","layer1":"item/leather_horse_armor_overlay","particle":"item/leather_horse_armor"},"overrides":[{"predicate":{"custom_model_data":1000},"model":"492aa1c7-a7c3-43c3-9b41-294233576a7e:45df13c6-52c9-481a-b3c6-ef245461f569"},{"predicate":{"custom_model_data":1001},"model":"492aa1c7-a7c3-43c3-9b41-294233576a7e:3f034dbc-c01c-4f32-a51a-dafc454caea0"},{"predicate":{"custom_model_data":1002},"model":"492aa1c7-a7c3-43c3-9b41-294233576a7e:4e24a3c7-c169-4262-b5d6-3e2e1cf66931"},{"predicate":{"custom_model_data":1003},"model":"492aa1c7-a7c3-43c3-9b41-294233576a7e:b86471a2-e3e0-42b2-930e-5ff459e3e25a"}]}