{"sources":[{"type":"single","resource":"block/birch_planks"},{"type":"single","resource":"block/birch_planks"},{"type":"single","resource":"block/black_concrete"},{"type":"single","resource":"block/black_concrete"},{"type":"single","resource":"block/black_concrete"},{"type":"single","resource":"block/black_concrete"},{"type":"single","resource":"block/black_concrete"},{"type":"single","resource":"block/black_concrete"},{"type":"single","resource":"block/black_concrete"},{"type":"single","resource":"block/black_concrete"},{"type":"single","resource":"block/black_stained_glass"},{"type":"single","resource":"block/black_wool"},{"type":"single","resource":"block/black_wool"},{"type":"single","resource":"block/black_wool"},{"type":"single","resource":"block/black_wool"},{"type":"single","resource":"block/black_wool"},{"type":"single","resource":"block/black_wool"},{"type":"single","resource":"block/black_wool"},{"type":"single","resource":"block/black_wool"},{"type":"single","resource":"block/black_wool"},{"type":"single","resource":"block/black_wool"},{"type":"single","resource":"block/black_wool"},{"type":"single","resource":"block/black_wool"},{"type":"single","resource":"block/black_wool"},{"type":"single","resource":"block/blue_wool"},{"type":"single","resource":"block/blue_wool"},{"type":"single","resource":"block/brown_wool"},{"type":"single","resource":"block/brown_wool"},{"type":"single","resource":"block/campfire_fire"},{"type":"single","resource":"block/campfire_log_lit"},{"type":"single","resource":"block/cartography_table_side3"},{"type":"single","resource":"block/cartography_table_side3"},{"type":"single","resource":"block/cauldron_inner"},{"type":"single","resource":"block/cauldron_side"},{"type":"single","resource":"block/clay"},{"type":"single","resource":"block/cobblestone"},{"type":"single","resource":"block/cobblestone"},{"type":"single","resource":"block/cobblestone"},{"type":"single","resource":"block/cyan_wool"},{"type":"single","resource":"block/cyan_wool"},{"type":"single","resource":"block/cyan_wool"},{"type":"single","resource":"block/dark_oak_planks"},{"type":"single","resource":"block/dark_oak_planks"},{"type":"single","resource":"block/furnace_top"},{"type":"single","resource":"block/glass"},{"type":"single","resource":"block/gold_block"},{"type":"single","resource":"block/gray_wool"},{"type":"single","resource":"block/gray_wool"},{"type":"single","resource":"block/gray_wool"},{"type":"single","resource":"block/green_wool"},{"type":"single","resource":"block/green_wool"},{"type":"single","resource":"block/iron_bars"},{"type":"single","resource":"block/iron_block"},{"type":"single","resource":"block/iron_block"},{"type":"single","resource":"block/lava_still"},{"type":"single","resource":"block/light_blue_wool"},{"type":"single","resource":"block/light_blue_wool"},{"type":"single","resource":"block/light_gray_concrete"},{"type":"single","resource":"block/light_gray_wool"},{"type":"single","resource":"block/light_gray_wool"},{"type":"single","resource":"block/light_gray_wool"},{"type":"single","resource":"block/lime_wool"},{"type":"single","resource":"block/lime_wool"},{"type":"single","resource":"block/magenta_wool"},{"type":"single","resource":"block/magenta_wool"},{"type":"single","resource":"block/mossy_cobblestone"},{"type":"single","resource":"block/mossy_cobblestone"},{"type":"single","resource":"block/oak_log"},{"type":"single","resource":"block/oak_log_top"},{"type":"single","resource":"block/oak_planks"},{"type":"single","resource":"block/oak_planks"},{"type":"single","resource":"block/oak_planks"},{"type":"single","resource":"block/orange_wool"},{"type":"single","resource":"block/orange_wool"},{"type":"single","resource":"block/pink_wool"},{"type":"single","resource":"block/pink_wool"},{"type":"single","resource":"block/purple_wool"},{"type":"single","resource":"block/purple_wool"},{"type":"single","resource":"block/quartz_block_side"},{"type":"single","resource":"block/quartz_block_top"},{"type":"single","resource":"block/red_concrete"},{"type":"single","resource":"block/red_wool"},{"type":"single","resource":"block/red_wool"},{"type":"single","resource":"block/sandstone"},{"type":"single","resource":"block/soul_torch"},{"type":"single","resource":"block/spruce_log"},{"type":"single","resource":"block/spruce_log"},{"type":"single","resource":"block/spruce_log_top"},{"type":"single","resource":"block/spruce_planks"},{"type":"single","resource":"block/spruce_planks"},{"type":"single","resource":"block/spruce_planks"},{"type":"single","resource":"block/spruce_planks"},{"type":"single","resource":"block/spruce_planks"},{"type":"single","resource":"block/spruce_planks"},{"type":"single","resource":"block/spruce_planks"},{"type":"single","resource":"block/spruce_planks"},{"type":"single","resource":"block/spruce_planks"},{"type":"single","resource":"block/spruce_planks"},{"type":"single","resource":"block/spruce_planks"},{"type":"single","resource":"block/spruce_planks"},{"type":"single","resource":"block/spruce_planks"},{"type":"single","resource":"block/spruce_planks"},{"type":"single","resource":"block/spruce_planks"},{"type":"single","resource":"block/spruce_planks"},{"type":"single","resource":"block/spruce_planks"},{"type":"single","resource":"block/spruce_planks"},{"type":"single","resource":"block/spruce_planks"},{"type":"single","resource":"block/spruce_planks"},{"type":"single","resource":"block/spruce_planks"},{"type":"single","resource":"block/spruce_planks"},{"type":"single","resource":"block/spruce_planks"},{"type":"single","resource":"block/spruce_planks"},{"type":"single","resource":"block/spruce_planks"},{"type":"single","resource":"block/spruce_planks"},{"type":"single","resource":"block/spruce_planks"},{"type":"single","resource":"block/spruce_planks"},{"type":"single","resource":"block/spruce_planks"},{"type":"single","resource":"block/spruce_planks"},{"type":"single","resource":"block/spruce_planks"},{"type":"single","resource":"block/spruce_planks"},{"type":"single","resource":"block/spruce_planks"},{"type":"single","resource":"block/spruce_planks"},{"type":"single","resource":"block/stone_bricks"},{"type":"single","resource":"block/stripped_spruce_log"},{"type":"single","resource":"block/white_concrete"},{"type":"single","resource":"block/white_concrete"},{"type":"single","resource":"block/white_concrete"},{"type":"single","resource":"block/white_concrete"},{"type":"single","resource":"block/white_concrete"},{"type":"single","resource":"block/white_concrete"},{"type":"single","resource":"block/white_concrete"},{"type":"single","resource":"block/white_concrete"},{"type":"single","resource":"block/white_concrete"},{"type":"single","resource":"block/white_concrete"},{"type":"single","resource":"block/white_concrete"},{"type":"single","resource":"block/white_concrete"},{"type":"single","resource":"block/white_concrete"},{"type":"single","resource":"block/white_concrete"},{"type":"single","resource":"block/white_concrete"},{"type":"single","resource":"block/white_concrete"},{"type":"single","resource":"block/white_concrete"},{"type":"single","resource":"block/white_concrete"},{"type":"single","resource":"block/white_concrete"},{"type":"single","resource":"block/white_concrete"},{"type":"single","resource":"block/white_concrete"},{"type":"single","resource":"block/white_concrete"},{"type":"single","resource":"block/white_concrete"},{"type":"single","resource":"block/white_concrete"},{"type":"single","resource":"block/white_concrete"},{"type":"single","resource":"block/white_concrete"},{"type":"single","resource":"block/white_concrete"},{"type":"single","resource":"block/white_concrete"},{"type":"single","resource":"block/white_concrete"},{"type":"single","resource":"block/white_concrete"},{"type":"single","resource":"block/white_concrete"},{"type":"single","resource":"block/white_concrete"},{"type":"single","resource":"block/white_concrete"},{"type":"single","resource":"block/white_concrete"},{"type":"single","resource":"block/white_concrete"},{"type":"single","resource":"block/white_concrete"},{"type":"single","resource":"block/white_concrete"},{"type":"single","resource":"block/white_concrete"},{"type":"single","resource":"block/white_concrete"},{"type":"single","resource":"block/white_concrete"},{"type":"single","resource":"block/white_wool"},{"type":"single","resource":"block/white_wool"},{"type":"single","resource":"block/white_wool"},{"type":"single","resource":"block/white_wool"},{"type":"single","resource":"block/yellow_wool"},{"type":"single","resource":"block/yellow_wool"},{"type":"single","resource":"bcadbfae-ea80-4099-8a72-4d12fa5220f8:231ece1e-2d4f-4d7d-ac80-0386dcb1a670"},{"type":"single","resource":"bcadbfae-ea80-4099-8a72-4d12fa5220f8:231ece1e-2d4f-4d7d-ac80-0386dcb1a670"},{"type":"single","resource":"bcadbfae-ea80-4099-8a72-4d12fa5220f8:8b81ac57-2c7f-4077-93f4-8bfaca14d0db"},{"type":"single","resource":"bcadbfae-ea80-4099-8a72-4d12fa5220f8:8b81ac57-2c7f-4077-93f4-8bfaca14d0db"},{"type":"single","resource":"bcadbfae-ea80-4099-8a72-4d12fa5220f8:ef787715-cec2-445e-b7d1-59e265117667"},{"type":"single","resource":"bcadbfae-ea80-4099-8a72-4d12fa5220f8:ef787715-cec2-445e-b7d1-59e265117667"},{"type":"single","resource":"bcadbfae-ea80-4099-8a72-4d12fa5220f8:9c64871a-9566-47eb-8f9c-01376026fc8d"},{"type":"single","resource":"bcadbfae-ea80-4099-8a72-4d12fa5220f8:9c64871a-9566-47eb-8f9c-01376026fc8d"},{"type":"single","resource":"bcadbfae-ea80-4099-8a72-4d12fa5220f8:2d9b55e1-c48f-4eaf-8810-ba416b716e48"},{"type":"single","resource":"bcadbfae-ea80-4099-8a72-4d12fa5220f8:2d9b55e1-c48f-4eaf-8810-ba416b716e48"},{"type":"single","resource":"entity/chest/normal"},{"type":"single","resource":"bcadbfae-ea80-4099-8a72-4d12fa5220f8:d125554e-1fa3-48e0-b402-8af4520f2e77"},{"type":"single","resource":"bcadbfae-ea80-4099-8a72-4d12fa5220f8:d125554e-1fa3-48e0-b402-8af4520f2e77"},{"type":"single","resource":"bcadbfae-ea80-4099-8a72-4d12fa5220f8:507d7a67-b600-4cf9-8a86-972eb80ba07d"},{"type":"single","resource":"bcadbfae-ea80-4099-8a72-4d12fa5220f8:3c56601f-402e-4962-bffb-57ec608014b0"},{"type":"single","resource":"bcadbfae-ea80-4099-8a72-4d12fa5220f8:1eaec492-13d7-4489-b98c-bba1ac3d24bd"},{"type":"single","resource":"bcadbfae-ea80-4099-8a72-4d12fa5220f8:6644bf1c-5f99-4a9e-91d0-b534ad787f6b"},{"type":"single","resource":"bcadbfae-ea80-4099-8a72-4d12fa5220f8:cf517ad7-a59f-459d-9d52-9119b2aa8edf"},{"type":"single","resource":"bcadbfae-ea80-4099-8a72-4d12fa5220f8:92523162-5124-4d94-bbb5-b710af8592e1"},{"type":"single","resource":"bcadbfae-ea80-4099-8a72-4d12fa5220f8:5b156673-f4ba-4f18-a5a8-f48ce0aac0a5"},{"type":"single","resource":"bcadbfae-ea80-4099-8a72-4d12fa5220f8:5b156673-f4ba-4f18-a5a8-f48ce0aac0a5"},{"type":"single","resource":"bcadbfae-ea80-4099-8a72-4d12fa5220f8:a3df9de4-f29b-4a0b-8947-fffed332c23a"},{"type":"single","resource":"bcadbfae-ea80-4099-8a72-4d12fa5220f8:3934fa75-dfd1-40a8-a46a-bec0feb74e8d"},{"type":"single","resource":"bcadbfae-ea80-4099-8a72-4d12fa5220f8:3934fa75-dfd1-40a8-a46a-bec0feb74e8d"},{"type":"single","resource":"e6ae7d5c-9286-49ff-a255-6ef3d02d8e2a:8bb2a7e9-232c-4622-822e-0eb5b8549013"},{"type":"single","resource":"e6ae7d5c-9286-49ff-a255-6ef3d02d8e2a:a43eebbd-da27-4095-b4d5-69682da98b50"},{"type":"single","resource":"e6ae7d5c-9286-49ff-a255-6ef3d02d8e2a:91ce278b-08af-4043-a743-39ddc70cc61b"},{"type":"single","resource":"e6ae7d5c-9286-49ff-a255-6ef3d02d8e2a:91ce278b-08af-4043-a743-39ddc70cc61b"},{"type":"single","resource":"bcadbfae-ea80-4099-8a72-4d12fa5220f8:e2d18892-65b8-4981-a4c3-7db85f64e3db"},{"type":"single","resource":"bcadbfae-ea80-4099-8a72-4d12fa5220f8:0b0fcfb9-eb55-4980-9e5c-1ab67f2f732f"},{"type":"single","resource":"bcadbfae-ea80-4099-8a72-4d12fa5220f8:2cf4f0a5-fe55-44d7-a780-99d1082dfba8"},{"type":"single","resource":"e6ae7d5c-9286-49ff-a255-6ef3d02d8e2a:08250e6f-6ce4-4176-8fb6-70d03080cefc"},{"type":"single","resource":"e6ae7d5c-9286-49ff-a255-6ef3d02d8e2a:0fbc8c67-116f-4996-b67a-de2e9a6590c3"},{"type":"single","resource":"bcadbfae-ea80-4099-8a72-4d12fa5220f8:77ccc84f-509e-4a14-8906-899ae0dd9d2a"},{"type":"single","resource":"bcadbfae-ea80-4099-8a72-4d12fa5220f8:77ccc84f-509e-4a14-8906-899ae0dd9d2a"},{"type":"single","resource":"bcadbfae-ea80-4099-8a72-4d12fa5220f8:00aeda1a-8c3f-4314-9297-9825f7a84cb9"},{"type":"single","resource":"bcadbfae-ea80-4099-8a72-4d12fa5220f8:00aeda1a-8c3f-4314-9297-9825f7a84cb9"},{"type":"single","resource":"bcadbfae-ea80-4099-8a72-4d12fa5220f8:eda071ab-8cce-44fb-9d22-8a7ab2c41cf0"},{"type":"single","resource":"bcadbfae-ea80-4099-8a72-4d12fa5220f8:3915f893-8ab1-440e-b7a6-74c71d2eadff"},{"type":"single","resource":"bcadbfae-ea80-4099-8a72-4d12fa5220f8:b737f113-d46e-4c2e-8d7a-0f1a76db7fc3"},{"type":"single","resource":"bcadbfae-ea80-4099-8a72-4d12fa5220f8:05745bba-6f5b-4105-ba8f-085a3b50dafc"},{"type":"single","resource":"bcadbfae-ea80-4099-8a72-4d12fa5220f8:c4a78663-7e42-4e52-925c-2adf94d73a1f"},{"type":"single","resource":"d1bd5627-bb7c-46a6-b42d-2d4aad20cad2:35cfaece-94d4-4296-96a3-1c6d69afb604"},{"type":"single","resource":"item/bow"},{"type":"single","resource":"item/chainmail_boots"},{"type":"single","resource":"item/chainmail_chestplate"},{"type":"single","resource":"item/chainmail_helmet"},{"type":"single","resource":"item/chainmail_leggings"},{"type":"single","resource":"d1bd5627-bb7c-46a6-b42d-2d4aad20cad2:271d26df-6cf0-49f8-a503-25f784c2717f"},{"type":"single","resource":"d1bd5627-bb7c-46a6-b42d-2d4aad20cad2:371a677e-a400-4d3c-a937-2e7f73e09045"},{"type":"single","resource":"item/crossbow_standby"},{"type":"single","resource":"bcadbfae-ea80-4099-8a72-4d12fa5220f8:d935877c-f9ce-4186-8ad8-bb67859f25f8"},{"type":"single","resource":"item/diamond_axe"},{"type":"single","resource":"item/diamond_pickaxe"},{"type":"single","resource":"item/diamond_sword"},{"type":"single","resource":"d1bd5627-bb7c-46a6-b42d-2d4aad20cad2:f1e3c99d-7716-44d3-b86f-7d87aa77d93e"},{"type":"single","resource":"d1bd5627-bb7c-46a6-b42d-2d4aad20cad2:f1e3c99d-7716-44d3-b86f-7d87aa77d93e"},{"type":"single","resource":"d1bd5627-bb7c-46a6-b42d-2d4aad20cad2:ec900328-4e7b-4ea4-b14f-55e6573f9fee"},{"type":"single","resource":"d1bd5627-bb7c-46a6-b42d-2d4aad20cad2:564dce71-3dc1-44dd-b272-ce3aaa023a7f"},{"type":"single","resource":"d1bd5627-bb7c-46a6-b42d-2d4aad20cad2:09dc2f9f-5b62-407a-ad89-7eae3f71d603"},{"type":"single","resource":"d1bd5627-bb7c-46a6-b42d-2d4aad20cad2:fc781ec3-86fb-4799-836c-38abceb06448"},{"type":"single","resource":"d1bd5627-bb7c-46a6-b42d-2d4aad20cad2:248dfab2-459e-457d-87a7-40e4d8d4c923"},{"type":"single","resource":"item/glowstone_dust"},{"type":"single","resource":"item/golden_sword"},{"type":"single","resource":"d1bd5627-bb7c-46a6-b42d-2d4aad20cad2:c2231904-e554-4fe6-8548-02d4fae814bd"},{"type":"single","resource":"d1bd5627-bb7c-46a6-b42d-2d4aad20cad2:e6fdf5e2-fb2e-41f6-9731-e5c81bdcddf9"},{"type":"single","resource":"item/leather_horse_armor"},{"type":"single","resource":"d1bd5627-bb7c-46a6-b42d-2d4aad20cad2:169a2b4a-557b-4553-8139-60d89dfb572d"},{"type":"single","resource":"item/map"},{"type":"single","resource":"d1bd5627-bb7c-46a6-b42d-2d4aad20cad2:bc1cfeef-e26f-48c8-87e1-981b7a2776b4"},{"type":"single","resource":"d1bd5627-bb7c-46a6-b42d-2d4aad20cad2:bc1cfeef-e26f-48c8-87e1-981b7a2776b4"},{"type":"single","resource":"d1bd5627-bb7c-46a6-b42d-2d4aad20cad2:29d56934-27c3-4499-9e75-d0a108d55fdb"},{"type":"single","resource":"d1bd5627-bb7c-46a6-b42d-2d4aad20cad2:69f87608-4ab5-4ca9-b2b5-c0b552e16516"},{"type":"single","resource":"d1bd5627-bb7c-46a6-b42d-2d4aad20cad2:d2d00d32-4c85-4f25-98dd-96601491606d"},{"type":"single","resource":"d1bd5627-bb7c-46a6-b42d-2d4aad20cad2:e965c84c-bdca-48fc-9268-c0a8a5b4c092"},{"type":"single","resource":"d1bd5627-bb7c-46a6-b42d-2d4aad20cad2:c15b811b-df0a-4f6c-93fb-347e88d8b393"},{"type":"single","resource":"d1bd5627-bb7c-46a6-b42d-2d4aad20cad2:05218d35-c6a4-40fc-95e4-69e0466cb0da"},{"type":"single","resource":"item/netherite_axe"},{"type":"single","resource":"item/netherite_hoe"},{"type":"single","resource":"item/netherite_pickaxe"},{"type":"single","resource":"item/netherite_scrap"},{"type":"single","resource":"item/netherite_shovel"},{"type":"single","resource":"item/netherite_sword"},{"type":"single","resource":"abcd37ac-04d0-4c2c-9269-3490fb32be68:cc4c1eb0-b632-4263-a170-608f46ee5b50"},{"type":"single","resource":"abcd37ac-04d0-4c2c-9269-3490fb32be68:cc4c1eb0-b632-4263-a170-608f46ee5b50"},{"type":"single","resource":"abcd37ac-04d0-4c2c-9269-3490fb32be68:adc0bc63-4c29-48ff-8b9e-ebeed55b8aa7"},{"type":"single","resource":"abcd37ac-04d0-4c2c-9269-3490fb32be68:adc0bc63-4c29-48ff-8b9e-ebeed55b8aa7"},{"type":"single","resource":"abcd37ac-04d0-4c2c-9269-3490fb32be68:c0d9485b-5010-42c5-84d2-461f5bdb7fc5"},{"type":"single","resource":"abcd37ac-04d0-4c2c-9269-3490fb32be68:16745b2f-3b83-4e2e-ac9b-064455a1015d"},{"type":"single","resource":"abcd37ac-04d0-4c2c-9269-3490fb32be68:16745b2f-3b83-4e2e-ac9b-064455a1015d"},{"type":"single","resource":"abcd37ac-04d0-4c2c-9269-3490fb32be68:9db55899-e853-434d-84bc-a808e0fa92e8"},{"type":"single","resource":"abcd37ac-04d0-4c2c-9269-3490fb32be68:1fa14f42-aa47-4eac-9115-7ba104702401"},{"type":"single","resource":"abcd37ac-04d0-4c2c-9269-3490fb32be68:7094fa03-efe0-43d8-bb5f-baf9344f3562"},{"type":"single","resource":"abcd37ac-04d0-4c2c-9269-3490fb32be68:31ef167b-d923-4556-911b-15119f71cb4a"},{"type":"single","resource":"abcd37ac-04d0-4c2c-9269-3490fb32be68:f01451d4-6dc0-4e27-bd88-d12da841e558"},{"type":"single","resource":"abcd37ac-04d0-4c2c-9269-3490fb32be68:f01451d4-6dc0-4e27-bd88-d12da841e558"},{"type":"single","resource":"abcd37ac-04d0-4c2c-9269-3490fb32be68:1c4157ea-2539-4870-9358-2eb7f8fe97fd"},{"type":"single","resource":"abcd37ac-04d0-4c2c-9269-3490fb32be68:1c4157ea-2539-4870-9358-2eb7f8fe97fd"},{"type":"single","resource":"abcd37ac-04d0-4c2c-9269-3490fb32be68:1e2e0485-9243-478c-9f77-82ddd32d2099"},{"type":"single","resource":"abcd37ac-04d0-4c2c-9269-3490fb32be68:e02c0835-d16b-4dca-b6d1-beea27085a6e"},{"type":"single","resource":"abcd37ac-04d0-4c2c-9269-3490fb32be68:4274a825-0794-48e9-bbc2-d6f294832626"},{"type":"single","resource":"abcd37ac-04d0-4c2c-9269-3490fb32be68:4274a825-0794-48e9-bbc2-d6f294832626"},{"type":"single","resource":"abcd37ac-04d0-4c2c-9269-3490fb32be68:b7e1f5b1-1b6f-4ab9-ae7b-3e6968498c3b"},{"type":"single","resource":"abcd37ac-04d0-4c2c-9269-3490fb32be68:b7e1f5b1-1b6f-4ab9-ae7b-3e6968498c3b"},{"type":"single","resource":"abcd37ac-04d0-4c2c-9269-3490fb32be68:b7e1f5b1-1b6f-4ab9-ae7b-3e6968498c3b"},{"type":"single","resource":"abcd37ac-04d0-4c2c-9269-3490fb32be68:a98f7531-fd67-4ffd-b110-dac05261f6e0"},{"type":"single","resource":"abcd37ac-04d0-4c2c-9269-3490fb32be68:b1e028a1-1d88-4d18-b181-5fcbdd79e8cd"},{"type":"single","resource":"abcd37ac-04d0-4c2c-9269-3490fb32be68:be8e0887-9f77-48b3-95eb-626b3ce96dda"},{"type":"single","resource":"abcd37ac-04d0-4c2c-9269-3490fb32be68:3c21987b-6c05-4521-9808-11e927e53e0c"},{"type":"single","resource":"abcd37ac-04d0-4c2c-9269-3490fb32be68:58747fed-39f4-4f61-a223-62afbc4668c7"},{"type":"single","resource":"abcd37ac-04d0-4c2c-9269-3490fb32be68:fef5142b-b85c-4081-918b-2c7d6ff593c7"},{"type":"single","resource":"abcd37ac-04d0-4c2c-9269-3490fb32be68:dc2412cc-0e05-4dad-82d9-5541813b5c75"},{"type":"single","resource":"abcd37ac-04d0-4c2c-9269-3490fb32be68:dc2412cc-0e05-4dad-82d9-5541813b5c75"},{"type":"single","resource":"abcd37ac-04d0-4c2c-9269-3490fb32be68:50477407-556b-41b1-9b59-ad9f1cc03ddc"},{"type":"single","resource":"abcd37ac-04d0-4c2c-9269-3490fb32be68:52f3393a-09c7-4457-93d4-fa5f76f601eb"},{"type":"single","resource":"abcd37ac-04d0-4c2c-9269-3490fb32be68:9326ba85-f41a-494d-9597-60c69de9a9ed"},{"type":"single","resource":"abcd37ac-04d0-4c2c-9269-3490fb32be68:c28d11b6-951e-4ddc-8ae1-2705c32a5446"},{"type":"single","resource":"abcd37ac-04d0-4c2c-9269-3490fb32be68:f0514d1b-d9e2-421b-9aac-70e2a9cc9ed3"},{"type":"single","resource":"abcd37ac-04d0-4c2c-9269-3490fb32be68:f0514d1b-d9e2-421b-9aac-70e2a9cc9ed3"},{"type":"single","resource":"abcd37ac-04d0-4c2c-9269-3490fb32be68:6f820d96-39d4-4b1d-b6e7-3c26a4846da1"},{"type":"single","resource":"abcd37ac-04d0-4c2c-9269-3490fb32be68:6f820d96-39d4-4b1d-b6e7-3c26a4846da1"},{"type":"single","resource":"abcd37ac-04d0-4c2c-9269-3490fb32be68:47f5b923-741a-499f-a61b-5f34953f34b8"},{"type":"single","resource":"abcd37ac-04d0-4c2c-9269-3490fb32be68:47f5b923-741a-499f-a61b-5f34953f34b8"},{"type":"single","resource":"abcd37ac-04d0-4c2c-9269-3490fb32be68:385c3e1c-908b-4261-ba47-fd9c079bbd6a"},{"type":"single","resource":"abcd37ac-04d0-4c2c-9269-3490fb32be68:ca85e727-2c25-40be-9339-8c52655ab205"},{"type":"single","resource":"abcd37ac-04d0-4c2c-9269-3490fb32be68:49f4431d-f289-4afa-86e5-974dcef026b5"},{"type":"single","resource":"abcd37ac-04d0-4c2c-9269-3490fb32be68:49f4431d-f289-4afa-86e5-974dcef026b5"},{"type":"single","resource":"abcd37ac-04d0-4c2c-9269-3490fb32be68:944dac79-a3ce-4aff-88a2-c192c9a82463"},{"type":"single","resource":"abcd37ac-04d0-4c2c-9269-3490fb32be68:273bd881-2b9f-4252-ab7c-a7962ab8266b"},{"type":"single","resource":"abcd37ac-04d0-4c2c-9269-3490fb32be68:37b51e23-dcc2-4a7d-a462-9e336cd1cfff"},{"type":"single","resource":"abcd37ac-04d0-4c2c-9269-3490fb32be68:37b51e23-dcc2-4a7d-a462-9e336cd1cfff"},{"type":"single","resource":"item/paper"},{"type":"single","resource":"d1bd5627-bb7c-46a6-b42d-2d4aad20cad2:8278ecac-cb60-4f77-a07b-395588f2d14b"},{"type":"single","resource":"d1bd5627-bb7c-46a6-b42d-2d4aad20cad2:2a800cba-668d-45ef-9fa0-a9d373c05353"},{"type":"single","resource":"d1bd5627-bb7c-46a6-b42d-2d4aad20cad2:2a800cba-668d-45ef-9fa0-a9d373c05353"},{"type":"single","resource":"d1bd5627-bb7c-46a6-b42d-2d4aad20cad2:22418328-7313-4805-95a8-2e4594a1bc9b"},{"type":"single","resource":"d1bd5627-bb7c-46a6-b42d-2d4aad20cad2:20d89ac9-b905-4dcc-90e4-8d17b29a31e4"},{"type":"single","resource":"d1bd5627-bb7c-46a6-b42d-2d4aad20cad2:3569b756-cdb2-4efa-b7cf-40b9c97f777b"},{"type":"single","resource":"d1bd5627-bb7c-46a6-b42d-2d4aad20cad2:a6a69e4f-6a49-4c0c-8087-4d611cc274a6"},{"type":"single","resource":"d1bd5627-bb7c-46a6-b42d-2d4aad20cad2:73021f0e-9ace-44cf-ac67-94ff01a3caec"},{"type":"single","resource":"d1bd5627-bb7c-46a6-b42d-2d4aad20cad2:8bbf7fb9-9860-4d7f-89b8-d74f9cf1d0fc"},{"type":"single","resource":"d1bd5627-bb7c-46a6-b42d-2d4aad20cad2:b9df556a-0588-42c7-b9b2-a3bbd79ad677"},{"type":"single","resource":"d1bd5627-bb7c-46a6-b42d-2d4aad20cad2:92c576d5-24b8-4248-b63e-b39c3ccd60da"},{"type":"single","resource":"d1bd5627-bb7c-46a6-b42d-2d4aad20cad2:b2716398-32de-4df5-a7c6-37ebc0b7d251"},{"type":"single","resource":"d1bd5627-bb7c-46a6-b42d-2d4aad20cad2:86c960c6-1f83-4c5f-9b34-257ccce15442"},{"type":"single","resource":"d1bd5627-bb7c-46a6-b42d-2d4aad20cad2:86c960c6-1f83-4c5f-9b34-257ccce15442"},{"type":"single","resource":"d1bd5627-bb7c-46a6-b42d-2d4aad20cad2:1a5ab1be-6e14-4435-8b93-0c7ccc818316"},{"type":"single","resource":"d1bd5627-bb7c-46a6-b42d-2d4aad20cad2:81ac661a-62a5-400b-a9ea-6c757923c95a"},{"type":"single","resource":"d1bd5627-bb7c-46a6-b42d-2d4aad20cad2:edd60e60-b425-483b-baef-e15cf3b4da18"},{"type":"single","resource":"d1bd5627-bb7c-46a6-b42d-2d4aad20cad2:5327b8b4-e2c4-4cbc-ab33-06efce4506cd"},{"type":"single","resource":"d1bd5627-bb7c-46a6-b42d-2d4aad20cad2:67a7367e-b638-4565-904c-54f108c2df10"},{"type":"single","resource":"d1bd5627-bb7c-46a6-b42d-2d4aad20cad2:82751850-c28c-4c81-9531-c18bca4e7e3e"},{"type":"single","resource":"d1bd5627-bb7c-46a6-b42d-2d4aad20cad2:ec47f956-bdcd-46b2-b171-e7986d1c02f9"},{"type":"single","resource":"d1bd5627-bb7c-46a6-b42d-2d4aad20cad2:d126f72c-247c-4ac4-969a-f19682bb8f9f"},{"type":"single","resource":"d1bd5627-bb7c-46a6-b42d-2d4aad20cad2:3eb6e024-bbbb-443c-b2c4-2f5bb6de8bb6"},{"type":"single","resource":"bcadbfae-ea80-4099-8a72-4d12fa5220f8:c49e48d3-a4ed-4bd9-b187-8ba5791765ae"},{"type":"single","resource":"d1bd5627-bb7c-46a6-b42d-2d4aad20cad2:8623434e-4c6a-4d0c-a0b8-13e6299b79c3"},{"type":"single","resource":"d1bd5627-bb7c-46a6-b42d-2d4aad20cad2:028e5282-59d0-48eb-bdba-e1e8d793d3f2"},{"type":"single","resource":"d1bd5627-bb7c-46a6-b42d-2d4aad20cad2:f3b509b0-8dc3-4c15-90e4-9c2d7e48e4c1"},{"type":"single","resource":"d1bd5627-bb7c-46a6-b42d-2d4aad20cad2:f3b509b0-8dc3-4c15-90e4-9c2d7e48e4c1"},{"type":"single","resource":"d1bd5627-bb7c-46a6-b42d-2d4aad20cad2:3c8f4b4b-75a9-431e-a7a5-2233feb9c0c2"},{"type":"single","resource":"d1bd5627-bb7c-46a6-b42d-2d4aad20cad2:ac89653d-004c-43cd-84ea-49e920767927"},{"type":"single","resource":"d1bd5627-bb7c-46a6-b42d-2d4aad20cad2:ff74d47b-8f6f-4411-bfd9-205c6be4e440"},{"type":"single","resource":"d1bd5627-bb7c-46a6-b42d-2d4aad20cad2:81a44bcc-737c-4eca-b671-3fa82c1fee21"},{"type":"single","resource":"d1bd5627-bb7c-46a6-b42d-2d4aad20cad2:d215cec7-aa40-4e42-9a14-08eccaa51982"},{"type":"single","resource":"bcadbfae-ea80-4099-8a72-4d12fa5220f8:5292965a-4293-479d-a013-5aa8a4cc174f"},{"type":"single","resource":"item/snowball"},{"type":"single","resource":"bcadbfae-ea80-4099-8a72-4d12fa5220f8:5b657dc8-75c6-4f5a-97e5-ebbd8bc072e0"},{"type":"single","resource":"d1bd5627-bb7c-46a6-b42d-2d4aad20cad2:f9301569-9eef-47c8-9f22-2f0d5076f4d6"},{"type":"single","resource":"d1bd5627-bb7c-46a6-b42d-2d4aad20cad2:f9301569-9eef-47c8-9f22-2f0d5076f4d6"},{"type":"single","resource":"d1bd5627-bb7c-46a6-b42d-2d4aad20cad2:3181e638-c915-4079-9c4d-e9a40f90927f"},{"type":"single","resource":"d1bd5627-bb7c-46a6-b42d-2d4aad20cad2:5c6a5210-052c-45a8-9cc2-6e4297677c0f"},{"type":"single","resource":"d1bd5627-bb7c-46a6-b42d-2d4aad20cad2:43ade455-3f50-494b-8997-ec7a2423cc86"},{"type":"single","resource":"d1bd5627-bb7c-46a6-b42d-2d4aad20cad2:b0648ce8-7dc8-4814-94e3-f5973b8bf6d9"},{"type":"single","resource":"d1bd5627-bb7c-46a6-b42d-2d4aad20cad2:f57a6e2f-7097-41a7-9d03-34f2e7994d20"},{"type":"single","resource":"d1bd5627-bb7c-46a6-b42d-2d4aad20cad2:7e3413d2-e53d-43f0-be3e-66dff8a9fa48"},{"type":"single","resource":"d1bd5627-bb7c-46a6-b42d-2d4aad20cad2:13be345d-f03e-4139-94db-b7da2d108b7e"},{"type":"single","resource":"item/trident"},{"type":"single","resource":"bcadbfae-ea80-4099-8a72-4d12fa5220f8:186126e0-3cc6-4872-a8bc-40ffd1fd4739"},{"type":"single","resource":"d1bd5627-bb7c-46a6-b42d-2d4aad20cad2:1b9b65f7-680a-44c8-902e-5ca328ff254f"},{"type":"single","resource":"bcadbfae-ea80-4099-8a72-4d12fa5220f8:b1017b61-6b95-4267-aca4-1a0f2ece862d"},{"type":"single","resource":"d1bd5627-bb7c-46a6-b42d-2d4aad20cad2:e0eaa618-bfe6-42ac-8acc-ddf3dc3f440a"},{"type":"single","resource":"bcadbfae-ea80-4099-8a72-4d12fa5220f8:4446d840-392a-4d0f-adc6-2ec64a650c26"},{"type":"single","resource":"bcadbfae-ea80-4099-8a72-4d12fa5220f8:7c9a55e4-1bc8-4b86-9d58-ac4c52f845e9"},{"type":"single","resource":"bcadbfae-ea80-4099-8a72-4d12fa5220f8:7c9a55e4-1bc8-4b86-9d58-ac4c52f845e9"},{"type":"single","resource":"bcadbfae-ea80-4099-8a72-4d12fa5220f8:7c9a55e4-1bc8-4b86-9d58-ac4c52f845e9"},{"type":"single","resource":"bcadbfae-ea80-4099-8a72-4d12fa5220f8:7c9a55e4-1bc8-4b86-9d58-ac4c52f845e9"},{"type":"single","resource":"bcadbfae-ea80-4099-8a72-4d12fa5220f8:6d075f63-4b5b-4d94-8cbf-d4ed6a6911e1"},{"type":"single","resource":"bcadbfae-ea80-4099-8a72-4d12fa5220f8:6d075f63-4b5b-4d94-8cbf-d4ed6a6911e1"},{"type":"single","resource":"bcadbfae-ea80-4099-8a72-4d12fa5220f8:6d075f63-4b5b-4d94-8cbf-d4ed6a6911e1"},{"type":"single","resource":"bcadbfae-ea80-4099-8a72-4d12fa5220f8:6d075f63-4b5b-4d94-8cbf-d4ed6a6911e1"},{"type":"single","resource":"bcadbfae-ea80-4099-8a72-4d12fa5220f8:eff563f4-8a01-4454-98b5-db121e5b7080"},{"type":"single","resource":"bcadbfae-ea80-4099-8a72-4d12fa5220f8:eff563f4-8a01-4454-98b5-db121e5b7080"},{"type":"single","resource":"bcadbfae-ea80-4099-8a72-4d12fa5220f8:cbb38e86-bbe6-4576-8032-3670e4b4ddc8"},{"type":"single","resource":"bcadbfae-ea80-4099-8a72-4d12fa5220f8:cbb38e86-bbe6-4576-8032-3670e4b4ddc8"}]}