{"sources":[{"type":"single","resource":"block/birch_planks"},{"type":"single","resource":"block/birch_planks"},{"type":"single","resource":"block/black_concrete"},{"type":"single","resource":"block/black_concrete"},{"type":"single","resource":"block/black_concrete"},{"type":"single","resource":"block/black_concrete"},{"type":"single","resource":"block/black_concrete"},{"type":"single","resource":"block/black_concrete"},{"type":"single","resource":"block/black_concrete"},{"type":"single","resource":"block/black_concrete"},{"type":"single","resource":"block/black_stained_glass"},{"type":"single","resource":"block/black_wool"},{"type":"single","resource":"block/black_wool"},{"type":"single","resource":"block/black_wool"},{"type":"single","resource":"block/black_wool"},{"type":"single","resource":"block/black_wool"},{"type":"single","resource":"block/black_wool"},{"type":"single","resource":"block/black_wool"},{"type":"single","resource":"block/black_wool"},{"type":"single","resource":"block/black_wool"},{"type":"single","resource":"block/black_wool"},{"type":"single","resource":"block/black_wool"},{"type":"single","resource":"block/black_wool"},{"type":"single","resource":"block/black_wool"},{"type":"single","resource":"block/blue_wool"},{"type":"single","resource":"block/blue_wool"},{"type":"single","resource":"block/brown_wool"},{"type":"single","resource":"block/brown_wool"},{"type":"single","resource":"block/campfire_fire"},{"type":"single","resource":"block/campfire_log_lit"},{"type":"single","resource":"block/cartography_table_side3"},{"type":"single","resource":"block/cartography_table_side3"},{"type":"single","resource":"block/cauldron_inner"},{"type":"single","resource":"block/cauldron_side"},{"type":"single","resource":"block/clay"},{"type":"single","resource":"block/cobblestone"},{"type":"single","resource":"block/cobblestone"},{"type":"single","resource":"block/cobblestone"},{"type":"single","resource":"block/cyan_wool"},{"type":"single","resource":"block/cyan_wool"},{"type":"single","resource":"block/cyan_wool"},{"type":"single","resource":"block/dark_oak_planks"},{"type":"single","resource":"block/dark_oak_planks"},{"type":"single","resource":"block/furnace_top"},{"type":"single","resource":"block/glass"},{"type":"single","resource":"block/gold_block"},{"type":"single","resource":"block/gray_wool"},{"type":"single","resource":"block/gray_wool"},{"type":"single","resource":"block/gray_wool"},{"type":"single","resource":"block/green_wool"},{"type":"single","resource":"block/green_wool"},{"type":"single","resource":"block/iron_bars"},{"type":"single","resource":"block/iron_block"},{"type":"single","resource":"block/iron_block"},{"type":"single","resource":"block/lava_still"},{"type":"single","resource":"block/light_blue_wool"},{"type":"single","resource":"block/light_blue_wool"},{"type":"single","resource":"block/light_gray_concrete"},{"type":"single","resource":"block/light_gray_wool"},{"type":"single","resource":"block/light_gray_wool"},{"type":"single","resource":"block/light_gray_wool"},{"type":"single","resource":"block/lime_wool"},{"type":"single","resource":"block/lime_wool"},{"type":"single","resource":"block/magenta_wool"},{"type":"single","resource":"block/magenta_wool"},{"type":"single","resource":"block/mossy_cobblestone"},{"type":"single","resource":"block/mossy_cobblestone"},{"type":"single","resource":"block/oak_log"},{"type":"single","resource":"block/oak_log_top"},{"type":"single","resource":"block/oak_planks"},{"type":"single","resource":"block/oak_planks"},{"type":"single","resource":"block/oak_planks"},{"type":"single","resource":"block/orange_wool"},{"type":"single","resource":"block/orange_wool"},{"type":"single","resource":"block/pink_wool"},{"type":"single","resource":"block/pink_wool"},{"type":"single","resource":"block/purple_wool"},{"type":"single","resource":"block/purple_wool"},{"type":"single","resource":"block/quartz_block_side"},{"type":"single","resource":"block/quartz_block_top"},{"type":"single","resource":"block/red_concrete"},{"type":"single","resource":"block/red_wool"},{"type":"single","resource":"block/red_wool"},{"type":"single","resource":"block/sandstone"},{"type":"single","resource":"block/soul_torch"},{"type":"single","resource":"block/spruce_log"},{"type":"single","resource":"block/spruce_log"},{"type":"single","resource":"block/spruce_log_top"},{"type":"single","resource":"block/spruce_planks"},{"type":"single","resource":"block/spruce_planks"},{"type":"single","resource":"block/spruce_planks"},{"type":"single","resource":"block/spruce_planks"},{"type":"single","resource":"block/spruce_planks"},{"type":"single","resource":"block/spruce_planks"},{"type":"single","resource":"block/spruce_planks"},{"type":"single","resource":"block/spruce_planks"},{"type":"single","resource":"block/spruce_planks"},{"type":"single","resource":"block/spruce_planks"},{"type":"single","resource":"block/spruce_planks"},{"type":"single","resource":"block/spruce_planks"},{"type":"single","resource":"block/spruce_planks"},{"type":"single","resource":"block/spruce_planks"},{"type":"single","resource":"block/spruce_planks"},{"type":"single","resource":"block/spruce_planks"},{"type":"single","resource":"block/spruce_planks"},{"type":"single","resource":"block/spruce_planks"},{"type":"single","resource":"block/spruce_planks"},{"type":"single","resource":"block/spruce_planks"},{"type":"single","resource":"block/spruce_planks"},{"type":"single","resource":"block/spruce_planks"},{"type":"single","resource":"block/spruce_planks"},{"type":"single","resource":"block/spruce_planks"},{"type":"single","resource":"block/spruce_planks"},{"type":"single","resource":"block/spruce_planks"},{"type":"single","resource":"block/spruce_planks"},{"type":"single","resource":"block/spruce_planks"},{"type":"single","resource":"block/spruce_planks"},{"type":"single","resource":"block/spruce_planks"},{"type":"single","resource":"block/spruce_planks"},{"type":"single","resource":"block/spruce_planks"},{"type":"single","resource":"block/spruce_planks"},{"type":"single","resource":"block/spruce_planks"},{"type":"single","resource":"block/stone_bricks"},{"type":"single","resource":"block/stripped_spruce_log"},{"type":"single","resource":"block/white_concrete"},{"type":"single","resource":"block/white_concrete"},{"type":"single","resource":"block/white_concrete"},{"type":"single","resource":"block/white_concrete"},{"type":"single","resource":"block/white_concrete"},{"type":"single","resource":"block/white_concrete"},{"type":"single","resource":"block/white_concrete"},{"type":"single","resource":"block/white_concrete"},{"type":"single","resource":"block/white_concrete"},{"type":"single","resource":"block/white_concrete"},{"type":"single","resource":"block/white_concrete"},{"type":"single","resource":"block/white_concrete"},{"type":"single","resource":"block/white_concrete"},{"type":"single","resource":"block/white_concrete"},{"type":"single","resource":"block/white_concrete"},{"type":"single","resource":"block/white_concrete"},{"type":"single","resource":"block/white_concrete"},{"type":"single","resource":"block/white_concrete"},{"type":"single","resource":"block/white_concrete"},{"type":"single","resource":"block/white_concrete"},{"type":"single","resource":"block/white_concrete"},{"type":"single","resource":"block/white_concrete"},{"type":"single","resource":"block/white_concrete"},{"type":"single","resource":"block/white_concrete"},{"type":"single","resource":"block/white_concrete"},{"type":"single","resource":"block/white_concrete"},{"type":"single","resource":"block/white_concrete"},{"type":"single","resource":"block/white_concrete"},{"type":"single","resource":"block/white_concrete"},{"type":"single","resource":"block/white_concrete"},{"type":"single","resource":"block/white_concrete"},{"type":"single","resource":"block/white_concrete"},{"type":"single","resource":"block/white_concrete"},{"type":"single","resource":"block/white_concrete"},{"type":"single","resource":"block/white_concrete"},{"type":"single","resource":"block/white_concrete"},{"type":"single","resource":"block/white_concrete"},{"type":"single","resource":"block/white_concrete"},{"type":"single","resource":"block/white_concrete"},{"type":"single","resource":"block/white_concrete"},{"type":"single","resource":"block/white_wool"},{"type":"single","resource":"block/white_wool"},{"type":"single","resource":"block/white_wool"},{"type":"single","resource":"block/white_wool"},{"type":"single","resource":"block/yellow_wool"},{"type":"single","resource":"block/yellow_wool"},{"type":"single","resource":"dad88030-02e3-450c-864e-d3cea524b91a:567bc434-94e6-4edb-913f-9e761c57b7c5"},{"type":"single","resource":"dad88030-02e3-450c-864e-d3cea524b91a:567bc434-94e6-4edb-913f-9e761c57b7c5"},{"type":"single","resource":"dad88030-02e3-450c-864e-d3cea524b91a:292ad605-e4e5-4653-8174-16e4b9750bf3"},{"type":"single","resource":"dad88030-02e3-450c-864e-d3cea524b91a:292ad605-e4e5-4653-8174-16e4b9750bf3"},{"type":"single","resource":"dad88030-02e3-450c-864e-d3cea524b91a:4ec5c987-ff3f-45a4-8b81-cecbaac6f85d"},{"type":"single","resource":"dad88030-02e3-450c-864e-d3cea524b91a:4ec5c987-ff3f-45a4-8b81-cecbaac6f85d"},{"type":"single","resource":"dad88030-02e3-450c-864e-d3cea524b91a:ee7b027e-6ed7-4f02-be70-4dea6746a096"},{"type":"single","resource":"dad88030-02e3-450c-864e-d3cea524b91a:ee7b027e-6ed7-4f02-be70-4dea6746a096"},{"type":"single","resource":"dad88030-02e3-450c-864e-d3cea524b91a:6d834775-476b-455a-9bbf-55e369ba25f5"},{"type":"single","resource":"dad88030-02e3-450c-864e-d3cea524b91a:6d834775-476b-455a-9bbf-55e369ba25f5"},{"type":"single","resource":"entity/chest/normal"},{"type":"single","resource":"dad88030-02e3-450c-864e-d3cea524b91a:eb7939ff-3cc8-4f75-a814-24492562c060"},{"type":"single","resource":"dad88030-02e3-450c-864e-d3cea524b91a:eb7939ff-3cc8-4f75-a814-24492562c060"},{"type":"single","resource":"dad88030-02e3-450c-864e-d3cea524b91a:8e3f2b4b-6bcb-47ef-abfa-c377bb29526b"},{"type":"single","resource":"dad88030-02e3-450c-864e-d3cea524b91a:9a3e1e5f-defd-42e5-ae86-a01738b88af7"},{"type":"single","resource":"dad88030-02e3-450c-864e-d3cea524b91a:28ff9b69-5a50-474d-bffb-7c71d9525b3f"},{"type":"single","resource":"dad88030-02e3-450c-864e-d3cea524b91a:631c8115-d5c8-4f1c-81e7-7d3f1e4e07ec"},{"type":"single","resource":"dad88030-02e3-450c-864e-d3cea524b91a:d85211a1-a54a-4873-9635-195f769ca372"},{"type":"single","resource":"dad88030-02e3-450c-864e-d3cea524b91a:a0462448-62b5-4798-8cae-8100c5ce7f0b"},{"type":"single","resource":"dad88030-02e3-450c-864e-d3cea524b91a:61cabc26-f86e-4a95-af03-f79c30aa58e5"},{"type":"single","resource":"dad88030-02e3-450c-864e-d3cea524b91a:61cabc26-f86e-4a95-af03-f79c30aa58e5"},{"type":"single","resource":"dad88030-02e3-450c-864e-d3cea524b91a:6d2c6a84-fe3d-4de7-bcfc-954befb04db1"},{"type":"single","resource":"dad88030-02e3-450c-864e-d3cea524b91a:158d6a73-2e80-44be-8954-03d380e7b0a9"},{"type":"single","resource":"dad88030-02e3-450c-864e-d3cea524b91a:158d6a73-2e80-44be-8954-03d380e7b0a9"},{"type":"single","resource":"a14f9ea9-dc90-4f4c-a0de-24e46486d6ca:50cc62f8-8a6a-4225-a2c2-2179ff2c5e0c"},{"type":"single","resource":"a14f9ea9-dc90-4f4c-a0de-24e46486d6ca:1b531972-262e-4dfe-9f7d-2ca9a0c8afd7"},{"type":"single","resource":"a14f9ea9-dc90-4f4c-a0de-24e46486d6ca:f3f20856-9e82-42b9-9153-2dcfa7c33e77"},{"type":"single","resource":"a14f9ea9-dc90-4f4c-a0de-24e46486d6ca:f3f20856-9e82-42b9-9153-2dcfa7c33e77"},{"type":"single","resource":"dad88030-02e3-450c-864e-d3cea524b91a:d64aeb8d-57a6-4829-9e63-b5b1dd08d876"},{"type":"single","resource":"dad88030-02e3-450c-864e-d3cea524b91a:ed27d0e3-3d25-49c8-878c-1b5fb35bb9e6"},{"type":"single","resource":"dad88030-02e3-450c-864e-d3cea524b91a:856f7446-043b-46c3-9688-a131eb87a9fe"},{"type":"single","resource":"a14f9ea9-dc90-4f4c-a0de-24e46486d6ca:224e5df2-145c-4321-bfe7-3154e7228f5f"},{"type":"single","resource":"a14f9ea9-dc90-4f4c-a0de-24e46486d6ca:a5ecf702-3825-48ba-9238-ecd0adb1faf9"},{"type":"single","resource":"dad88030-02e3-450c-864e-d3cea524b91a:3adf54c2-2fa3-42f1-8472-4347f34025d2"},{"type":"single","resource":"dad88030-02e3-450c-864e-d3cea524b91a:3adf54c2-2fa3-42f1-8472-4347f34025d2"},{"type":"single","resource":"dad88030-02e3-450c-864e-d3cea524b91a:127b17fc-b7a7-49fd-abbb-ba931cb47abf"},{"type":"single","resource":"dad88030-02e3-450c-864e-d3cea524b91a:127b17fc-b7a7-49fd-abbb-ba931cb47abf"},{"type":"single","resource":"dad88030-02e3-450c-864e-d3cea524b91a:e4f3fe98-d722-424a-9937-3dad95645e00"},{"type":"single","resource":"dad88030-02e3-450c-864e-d3cea524b91a:1db321da-ef0f-4fed-97f1-db05e047e622"},{"type":"single","resource":"dad88030-02e3-450c-864e-d3cea524b91a:deeac6ed-67cc-4a42-8887-aedd9e2b4af1"},{"type":"single","resource":"dad88030-02e3-450c-864e-d3cea524b91a:4a879491-1ab2-4057-bf3c-bf52a51067f7"},{"type":"single","resource":"dad88030-02e3-450c-864e-d3cea524b91a:0223b045-07c3-40b2-b863-61893c382c1b"},{"type":"single","resource":"3996ac82-b75e-4563-a23b-b3de06ceb947:23bef009-cc1b-41e4-895c-96f94e462352"},{"type":"single","resource":"item/bow"},{"type":"single","resource":"item/chainmail_boots"},{"type":"single","resource":"item/chainmail_chestplate"},{"type":"single","resource":"item/chainmail_helmet"},{"type":"single","resource":"item/chainmail_leggings"},{"type":"single","resource":"3996ac82-b75e-4563-a23b-b3de06ceb947:a1889066-becb-4614-9a6d-fc8e360d392d"},{"type":"single","resource":"3996ac82-b75e-4563-a23b-b3de06ceb947:584d8ed5-dabd-4836-b0b9-84e8cf32c991"},{"type":"single","resource":"item/crossbow_standby"},{"type":"single","resource":"dad88030-02e3-450c-864e-d3cea524b91a:94294c91-f248-419e-a2d6-0f48e695e8c4"},{"type":"single","resource":"item/diamond_axe"},{"type":"single","resource":"item/diamond_pickaxe"},{"type":"single","resource":"item/diamond_sword"},{"type":"single","resource":"3996ac82-b75e-4563-a23b-b3de06ceb947:6a83542d-3a67-42aa-a3d8-943f86916c07"},{"type":"single","resource":"3996ac82-b75e-4563-a23b-b3de06ceb947:6a83542d-3a67-42aa-a3d8-943f86916c07"},{"type":"single","resource":"3996ac82-b75e-4563-a23b-b3de06ceb947:536cf941-d5a0-4da5-99f6-d4b925552c35"},{"type":"single","resource":"3996ac82-b75e-4563-a23b-b3de06ceb947:d1fc0a5f-30cd-4908-9903-05a1b6501536"},{"type":"single","resource":"3996ac82-b75e-4563-a23b-b3de06ceb947:47800e64-22da-4440-bcc7-ce37f3f8c458"},{"type":"single","resource":"3996ac82-b75e-4563-a23b-b3de06ceb947:b21b1999-c440-433a-a161-525a4aff3944"},{"type":"single","resource":"3996ac82-b75e-4563-a23b-b3de06ceb947:f6b224b3-df57-477b-bd1f-0ca1c43cd6c0"},{"type":"single","resource":"item/glowstone_dust"},{"type":"single","resource":"item/golden_sword"},{"type":"single","resource":"3996ac82-b75e-4563-a23b-b3de06ceb947:2417022f-26f1-41a3-ad02-b0f34d67df95"},{"type":"single","resource":"3996ac82-b75e-4563-a23b-b3de06ceb947:0739e3af-ef18-4aa9-9356-daa4f83cebc5"},{"type":"single","resource":"item/leather_horse_armor"},{"type":"single","resource":"3996ac82-b75e-4563-a23b-b3de06ceb947:ef919ce3-cbc3-42b1-b6b2-3942d395c407"},{"type":"single","resource":"item/map"},{"type":"single","resource":"3996ac82-b75e-4563-a23b-b3de06ceb947:42f79016-8e07-487a-a857-783a2b5a64ac"},{"type":"single","resource":"3996ac82-b75e-4563-a23b-b3de06ceb947:42f79016-8e07-487a-a857-783a2b5a64ac"},{"type":"single","resource":"3996ac82-b75e-4563-a23b-b3de06ceb947:92689451-fb9e-4ac3-a390-0551b446cbc2"},{"type":"single","resource":"3996ac82-b75e-4563-a23b-b3de06ceb947:80336985-a202-48a8-8dbb-1ad673415858"},{"type":"single","resource":"3996ac82-b75e-4563-a23b-b3de06ceb947:2bbad31e-0d58-4819-90a0-0270e2557d03"},{"type":"single","resource":"3996ac82-b75e-4563-a23b-b3de06ceb947:6a91fa53-ecea-4dd9-8d44-b4f2a9b38ecb"},{"type":"single","resource":"3996ac82-b75e-4563-a23b-b3de06ceb947:ef1929f2-88e4-45e4-a9ba-a2e1cadf6ee5"},{"type":"single","resource":"3996ac82-b75e-4563-a23b-b3de06ceb947:ebc864b2-a2a0-4fbb-8260-f51f0fdf6329"},{"type":"single","resource":"item/netherite_axe"},{"type":"single","resource":"item/netherite_hoe"},{"type":"single","resource":"item/netherite_pickaxe"},{"type":"single","resource":"item/netherite_scrap"},{"type":"single","resource":"item/netherite_shovel"},{"type":"single","resource":"item/netherite_sword"},{"type":"single","resource":"61af1cb3-6f1e-42e0-8645-6e50db405345:a563de3b-2097-4be8-ba5f-43a335192872"},{"type":"single","resource":"61af1cb3-6f1e-42e0-8645-6e50db405345:a563de3b-2097-4be8-ba5f-43a335192872"},{"type":"single","resource":"61af1cb3-6f1e-42e0-8645-6e50db405345:abf1f527-efbe-45f8-b067-16924920ed68"},{"type":"single","resource":"61af1cb3-6f1e-42e0-8645-6e50db405345:abf1f527-efbe-45f8-b067-16924920ed68"},{"type":"single","resource":"61af1cb3-6f1e-42e0-8645-6e50db405345:318308fd-e813-47ad-9e31-eab40be5a541"},{"type":"single","resource":"61af1cb3-6f1e-42e0-8645-6e50db405345:5380c55f-afab-4198-86a8-8e818ac64e3b"},{"type":"single","resource":"61af1cb3-6f1e-42e0-8645-6e50db405345:5380c55f-afab-4198-86a8-8e818ac64e3b"},{"type":"single","resource":"61af1cb3-6f1e-42e0-8645-6e50db405345:d417d359-3893-4c1c-ac94-ff827dd40011"},{"type":"single","resource":"61af1cb3-6f1e-42e0-8645-6e50db405345:6e7f7405-51a0-451b-a7b3-a4bf0466a283"},{"type":"single","resource":"61af1cb3-6f1e-42e0-8645-6e50db405345:77d1368b-0f47-4b46-8e4f-d23a159ff765"},{"type":"single","resource":"61af1cb3-6f1e-42e0-8645-6e50db405345:faef2214-ce6f-4387-aef6-f4d19c48670b"},{"type":"single","resource":"61af1cb3-6f1e-42e0-8645-6e50db405345:d7436648-d79e-4f7f-a166-da0db39553de"},{"type":"single","resource":"61af1cb3-6f1e-42e0-8645-6e50db405345:d7436648-d79e-4f7f-a166-da0db39553de"},{"type":"single","resource":"61af1cb3-6f1e-42e0-8645-6e50db405345:c5ed2c31-6867-47d5-86ce-ab5f71a60419"},{"type":"single","resource":"61af1cb3-6f1e-42e0-8645-6e50db405345:c5ed2c31-6867-47d5-86ce-ab5f71a60419"},{"type":"single","resource":"61af1cb3-6f1e-42e0-8645-6e50db405345:559170e4-97b0-44db-a9fe-756f5c713c5f"},{"type":"single","resource":"61af1cb3-6f1e-42e0-8645-6e50db405345:b6478d12-1cc8-4f6c-abcb-18282a18598c"},{"type":"single","resource":"61af1cb3-6f1e-42e0-8645-6e50db405345:55f290c0-0cbd-4ce2-aa24-22124c232fe3"},{"type":"single","resource":"61af1cb3-6f1e-42e0-8645-6e50db405345:55f290c0-0cbd-4ce2-aa24-22124c232fe3"},{"type":"single","resource":"61af1cb3-6f1e-42e0-8645-6e50db405345:97ffef46-a637-4294-8f63-df21f2d0cbb9"},{"type":"single","resource":"61af1cb3-6f1e-42e0-8645-6e50db405345:97ffef46-a637-4294-8f63-df21f2d0cbb9"},{"type":"single","resource":"61af1cb3-6f1e-42e0-8645-6e50db405345:97ffef46-a637-4294-8f63-df21f2d0cbb9"},{"type":"single","resource":"61af1cb3-6f1e-42e0-8645-6e50db405345:6a851cc5-deae-4223-b76e-49ccbb46356c"},{"type":"single","resource":"61af1cb3-6f1e-42e0-8645-6e50db405345:c81e2313-8eef-49fa-a9ed-e206181beeb1"},{"type":"single","resource":"61af1cb3-6f1e-42e0-8645-6e50db405345:adafdfb1-121c-4048-95d1-6d84bac44fef"},{"type":"single","resource":"61af1cb3-6f1e-42e0-8645-6e50db405345:e9d0c7e0-15b1-433f-9bf5-161b63e19df2"},{"type":"single","resource":"61af1cb3-6f1e-42e0-8645-6e50db405345:2b73bfcf-0327-4450-a91f-d01d9030b554"},{"type":"single","resource":"61af1cb3-6f1e-42e0-8645-6e50db405345:49e45685-947f-4709-875f-433a1f2148d9"},{"type":"single","resource":"61af1cb3-6f1e-42e0-8645-6e50db405345:1facfc73-374c-4cbd-8ea0-ea3125af3f54"},{"type":"single","resource":"61af1cb3-6f1e-42e0-8645-6e50db405345:1facfc73-374c-4cbd-8ea0-ea3125af3f54"},{"type":"single","resource":"61af1cb3-6f1e-42e0-8645-6e50db405345:a5a6df98-9220-47c2-8597-1e775c4cec6b"},{"type":"single","resource":"61af1cb3-6f1e-42e0-8645-6e50db405345:19e7b5be-9b58-48ea-aba9-f971fcb5d069"},{"type":"single","resource":"61af1cb3-6f1e-42e0-8645-6e50db405345:1afac1d2-cbcb-4b7a-b1a4-8c54e1bfef54"},{"type":"single","resource":"61af1cb3-6f1e-42e0-8645-6e50db405345:84553758-70ed-4082-889d-f5b8d9a457ab"},{"type":"single","resource":"61af1cb3-6f1e-42e0-8645-6e50db405345:c363a4ce-6d00-4e9a-851e-67b6a83d3ecc"},{"type":"single","resource":"61af1cb3-6f1e-42e0-8645-6e50db405345:c363a4ce-6d00-4e9a-851e-67b6a83d3ecc"},{"type":"single","resource":"61af1cb3-6f1e-42e0-8645-6e50db405345:27e467d0-36b7-450c-94fc-2a5abe1fb407"},{"type":"single","resource":"61af1cb3-6f1e-42e0-8645-6e50db405345:27e467d0-36b7-450c-94fc-2a5abe1fb407"},{"type":"single","resource":"61af1cb3-6f1e-42e0-8645-6e50db405345:39d3d187-0aa5-4b45-b622-5bbc5cb38df1"},{"type":"single","resource":"61af1cb3-6f1e-42e0-8645-6e50db405345:39d3d187-0aa5-4b45-b622-5bbc5cb38df1"},{"type":"single","resource":"61af1cb3-6f1e-42e0-8645-6e50db405345:6cf903ea-8b5a-4293-a7a6-d05c157b74bc"},{"type":"single","resource":"61af1cb3-6f1e-42e0-8645-6e50db405345:1f17fbc4-ef37-4661-9267-97e28ea25f43"},{"type":"single","resource":"61af1cb3-6f1e-42e0-8645-6e50db405345:ec0c4a3a-ed18-4710-a714-234e359cea00"},{"type":"single","resource":"61af1cb3-6f1e-42e0-8645-6e50db405345:ec0c4a3a-ed18-4710-a714-234e359cea00"},{"type":"single","resource":"61af1cb3-6f1e-42e0-8645-6e50db405345:d5858b32-43b1-43b0-9d71-08c6ca3aa7a7"},{"type":"single","resource":"61af1cb3-6f1e-42e0-8645-6e50db405345:6ae2f8f6-5fba-4ea6-90ac-ff8453d297f4"},{"type":"single","resource":"61af1cb3-6f1e-42e0-8645-6e50db405345:1ece2b6c-1b20-4ccb-b05b-8a265cdb5cad"},{"type":"single","resource":"61af1cb3-6f1e-42e0-8645-6e50db405345:1ece2b6c-1b20-4ccb-b05b-8a265cdb5cad"},{"type":"single","resource":"item/paper"},{"type":"single","resource":"3996ac82-b75e-4563-a23b-b3de06ceb947:1e0092fe-0f20-444e-b9de-cae00cc03f53"},{"type":"single","resource":"3996ac82-b75e-4563-a23b-b3de06ceb947:7c067d72-aa45-4560-974e-66a84e12d511"},{"type":"single","resource":"3996ac82-b75e-4563-a23b-b3de06ceb947:7c067d72-aa45-4560-974e-66a84e12d511"},{"type":"single","resource":"3996ac82-b75e-4563-a23b-b3de06ceb947:425300bb-3cde-4e0b-862d-c7bd744290c3"},{"type":"single","resource":"3996ac82-b75e-4563-a23b-b3de06ceb947:04980738-0e89-40e6-8897-56f1fdb180fc"},{"type":"single","resource":"3996ac82-b75e-4563-a23b-b3de06ceb947:4ce8be9e-1faa-4966-8afb-9eb579fbf2a4"},{"type":"single","resource":"3996ac82-b75e-4563-a23b-b3de06ceb947:1fee4bd9-07dc-4dd8-97ee-6905e747576f"},{"type":"single","resource":"3996ac82-b75e-4563-a23b-b3de06ceb947:c51266b3-4e28-400a-b83a-e080c72cb8f2"},{"type":"single","resource":"3996ac82-b75e-4563-a23b-b3de06ceb947:0fc4da9d-94de-474c-ab76-a6ab6b24e6d1"},{"type":"single","resource":"3996ac82-b75e-4563-a23b-b3de06ceb947:cfb0d7ab-1f73-47e7-9c79-d34eb3552857"},{"type":"single","resource":"3996ac82-b75e-4563-a23b-b3de06ceb947:7cbceb3e-1561-4d25-bb64-0f1fda12582b"},{"type":"single","resource":"3996ac82-b75e-4563-a23b-b3de06ceb947:65a31906-278d-4dcf-a660-6ef8bbe51356"},{"type":"single","resource":"3996ac82-b75e-4563-a23b-b3de06ceb947:5d050c75-7b72-49df-be57-c2c14a114a21"},{"type":"single","resource":"3996ac82-b75e-4563-a23b-b3de06ceb947:5d050c75-7b72-49df-be57-c2c14a114a21"},{"type":"single","resource":"3996ac82-b75e-4563-a23b-b3de06ceb947:4c99a9ed-aa84-4bcf-8da5-15bde8b113c0"},{"type":"single","resource":"3996ac82-b75e-4563-a23b-b3de06ceb947:a407d83d-e819-482c-aa66-3757a0a2f6b4"},{"type":"single","resource":"3996ac82-b75e-4563-a23b-b3de06ceb947:8c853925-eeff-4ca1-92a4-4eea00073819"},{"type":"single","resource":"3996ac82-b75e-4563-a23b-b3de06ceb947:e646c6e7-98ab-4113-87dd-39b75a458d37"},{"type":"single","resource":"3996ac82-b75e-4563-a23b-b3de06ceb947:8ab8dd44-7337-4bf5-ac77-c9af842da5d2"},{"type":"single","resource":"3996ac82-b75e-4563-a23b-b3de06ceb947:2c349b96-92a1-4abb-a835-bd570f0ee84f"},{"type":"single","resource":"3996ac82-b75e-4563-a23b-b3de06ceb947:1a2009f3-9475-4630-8389-61b5905eb6b2"},{"type":"single","resource":"3996ac82-b75e-4563-a23b-b3de06ceb947:5d65af47-f8c8-4e30-8b2f-844b48277d9a"},{"type":"single","resource":"3996ac82-b75e-4563-a23b-b3de06ceb947:4dad0943-7763-4e27-a814-0ab988abc88e"},{"type":"single","resource":"dad88030-02e3-450c-864e-d3cea524b91a:f45a511a-ae23-44fb-9010-67e6d69d8e52"},{"type":"single","resource":"3996ac82-b75e-4563-a23b-b3de06ceb947:efea8194-d592-472e-8117-f68742d07960"},{"type":"single","resource":"3996ac82-b75e-4563-a23b-b3de06ceb947:f8ce2f96-cf97-413f-aee2-a873f6d03129"},{"type":"single","resource":"3996ac82-b75e-4563-a23b-b3de06ceb947:9ed3c8cf-c175-4966-9930-b54e063844ff"},{"type":"single","resource":"3996ac82-b75e-4563-a23b-b3de06ceb947:9ed3c8cf-c175-4966-9930-b54e063844ff"},{"type":"single","resource":"3996ac82-b75e-4563-a23b-b3de06ceb947:e9246308-f324-4ec7-9c9a-9a3a24a34ffe"},{"type":"single","resource":"3996ac82-b75e-4563-a23b-b3de06ceb947:d0ecf380-2a41-4639-a9bf-6388f17e6c1e"},{"type":"single","resource":"3996ac82-b75e-4563-a23b-b3de06ceb947:abe3310e-d1bb-47c3-8dff-a70725a09044"},{"type":"single","resource":"3996ac82-b75e-4563-a23b-b3de06ceb947:b0f6b394-9e12-4b59-bd49-1bf63a7abc8a"},{"type":"single","resource":"3996ac82-b75e-4563-a23b-b3de06ceb947:1f590f37-07c9-448d-8c13-74cd5830808f"},{"type":"single","resource":"dad88030-02e3-450c-864e-d3cea524b91a:fd5f1d5a-029c-44bb-b7e9-fcc74abca913"},{"type":"single","resource":"item/snowball"},{"type":"single","resource":"dad88030-02e3-450c-864e-d3cea524b91a:65c742ce-30f6-462e-be55-4698b2d8a293"},{"type":"single","resource":"3996ac82-b75e-4563-a23b-b3de06ceb947:7ced9c56-bbee-4288-83bf-fc41b9feb6ef"},{"type":"single","resource":"3996ac82-b75e-4563-a23b-b3de06ceb947:7ced9c56-bbee-4288-83bf-fc41b9feb6ef"},{"type":"single","resource":"3996ac82-b75e-4563-a23b-b3de06ceb947:41ae1adb-1c32-43ab-be0b-f951f8d53865"},{"type":"single","resource":"3996ac82-b75e-4563-a23b-b3de06ceb947:31141454-9e3b-4d6f-a665-82be656cbc18"},{"type":"single","resource":"3996ac82-b75e-4563-a23b-b3de06ceb947:67011eec-49eb-4958-a164-b907e8482da2"},{"type":"single","resource":"3996ac82-b75e-4563-a23b-b3de06ceb947:b845b6f2-9d9b-4c39-93fb-61087c265708"},{"type":"single","resource":"3996ac82-b75e-4563-a23b-b3de06ceb947:c14647c2-6b5c-4467-af7d-6c525d09e7b8"},{"type":"single","resource":"3996ac82-b75e-4563-a23b-b3de06ceb947:a11bf5b3-c607-4cdf-a5aa-f6d736b922be"},{"type":"single","resource":"3996ac82-b75e-4563-a23b-b3de06ceb947:4487c47b-e36d-4b6f-b896-9e545846acb6"},{"type":"single","resource":"item/trident"},{"type":"single","resource":"dad88030-02e3-450c-864e-d3cea524b91a:df39858e-9581-4d41-baa1-263261d6a9df"},{"type":"single","resource":"3996ac82-b75e-4563-a23b-b3de06ceb947:bb350eba-3b1c-4e4b-bb8a-0be66b1fa334"},{"type":"single","resource":"dad88030-02e3-450c-864e-d3cea524b91a:d487e74f-277e-48a6-a82d-55a992dcee18"},{"type":"single","resource":"3996ac82-b75e-4563-a23b-b3de06ceb947:cbed5031-da24-48e4-af84-6827b5dc0e0c"},{"type":"single","resource":"dad88030-02e3-450c-864e-d3cea524b91a:9972d3a4-5833-4fde-89de-754c1ab7c3f1"},{"type":"single","resource":"dad88030-02e3-450c-864e-d3cea524b91a:369841ca-0f03-446a-88cf-44e4704d5fd0"},{"type":"single","resource":"dad88030-02e3-450c-864e-d3cea524b91a:369841ca-0f03-446a-88cf-44e4704d5fd0"},{"type":"single","resource":"dad88030-02e3-450c-864e-d3cea524b91a:369841ca-0f03-446a-88cf-44e4704d5fd0"},{"type":"single","resource":"dad88030-02e3-450c-864e-d3cea524b91a:369841ca-0f03-446a-88cf-44e4704d5fd0"},{"type":"single","resource":"dad88030-02e3-450c-864e-d3cea524b91a:a0ef4c1d-83f3-4284-928b-c7e71d511203"},{"type":"single","resource":"dad88030-02e3-450c-864e-d3cea524b91a:a0ef4c1d-83f3-4284-928b-c7e71d511203"},{"type":"single","resource":"dad88030-02e3-450c-864e-d3cea524b91a:a0ef4c1d-83f3-4284-928b-c7e71d511203"},{"type":"single","resource":"dad88030-02e3-450c-864e-d3cea524b91a:a0ef4c1d-83f3-4284-928b-c7e71d511203"},{"type":"single","resource":"dad88030-02e3-450c-864e-d3cea524b91a:923df758-858d-441d-ab75-deb55881010e"},{"type":"single","resource":"dad88030-02e3-450c-864e-d3cea524b91a:923df758-858d-441d-ab75-deb55881010e"},{"type":"single","resource":"dad88030-02e3-450c-864e-d3cea524b91a:e34aff61-be2c-4f21-aa63-3a9ca5bf3341"},{"type":"single","resource":"dad88030-02e3-450c-864e-d3cea524b91a:e34aff61-be2c-4f21-aa63-3a9ca5bf3341"}]}