{"parent":"builtin/entity","display":{"thirdperson_righthand":{"rotation":[0.0,90.0,0.0],"translation":[10.0,6.0,-4.0]},"thirdperson_lefthand":{"rotation":[0.0,90.0,0.0],"translation":[10.0,6.0,12.0]},"firstperson_righthand":{"rotation":[0.0,180.0,5.0],"translation":[-10.0,2.0,-10.0],"scale":[1.25,1.25,1.25]},"firstperson_lefthand":{"rotation":[0.0,180.0,5.0],"translation":[10.0,0.0,-10.0],"scale":[1.25,1.25,1.25]},"gui":{"rotation":[15.0,-25.0,-5.0],"translation":[2.0,3.0,0.0],"scale":[0.65,0.65,0.65]},"fixed":{"rotation":[0.0,180.0,0.0],"translation":[-2.0,4.0,-5.0],"scale":[0.5,0.5,0.5]},"ground":{"translation":[4.0,4.0,2.0],"scale":[0.25,0.25,0.25]}},"textures":{"particle":"block/dark_oak_planks"},"gui_light":"front","overrides":[{"predicate":{"blocking":1},"model":"item/shield_blocking"},{"predicate":{"custom_model_data":1450300},"model":"d1bd5627-bb7c-46a6-b42d-2d4aad20cad2:ad2d91f0-125b-46f5-9d6d-335e1949b68c"},{"predicate":{"custom_model_data":1450300,"blocking":1},"model":"incendium:item/necrotic_shield/blocking"},{"predicate":{"custom_model_data":1450301},"model":"d1bd5627-bb7c-46a6-b42d-2d4aad20cad2:bb1891a7-8868-4b82-81fc-7bb683533aaf"},{"predicate":{"custom_model_data":1450301,"blocking":1},"model":"incendium:item/prismatic_shield/blocking"},{"predicate":{"custom_model_data":1450302},"model":"d1bd5627-bb7c-46a6-b42d-2d4aad20cad2:6faef24d-6c87-4e89-899f-458ef4c022b2"},{"predicate":{"custom_model_data":1450302,"blocking":1},"model":"incendium:item/radiation_shield/blocking"}]}