{"display":{"thirdperson_righthand":{"scale":[0.5,0.5,0.5]},"thirdperson_lefthand":{"scale":[0.5,0.5,0.5]},"firstperson_righthand":{"scale":[0.5,0.5,0.5]},"firstperson_lefthand":{"scale":[0.5,0.5,0.5]},"ground":{"translation":[0.0,1.0,0.0],"scale":[0.25,0.25,0.25]},"gui":{"rotation":[25.0,45.0,0.0],"translation":[0.5,0.0,0.0],"scale":[0.59,0.59,0.59]},"head":{"translation":[0.0,-14.5,0.0],"scale":[2.3,2.3,2.3]},"fixed":{"rotation":[0.0,180.0,0.0],"translation":[0.0,1.0,-3.75],"scale":[0.5,0.5,0.5]}},"elements":[{"from":[0.0,0.0,0.0],"to":[16.0,10.0,1.0],"faces":{"north":{"uv":[0.0,0.0,16.0,10.0],"texture":"#0"},"east":{"uv":[0.0,1.0,1.0,11.0],"texture":"#0"},"south":{"uv":[14.0,0.0,2.0,10.0],"texture":"#0"},"west":{"uv":[0.0,0.0,1.0,12.0],"texture":"#0"},"up":{"texture":"#0"},"down":{"uv":[0.0,0.0,16.0,1.0],"texture":"#0"}}},{"from":[15.0,0.0,1.0],"to":[16.0,10.0,12.0],"faces":{"north":{"uv":[0.0,0.0,1.0,10.0],"texture":"#0"},"east":{"uv":[0.0,0.0,11.0,10.0],"texture":"#0"},"south":{"uv":[0.0,0.0,1.0,10.0],"texture":"#0"},"west":{"uv":[1.0,0.0,-10.0,14.0],"texture":"#0"},"up":{"uv":[7.0,0.0,8.0,3.0],"texture":"#0"},"down":{"uv":[0.0,0.0,1.0,11.0],"texture":"#0"}}},{"from":[0.0,0.0,1.0],"to":[1.0,10.0,12.0],"faces":{"north":{"uv":[0.0,0.0,1.0,10.0],"texture":"#0"},"east":{"uv":[3.0,0.0,14.0,10.0],"texture":"#0"},"south":{"uv":[0.0,0.0,1.0,10.0],"texture":"#0"},"west":{"uv":[2.0,2.0,13.0,12.0],"texture":"#0"},"up":{"uv":[5.0,1.0,6.0,3.0],"texture":"#0"},"down":{"uv":[0.0,0.0,1.0,11.0],"texture":"#0"}}},{"from":[0.0,10.0,0.0],"to":[8.0,11.0,12.0],"faces":{"north":{"uv":[0.0,0.0,8.0,1.0],"texture":"#1"},"east":{"uv":[0.0,0.0,12.0,1.0],"texture":"#1"},"south":{"uv":[0.0,0.0,8.0,1.0],"texture":"#1"},"west":{"uv":[0.0,0.0,12.0,1.0],"texture":"#1"},"up":{"texture":"#1"},"down":{"uv":[0.0,0.0,8.0,12.0],"texture":"#1"}}},{"from":[8.0,10.0,7.0],"to":[16.0,11.0,12.0],"faces":{"north":{"uv":[0.0,0.0,8.0,1.0],"texture":"#1"},"east":{"uv":[0.0,0.0,5.0,1.0],"texture":"#1"},"south":{"uv":[0.0,0.0,8.0,1.0],"texture":"#1"},"west":{"uv":[0.0,0.0,5.0,1.0],"texture":"#1"},"up":{"uv":[0.0,3.0,8.0,8.0],"texture":"#1"},"down":{"uv":[0.0,0.0,8.0,5.0],"texture":"#1"}}},{"from":[8.0,10.0,0.0],"to":[16.0,11.0,1.0],"faces":{"north":{"uv":[0.0,0.0,8.0,1.0],"texture":"#1"},"east":{"uv":[0.0,0.0,1.0,1.0],"texture":"#1"},"south":{"uv":[0.0,0.0,8.0,1.0],"texture":"#1"},"west":{"uv":[0.0,0.0,1.0,1.0],"texture":"#1"},"up":{"uv":[2.0,2.0,10.0,3.0],"texture":"#1"},"down":{"uv":[0.0,0.0,8.0,1.0],"texture":"#1"}}},{"from":[15.0,10.0,1.0],"to":[16.0,11.0,7.0],"faces":{"north":{"uv":[0.0,0.0,1.0,1.0],"texture":"#1"},"east":{"uv":[0.0,0.0,6.0,1.0],"texture":"#1"},"south":{"uv":[0.0,1.0,2.0,2.0],"texture":"#1"},"west":{"uv":[0.0,9.0,-5.0,5.0],"texture":"#1"},"up":{"uv":[0.0,0.0,3.0,3.0],"texture":"#1"},"down":{"uv":[0.0,0.0,1.0,6.0],"texture":"#1"}}},{"from":[8.0,5.0,1.0],"to":[15.0,6.0,7.0],"faces":{"north":{"uv":[0.0,0.0,16.0,16.0],"texture":"#2"},"east":{"uv":[0.0,0.0,16.0,16.0],"texture":"#2"},"south":{"uv":[0.0,0.0,16.0,16.0],"texture":"#2"},"west":{"uv":[0.0,0.0,16.0,16.0],"texture":"#2"},"up":{"uv":[0.0,0.0,16.0,16.0],"texture":"#2"},"down":{"uv":[0.0,0.0,16.0,16.0],"texture":"#1"}}},{"from":[8.0,5.0,7.0],"to":[15.0,10.0,8.0],"faces":{"north":{"uv":[0.0,0.0,16.0,16.0],"texture":"#2"},"east":{"uv":[0.0,0.0,16.0,16.0],"texture":"#2"},"south":{"uv":[0.0,0.0,16.0,16.0],"texture":"#1"},"west":{"uv":[0.0,0.0,16.0,16.0],"texture":"#2"},"up":{"uv":[0.0,0.0,16.0,16.0],"texture":"#2"},"down":{"uv":[0.0,0.0,8.0,5.0],"texture":"#1"}}},{"from":[7.0,5.0,1.0],"to":[8.0,10.0,8.0],"faces":{"north":{"uv":[0.0,0.0,14.0,16.0],"texture":"#2"},"east":{"uv":[0.0,0.0,16.0,16.0],"texture":"#2"},"south":{"uv":[0.0,0.0,16.0,16.0],"texture":"#1"},"west":{"uv":[16.0,0.0,0.0,16.0],"texture":"#1"},"up":{"uv":[0.0,0.0,16.0,16.0],"texture":"#2"},"down":{"uv":[6.0,0.0,11.0,11.0],"texture":"#1"}}},{"from":[8.0,6.0,1.0],"to":[15.0,11.0,2.0],"faces":{"north":{"uv":[0.0,0.0,16.0,16.0],"texture":"#2"},"east":{"uv":[0.0,0.0,16.0,16.0],"texture":"#2"},"south":{"uv":[0.0,0.0,16.0,16.0],"texture":"#2"},"west":{"uv":[0.0,0.0,16.0,16.0],"texture":"#2"},"up":{"uv":[6.0,5.0,8.0,6.0],"texture":"#1"},"down":{"uv":[0.0,0.0,16.0,16.0],"texture":"#2"}}},{"from":[2.0,0.0,3.0],"to":[6.0,7.0,10.0],"faces":{"north":{"uv":[2.0,1.0,14.0,15.0],"texture":"#3"},"east":{"uv":[2.0,1.0,14.0,15.0],"texture":"#3"},"south":{"uv":[0.0,0.0,16.0,16.0],"texture":"#4"},"west":{"uv":[14.0,1.0,2.0,15.0],"texture":"#3"},"up":{"uv":[2.0,1.0,14.0,15.0],"texture":"#3"},"down":{"uv":[2.0,1.0,14.0,15.0],"texture":"#3"}}},{"from":[2.0,11.0,8.0],"to":[5.0,12.0,11.0],"faces":{"north":{"uv":[0.0,0.0,16.0,16.0],"texture":"#3"},"east":{"uv":[0.0,0.0,16.0,16.0],"texture":"#3"},"south":{"uv":[0.0,0.0,16.0,16.0],"texture":"#3"},"west":{"uv":[0.0,0.0,16.0,16.0],"texture":"#3"},"up":{"uv":[0.0,0.0,16.0,16.0],"texture":"#3"},"down":{"uv":[0.0,0.0,16.0,16.0],"texture":"#3"}}},{"from":[3.0,12.0,9.0],"to":[4.0,15.0,10.0],"faces":{"north":{"uv":[0.0,0.0,16.0,16.0],"texture":"#3"},"east":{"uv":[0.0,0.0,16.0,16.0],"texture":"#3"},"south":{"uv":[0.0,0.0,16.0,16.0],"texture":"#3"},"west":{"uv":[0.0,0.0,16.0,16.0],"texture":"#3"},"up":{"uv":[0.0,0.0,16.0,16.0],"texture":"#3"},"down":{"uv":[0.0,0.0,16.0,16.0],"texture":"#3"}}},{"from":[14.0,5.0,2.0],"to":[15.0,11.0,7.0],"faces":{"north":{"uv":[0.0,0.0,16.0,16.0],"texture":"#2"},"east":{"uv":[0.0,0.0,16.0,16.0],"texture":"#1"},"south":{"uv":[0.0,0.0,16.0,16.0],"texture":"#2"},"west":{"uv":[16.0,0.0,0.0,16.0],"texture":"#2"},"up":{"uv":[3.0,0.0,0.0,3.0],"texture":"#1"},"down":{"uv":[0.0,0.0,16.0,16.0],"texture":"#1"}}},{"from":[-1.0,14.0,9.0],"to":[8.0,20.0,11.0],"faces":{"north":{"uv":[0.0,0.0,9.0,6.0],"texture":"#3"},"east":{"uv":[0.0,0.0,1.0,6.0],"texture":"#3"},"south":{"uv":[0.0,0.0,16.0,16.0],"texture":"#5"},"west":{"uv":[0.0,0.0,1.0,6.0],"texture":"#3"},"up":{"uv":[0.0,0.0,9.0,1.0],"texture":"#3"},"down":{"uv":[0.0,0.0,9.0,1.0],"texture":"#3"}}},{"from":[6.0,11.0,8.0],"to":[8.0,12.0,11.0],"faces":{"north":{"uv":[0.0,0.0,2.0,1.0],"texture":"#3"},"east":{"uv":[0.0,0.0,3.0,1.0],"texture":"#3"},"south":{"uv":[0.0,0.0,2.0,1.0],"texture":"#3"},"west":{"uv":[0.0,0.0,3.0,1.0],"texture":"#3"},"up":{"uv":[6.0,4.0,8.0,7.0],"texture":"#3"},"down":{"uv":[0.0,0.0,2.0,3.0],"texture":"#3"}}}],"textures":{"0":"block/spruce_planks","1":"block/oak_planks","2":"block/iron_bars","3":"block/black_wool","4":"block/black_wool","5":"block/black_wool"}}