{"display":{"thirdperson_righthand":{"rotation":[80.0,45.0,0.0],"translation":[0.0,3.0,0.0],"scale":[0.35,0.35,0.35]},"thirdperson_lefthand":{"rotation":[80.0,45.0,0.0],"translation":[0.0,3.0,0.0],"scale":[0.35,0.35,0.35]},"firstperson_righthand":{"scale":[0.5,0.5,0.5]},"firstperson_lefthand":{"scale":[0.5,0.5,0.5]},"ground":{"translation":[0.0,2.0,0.0],"scale":[0.25,0.25,0.25]},"gui":{"rotation":[25.0,-45.0,0.0],"scale":[0.6,0.6,0.6]},"head":{"translation":[0.0,-14.5,0.0],"scale":[2.3,2.3,2.3]},"fixed":{"rotation":[0.0,90.0,0.0],"translation":[0.0,0.0,-3.25],"scale":[0.5,0.5,0.5]}},"elements":[{"from":[0.0,10.0,0.0],"to":[2.0,12.0,16.0],"faces":{"north":{"uv":[0.0,0.0,2.0,2.0],"texture":"#0"},"east":{"uv":[0.0,0.0,16.0,2.0],"texture":"#0"},"south":{"uv":[0.0,0.0,2.0,2.0],"texture":"#0"},"west":{"uv":[0.0,0.0,16.0,2.0],"texture":"#0"},"up":{"texture":"#0"},"down":{"texture":"#0"}}},{"from":[0.0,0.0,0.0],"to":[2.0,2.0,16.0],"faces":{"north":{"uv":[0.0,0.0,2.0,2.0],"texture":"#0"},"east":{"uv":[0.0,0.0,16.0,2.0],"texture":"#0"},"south":{"uv":[0.0,0.0,2.0,2.0],"texture":"#0"},"west":{"uv":[0.0,0.0,16.0,2.0],"texture":"#0"},"up":{"texture":"#0"},"down":{"texture":"#0"}}},{"from":[14.0,10.0,0.0],"to":[16.0,12.0,16.0],"faces":{"north":{"uv":[0.0,0.0,2.0,2.0],"texture":"#0"},"east":{"uv":[0.0,0.0,16.0,2.0],"texture":"#0"},"south":{"uv":[0.0,0.0,2.0,2.0],"texture":"#0"},"west":{"uv":[0.0,0.0,16.0,2.0],"texture":"#0"},"up":{"uv":[0.0,0.0,2.0,16.0],"texture":"#0"},"down":{"uv":[0.0,0.0,2.0,16.0],"texture":"#0"}}},{"from":[0.0,2.0,14.0],"to":[2.0,10.0,16.0],"faces":{"north":{"uv":[0.0,0.0,2.0,8.0],"texture":"#0"},"east":{"uv":[0.0,0.0,2.0,8.0],"texture":"#0"},"south":{"uv":[0.0,0.0,2.0,8.0],"texture":"#0"},"west":{"uv":[0.0,0.0,2.0,8.0],"texture":"#0"},"up":{"uv":[0.0,0.0,2.0,2.0],"texture":"#0"},"down":{"texture":"#0"}}},{"from":[0.0,2.0,0.0],"to":[2.0,10.0,2.0],"faces":{"north":{"uv":[0.0,0.0,2.0,8.0],"texture":"#0"},"east":{"uv":[0.0,0.0,2.0,8.0],"texture":"#0"},"south":{"uv":[0.0,0.0,2.0,8.0],"texture":"#0"},"west":{"uv":[0.0,0.0,2.0,8.0],"texture":"#0"},"up":{"texture":"#0"},"down":{"uv":[0.0,0.0,2.0,2.0],"texture":"#0"}}},{"from":[14.0,2.0,0.0],"to":[16.0,10.0,2.0],"faces":{"north":{"uv":[0.0,0.0,2.0,8.0],"texture":"#0"},"east":{"uv":[0.0,0.0,2.0,8.0],"texture":"#0"},"south":{"uv":[0.0,0.0,2.0,8.0],"texture":"#0"},"west":{"uv":[0.0,0.0,2.0,8.0],"texture":"#0"},"up":{"uv":[0.0,0.0,2.0,2.0],"texture":"#0"},"down":{"uv":[0.0,0.0,2.0,2.0],"texture":"#0"}}},{"from":[14.0,2.0,14.0],"to":[16.0,10.0,16.0],"faces":{"north":{"uv":[0.0,0.0,2.0,8.0],"texture":"#0"},"east":{"uv":[0.0,0.0,2.0,8.0],"texture":"#0"},"south":{"uv":[0.0,0.0,2.0,8.0],"texture":"#0"},"west":{"uv":[0.0,0.0,2.0,8.0],"texture":"#0"},"up":{"uv":[0.0,0.0,2.0,2.0],"texture":"#0"},"down":{"uv":[0.0,0.0,2.0,2.0],"texture":"#0"}}},{"from":[2.0,0.0,0.0],"to":[14.0,7.0,16.0],"faces":{"north":{"uv":[0.0,0.0,12.0,7.0],"texture":"#1"},"east":{"uv":[0.0,0.0,16.0,7.0],"texture":"#1"},"south":{"uv":[0.0,0.0,12.0,7.0],"texture":"#1"},"west":{"uv":[0.0,0.0,16.0,7.0],"texture":"#1"},"up":{"uv":[0.0,0.0,12.0,16.0],"texture":"#1"},"down":{"uv":[0.0,0.0,12.0,16.0],"texture":"#1"}}},{"from":[2.0,7.0,0.0],"to":[14.0,16.0,5.0],"faces":{"north":{"uv":[0.0,0.0,12.0,9.0],"texture":"#1"},"east":{"uv":[0.0,0.0,5.0,9.0],"texture":"#1"},"south":{"uv":[0.0,0.0,12.0,9.0],"texture":"#1"},"west":{"texture":"#1"},"up":{"uv":[0.0,0.0,12.0,5.0],"texture":"#1"},"down":{"uv":[0.0,0.0,12.0,5.0],"texture":"#1"}}},{"from":[14.0,0.0,0.0],"to":[16.0,2.0,16.0],"faces":{"north":{"uv":[0.0,0.0,2.0,2.0],"texture":"#0"},"east":{"uv":[0.0,0.0,16.0,2.0],"texture":"#0"},"south":{"uv":[0.0,0.0,2.0,2.0],"texture":"#0"},"west":{"uv":[0.0,0.0,16.0,2.0],"texture":"#0"},"up":{"uv":[0.0,0.0,2.0,16.0],"texture":"#0"},"down":{"uv":[0.0,0.0,2.0,16.0],"texture":"#0"}}}],"textures":{"0":"block/oak_planks","1":"block/cyan_wool"}}