{"display":{"thirdperson_righthand":{"rotation":[57.0,-58.0,0.0],"translation":[1.0,1.5,-1.75],"scale":[0.3,0.3,0.3]},"firstperson_righthand":{"translation":[0.5,1.5,1.75],"scale":[0.5,0.5,0.5]},"ground":{"translation":[0.0,3.0,0.0],"scale":[0.2,0.2,0.2]},"gui":{"rotation":[20.0,45.0,0.0],"translation":[2.0,-1.25,0.0],"scale":[0.42,0.42,0.42]},"head":{"rotation":[0.0,90.0,0.0],"translation":[0.0,-15.0,20.0],"scale":[2.2,2.2,2.2]},"fixed":{"rotation":[0.0,90.0,-90.0],"translation":[0.0,-1.5,-1.75],"scale":[0.3,0.3,0.3]}},"elements":[{"from":[12.0,0.0,4.0],"to":[13.0,9.0,5.0],"rotation":{"origin":[18.0,8.0,8.0],"axis":"y","angle":0.0},"faces":{"north":{"uv":[0.0,0.0,1.0,16.0],"texture":"#2"},"east":{"uv":[0.0,0.0,1.0,16.0],"texture":"#2"},"south":{"uv":[0.0,0.0,1.0,16.0],"texture":"#2"},"west":{"uv":[0.0,0.0,1.0,16.0],"texture":"#2"},"up":{"uv":[0.0,0.0,1.0,16.0],"texture":"#2"},"down":{"uv":[0.0,0.0,1.0,16.0],"texture":"#2"}}},{"from":[12.0,0.0,11.0],"to":[13.0,9.0,12.0],"rotation":{"origin":[18.0,8.0,8.0],"axis":"y","angle":0.0},"faces":{"north":{"uv":[0.0,0.0,1.0,16.0],"texture":"#2"},"east":{"uv":[0.0,0.0,1.0,16.0],"texture":"#2"},"south":{"uv":[0.0,0.0,1.0,16.0],"texture":"#2"},"west":{"uv":[0.0,0.0,1.0,16.0],"texture":"#2"},"up":{"uv":[0.0,0.0,1.0,16.0],"texture":"#2"},"down":{"uv":[0.0,0.0,1.0,16.0],"texture":"#2"}}},{"from":[21.0,0.0,11.0],"to":[22.0,9.0,12.0],"rotation":{"origin":[18.0,8.0,8.0],"axis":"y","angle":0.0},"faces":{"north":{"uv":[0.0,0.0,1.0,16.0],"texture":"#2"},"east":{"uv":[0.0,0.0,1.0,16.0],"texture":"#2"},"south":{"uv":[0.0,0.0,1.0,16.0],"texture":"#2"},"west":{"uv":[0.0,0.0,1.0,16.0],"texture":"#2"},"up":{"uv":[0.0,0.0,1.0,16.0],"texture":"#2"},"down":{"uv":[0.0,0.0,1.0,16.0],"texture":"#2"}}},{"from":[21.0,0.0,4.0],"to":[22.0,9.0,5.0],"rotation":{"origin":[18.0,8.0,8.0],"axis":"y","angle":0.0},"faces":{"north":{"uv":[0.0,0.0,1.0,16.0],"texture":"#2"},"east":{"uv":[0.0,0.0,1.0,16.0],"texture":"#2"},"south":{"uv":[0.0,0.0,1.0,16.0],"texture":"#2"},"west":{"uv":[0.0,0.0,1.0,16.0],"texture":"#2"},"up":{"uv":[0.0,0.0,1.0,16.0],"texture":"#2"},"down":{"uv":[0.0,0.0,1.0,16.0],"texture":"#2"}}},{"from":[12.0,9.0,3.0],"to":[22.0,10.0,13.0],"rotation":{"origin":[18.0,8.0,8.0],"axis":"y","angle":0.0},"faces":{"north":{"uv":[1.0,0.0,4.0,16.0],"texture":"#1","rotation":90},"east":{"uv":[0.0,0.0,2.0,16.0],"texture":"#1","rotation":90},"south":{"uv":[1.0,0.0,4.0,16.0],"texture":"#1","rotation":90},"west":{"uv":[1.0,0.0,3.0,16.0],"texture":"#1","rotation":90},"up":{"uv":[0.0,1.0,16.0,15.0],"texture":"#1"},"down":{"uv":[0.0,0.0,16.0,16.0],"texture":"#1"}}},{"from":[20.9,16.8,3.1],"to":[21.9,21.2,12.9],"rotation":{"origin":[22.0,14.3,8.0],"axis":"z","angle":0.0},"faces":{"north":{"uv":[0.0,0.0,16.0,2.0],"texture":"#1","rotation":90},"east":{"uv":[0.0,0.0,16.0,16.0],"texture":"#1"},"south":{"uv":[0.0,0.0,16.0,2.0],"texture":"#1","rotation":90},"west":{"uv":[0.0,0.0,16.0,16.0],"texture":"#1"},"up":{"uv":[0.0,1.0,16.0,4.0],"texture":"#1","rotation":90},"down":{"uv":[0.0,1.0,16.0,4.0],"texture":"#1","rotation":90}}},{"from":[20.9,10.0,3.1],"to":[21.9,16.8,3.9],"rotation":{"origin":[22.0,14.3,8.0],"axis":"z","angle":0.0},"faces":{"north":{"uv":[1.0,0.0,3.0,16.0],"texture":"#1"},"east":{"uv":[1.0,0.0,3.0,16.0],"texture":"#1"},"south":{"uv":[1.0,0.0,3.0,16.0],"texture":"#1"},"west":{"uv":[1.0,0.0,3.0,16.0],"texture":"#1"},"up":{"uv":[1.0,0.0,3.0,16.0],"texture":"#1"},"down":{"uv":[1.0,0.0,3.0,16.0],"texture":"#1"}}},{"from":[20.9,10.0,12.1],"to":[21.9,16.8,12.9],"rotation":{"origin":[22.0,14.3,8.0],"axis":"z","angle":0.0},"faces":{"north":{"uv":[1.0,0.0,3.0,16.0],"texture":"#1"},"east":{"uv":[1.0,0.0,3.0,16.0],"texture":"#1"},"south":{"uv":[1.0,0.0,3.0,16.0],"texture":"#1"},"west":{"uv":[1.0,0.0,3.0,16.0],"texture":"#1"},"up":{"uv":[1.0,0.0,3.0,16.0],"texture":"#1"},"down":{"uv":[1.0,0.0,3.0,16.0],"texture":"#1"}}},{"from":[-13.06716,12.6,-5.62122],"to":[6.93284,16.0,26.37878],"rotation":{"origin":[1.53284,8.1,10.67878],"axis":"y","angle":22.5},"faces":{"north":{"uv":[0.0,0.0,3.0,16.0],"texture":"#1","rotation":90},"east":{"uv":[0.0,0.0,3.0,16.0],"texture":"#1","rotation":90},"south":{"uv":[0.0,0.0,3.0,16.0],"texture":"#1","rotation":90},"west":{"uv":[0.0,0.0,3.0,16.0],"texture":"#1","rotation":90},"up":{"uv":[0.0,0.0,16.0,16.0],"texture":"#1"},"down":{"uv":[0.0,0.0,16.0,16.0],"texture":"#1"}}},{"from":[4.93284,0.0,-4.62122],"to":[5.93284,13.0,-3.62122],"rotation":{"origin":[1.53284,8.1,10.67878],"axis":"y","angle":22.5},"faces":{"north":{"uv":[0.0,0.0,1.0,16.0],"texture":"#2"},"east":{"uv":[0.0,0.0,1.0,16.0],"texture":"#2"},"south":{"uv":[0.0,0.0,1.0,16.0],"texture":"#2"},"west":{"uv":[0.0,0.0,1.0,16.0],"texture":"#2"},"up":{"uv":[0.0,0.0,1.0,16.0],"texture":"#2"},"down":{"uv":[0.0,0.0,1.0,16.0],"texture":"#2"}}},{"from":[4.93284,0.0,24.37878],"to":[5.93284,13.0,25.37878],"rotation":{"origin":[1.53284,8.1,10.67878],"axis":"y","angle":22.5},"faces":{"north":{"uv":[0.0,0.0,1.0,16.0],"texture":"#2"},"east":{"uv":[0.0,0.0,1.0,16.0],"texture":"#2"},"south":{"uv":[0.0,0.0,1.0,16.0],"texture":"#2"},"west":{"uv":[0.0,0.0,1.0,16.0],"texture":"#2"},"up":{"uv":[0.0,0.0,1.0,16.0],"texture":"#2"},"down":{"uv":[0.0,0.0,1.0,16.0],"texture":"#2"}}},{"from":[-12.06716,0.0,24.37878],"to":[-11.06716,13.0,25.37878],"rotation":{"origin":[1.53284,8.1,10.67878],"axis":"y","angle":22.5},"faces":{"north":{"uv":[0.0,0.0,1.0,16.0],"texture":"#2"},"east":{"uv":[0.0,0.0,1.0,16.0],"texture":"#2"},"south":{"uv":[0.0,0.0,1.0,16.0],"texture":"#2"},"west":{"uv":[0.0,0.0,1.0,16.0],"texture":"#2"},"up":{"uv":[0.0,0.0,1.0,16.0],"texture":"#2"},"down":{"uv":[0.0,0.0,1.0,16.0],"texture":"#2"}}},{"from":[-12.06716,0.0,-4.62122],"to":[-11.06716,13.0,-3.62122],"rotation":{"origin":[1.53284,8.1,10.67878],"axis":"y","angle":22.5},"faces":{"north":{"uv":[0.0,0.0,1.0,16.0],"texture":"#2"},"east":{"uv":[0.0,0.0,1.0,16.0],"texture":"#2"},"south":{"uv":[0.0,0.0,1.0,16.0],"texture":"#2"},"west":{"uv":[0.0,0.0,1.0,16.0],"texture":"#2"},"up":{"uv":[0.0,0.0,1.0,16.0],"texture":"#2"},"down":{"uv":[0.0,0.0,1.0,16.0],"texture":"#2"}}},{"from":[-3.92327,16.29401,-2.02632],"to":[-1.92327,18.89401,3.17368],"rotation":{"origin":[-2.97707,17.6156,-0.3932],"axis":"y","angle":0.0},"faces":{"north":{"uv":[6.0,2.0,8.0,8.0],"texture":"#3","rotation":180},"east":{"uv":[6.0,2.0,8.0,8.0],"texture":"#3","rotation":270},"south":{"uv":[6.0,2.0,8.0,8.0],"texture":"#3"},"west":{"uv":[6.0,2.0,8.0,8.0],"texture":"#3","rotation":90},"up":{"uv":[6.0,2.0,8.0,8.0],"texture":"#3","rotation":180},"down":{"uv":[6.0,2.0,8.0,8.0],"texture":"#3"}}},{"from":[-4.42327,15.69401,2.97368],"to":[-1.42327,19.69401,6.47368],"rotation":{"origin":[-2.97707,17.6156,-0.3932],"axis":"y","angle":0.0},"faces":{"north":{"uv":[6.0,2.0,8.0,8.0],"texture":"#3","rotation":180},"east":{"uv":[2.0,2.0,4.0,4.0],"texture":"#3","rotation":270},"south":{"uv":[4.0,2.0,6.0,4.0],"texture":"#3"},"west":{"uv":[4.0,2.0,6.0,4.0],"texture":"#3","rotation":90},"up":{"uv":[4.0,2.0,6.0,4.0],"texture":"#3","rotation":180},"down":{"uv":[4.0,2.0,6.0,4.0],"texture":"#3"}}},{"from":[-1.92327,16.09401,-5.02632],"to":[-0.72327,19.09401,-2.02632],"rotation":{"origin":[-2.97707,17.6156,-0.3932],"axis":"y","angle":0.0},"faces":{"north":{"uv":[4.0,5.0,5.75,8.0],"texture":"#3","rotation":180},"east":{"uv":[4.0,5.0,5.75,8.0],"texture":"#3","rotation":270},"south":{"uv":[4.0,5.0,5.75,8.0],"texture":"#3"},"west":{"uv":[4.0,5.0,5.75,8.0],"texture":"#3","rotation":90},"up":{"uv":[4.0,5.0,5.75,8.0],"texture":"#3","rotation":180},"down":{"uv":[4.0,5.0,5.75,8.0],"texture":"#3"}}},{"from":[-5.22327,16.09401,-5.02632],"to":[-3.92327,19.09401,-2.02632],"rotation":{"origin":[-2.97707,17.6156,-0.3932],"axis":"y","angle":0.0},"faces":{"north":{"uv":[4.0,5.0,5.75,8.0],"texture":"#3","rotation":180},"east":{"uv":[4.0,5.0,5.75,8.0],"texture":"#3","rotation":270},"south":{"uv":[4.0,5.0,5.75,8.0],"texture":"#3"},"west":{"uv":[4.0,5.0,5.75,8.0],"texture":"#3","rotation":90},"up":{"uv":[4.0,5.0,5.75,8.0],"texture":"#3","rotation":180},"down":{"uv":[4.0,5.0,5.75,8.0],"texture":"#3"}}},{"from":[-6.0,16.0,10.2],"to":[1.0,16.2,15.2],"rotation":{"origin":[7.0,8.0,2.2],"axis":"y","angle":0.0},"faces":{"north":{"uv":[15.0,0.0,16.0,16.0],"texture":"#4","rotation":270},"east":{"uv":[15.0,0.0,16.0,16.0],"texture":"#4","rotation":270},"south":{"uv":[0.0,0.0,3.0,16.0],"texture":"#4","rotation":270},"west":{"uv":[15.0,0.0,16.0,16.0],"texture":"#4","rotation":270},"up":{"uv":[0.0,0.0,16.0,16.0],"texture":"#5","rotation":270},"down":{"uv":[0.0,0.0,3.0,16.0],"texture":"#5","rotation":270}}},{"from":[-6.0,17.7,4.4],"to":[1.0,17.9,9.4],"rotation":{"origin":[-2.50451,16.07377,7.7307],"axis":"x","angle":45.0},"faces":{"north":{"uv":[15.0,0.0,16.0,16.0],"texture":"#4","rotation":270},"east":{"uv":[15.0,0.0,16.0,16.0],"texture":"#4","rotation":270},"south":{"uv":[0.0,0.0,3.0,16.0],"texture":"#4","rotation":270},"west":{"uv":[15.0,0.0,16.0,16.0],"texture":"#4","rotation":270},"up":{"uv":[0.0,0.0,16.0,16.0],"texture":"#5","rotation":90},"down":{"uv":[3.0,0.0,16.0,16.0],"texture":"#4","rotation":270}}},{"from":[-4.7,16.1,24.7],"to":[-2.45,19.1,25.3],"faces":{"north":{"uv":[0.0,0.0,2.75,0.5],"texture":"#6"},"east":{"uv":[0.0,0.0,2.75,0.5],"texture":"#6"},"south":{"uv":[0.0,0.0,2.75,0.5],"texture":"#6"},"west":{"uv":[0.0,0.0,2.75,0.5],"texture":"#6"},"up":{"uv":[0.0,0.0,2.75,0.5],"texture":"#6"},"down":{"uv":[0.0,0.0,2.75,0.5],"texture":"#6"}}},{"from":[-5.19458,16.1,25.22485],"to":[-4.59458,19.1,26.97485],"rotation":{"origin":[-3.30987,16.55007,25.28471],"axis":"y","angle":0.0},"faces":{"north":{"uv":[0.0,0.0,2.75,0.5],"texture":"#6"},"east":{"uv":[0.0,0.0,2.75,0.5],"texture":"#6"},"south":{"uv":[0.0,0.0,2.75,0.5],"texture":"#6"},"west":{"uv":[0.0,0.0,2.75,0.5],"texture":"#6"},"up":{"uv":[0.0,0.0,2.75,0.5],"texture":"#6","rotation":270},"down":{"uv":[0.0,0.0,2.75,0.5],"texture":"#6","rotation":90}}},{"from":[-2.59458,16.1,25.22485],"to":[-1.99458,19.1,26.97485],"rotation":{"origin":[-3.30987,16.55007,25.28471],"axis":"y","angle":0.0},"faces":{"north":{"uv":[0.0,0.0,2.75,0.5],"texture":"#6"},"east":{"uv":[0.0,0.0,2.75,0.5],"texture":"#6"},"south":{"uv":[0.0,0.0,2.75,0.5],"texture":"#6"},"west":{"uv":[0.0,0.0,2.75,0.5],"texture":"#6"},"up":{"uv":[0.0,0.0,2.75,0.5],"texture":"#6","rotation":270},"down":{"uv":[0.0,0.0,2.75,0.5],"texture":"#6","rotation":90}}},{"from":[-4.7,16.1,26.9],"to":[-2.45,19.1,27.5],"faces":{"north":{"uv":[0.0,0.0,2.75,0.5],"texture":"#6"},"east":{"uv":[0.0,0.0,2.75,0.5],"texture":"#6"},"south":{"uv":[0.0,0.0,2.75,0.5],"texture":"#6"},"west":{"uv":[0.0,0.0,2.75,0.5],"texture":"#6"},"up":{"uv":[0.0,0.0,2.75,0.5],"texture":"#6"},"down":{"uv":[0.0,0.0,2.75,0.5],"texture":"#6"}}},{"from":[-4.7,16.1,25.2],"to":[-2.45,16.4,27.0],"faces":{"north":{"uv":[0.0,0.0,2.75,0.5],"texture":"#6"},"east":{"uv":[0.0,0.0,2.75,0.5],"texture":"#6"},"south":{"uv":[0.0,0.0,2.75,0.5],"texture":"#6"},"west":{"uv":[0.0,0.0,2.75,0.5],"texture":"#6"},"up":{"uv":[0.0,0.0,2.75,0.5],"texture":"#6"},"down":{"uv":[0.0,0.0,2.75,0.5],"texture":"#6"}}},{"from":[-2.89458,20.3,25.92485],"to":[-2.69458,20.5,26.17485],"rotation":{"origin":[-2.78329,19.54959,26.08888],"axis":"z","angle":-22.5},"faces":{"north":{"uv":[0.0,0.0,2.75,0.5],"texture":"#7"},"east":{"uv":[0.0,0.0,2.75,0.5],"texture":"#7"},"south":{"uv":[0.0,0.0,2.75,0.5],"texture":"#7"},"west":{"uv":[0.0,0.0,2.75,0.5],"texture":"#7"},"up":{"uv":[0.0,0.0,2.75,0.5],"texture":"#7"},"down":{"uv":[0.0,0.0,2.75,0.5],"texture":"#7"}}},{"from":[-2.89458,17.3,25.92485],"to":[-2.69458,20.3,26.17485],"rotation":{"origin":[-2.78329,19.54959,26.08888],"axis":"z","angle":-22.5},"faces":{"north":{"uv":[0.0,0.0,2.75,0.5],"texture":"#8"},"east":{"uv":[0.0,0.0,2.75,0.5],"texture":"#8"},"south":{"uv":[0.0,0.0,2.75,0.5],"texture":"#8"},"west":{"uv":[0.0,0.0,2.75,0.5],"texture":"#8"},"up":{"uv":[0.0,0.0,2.75,0.5],"texture":"#8"},"down":{"uv":[0.0,0.0,2.75,0.5],"texture":"#8"}}},{"from":[-3.59458,21.1,26.92485],"to":[-3.39458,21.3,27.17485],"rotation":{"origin":[-3.48469,20.34836,26.0915],"axis":"x","angle":22.5},"faces":{"north":{"uv":[0.0,0.0,2.75,0.5],"texture":"#7"},"east":{"uv":[0.0,0.0,2.75,0.5],"texture":"#7"},"south":{"uv":[0.0,0.0,2.75,0.5],"texture":"#7"},"west":{"uv":[0.0,0.0,2.75,0.5],"texture":"#7"},"up":{"uv":[0.0,0.0,2.75,0.5],"texture":"#7"},"down":{"uv":[0.0,0.0,2.75,0.5],"texture":"#7"}}},{"from":[-3.59458,18.1,26.92485],"to":[-3.39458,21.1,27.17485],"rotation":{"origin":[-3.48469,20.34836,26.0915],"axis":"x","angle":22.5},"faces":{"north":{"uv":[0.0,0.0,2.75,0.5],"texture":"#8"},"east":{"uv":[0.0,0.0,2.75,0.5],"texture":"#8"},"south":{"uv":[0.0,0.0,2.75,0.5],"texture":"#8"},"west":{"uv":[0.0,0.0,2.75,0.5],"texture":"#8"},"up":{"uv":[0.0,0.0,2.75,0.5],"texture":"#8"},"down":{"uv":[0.0,0.0,2.75,0.5],"texture":"#8"}}}],"textures":{"particle":"c5326ba6-524f-4dc8-b3af-cdeaf37f9e0f:6d2e84c9-b165-413b-8740-7b8de9ac9063","1":"block/cartography_table_side3","2":"block/black_concrete","3":"c5326ba6-524f-4dc8-b3af-cdeaf37f9e0f:6d2e84c9-b165-413b-8740-7b8de9ac9063","4":"c5326ba6-524f-4dc8-b3af-cdeaf37f9e0f:afe8efc6-69f2-490a-8ad4-ae2d24466436","5":"c5326ba6-524f-4dc8-b3af-cdeaf37f9e0f:1bf1e2ad-88f7-4f8f-9745-77cc8f5f61d4","6":"block/black_concrete","7":"block/red_concrete","8":"block/birch_planks"}}