{"model":{"type":"range_dispatch","property":"custom_model_data","entries":[{"threshold":1829130.0,"model":{"type":"model","model":"fec86c61-be98-4f9d-9891-7ddcc39178d5:b422bd86-9100-434b-ab4d-237f70c5cb4a","tints":[]}},{"threshold":1829131.0,"model":{"type":"model","model":"fec86c61-be98-4f9d-9891-7ddcc39178d5:d89d2cb3-0ad7-4bcf-932f-ffcbcb9e23e2","tints":[]}},{"threshold":3511001.0,"model":{"type":"model","model":"fec86c61-be98-4f9d-9891-7ddcc39178d5:8cb77e50-fd96-4194-a42d-5ff81962e036","tints":[]}},{"threshold":3511002.0,"model":{"type":"model","model":"fec86c61-be98-4f9d-9891-7ddcc39178d5:673ebbb4-118c-4860-9949-66e0d34e1ceb","tints":[]}},{"threshold":3511003.0,"model":{"type":"model","model":"fec86c61-be98-4f9d-9891-7ddcc39178d5:dc9d37a1-d832-4181-8b47-98ebec0dc6be","tints":[]}},{"threshold":3511004.0,"model":{"type":"model","model":"fec86c61-be98-4f9d-9891-7ddcc39178d5:5a28738d-d480-41f4-baa0-28b45fdf2802","tints":[]}},{"threshold":3511005.0,"model":{"type":"model","model":"fec86c61-be98-4f9d-9891-7ddcc39178d5:439d541c-c7f7-41b7-b752-1b2f081ea391","tints":[]}},{"threshold":3511006.0,"model":{"type":"model","model":"fec86c61-be98-4f9d-9891-7ddcc39178d5:d1dddaab-23ea-49be-bb3a-1e5d6b064f7e","tints":[]}},{"threshold":3511007.0,"model":{"type":"model","model":"fec86c61-be98-4f9d-9891-7ddcc39178d5:1741c2bf-bb5f-4784-a8e6-938a0018f2bd","tints":[]}},{"threshold":3511008.0,"model":{"type":"model","model":"fec86c61-be98-4f9d-9891-7ddcc39178d5:8732ae09-96d0-4981-8623-f5304cb07936","tints":[]}},{"threshold":8778210.0,"model":{"type":"model","model":"fec86c61-be98-4f9d-9891-7ddcc39178d5:83e46fa5-6d7d-4179-b0f5-c665ba570ff0","tints":[]}},{"threshold":8778211.0,"model":{"type":"model","model":"fec86c61-be98-4f9d-9891-7ddcc39178d5:83e46fa5-6d7d-4179-b0f5-c665ba570ff0","tints":[]}},{"threshold":8778212.0,"model":{"type":"model","model":"fec86c61-be98-4f9d-9891-7ddcc39178d5:440eb4b1-0d24-4752-994f-3e2d9f41e2ac","tints":[]}},{"threshold":8778213.0,"model":{"type":"model","model":"fec86c61-be98-4f9d-9891-7ddcc39178d5:440eb4b1-0d24-4752-994f-3e2d9f41e2ac","tints":[]}},{"threshold":8778214.0,"model":{"type":"model","model":"fec86c61-be98-4f9d-9891-7ddcc39178d5:86f1eea4-0d12-4802-a5e6-64f20125e424","tints":[]}},{"threshold":8778215.0,"model":{"type":"model","model":"fec86c61-be98-4f9d-9891-7ddcc39178d5:86f1eea4-0d12-4802-a5e6-64f20125e424","tints":[]}},{"threshold":8778216.0,"model":{"type":"model","model":"fec86c61-be98-4f9d-9891-7ddcc39178d5:7c0b4291-65ff-4c65-bdf0-3e4ea9e887e7","tints":[]}},{"threshold":8778217.0,"model":{"type":"model","model":"fec86c61-be98-4f9d-9891-7ddcc39178d5:7c0b4291-65ff-4c65-bdf0-3e4ea9e887e7","tints":[]}},{"threshold":8778218.0,"model":{"type":"model","model":"fec86c61-be98-4f9d-9891-7ddcc39178d5:be285431-56c0-4426-a3a6-41a679727a71","tints":[]}},{"threshold":8778219.0,"model":{"type":"model","model":"fec86c61-be98-4f9d-9891-7ddcc39178d5:be285431-56c0-4426-a3a6-41a679727a71","tints":[]}},{"threshold":8778220.0,"model":{"type":"model","model":"fec86c61-be98-4f9d-9891-7ddcc39178d5:271a88b2-4772-4c9d-860c-e943bf14a124","tints":[]}},{"threshold":8778221.0,"model":{"type":"model","model":"fec86c61-be98-4f9d-9891-7ddcc39178d5:271a88b2-4772-4c9d-860c-e943bf14a124","tints":[]}},{"threshold":8778222.0,"model":{"type":"model","model":"fec86c61-be98-4f9d-9891-7ddcc39178d5:eb5ada4f-35a6-4d61-8757-8efa4e94ca2d","tints":[]}},{"threshold":8778223.0,"model":{"type":"model","model":"fec86c61-be98-4f9d-9891-7ddcc39178d5:eb5ada4f-35a6-4d61-8757-8efa4e94ca2d","tints":[]}},{"threshold":8778224.0,"model":{"type":"model","model":"fec86c61-be98-4f9d-9891-7ddcc39178d5:6b131274-e660-4fcc-a797-3d96ddecc16e","tints":[]}},{"threshold":8778225.0,"model":{"type":"model","model":"fec86c61-be98-4f9d-9891-7ddcc39178d5:6b131274-e660-4fcc-a797-3d96ddecc16e","tints":[]}},{"threshold":8778226.0,"model":{"type":"model","model":"fec86c61-be98-4f9d-9891-7ddcc39178d5:302d9776-d9ef-4730-8808-c69a2a8a855b","tints":[]}},{"threshold":8778227.0,"model":{"type":"model","model":"fec86c61-be98-4f9d-9891-7ddcc39178d5:302d9776-d9ef-4730-8808-c69a2a8a855b","tints":[]}},{"threshold":8778228.0,"model":{"type":"model","model":"fec86c61-be98-4f9d-9891-7ddcc39178d5:6c444b41-2089-41b2-9537-f95ba0b3613a","tints":[]}},{"threshold":8778229.0,"model":{"type":"model","model":"fec86c61-be98-4f9d-9891-7ddcc39178d5:cd7033c6-61df-47d9-aae9-4315a07481fb","tints":[]}},{"threshold":8778230.0,"model":{"type":"model","model":"fec86c61-be98-4f9d-9891-7ddcc39178d5:d2640a1d-cf3d-4917-8a09-252c5e8055dd","tints":[]}},{"threshold":8778231.0,"model":{"type":"model","model":"fec86c61-be98-4f9d-9891-7ddcc39178d5:318475f7-b356-41af-aa28-7de73d164e36","tints":[]}},{"threshold":8778232.0,"model":{"type":"model","model":"fec86c61-be98-4f9d-9891-7ddcc39178d5:f44987d1-78c8-4639-a202-92d21b24556e","tints":[]}}],"fallback":{"type":"model","model":"item/arrow","tints":[]}}}