{"model":{"type":"range_dispatch","property":"custom_model_data","entries":[{"threshold":1829130.0,"model":{"type":"model","model":"fec86c61-be98-4f9d-9891-7ddcc39178d5:f9ac7e2f-8087-420e-96aa-68074246c4f7","tints":[]}},{"threshold":1829131.0,"model":{"type":"model","model":"fec86c61-be98-4f9d-9891-7ddcc39178d5:60bf872c-506c-469f-90c9-227f84c8f2cb","tints":[]}},{"threshold":1829132.0,"model":{"type":"model","model":"fec86c61-be98-4f9d-9891-7ddcc39178d5:65fef3b0-791b-4544-93b9-ab914c81f5d7","tints":[]}}],"fallback":{"type":"model","model":"item/barrier","tints":[]}}}