{"model":{"type":"range_dispatch","property":"custom_model_data","entries":[{"threshold":7798784.0,"model":{"type":"model","model":"vane_enchantments:item/ancient_tome","tints":[]}},{"threshold":7798786.0,"model":{"type":"model","model":"vane_enchantments:item/ancient_tome_of_knowledge","tints":[]}},{"threshold":7798788.0,"model":{"type":"model","model":"vane_enchantments:item/ancient_tome_of_the_gods","tints":[]}},{"threshold":1829130.0,"model":{"type":"model","model":"fec86c61-be98-4f9d-9891-7ddcc39178d5:68a0a76c-2e05-4639-8ebf-3398756bf67a","tints":[]}}],"fallback":{"type":"model","model":"item/book","tints":[]}}}