{"model":{"type":"range_dispatch","property":"custom_model_data","entries":[{"threshold":1.0,"model":{"type":"condition","property":"using_item","on_true":{"type":"range_dispatch","property":"use_duration","scale":0.05,"entries":[],"fallback":{"type":"model","model":"fec86c61-be98-4f9d-9891-7ddcc39178d5:bb7cb819-db96-4e35-968d-bd9ff3125cb0","tints":[]}},"on_false":{"type":"model","model":"fec86c61-be98-4f9d-9891-7ddcc39178d5:bb7cb819-db96-4e35-968d-bd9ff3125cb0","tints":[]}}}],"fallback":{"type":"condition","property":"using_item","on_true":{"type":"range_dispatch","property":"use_duration","scale":0.05,"entries":[{"threshold":0.65,"model":{"type":"model","model":"item/bow_pulling_1","tints":[]}},{"threshold":0.9,"model":{"type":"model","model":"item/bow_pulling_2","tints":[]}}],"fallback":{"type":"model","model":"item/bow_pulling_0","tints":[]}},"on_false":{"type":"model","model":"item/bow","tints":[]}}}}