{"model":{"type":"range_dispatch","property":"custom_model_data","entries":[{"threshold":1981820.0,"model":{"type":"model","model":"fec86c61-be98-4f9d-9891-7ddcc39178d5:ea15fa33-d330-4d06-8810-59ed64077eac","tints":[]}},{"threshold":1981821.0,"model":{"type":"model","model":"fec86c61-be98-4f9d-9891-7ddcc39178d5:7b828093-88c9-4bf9-8a86-8dd00fa32442","tints":[]}},{"threshold":1981822.0,"model":{"type":"model","model":"fec86c61-be98-4f9d-9891-7ddcc39178d5:73c4a386-5f2d-4f31-945f-e509bce4f642","tints":[]}},{"threshold":1981825.0,"model":{"type":"model","model":"fec86c61-be98-4f9d-9891-7ddcc39178d5:3bcfddd1-a170-4c97-a0ad-17cdcfd93b0d","tints":[]}},{"threshold":1981826.0,"model":{"type":"model","model":"fec86c61-be98-4f9d-9891-7ddcc39178d5:825aeb44-3af8-48bf-87bc-78ac8756cbac","tints":[]}},{"threshold":1981827.0,"model":{"type":"model","model":"fec86c61-be98-4f9d-9891-7ddcc39178d5:0feb6f40-af48-4481-a957-a57c32bcbdee","tints":[]}},{"threshold":1981840.0,"model":{"type":"model","model":"fec86c61-be98-4f9d-9891-7ddcc39178d5:b7ff987d-ed13-4f48-b14b-ff25ba94ede3","tints":[]}}],"fallback":{"type":"model","model":"item/diamond_sword","tints":[]}}}