{"model":{"type":"range_dispatch","property":"custom_model_data","entries":[{"threshold":7798785.0,"model":{"type":"model","model":"vane_enchantments:item/enchanted_ancient_tome","tints":[]}},{"threshold":7798787.0,"model":{"type":"model","model":"vane_enchantments:item/enchanted_ancient_tome_of_knowledge","tints":[]}},{"threshold":7798789.0,"model":{"type":"model","model":"vane_enchantments:item/enchanted_ancient_tome_of_the_gods","tints":[]}},{"threshold":1182920.0,"model":{"type":"model","model":"fec86c61-be98-4f9d-9891-7ddcc39178d5:7cb4c32e-f2db-43a0-9745-4ec09619e198","tints":[]}},{"threshold":7780900.0,"model":{"type":"model","model":"fec86c61-be98-4f9d-9891-7ddcc39178d5:d4c0c8cb-0e49-4d95-8904-fb8bd8aea8e7","tints":[]}},{"threshold":7780901.0,"model":{"type":"model","model":"fec86c61-be98-4f9d-9891-7ddcc39178d5:e0f326c3-670e-4d5f-84b5-d1ecff2c4dbf","tints":[]}},{"threshold":7780902.0,"model":{"type":"model","model":"fec86c61-be98-4f9d-9891-7ddcc39178d5:79bc5b4c-9493-4f92-afab-8a5bdd8e13e4","tints":[]}},{"threshold":7780903.0,"model":{"type":"model","model":"fec86c61-be98-4f9d-9891-7ddcc39178d5:cf7e0be0-ad89-4179-b8e7-bd4891947d34","tints":[]}},{"threshold":7780910.0,"model":{"type":"model","model":"fec86c61-be98-4f9d-9891-7ddcc39178d5:9fef97c8-aa4f-41a3-aeca-393af0b17ac0","tints":[]}},{"threshold":7781100.0,"model":{"type":"model","model":"fec86c61-be98-4f9d-9891-7ddcc39178d5:29ed17f4-ca25-4d89-a5c3-b6223fb29165","tints":[]}},{"threshold":7781101.0,"model":{"type":"model","model":"fec86c61-be98-4f9d-9891-7ddcc39178d5:993ffd4d-1eb7-4fcc-9207-39f43e0557fb","tints":[]}},{"threshold":7781102.0,"model":{"type":"model","model":"fec86c61-be98-4f9d-9891-7ddcc39178d5:33f04e6f-552a-4a29-b8fe-0ee54cf686d5","tints":[]}},{"threshold":7781103.0,"model":{"type":"model","model":"fec86c61-be98-4f9d-9891-7ddcc39178d5:b584c33a-23c1-4371-8d45-1bedef832f48","tints":[]}},{"threshold":7781104.0,"model":{"type":"model","model":"fec86c61-be98-4f9d-9891-7ddcc39178d5:40963729-e0df-4b86-a6f6-e0987bd703ef","tints":[]}},{"threshold":7781105.0,"model":{"type":"model","model":"fec86c61-be98-4f9d-9891-7ddcc39178d5:b01f8ad0-6655-4f82-939f-91d0e7780b08","tints":[]}},{"threshold":7781106.0,"model":{"type":"model","model":"fec86c61-be98-4f9d-9891-7ddcc39178d5:c87a6777-338f-41e5-976b-d1d574736d18","tints":[]}},{"threshold":7781107.0,"model":{"type":"model","model":"fec86c61-be98-4f9d-9891-7ddcc39178d5:9a7ed6a3-7c5a-4de4-b2fa-c419f4c82576","tints":[]}},{"threshold":7781108.0,"model":{"type":"model","model":"fec86c61-be98-4f9d-9891-7ddcc39178d5:2f16d63a-d412-45d9-88f9-35876f69c68e","tints":[]}},{"threshold":7781200.0,"model":{"type":"model","model":"fec86c61-be98-4f9d-9891-7ddcc39178d5:0a6cae24-5c49-4f55-866e-4777f103be2e","tints":[]}},{"threshold":7781201.0,"model":{"type":"model","model":"fec86c61-be98-4f9d-9891-7ddcc39178d5:1abebf31-0085-481d-b78b-5412a8180fd8","tints":[]}},{"threshold":7781202.0,"model":{"type":"model","model":"fec86c61-be98-4f9d-9891-7ddcc39178d5:13d6f696-16a3-4744-9b09-7f0a2aa8f1d8","tints":[]}},{"threshold":7781203.0,"model":{"type":"model","model":"fec86c61-be98-4f9d-9891-7ddcc39178d5:d0916a26-ca77-4ff0-b885-732e4382c5e4","tints":[]}},{"threshold":7781204.0,"model":{"type":"model","model":"fec86c61-be98-4f9d-9891-7ddcc39178d5:0f0a3aab-6a6e-4058-96b3-0feed1394931","tints":[]}},{"threshold":7781205.0,"model":{"type":"model","model":"fec86c61-be98-4f9d-9891-7ddcc39178d5:9927c3d1-1fde-4fa9-bd3e-018d4d45fa86","tints":[]}},{"threshold":7781206.0,"model":{"type":"model","model":"fec86c61-be98-4f9d-9891-7ddcc39178d5:b0b58635-c694-41d0-98ba-fba67c6fc245","tints":[]}},{"threshold":7781207.0,"model":{"type":"model","model":"fec86c61-be98-4f9d-9891-7ddcc39178d5:28474307-798e-441d-955e-c47923472084","tints":[]}},{"threshold":7781208.0,"model":{"type":"model","model":"fec86c61-be98-4f9d-9891-7ddcc39178d5:85f213b4-9078-481f-bd0b-54c8f4d8e230","tints":[]}},{"threshold":7781300.0,"model":{"type":"model","model":"fec86c61-be98-4f9d-9891-7ddcc39178d5:f0a10c18-b94f-4e45-aa1e-00e85a1b13a9","tints":[]}},{"threshold":7781301.0,"model":{"type":"model","model":"fec86c61-be98-4f9d-9891-7ddcc39178d5:51cbe910-2226-4eaa-a9f7-54ef1eb6902e","tints":[]}},{"threshold":7781302.0,"model":{"type":"model","model":"fec86c61-be98-4f9d-9891-7ddcc39178d5:618b6588-a730-4b15-a611-ef654e4e0bc1","tints":[]}},{"threshold":7781303.0,"model":{"type":"model","model":"fec86c61-be98-4f9d-9891-7ddcc39178d5:5b5ade9b-4d15-4912-b00e-a981585c4146","tints":[]}},{"threshold":7781304.0,"model":{"type":"model","model":"fec86c61-be98-4f9d-9891-7ddcc39178d5:d8b4d3bf-e6bd-400e-a3bc-fd546323f790","tints":[]}},{"threshold":7781305.0,"model":{"type":"model","model":"fec86c61-be98-4f9d-9891-7ddcc39178d5:3dff994e-8d1e-4ad5-9976-6a84dc264450","tints":[]}},{"threshold":7781306.0,"model":{"type":"model","model":"fec86c61-be98-4f9d-9891-7ddcc39178d5:f49ebb29-ae7b-4e0d-bd0f-3e96099cd0b6","tints":[]}},{"threshold":7781307.0,"model":{"type":"model","model":"fec86c61-be98-4f9d-9891-7ddcc39178d5:5a5122c0-6482-4522-b1c0-f0c386688bba","tints":[]}},{"threshold":7781308.0,"model":{"type":"model","model":"fec86c61-be98-4f9d-9891-7ddcc39178d5:dd66981b-76c9-437b-92ec-c6e12ca68f72","tints":[]}},{"threshold":7781320.0,"model":{"type":"model","model":"fec86c61-be98-4f9d-9891-7ddcc39178d5:b2c0ad68-c5c2-4683-b29e-8544cb73bf97","tints":[]}},{"threshold":7781330.0,"model":{"type":"model","model":"fec86c61-be98-4f9d-9891-7ddcc39178d5:5b5c998a-3642-4e6e-b84f-51c9116c4d79","tints":[]}},{"threshold":7781400.0,"model":{"type":"model","model":"fec86c61-be98-4f9d-9891-7ddcc39178d5:fea65140-7ac7-43f5-a0e8-ec5d9f766ae5","tints":[]}},{"threshold":7781401.0,"model":{"type":"model","model":"fec86c61-be98-4f9d-9891-7ddcc39178d5:3c7a9d84-188a-468a-9d27-407f49e8b0f4","tints":[]}},{"threshold":7781402.0,"model":{"type":"model","model":"fec86c61-be98-4f9d-9891-7ddcc39178d5:5a191983-fa6c-4a57-8383-fdf6905ea450","tints":[]}},{"threshold":7781403.0,"model":{"type":"model","model":"fec86c61-be98-4f9d-9891-7ddcc39178d5:27eac71a-c61b-4688-8048-c227ec815475","tints":[]}},{"threshold":7781404.0,"model":{"type":"model","model":"fec86c61-be98-4f9d-9891-7ddcc39178d5:f907e0c8-533c-4cfe-8c54-7175f30df843","tints":[]}},{"threshold":7781405.0,"model":{"type":"model","model":"fec86c61-be98-4f9d-9891-7ddcc39178d5:8853707c-52da-40f4-b953-66f5ef179f03","tints":[]}},{"threshold":7781406.0,"model":{"type":"model","model":"fec86c61-be98-4f9d-9891-7ddcc39178d5:ac3323e5-ff3d-4b7b-aa98-dc830fc5eeb0","tints":[]}},{"threshold":7781407.0,"model":{"type":"model","model":"fec86c61-be98-4f9d-9891-7ddcc39178d5:385e371b-eaff-4ba7-b79d-d1ba085074ac","tints":[]}},{"threshold":7781408.0,"model":{"type":"model","model":"fec86c61-be98-4f9d-9891-7ddcc39178d5:f640cc72-0ff4-40bc-959d-69e1913ae68c","tints":[]}},{"threshold":7781500.0,"model":{"type":"model","model":"fec86c61-be98-4f9d-9891-7ddcc39178d5:432bb392-b26b-4079-91b1-2e923399e6b3","tints":[]}},{"threshold":7781501.0,"model":{"type":"model","model":"fec86c61-be98-4f9d-9891-7ddcc39178d5:477b9954-2b40-4b2e-af03-2fafbec48412","tints":[]}},{"threshold":7781502.0,"model":{"type":"model","model":"fec86c61-be98-4f9d-9891-7ddcc39178d5:3fb34ca3-2399-4372-a145-619a0b02a4fe","tints":[]}},{"threshold":7781503.0,"model":{"type":"model","model":"fec86c61-be98-4f9d-9891-7ddcc39178d5:c818e475-d03b-467e-a498-fc660401f21e","tints":[]}},{"threshold":7781504.0,"model":{"type":"model","model":"fec86c61-be98-4f9d-9891-7ddcc39178d5:f5452858-f126-4d0f-a44e-419449e80809","tints":[]}},{"threshold":7781505.0,"model":{"type":"model","model":"fec86c61-be98-4f9d-9891-7ddcc39178d5:5b054f4f-769b-4172-966d-caa06e9d008d","tints":[]}},{"threshold":7781506.0,"model":{"type":"model","model":"fec86c61-be98-4f9d-9891-7ddcc39178d5:5bd747c6-724c-4730-9dc3-71fdd1f860fe","tints":[]}},{"threshold":7781507.0,"model":{"type":"model","model":"fec86c61-be98-4f9d-9891-7ddcc39178d5:2e0dd28a-784a-4be5-9796-9deb15e5a770","tints":[]}},{"threshold":7781508.0,"model":{"type":"model","model":"fec86c61-be98-4f9d-9891-7ddcc39178d5:ce94e77f-6a30-48d3-8bc6-1ec227afceb8","tints":[]}},{"threshold":7781509.0,"model":{"type":"model","model":"fec86c61-be98-4f9d-9891-7ddcc39178d5:3deaf019-4aa6-4e7e-ad10-47065fb7f355","tints":[]}},{"threshold":7781510.0,"model":{"type":"model","model":"fec86c61-be98-4f9d-9891-7ddcc39178d5:0bf849f7-c5b5-4f3e-a109-331e54e6cc63","tints":[]}},{"threshold":7781511.0,"model":{"type":"model","model":"fec86c61-be98-4f9d-9891-7ddcc39178d5:2e39bf9d-9c18-4c11-a4d1-f6ef0fa13d53","tints":[]}},{"threshold":7781520.0,"model":{"type":"model","model":"fec86c61-be98-4f9d-9891-7ddcc39178d5:611bbea9-a4c3-48fe-8e61-0a4347258656","tints":[]}},{"threshold":7781521.0,"model":{"type":"model","model":"fec86c61-be98-4f9d-9891-7ddcc39178d5:1ad5e0d8-5cff-45af-9511-7e6f6698cc14","tints":[]}},{"threshold":7781522.0,"model":{"type":"model","model":"fec86c61-be98-4f9d-9891-7ddcc39178d5:ee44a904-5486-45bc-8c3e-036816b11345","tints":[]}},{"threshold":7781523.0,"model":{"type":"model","model":"fec86c61-be98-4f9d-9891-7ddcc39178d5:5af57a0e-a305-4040-96cd-401ec6d314ac","tints":[]}},{"threshold":7781524.0,"model":{"type":"model","model":"fec86c61-be98-4f9d-9891-7ddcc39178d5:73f94a36-ebf1-4645-a435-0c90b3f90d11","tints":[]}},{"threshold":7781525.0,"model":{"type":"model","model":"fec86c61-be98-4f9d-9891-7ddcc39178d5:0faadbc3-63c1-46be-bb56-f0eb51913928","tints":[]}},{"threshold":7781526.0,"model":{"type":"model","model":"fec86c61-be98-4f9d-9891-7ddcc39178d5:0e5b8e8e-317c-45eb-9371-87fe91686927","tints":[]}},{"threshold":7781527.0,"model":{"type":"model","model":"fec86c61-be98-4f9d-9891-7ddcc39178d5:66018516-562d-418a-bae6-cbeb8c5cfb18","tints":[]}},{"threshold":7781528.0,"model":{"type":"model","model":"fec86c61-be98-4f9d-9891-7ddcc39178d5:61014a6a-42f2-41c3-8dab-1860d29b45e2","tints":[]}},{"threshold":7781529.0,"model":{"type":"model","model":"fec86c61-be98-4f9d-9891-7ddcc39178d5:e7f426a6-4f50-4157-b726-8e3c58432318","tints":[]}},{"threshold":7781530.0,"model":{"type":"model","model":"fec86c61-be98-4f9d-9891-7ddcc39178d5:06397b2c-7964-4947-ad54-cf3bf03b9476","tints":[]}},{"threshold":7781531.0,"model":{"type":"model","model":"fec86c61-be98-4f9d-9891-7ddcc39178d5:98c52d14-909d-4ed4-87db-8c26fee992e7","tints":[]}},{"threshold":7781540.0,"model":{"type":"model","model":"fec86c61-be98-4f9d-9891-7ddcc39178d5:1331a12f-328d-4fca-af2f-8a94e8950b93","tints":[]}},{"threshold":7781541.0,"model":{"type":"model","model":"fec86c61-be98-4f9d-9891-7ddcc39178d5:ba60d7c7-e5ed-40ff-a8f1-4d30f3bfaa4b","tints":[]}},{"threshold":7781542.0,"model":{"type":"model","model":"fec86c61-be98-4f9d-9891-7ddcc39178d5:e81fea27-7f18-4092-8db0-8bcc3a4b52ae","tints":[]}},{"threshold":7781543.0,"model":{"type":"model","model":"fec86c61-be98-4f9d-9891-7ddcc39178d5:16f57894-0377-49bc-957e-5e6ba76c74a4","tints":[]}},{"threshold":7781544.0,"model":{"type":"model","model":"fec86c61-be98-4f9d-9891-7ddcc39178d5:50518368-3937-4607-8103-ccb85e0445ce","tints":[]}},{"threshold":7781545.0,"model":{"type":"model","model":"fec86c61-be98-4f9d-9891-7ddcc39178d5:83036a72-6cd0-465a-bf94-64cec91bb1c6","tints":[]}},{"threshold":7781546.0,"model":{"type":"model","model":"fec86c61-be98-4f9d-9891-7ddcc39178d5:a911116e-c2a0-4b74-930c-e2faaf8b9d8c","tints":[]}},{"threshold":7781547.0,"model":{"type":"model","model":"fec86c61-be98-4f9d-9891-7ddcc39178d5:5b5fbad2-1dca-4518-821b-baa6ffbfec41","tints":[]}},{"threshold":7781548.0,"model":{"type":"model","model":"fec86c61-be98-4f9d-9891-7ddcc39178d5:5328bc83-f18e-44ca-8a86-90c919c99892","tints":[]}},{"threshold":7781549.0,"model":{"type":"model","model":"fec86c61-be98-4f9d-9891-7ddcc39178d5:fdf89dbf-0f64-48f9-8882-f72dc0cf9a80","tints":[]}},{"threshold":7781550.0,"model":{"type":"model","model":"fec86c61-be98-4f9d-9891-7ddcc39178d5:1fbf71fc-467d-4b2a-b7b9-d30db94f3245","tints":[]}},{"threshold":7781551.0,"model":{"type":"model","model":"fec86c61-be98-4f9d-9891-7ddcc39178d5:4f47407d-6c2b-464c-9958-4df870d77aad","tints":[]}}],"fallback":{"type":"model","model":"item/enchanted_book","tints":[]}}}