{"model":{"type":"range_dispatch","property":"custom_model_data","entries":[{"threshold":1981820.0,"model":{"type":"model","model":"fec86c61-be98-4f9d-9891-7ddcc39178d5:b8567c81-683e-49d1-a4b8-a7e73fcb1f9b","tints":[]}},{"threshold":1981821.0,"model":{"type":"model","model":"fec86c61-be98-4f9d-9891-7ddcc39178d5:0d8e24f4-e806-4a5c-9c17-2b38becdcd6d","tints":[]}},{"threshold":1981822.0,"model":{"type":"model","model":"fec86c61-be98-4f9d-9891-7ddcc39178d5:7729671f-c1f5-4ea6-8809-7eadfc9e5fc0","tints":[]}},{"threshold":1981825.0,"model":{"type":"model","model":"fec86c61-be98-4f9d-9891-7ddcc39178d5:c1eab640-40b7-47d9-946f-ce2cf15933b2","tints":[]}},{"threshold":1981826.0,"model":{"type":"model","model":"fec86c61-be98-4f9d-9891-7ddcc39178d5:dcab00e9-2165-4ab5-85b1-068274a50206","tints":[]}},{"threshold":1981827.0,"model":{"type":"model","model":"fec86c61-be98-4f9d-9891-7ddcc39178d5:2e7ab681-faf9-4037-8c88-4900f8b0e85c","tints":[]}},{"threshold":1981840.0,"model":{"type":"model","model":"fec86c61-be98-4f9d-9891-7ddcc39178d5:7173e33c-b797-4e8a-a6e2-a52b2b55305e","tints":[]}}],"fallback":{"type":"model","model":"item/golden_sword","tints":[]}}}