{"model":{"type":"range_dispatch","property":"custom_model_data","entries":[{"threshold":1172700.0,"model":{"type":"model","model":"fec86c61-be98-4f9d-9891-7ddcc39178d5:f9db3168-f26a-492b-b8bf-0a57008f5a9a","tints":[]}},{"threshold":1172701.0,"model":{"type":"model","model":"fec86c61-be98-4f9d-9891-7ddcc39178d5:f7e51242-a0d2-43ee-8307-bea3a65ea1cf","tints":[]}},{"threshold":1172702.0,"model":{"type":"model","model":"fec86c61-be98-4f9d-9891-7ddcc39178d5:24d3a6d2-528f-4806-bdfb-05d08c3ac297","tints":[]}},{"threshold":1172703.0,"model":{"type":"model","model":"fec86c61-be98-4f9d-9891-7ddcc39178d5:5b69fca4-e376-41a3-a13a-41b10bbef6c7","tints":[]}},{"threshold":1172704.0,"model":{"type":"model","model":"fec86c61-be98-4f9d-9891-7ddcc39178d5:0c43ce3e-96e8-420b-8569-1eaa4b79ca93","tints":[]}},{"threshold":1172705.0,"model":{"type":"model","model":"fec86c61-be98-4f9d-9891-7ddcc39178d5:d531b7d1-b4d6-4271-9add-ae41b03dce62","tints":[]}},{"threshold":1172706.0,"model":{"type":"model","model":"fec86c61-be98-4f9d-9891-7ddcc39178d5:f7a35db8-3b41-47c2-8475-80d66647fe95","tints":[]}},{"threshold":1172707.0,"model":{"type":"model","model":"fec86c61-be98-4f9d-9891-7ddcc39178d5:b6fbe178-d7b5-4971-9461-c29060be1585","tints":[]}},{"threshold":1172708.0,"model":{"type":"model","model":"fec86c61-be98-4f9d-9891-7ddcc39178d5:f7d3da39-5bbe-4c9a-a7c1-9badafcdadfb","tints":[]}},{"threshold":1172709.0,"model":{"type":"model","model":"fec86c61-be98-4f9d-9891-7ddcc39178d5:e9773e98-f19e-400a-80ad-b0e054503b44","tints":[]}},{"threshold":1172710.0,"model":{"type":"model","model":"fec86c61-be98-4f9d-9891-7ddcc39178d5:f6b53929-4045-4ab0-b2fd-c473130ddb45","tints":[]}},{"threshold":1172711.0,"model":{"type":"model","model":"fec86c61-be98-4f9d-9891-7ddcc39178d5:dbac95f4-1586-4e41-ac30-8b35798733c0","tints":[]}},{"threshold":1172712.0,"model":{"type":"model","model":"fec86c61-be98-4f9d-9891-7ddcc39178d5:24997076-a9c9-4fd5-8879-ccb86fb2d00d","tints":[]}},{"threshold":1172713.0,"model":{"type":"model","model":"fec86c61-be98-4f9d-9891-7ddcc39178d5:3e8af343-bfbc-4c69-bd3b-d06d999b2723","tints":[]}},{"threshold":1172714.0,"model":{"type":"model","model":"fec86c61-be98-4f9d-9891-7ddcc39178d5:9d599feb-0fa4-44d6-a395-3bb934fce7a6","tints":[]}},{"threshold":1172715.0,"model":{"type":"model","model":"fec86c61-be98-4f9d-9891-7ddcc39178d5:7ca99cfd-76bb-4d6f-a8c5-bc62f0ff0ecc","tints":[]}},{"threshold":1172716.0,"model":{"type":"model","model":"fec86c61-be98-4f9d-9891-7ddcc39178d5:a49f14b5-72fc-4756-9ce4-9833659fb231","tints":[]}},{"threshold":1172717.0,"model":{"type":"model","model":"fec86c61-be98-4f9d-9891-7ddcc39178d5:8f2daa7e-2a7d-4605-9c92-a20160d49f8d","tints":[]}},{"threshold":1172718.0,"model":{"type":"model","model":"fec86c61-be98-4f9d-9891-7ddcc39178d5:44df339a-ea21-4f51-b333-bc2be722fda8","tints":[]}},{"threshold":1172719.0,"model":{"type":"model","model":"fec86c61-be98-4f9d-9891-7ddcc39178d5:efdcf8a8-8fc4-46bd-9e45-7c78c139565d","tints":[]}},{"threshold":1172720.0,"model":{"type":"model","model":"fec86c61-be98-4f9d-9891-7ddcc39178d5:94c86a91-b74a-412f-b9dd-a4ecb2df0001","tints":[]}},{"threshold":1172721.0,"model":{"type":"model","model":"fec86c61-be98-4f9d-9891-7ddcc39178d5:9b7e3947-d471-4554-849b-102ec2f1f9f7","tints":[]}},{"threshold":1172722.0,"model":{"type":"model","model":"fec86c61-be98-4f9d-9891-7ddcc39178d5:63f2688c-e4bf-49c0-b9bd-1bd94fca5f24","tints":[]}},{"threshold":1172723.0,"model":{"type":"model","model":"fec86c61-be98-4f9d-9891-7ddcc39178d5:50486537-29c0-451a-8faa-3586c205f292","tints":[]}},{"threshold":8892300.0,"model":{"type":"model","model":"fec86c61-be98-4f9d-9891-7ddcc39178d5:eb17c2be-989a-40f3-91d2-080bce5d0bb9","tints":[]}}],"fallback":{"type":"model","model":"item/gray_dye","tints":[]}}}