{"model":{"type":"range_dispatch","property":"custom_model_data","entries":[{"threshold":3510001.0,"model":{"type":"model","model":"fec86c61-be98-4f9d-9891-7ddcc39178d5:dcdc6de7-7e81-4304-9421-2bc71b9330a8","tints":[]}},{"threshold":3510002.0,"model":{"type":"model","model":"fec86c61-be98-4f9d-9891-7ddcc39178d5:a62f5c28-295b-42b6-8fc4-4d7554c557d9","tints":[]}},{"threshold":9918290.0,"model":{"type":"model","model":"fec86c61-be98-4f9d-9891-7ddcc39178d5:108d2872-06e7-4610-9938-0c1140196ed6","tints":[]}}],"fallback":{"type":"model","model":"item/iron_axe","tints":[]}}}