{"model":{"type":"range_dispatch","property":"custom_model_data","entries":[{"threshold":7733254.0,"model":{"type":"model","model":"vane_trifles:item/iron_sickle","tints":[]}},{"threshold":1829130.0,"model":{"type":"model","model":"fec86c61-be98-4f9d-9891-7ddcc39178d5:073a60d8-95e6-4ff5-b9f9-0c9877df8951","tints":[]}},{"threshold":3510001.0,"model":{"type":"model","model":"fec86c61-be98-4f9d-9891-7ddcc39178d5:7d3f8e9f-b8b8-4ab8-ac1c-bbfa8c28fe44","tints":[]}},{"threshold":9918290.0,"model":{"type":"model","model":"fec86c61-be98-4f9d-9891-7ddcc39178d5:66bd6d7f-4d5b-4bbe-851d-fce8f1d40de8","tints":[]}}],"fallback":{"type":"model","model":"item/iron_hoe","tints":[]}}}