{"model":{"type":"range_dispatch","property":"custom_model_data","entries":[{"threshold":1981820.0,"model":{"type":"model","model":"fec86c61-be98-4f9d-9891-7ddcc39178d5:381c04c2-3733-4a7f-8edd-c55f269c59cc","tints":[]}},{"threshold":1981821.0,"model":{"type":"model","model":"fec86c61-be98-4f9d-9891-7ddcc39178d5:2c046d00-1573-488f-a64b-4315b8de87fb","tints":[]}},{"threshold":1981822.0,"model":{"type":"model","model":"fec86c61-be98-4f9d-9891-7ddcc39178d5:7c1e71d4-6983-41a8-9f5e-ba572cc70f3e","tints":[]}},{"threshold":1981825.0,"model":{"type":"model","model":"fec86c61-be98-4f9d-9891-7ddcc39178d5:29cfa456-1c0b-466a-8fbe-5ec9d4b392ec","tints":[]}},{"threshold":1981826.0,"model":{"type":"model","model":"fec86c61-be98-4f9d-9891-7ddcc39178d5:e24f2718-6e8a-46bf-b543-189c755af452","tints":[]}},{"threshold":1981827.0,"model":{"type":"model","model":"fec86c61-be98-4f9d-9891-7ddcc39178d5:33d13c63-2a3b-4989-a99a-eddac757c0fb","tints":[]}},{"threshold":1981840.0,"model":{"type":"model","model":"fec86c61-be98-4f9d-9891-7ddcc39178d5:abc5a765-3920-4c2c-b60a-ba27b70c5678","tints":[]}},{"threshold":3510001.0,"model":{"type":"model","model":"fec86c61-be98-4f9d-9891-7ddcc39178d5:c4b4d09b-7c7f-4a4d-87a4-5ae8bc3ce80f","tints":[]}},{"threshold":9918290.0,"model":{"type":"model","model":"fec86c61-be98-4f9d-9891-7ddcc39178d5:8d0b6ee9-0180-46c8-b460-10c4cd058ed9","tints":[]}},{"threshold":9918390.0,"model":{"type":"model","model":"fec86c61-be98-4f9d-9891-7ddcc39178d5:7af749c9-7cce-4d4f-9dcb-81de83496ea9","tints":[]}},{"threshold":9918391.0,"model":{"type":"model","model":"fec86c61-be98-4f9d-9891-7ddcc39178d5:9f1f3e14-26fb-4f73-89d6-cb437436324d","tints":[]}},{"threshold":9918392.0,"model":{"type":"model","model":"fec86c61-be98-4f9d-9891-7ddcc39178d5:3609586f-50a9-4d80-b160-cc6158a47f3a","tints":[]}},{"threshold":9918395.0,"model":{"type":"model","model":"fec86c61-be98-4f9d-9891-7ddcc39178d5:215b5aa1-c14d-4691-abbe-b557388d118e","tints":[]}},{"threshold":9918396.0,"model":{"type":"model","model":"fec86c61-be98-4f9d-9891-7ddcc39178d5:4dd0ccaf-e6b9-4aee-8cd8-6046e5c0e98e","tints":[]}},{"threshold":9918397.0,"model":{"type":"model","model":"fec86c61-be98-4f9d-9891-7ddcc39178d5:dc45550e-7d0b-4a4c-836b-ab14226b2b05","tints":[]}},{"threshold":9918397.0,"model":{"type":"model","model":"fec86c61-be98-4f9d-9891-7ddcc39178d5:499aa82f-af36-49ae-b27d-6ad202aed242","tints":[]}}],"fallback":{"type":"model","model":"item/iron_sword","tints":[]}}}