{"model":{"type":"range_dispatch","property":"custom_model_data","entries":[{"threshold":1172900.0,"model":{"type":"model","model":"fec86c61-be98-4f9d-9891-7ddcc39178d5:95f3e21b-9db9-4cfa-8d81-50aedd3f05e6","tints":[]}},{"threshold":1172901.0,"model":{"type":"model","model":"fec86c61-be98-4f9d-9891-7ddcc39178d5:853b0baf-618d-4fc2-a2ee-fae6ee2c7e52","tints":[]}},{"threshold":1172902.0,"model":{"type":"model","model":"fec86c61-be98-4f9d-9891-7ddcc39178d5:d79bcfab-0da8-46f9-b3d2-0e4f46a0d1e9","tints":[]}},{"threshold":1172903.0,"model":{"type":"model","model":"fec86c61-be98-4f9d-9891-7ddcc39178d5:5f53c851-e527-4723-a192-b83f33f83718","tints":[]}},{"threshold":1172904.0,"model":{"type":"model","model":"fec86c61-be98-4f9d-9891-7ddcc39178d5:03a8ec69-ee5f-4e19-b999-00ae925a75eb","tints":[]}},{"threshold":1172905.0,"model":{"type":"model","model":"fec86c61-be98-4f9d-9891-7ddcc39178d5:c8be02a7-8e05-4d62-ae9b-0fe12a003476","tints":[]}},{"threshold":1172906.0,"model":{"type":"model","model":"fec86c61-be98-4f9d-9891-7ddcc39178d5:3e069d61-87b8-4932-9370-977b16a8f678","tints":[]}},{"threshold":1172907.0,"model":{"type":"model","model":"fec86c61-be98-4f9d-9891-7ddcc39178d5:8068e9f3-9953-403c-889f-2ef9b4ad7134","tints":[]}},{"threshold":1172908.0,"model":{"type":"model","model":"fec86c61-be98-4f9d-9891-7ddcc39178d5:912bbe1c-e8a8-41c2-bc66-b0b202f25c1b","tints":[]}},{"threshold":1172909.0,"model":{"type":"model","model":"fec86c61-be98-4f9d-9891-7ddcc39178d5:feb657a5-0b73-4c01-876a-4271f4f7811f","tints":[]}},{"threshold":1172910.0,"model":{"type":"model","model":"fec86c61-be98-4f9d-9891-7ddcc39178d5:c5d2fc5a-8197-4668-bf60-f0a84979c437","tints":[]}},{"threshold":1172911.0,"model":{"type":"model","model":"fec86c61-be98-4f9d-9891-7ddcc39178d5:e3b2de51-53b0-4961-8822-76f64577b073","tints":[]}},{"threshold":1172912.0,"model":{"type":"model","model":"fec86c61-be98-4f9d-9891-7ddcc39178d5:2feb6aa8-d00b-44c1-8521-b95618a1cf70","tints":[]}},{"threshold":1172913.0,"model":{"type":"model","model":"fec86c61-be98-4f9d-9891-7ddcc39178d5:3fd19c2d-bd37-42e2-bc09-dcb91190f063","tints":[]}},{"threshold":1172914.0,"model":{"type":"model","model":"fec86c61-be98-4f9d-9891-7ddcc39178d5:db4a530f-a072-409e-916f-a50fba57bdd7","tints":[]}},{"threshold":1172915.0,"model":{"type":"model","model":"fec86c61-be98-4f9d-9891-7ddcc39178d5:c6d0100e-319f-4307-9752-217557618981","tints":[]}},{"threshold":1172916.0,"model":{"type":"model","model":"fec86c61-be98-4f9d-9891-7ddcc39178d5:1b927122-3654-47dd-b909-d03af2845d5f","tints":[]}},{"threshold":1172917.0,"model":{"type":"model","model":"fec86c61-be98-4f9d-9891-7ddcc39178d5:c41329cb-9437-4e62-9a24-f5ac5f3d3c44","tints":[]}},{"threshold":1172918.0,"model":{"type":"model","model":"fec86c61-be98-4f9d-9891-7ddcc39178d5:eb32f5dd-3ac1-40c7-860a-c3309a797801","tints":[]}},{"threshold":1172919.0,"model":{"type":"model","model":"fec86c61-be98-4f9d-9891-7ddcc39178d5:274808b7-b2c8-45b6-bf53-24b5299d2921","tints":[]}},{"threshold":1172920.0,"model":{"type":"model","model":"fec86c61-be98-4f9d-9891-7ddcc39178d5:35187841-6526-449e-9c1b-c548bd011dd6","tints":[]}},{"threshold":1172921.0,"model":{"type":"model","model":"fec86c61-be98-4f9d-9891-7ddcc39178d5:2d227916-ddda-4118-b696-49eba325b286","tints":[]}},{"threshold":1172922.0,"model":{"type":"model","model":"fec86c61-be98-4f9d-9891-7ddcc39178d5:3c8ebcd5-0078-429f-89f8-f2f3343bc34f","tints":[]}},{"threshold":1172923.0,"model":{"type":"model","model":"fec86c61-be98-4f9d-9891-7ddcc39178d5:bde86608-d383-4bcb-9098-654f79c5ec22","tints":[]}},{"threshold":1829130.0,"model":{"type":"model","model":"fec86c61-be98-4f9d-9891-7ddcc39178d5:fb9f2370-e7c9-48e6-a8e9-929148700bac","tints":[]}},{"threshold":1829131.0,"model":{"type":"model","model":"fec86c61-be98-4f9d-9891-7ddcc39178d5:8ef6286e-f276-44d4-9562-ee17e5e1e277","tints":[]}},{"threshold":9192780.0,"model":{"type":"model","model":"fec86c61-be98-4f9d-9891-7ddcc39178d5:0a482368-9bf9-48e2-900c-b8d99819f9b8","tints":[]}},{"threshold":9192781.0,"model":{"type":"model","model":"fec86c61-be98-4f9d-9891-7ddcc39178d5:b1223d96-1838-4b20-8916-33654a1fe43c","tints":[]}},{"threshold":9192782.0,"model":{"type":"model","model":"fec86c61-be98-4f9d-9891-7ddcc39178d5:260e5757-dfc5-4eb1-9100-926c53e6cdf0","tints":[]}},{"threshold":9192783.0,"model":{"type":"model","model":"fec86c61-be98-4f9d-9891-7ddcc39178d5:0f2e793a-01b0-4ccb-97b4-2240d2d5217c","tints":[]}},{"threshold":9192784.0,"model":{"type":"model","model":"fec86c61-be98-4f9d-9891-7ddcc39178d5:b82525e1-82c2-4712-8337-e9aaaff53e25","tints":[]}},{"threshold":9192785.0,"model":{"type":"model","model":"fec86c61-be98-4f9d-9891-7ddcc39178d5:91aa86c7-6b9f-4741-b9b0-64837813bfa1","tints":[]}},{"threshold":9192786.0,"model":{"type":"model","model":"fec86c61-be98-4f9d-9891-7ddcc39178d5:5d47213c-6425-4334-9c32-3a7c90daafd9","tints":[]}},{"threshold":9192787.0,"model":{"type":"model","model":"fec86c61-be98-4f9d-9891-7ddcc39178d5:44087bfd-a017-4b34-adc3-e9b0f355d36b","tints":[]}},{"threshold":9192788.0,"model":{"type":"model","model":"fec86c61-be98-4f9d-9891-7ddcc39178d5:aaa35149-b062-4cc4-b5e5-81fefb9324df","tints":[]}},{"threshold":9192789.0,"model":{"type":"model","model":"fec86c61-be98-4f9d-9891-7ddcc39178d5:f059a0ac-324a-4b2a-bdbf-058b0a73828e","tints":[]}},{"threshold":9192790.0,"model":{"type":"model","model":"fec86c61-be98-4f9d-9891-7ddcc39178d5:30745b1c-573d-4e2f-a07c-d7e4cb2c9fb6","tints":[]}},{"threshold":9192791.0,"model":{"type":"model","model":"fec86c61-be98-4f9d-9891-7ddcc39178d5:cec0c7ee-1fe4-4f57-8dbe-4cdc3617ef82","tints":[]}}],"fallback":{"type":"model","model":"item/lime_dye","tints":[]}}}