{"parent":"builtin/entity","display":{"thirdperson_righthand":{"rotation":[0.0,90.0,0.0],"translation":[10.0,6.0,-4.0]},"thirdperson_lefthand":{"rotation":[0.0,90.0,0.0],"translation":[10.0,6.0,12.0]},"firstperson_righthand":{"rotation":[0.0,180.0,5.0],"translation":[-10.0,2.0,-10.0],"scale":[1.25,1.25,1.25]},"firstperson_lefthand":{"rotation":[0.0,180.0,5.0],"translation":[10.0,0.0,-10.0],"scale":[1.25,1.25,1.25]},"gui":{"rotation":[15.0,-25.0,-5.0],"translation":[2.0,3.0,0.0],"scale":[0.65,0.65,0.65]},"fixed":{"rotation":[0.0,180.0,0.0],"translation":[-2.0,4.0,-5.0],"scale":[0.5,0.5,0.5]},"ground":{"translation":[4.0,4.0,2.0],"scale":[0.25,0.25,0.25]}},"textures":{"particle":"block/dark_oak_planks"},"gui_light":"front","overrides":[{"predicate":{"blocking":1},"model":"item/shield_blocking"},{"predicate":{"custom_model_data":1450300},"model":"3996ac82-b75e-4563-a23b-b3de06ceb947:61921f11-e3cb-4375-8df2-16c61f5b1811"},{"predicate":{"custom_model_data":1450300,"blocking":1},"model":"incendium:item/necrotic_shield/blocking"},{"predicate":{"custom_model_data":1450301},"model":"3996ac82-b75e-4563-a23b-b3de06ceb947:43115459-1837-41c9-ad1a-d65e8cf4df68"},{"predicate":{"custom_model_data":1450301,"blocking":1},"model":"incendium:item/prismatic_shield/blocking"},{"predicate":{"custom_model_data":1450302},"model":"3996ac82-b75e-4563-a23b-b3de06ceb947:212e32bc-325d-4958-a260-2db4680409ae"},{"predicate":{"custom_model_data":1450302,"blocking":1},"model":"incendium:item/radiation_shield/blocking"}]}