{"providers":[{"type":"bitmap","file":"castle/ui/lobby/game_menu_smp.png","height":114,"ascent":13,"chars":["ꑅ"]},{"type":"bitmap","file":"twitteremojis/bowing.png","ascent":8,"chars":["꒚"]},{"type":"bitmap","file":"castle/systemicons/ping.png","height":7,"ascent":7,"chars":["ꑖ"]},{"type":"bitmap","file":"castle/systemicons/right_click.png","height":7,"ascent":7,"chars":["ꑛ"]},{"type":"bitmap","file":"twitteremojis/party.png","ascent":8,"chars":["ꓯ"]},{"type":"bitmap","file":"castle/systemicons/friend.png","height":7,"ascent":7,"chars":["ꑂ"]},{"type":"bitmap","file":"twitteremojis/jackolantern.png","ascent":8,"chars":["꒽"]},{"type":"bitmap","file":"twitteremojis/dead1.png","ascent":8,"chars":["ꒈ"]},{"type":"bitmap","file":"twitteremojis/tree.png","ascent":8,"chars":["ꔳ"]},{"type":"bitmap","file":"twitteremojis/radioactive.png","ascent":8,"chars":["꓿"]},{"type":"bitmap","file":"twitteremojis/crycat.png","ascent":8,"chars":["ꒅ"]},{"type":"bitmap","file":"twitteremojis/fear2.png","ascent":8,"chars":["꒝"]},{"type":"bitmap","file":"twitteremojis/smilecat.png","ascent":8,"chars":["ꔜ"]},{"type":"bitmap","file":"twitteremojis/moon5.png","ascent":8,"chars":["ꓢ"]},{"type":"bitmap","file":"castle/systemicons/locked.png","height":7,"ascent":7,"chars":["ꑔ"]},{"type":"bitmap","file":"twitteremojis/raisedhand.png","ascent":8,"chars":["ꔁ"]},{"type":"bitmap","file":"required/ui/menu_items.png","height":256,"ascent":37,"chars":["ꐛ"]},{"type":"bitmap","file":"castle/ui/smp/realm_resource.png","height":114,"ascent":13,"chars":["ꑌ"]},{"type":"bitmap","file":"twitteremojis/cry1.png","ascent":8,"chars":["ꒄ"]},{"type":"bitmap","file":"twitteremojis/playpause.png","ascent":8,"chars":["ꓸ"]},{"type":"bitmap","file":"castle/systemicons/local_chat.png","height":7,"ascent":7,"chars":["ꑓ"]},{"type":"bitmap","file":"twitteremojis/question.png","ascent":8,"chars":["꓾"]},{"type":"bitmap","file":"castle/prefix/media.png","height":7,"ascent":7,"chars":["ꐼ"]},{"type":"bitmap","file":"twitteremojis/dollar.png","ascent":8,"chars":["ꒉ"]},{"type":"bitmap","file":"twitteremojis/laughcat.png","ascent":8,"chars":["꓇"]},{"type":"bitmap","file":"twitteremojis/fear1.png","ascent":8,"chars":["꒜"]},{"type":"bitmap","file":"twitteremojis/lion.png","ascent":8,"chars":["꓊"]},{"type":"bitmap","file":"castle/prefix/pro.png","height":7,"ascent":7,"chars":["ꐽ"]},{"type":"bitmap","file":"twitteremojis/yum.png","ascent":8,"chars":["ꕆ"]},{"type":"bitmap","file":"twitteremojis/think1.png","ascent":8,"chars":["ꔬ"]},{"type":"bitmap","file":"twitteremojis/rightarrow.png","ascent":8,"chars":["ꔆ"]},{"type":"bitmap","file":"twitteremojis/think2.png","ascent":8,"chars":["ꔭ"]},{"type":"bitmap","file":"twitteremojis/shrimp.png","ascent":8,"chars":["ꔒ"]},{"type":"bitmap","file":"twitteremojis/moon4.png","ascent":8,"chars":["ꓡ"]},{"type":"bitmap","file":"twitteremojis/no1.png","ascent":8,"chars":["ꓨ"]},{"type":"bitmap","file":"twitteremojis/turkey.png","ascent":8,"chars":["ꔵ"]},{"type":"bitmap","file":"twitteremojis/fastdown.png","ascent":8,"chars":["꒖"]},{"type":"bitmap","file":"castle/systemicons/warn_gray.png","ascent":7,"chars":["ꑥ"]},{"type":"bitmap","file":"castle/systemicons/kills.png","height":7,"ascent":7,"chars":["ꐟ"]},{"type":"bitmap","file":"twitteremojis/evil.png","ascent":8,"chars":["꒒"]},{"type":"bitmap","file":"twitteremojis/write.png","ascent":8,"chars":["ꕂ"]},{"type":"bitmap","file":"twitteremojis/mno.png","ascent":8,"chars":["ꓖ"]},{"type":"bitmap","file":"twitteremojis/zip.png","ascent":8,"chars":["ꕈ"]},{"type":"bitmap","file":"twitteremojis/inlovecat.png","ascent":8,"chars":["꒼"]},{"type":"bitmap","file":"twitteremojis/shh.png","ascent":8,"chars":["ꔑ"]},{"type":"bitmap","file":"twitteremojis/alien.png","ascent":8,"chars":["ꐫ"]},{"type":"bitmap","file":"twitteremojis/bolt.png","ascent":8,"chars":["ꔼ"]},{"type":"bitmap","file":"twitteremojis/think3.png","ascent":8,"chars":["ꔮ"]},{"type":"bitmap","file":"twitteremojis/laugh.png","ascent":8,"chars":["꓃"]},{"type":"bitmap","file":"twitteremojis/pause.png","ascent":8,"chars":["ꓱ"]},{"type":"bitmap","file":"twitteremojis/medal.png","ascent":8,"chars":["ꓑ"]},{"type":"bitmap","file":"twitteremojis/left.png","ascent":8,"chars":["꓈"]},{"type":"bitmap","file":"castle/ui/lobby/game_menu.png","height":114,"ascent":13,"chars":["ꑄ"]},{"type":"bitmap","file":"twitteremojis/moon3.png","ascent":8,"chars":["ꓠ"]},{"type":"bitmap","file":"twitteremojis/wc.png","ascent":8,"chars":["ꔾ"]},{"type":"bitmap","file":"twitteremojis/doubleexclamation.png","ascent":8,"chars":["ꒊ"]},{"type":"bitmap","file":"twitteremojis/inlove.png","ascent":8,"chars":["꒺"]},{"type":"bitmap","file":"castle/systemicons/chat.png","height":7,"ascent":7,"chars":["ꐒ"]},{"type":"bitmap","file":"castle/systemicons/levels.png","height":7,"ascent":7,"chars":["ꑒ"]},{"type":"bitmap","file":"twitteremojis/laugh4.png","ascent":8,"chars":["꓆"]},{"type":"bitmap","file":"twitteremojis/what.png","ascent":8,"chars":["ꔿ"]},{"type":"bitmap","file":"twitteremojis/nausea.png","ascent":8,"chars":["ꓣ"]},{"type":"bitmap","file":"twitteremojis/halo.png","ascent":8,"chars":["꒪"]},{"type":"bitmap","file":"twitteremojis/cold.png","ascent":8,"chars":["ꑺ"]},{"type":"bitmap","file":"twitteremojis/sad.png","ascent":8,"chars":["ꔌ"]},{"type":"bitmap","file":"twitteremojis/unamused.png","ascent":8,"chars":["ꔷ"]},{"type":"bitmap","file":"twitteremojis/crab.png","ascent":8,"chars":["ꒀ"]},{"type":"bitmap","file":"twitteremojis/monocle.png","ascent":8,"chars":["ꓜ"]},{"type":"bitmap","file":"twitteremojis/blocked.png","ascent":8,"chars":["ꐵ"]},{"type":"bitmap","file":"castle/ui/smp/realm_spawn.png","height":114,"ascent":13,"chars":["ꑊ"]},{"type":"bitmap","file":"twitteremojis/moon.png","ascent":8,"chars":["ꓝ"]},{"type":"bitmap","file":"twitteremojis/smile3.png","ascent":8,"chars":["ꔘ"]},{"type":"bitmap","file":"twitteremojis/lasttrack.png","ascent":8,"chars":["꓂"]},{"type":"bitmap","file":"twitteremojis/frown6.png","ascent":8,"chars":["꒨"]},{"type":"bitmap","file":"twitteremojis/frown4.png","ascent":8,"chars":["꒦"]},{"type":"bitmap","file":"twitteremojis/frown2.png","ascent":8,"chars":["꒤"]},{"type":"bitmap","file":"twitteremojis/angry2.png","ascent":8,"chars":["ꐮ"]},{"type":"bitmap","file":"twitteremojis/fearcat.png","ascent":8,"chars":["꒞"]},{"type":"bitmap","file":"twitteremojis/rightcurve.png","ascent":8,"chars":["ꔇ"]},{"type":"bitmap","file":"castle/systemicons/plot.png","height":7,"ascent":7,"chars":["ꑘ"]},{"type":"bitmap","file":"twitteremojis/mmh.png","ascent":8,"chars":["ꓕ"]},{"type":"bitmap","file":"twitteremojis/confused1.png","ascent":8,"chars":["ꑽ"]},{"type":"bitmap","file":"twitteremojis/upsidedown.png","ascent":8,"chars":["ꔻ"]},{"type":"bitmap","file":"twitteremojis/unicorn.png","ascent":8,"chars":["ꔸ"]},{"type":"bitmap","file":"castle/systemicons/world.png","height":7,"ascent":7,"chars":["ꑪ"]},{"type":"bitmap","file":"twitteremojis/zebra.png","ascent":8,"chars":["ꕇ"]},{"type":"bitmap","file":"twitteremojis/sunglasses.png","ascent":8,"chars":["ꔧ"]},{"type":"bitmap","file":"twitteremojis/heart.png","ascent":8,"chars":["ꐘ"]},{"type":"bitmap","file":"twitteremojis/play.png","ascent":8,"chars":["ꓷ"]},{"type":"bitmap","file":"castle/systemicons/voice_not_installed.png","height":7,"ascent":7,"chars":["ꐜ"]},{"type":"bitmap","file":"twitteremojis/yawn.png","ascent":8,"chars":["ꕄ"]},{"type":"bitmap","file":"castle/systemicons/staff.png","height":7,"ascent":7,"chars":["ꑁ"]},{"type":"bitmap","file":"twitteremojis/chair.png","ascent":8,"chars":["ꑴ"]},{"type":"bitmap","file":"twitteremojis/laugh3.png","ascent":8,"chars":["꓅"]},{"type":"bitmap","file":"twitteremojis/think6.png","ascent":8,"chars":["ꔱ"]},{"type":"bitmap","file":"twitteremojis/7.png","ascent":8,"chars":["ꐧ"]},{"type":"bitmap","file":"twitteremojis/lying.png","ascent":8,"chars":["꓍"]},{"type":"bitmap","file":"twitteremojis/moon1.png","ascent":8,"chars":["ꓞ"]},{"type":"bitmap","file":"castle/systemicons/shift.png","height":7,"ascent":7,"chars":["ꑃ"]},{"type":"bitmap","file":"twitteremojis/hatching_chick.png","ascent":8,"chars":["ꑷ"]},{"type":"bitmap","file":"twitteremojis/pick.png","ascent":8,"chars":["ꓴ"]},{"type":"bitmap","file":"twitteremojis/sneeze.png","ascent":8,"chars":["ꔝ"]},{"type":"bitmap","file":"castle/systemicons/time.png","height":7,"ascent":7,"chars":["ꑞ"]},{"type":"bitmap","file":"required/exit_icon.png","ascent":8,"chars":["ꕉ"]},{"type":"bitmap","file":"twitteremojis/biceps.png","ascent":8,"chars":["ꐴ"]},{"type":"bitmap","file":"twitteremojis/eyes.png","ascent":8,"chars":["꒔"]},{"type":"bitmap","file":"twitteremojis/facemask.png","ascent":8,"chars":["꒕"]},{"type":"bitmap","file":"twitteremojis/soccerball.png","ascent":8,"chars":["ꔞ"]},{"type":"bitmap","file":"twitteremojis/xd.png","ascent":8,"chars":["ꕃ"]},{"type":"bitmap","file":"twitteremojis/up.png","ascent":8,"chars":["ꔺ"]},{"type":"bitmap","file":"castle/systemicons/global_chat.png","height":7,"ascent":7,"chars":["ꐖ"]},{"type":"bitmap","file":"twitteremojis/yinyang.png","ascent":8,"chars":["ꕅ"]},{"type":"bitmap","file":"twitteremojis/coffin.png","ascent":8,"chars":["ꑹ"]},{"type":"bitmap","file":"twitteremojis/eggplant.png","ascent":8,"chars":["꒐"]},{"type":"bitmap","file":"castle/ui/smp/book_menu.png","height":114,"ascent":13,"chars":["ꑉ"]},{"type":"bitmap","file":"twitteremojis/baby_chick.png","ascent":8,"chars":["ꑵ"]},{"type":"bitmap","file":"twitteremojis/heart3.png","ascent":8,"chars":["꒰"]},{"type":"bitmap","file":"castle/systemicons/rank.png","height":7,"ascent":7,"chars":["ꑚ"]},{"type":"bitmap","file":"twitteremojis/frown5.png","ascent":8,"chars":["꒧"]},{"type":"bitmap","file":"twitteremojis/moon2.png","ascent":8,"chars":["ꓟ"]},{"type":"bitmap","file":"castle/systemicons/voice_installed.png","height":7,"ascent":7,"chars":["ꑡ"]},{"type":"bitmap","file":"twitteremojis/rooster.png","ascent":8,"chars":["ꔋ"]},{"type":"bitmap","file":"twitteremojis/noexpression.png","ascent":8,"chars":["ꓩ"]},{"type":"bitmap","file":"twitteremojis/neutral.png","ascent":8,"chars":["ꓥ"]},{"type":"bitmap","file":"twitteremojis/ok.png","ascent":8,"chars":["ꓫ"]},{"type":"bitmap","file":"castle/prefix/dev.png","height":7,"ascent":7,"chars":["ꐸ"]},{"type":"bitmap","file":"twitteremojis/drops.png","ascent":8,"chars":["ꒌ"]},{"type":"bitmap","file":"twitteremojis/duck.png","ascent":8,"chars":["꒎"]},{"type":"bitmap","file":"twitteremojis/salt.png","ascent":8,"chars":["ꔎ"]},{"type":"bitmap","file":"twitteremojis/mbowing.png","ascent":8,"chars":["ꓐ"]},{"type":"bitmap","file":"twitteremojis/pan.png","ascent":8,"chars":["ꓮ"]},{"type":"bitmap","file":"twitteremojis/hourglass.png","ascent":8,"chars":["꒵"]},{"type":"bitmap","file":"twitteremojis/cowboy.png","ascent":8,"chars":["ꑿ"]},{"type":"bitmap","file":"twitteremojis/bat.png","ascent":8,"chars":["ꐳ"]},{"type":"bitmap","file":"twitteremojis/robot.png","ascent":8,"chars":["ꔈ"]},{"type":"bitmap","file":"twitteremojis/monkey3.png","ascent":8,"chars":["ꔦ"]},{"type":"bitmap","file":"twitteremojis/pencil.png","ascent":8,"chars":["ꓳ"]},{"type":"bitmap","file":"twitteremojis/smile6.png","ascent":8,"chars":["ꔛ"]},{"type":"bitmap","file":"twitteremojis/stopsign.png","ascent":8,"chars":["ꔤ"]},{"type":"bitmap","file":"twitteremojis/lock.png","ascent":8,"chars":["꓋"]},{"type":"bitmap","file":"twitteremojis/smile2.png","ascent":8,"chars":["ꔗ"]},{"type":"bitmap","file":"twitteremojis/ill.png","ascent":8,"chars":["꒹"]},{"type":"bitmap","file":"twitteremojis/pleading.png","ascent":8,"chars":["ꓹ"]},{"type":"bitmap","file":"twitteremojis/dead.png","ascent":8,"chars":["ꒇ"]},{"type":"bitmap","file":"castle/prefix/mod.png","height":7,"ascent":7,"chars":["ꐺ"]},{"type":"bitmap","file":"twitteremojis/kiss1.png","ascent":8,"chars":["꒿"]},{"type":"bitmap","file":"twitteremojis/nerd.png","ascent":8,"chars":["ꓤ"]},{"type":"bitmap","file":"twitteremojis/2.png","ascent":8,"chars":["ꐢ"]},{"type":"bitmap","file":"twitteremojis/1.png","ascent":8,"chars":["ꐡ"]},{"type":"bitmap","file":"twitteremojis/record.png","ascent":8,"chars":["ꔂ"]},{"type":"bitmap","file":"twitteremojis/nomouth.png","ascent":8,"chars":["ꓪ"]},{"type":"bitmap","file":"twitteremojis/bacon.png","ascent":8,"chars":["ꐰ"]},{"type":"bitmap","file":"twitteremojis/mfacepalm.png","ascent":8,"chars":["ꓒ"]},{"type":"bitmap","file":"twitteremojis/fear.png","ascent":8,"chars":["꒛"]},{"type":"bitmap","file":"twitteremojis/hug.png","ascent":8,"chars":["꒶"]},{"type":"bitmap","file":"twitteremojis/owl.png","ascent":8,"chars":["ꓭ"]},{"type":"bitmap","file":"twitteremojis/trex.png","ascent":8,"chars":["ꔴ"]},{"type":"bitmap","file":"twitteremojis/stareyes.png","ascent":8,"chars":["ꔢ"]},{"type":"bitmap","file":"twitteremojis/star.png","ascent":8,"chars":["ꔡ"]},{"type":"bitmap","file":"castle/ui/smp/realm_survival.png","height":114,"ascent":13,"chars":["ꑋ"]},{"type":"bitmap","file":"castle/prefix/terrorist.png","height":7,"ascent":7,"chars":["ꐞ"]},{"type":"bitmap","file":"twitteremojis/confirm.png","ascent":8,"chars":["ꑻ"]},{"type":"bitmap","file":"castle/ui/lobby/game_menu_event.png","height":114,"ascent":13,"chars":["ꑆ"]},{"type":"bitmap","file":"twitteremojis/croissant.png","ascent":8,"chars":["ꒁ"]},{"type":"bitmap","file":"twitteremojis/cucumber.png","ascent":8,"chars":["ꒆ"]},{"type":"bitmap","file":"twitteremojis/small.png","ascent":8,"chars":["ꔕ"]},{"type":"bitmap","file":"castle/systemicons/warn_cyan.png","ascent":7,"chars":["ꑤ"]},{"type":"bitmap","file":"twitteremojis/sushi.png","ascent":8,"chars":["ꔩ"]},{"type":"bitmap","file":"twitteremojis/cry.png","ascent":8,"chars":["ꒃ"]},{"type":"bitmap","file":"twitteremojis/squid.png","ascent":8,"chars":["ꔠ"]},{"type":"bitmap","file":"twitteremojis/eject.png","ascent":8,"chars":["꒑"]},{"type":"bitmap","file":"castle/systemicons/warn_red.png","ascent":7,"chars":["ꑩ"]},{"type":"bitmap","file":"castle/ui/lobby/game_menu.png","height":114,"ascent":13,"chars":["ꑮ"]},{"type":"bitmap","file":"twitteremojis/3.png","ascent":8,"chars":["ꐣ"]},{"type":"bitmap","file":"twitteremojis/0.png","ascent":8,"chars":["ꐠ"]},{"type":"bitmap","file":"twitteremojis/heart4.png","ascent":8,"chars":["꒱"]},{"type":"bitmap","file":"twitteremojis/kiss.png","ascent":8,"chars":["꒾"]},{"type":"bitmap","file":"twitteremojis/heart5.png","ascent":8,"chars":["꒲"]},{"type":"bitmap","file":"twitteremojis/redcircle.png","ascent":8,"chars":["ꔃ"]},{"type":"bitmap","file":"twitteremojis/4.png","ascent":8,"chars":["ꐤ"]},{"type":"bitmap","file":"twitteremojis/ok1.png","ascent":8,"chars":["ꓬ"]},{"type":"bitmap","file":"twitteremojis/clap.png","ascent":8,"chars":["ꑸ"]},{"type":"bitmap","file":"twitteremojis/bye.png","ascent":8,"chars":["ꑰ"]},{"type":"bitmap","file":"twitteremojis/reverse.png","ascent":8,"chars":["ꔄ"]},{"type":"bitmap","file":"twitteremojis/kiss2.png","ascent":8,"chars":["꓀"]},{"type":"bitmap","file":"twitteremojis/kiss3.png","ascent":8,"chars":["꓁"]},{"type":"bitmap","file":"twitteremojis/fastforward.png","ascent":8,"chars":["꒗"]},{"type":"bitmap","file":"castle/prefix/discord.png","height":7,"ascent":7,"chars":["ꑀ"]},{"type":"bitmap","file":"castle/prefix/team.png","height":7,"ascent":7,"chars":["ꐹ"]},{"type":"bitmap","file":"castle/systemicons/power.png","height":7,"ascent":7,"chars":["ꑙ"]},{"type":"bitmap","file":"twitteremojis/6.png","ascent":8,"chars":["ꐦ"]},{"type":"bitmap","file":"castle/prefix/plus.png","height":7,"ascent":7,"chars":["ꐾ"]},{"type":"bitmap","file":"twitteremojis/carrot.png","ascent":8,"chars":["ꑳ"]},{"type":"bitmap","file":"twitteremojis/frown.png","ascent":8,"chars":["꒣"]},{"type":"bitmap","file":"twitteremojis/heart2.png","ascent":8,"chars":["꒯"]},{"type":"bitmap","file":"twitteremojis/smile.png","ascent":8,"chars":["ꔖ"]},{"type":"bitmap","file":"twitteremojis/scorpion.png","ascent":8,"chars":["ꔏ"]},{"type":"bitmap","file":"castle/systemicons/coin.png","height":7,"ascent":7,"chars":["ꐔ"]},{"type":"bitmap","file":"twitteremojis/party1.png","ascent":8,"chars":["ꓰ"]},{"type":"bitmap","file":"twitteremojis/money.png","ascent":8,"chars":["ꓘ"]},{"type":"bitmap","file":"castle/systemicons/online.png","height":7,"ascent":7,"chars":["ꑕ"]},{"type":"bitmap","file":"twitteremojis/fire.png","ascent":8,"chars":["꒠"]},{"type":"bitmap","file":"castle/systemicons/token.png","height":7,"ascent":7,"chars":["ꑟ"]},{"type":"bitmap","file":"castle/systemicons/afked1.png","height":7,"ascent":7,"chars":["ꐑ"]},{"type":"bitmap","file":"castle/ui/smp/menu.png","height":132,"ascent":13,"chars":["ꑭ"]},{"type":"bitmap","file":"twitteremojis/pizza.png","ascent":8,"chars":["ꓶ"]},{"type":"bitmap","file":"twitteremojis/monkey2.png","ascent":8,"chars":["ꓛ"]},{"type":"bitmap","file":"twitteremojis/hehe.png","ascent":8,"chars":["꒳"]},{"type":"bitmap","file":"castle/ui/creative/creative_menu.png","height":114,"ascent":13,"chars":["ꑇ"]},{"type":"bitmap","file":"twitteremojis/fish.png","ascent":8,"chars":["꒡"]},{"type":"bitmap","file":"twitteremojis/unlock.png","ascent":8,"chars":["ꔹ"]},{"type":"bitmap","file":"castle/systemicons/claims.png","height":7,"ascent":7,"chars":["ꐓ"]},{"type":"bitmap","file":"twitteremojis/leftcurve.png","ascent":8,"chars":["꓉"]},{"type":"bitmap","file":"twitteremojis/mok.png","ascent":8,"chars":["ꓗ"]},{"type":"bitmap","file":"twitteremojis/think.png","ascent":8,"chars":["ꔫ"]},{"type":"bitmap","file":"castle/prefix/owner.png","height":7,"ascent":7,"chars":["ꐶ"]},{"type":"bitmap","file":"twitteremojis/giraffe.png","ascent":8,"chars":["꒩"]},{"type":"bitmap","file":"twitteremojis/mage.png","ascent":8,"chars":["꓏"]},{"type":"bitmap","file":"twitteremojis/bandage.png","ascent":8,"chars":["ꐲ"]},{"type":"bitmap","file":"twitteremojis/sleeping.png","ascent":8,"chars":["ꔓ"]},{"type":"bitmap","file":"twitteremojis/smile5.png","ascent":8,"chars":["ꔚ"]},{"type":"bitmap","file":"castle/prefix/helper.png","height":7,"ascent":7,"chars":["ꐻ"]},{"type":"bitmap","file":"twitteremojis/angry.png","ascent":8,"chars":["ꐬ"]},{"type":"bitmap","file":"twitteremojis/flamingo.png","ascent":8,"chars":["꒢"]},{"type":"bitmap","file":"twitteremojis/wink.png","ascent":8,"chars":["ꕀ"]},{"type":"bitmap","file":"twitteremojis/tongue.png","ascent":8,"chars":["ꔲ"]},{"type":"bitmap","file":"twitteremojis/rolling.png","ascent":8,"chars":["ꔊ"]},{"type":"bitmap","file":"twitteremojis/handshake.png","ascent":8,"chars":["꒬"]},{"type":"bitmap","file":"twitteremojis/luck.png","ascent":8,"chars":["꓌"]},{"type":"bitmap","file":"castle/prefix/admin.png","height":7,"ascent":7,"chars":["ꐷ"]},{"type":"bitmap","file":"twitteremojis/rock.png","ascent":8,"chars":["ꔉ"]},{"type":"bitmap","file":"twitteremojis/riceball.png","ascent":8,"chars":["ꔅ"]},{"type":"bitmap","file":"twitteremojis/9.png","ascent":8,"chars":["ꐩ"]},{"type":"bitmap","file":"twitteremojis/laugh2.png","ascent":8,"chars":["꓄"]},{"type":"bitmap","file":"twitteremojis/finger.png","ascent":8,"chars":["꒟"]},{"type":"bitmap","file":"twitteremojis/sun.png","ascent":8,"chars":["ꔥ"]},{"type":"bitmap","file":"twitteremojis/raisedfist.png","ascent":8,"chars":["ꔀ"]},{"type":"bitmap","file":"twitteremojis/puke.png","ascent":8,"chars":["ꓼ"]},{"type":"bitmap","file":"twitteremojis/moneyface.png","ascent":8,"chars":["ꓙ"]},{"type":"bitmap","file":"twitteremojis/mmage.png","ascent":8,"chars":["ꓔ"]},{"type":"bitmap","file":"twitteremojis/hot.png","ascent":8,"chars":["꒴"]},{"type":"bitmap","file":"twitteremojis/poo.png","ascent":8,"chars":["ꓺ"]},{"type":"bitmap","file":"twitteremojis/no.png","ascent":8,"chars":["ꓧ"]},{"type":"bitmap","file":"twitteremojis/midk.png","ascent":8,"chars":["ꓓ"]},{"type":"bitmap","file":"twitteremojis/blood.png","ascent":8,"chars":["ꑢ"]},{"type":"bitmap","file":"castle/prefix/cute.png","height":7,"ascent":7,"chars":["ꐝ"]},{"type":"bitmap","file":"castle/systemicons/skull.png","height":7,"ascent":7,"chars":["ꑜ"]},{"type":"bitmap","file":"twitteremojis/8.png","ascent":8,"chars":["ꐨ"]},{"type":"bitmap","file":"twitteremojis/ice.png","ascent":8,"chars":["꒷"]},{"type":"bitmap","file":"twitteremojis/think5.png","ascent":8,"chars":["ꔰ"]},{"type":"bitmap","file":"twitteremojis/heart1.png","ascent":8,"chars":["꒮"]},{"type":"bitmap","file":"twitteremojis/surprised.png","ascent":8,"chars":["ꔨ"]},{"type":"bitmap","file":"twitteremojis/baguette.png","ascent":8,"chars":["ꐱ"]},{"type":"bitmap","file":"twitteremojis/cancel.png","ascent":8,"chars":["ꑲ"]},{"type":"bitmap","file":"twitteremojis/mad.png","ascent":8,"chars":["꓎"]},{"type":"bitmap","file":"castle/ui/smp/menu_nostats.png","height":132,"ascent":13,"chars":["ꑏ"]},{"type":"bitmap","file":"required/ui/pause_menu.png","height":227,"ascent":133,"chars":["ꐚ"]},{"type":"bitmap","file":"castle/prefix/player.png","height":7,"ascent":7,"chars":["ꐿ"]},{"type":"bitmap","file":"castle/systemicons/temperature.png","height":7,"ascent":7,"chars":["ꑬ"]},{"type":"bitmap","file":"required/logo.png","height":78,"ascent":78,"chars":["ꐙ"]},{"type":"bitmap","file":"castle/systemicons/vanish.png","height":7,"ascent":7,"chars":["ꑠ"]},{"type":"bitmap","file":"twitteremojis/alarmclock.png","ascent":8,"chars":["ꐪ"]},{"type":"bitmap","file":"castle/systemicons/playerhead.png","height":7,"ascent":7,"chars":["ꑗ"]},{"type":"bitmap","file":"twitteremojis/confused.png","ascent":8,"chars":["ꑼ"]},{"type":"bitmap","file":"twitteremojis/couple.png","ascent":8,"chars":["ꑾ"]},{"type":"bitmap","file":"castle/ui/smp/realm_event.png","height":114,"ascent":13,"chars":["ꑎ"]},{"type":"bitmap","file":"twitteremojis/crossedfingers.png","ascent":8,"chars":["ꒂ"]},{"type":"bitmap","file":"castle/ui/smp/realm_pvp.png","height":114,"ascent":13,"chars":["ꑍ"]},{"type":"bitmap","file":"twitteremojis/sparkles.png","ascent":8,"chars":["ꔟ"]},{"type":"bitmap","file":"twitteremojis/twofingers.png","ascent":8,"chars":["ꔶ"]},{"type":"bitmap","file":"twitteremojis/pig.png","ascent":8,"chars":["ꓵ"]},{"type":"bitmap","file":"twitteremojis/think4.png","ascent":8,"chars":["ꔯ"]},{"type":"bitmap","file":"twitteremojis/stop.png","ascent":8,"chars":["ꔣ"]},{"type":"bitmap","file":"twitteremojis/hashtag.png","ascent":8,"chars":["꒭"]},{"type":"bitmap","file":"twitteremojis/shark.png","ascent":8,"chars":["ꔐ"]},{"type":"bitmap","file":"castle/ui/smp/menu_nogadgets.png","height":132,"ascent":13,"chars":["ꑐ"]},{"type":"bitmap","file":"twitteremojis/blush.png","ascent":8,"chars":["ꑯ"]},{"type":"bitmap","file":"twitteremojis/inlove1.png","ascent":8,"chars":["꒻"]},{"type":"bitmap","file":"twitteremojis/5.png","ascent":8,"chars":["ꐥ"]},{"type":"bitmap","file":"twitteremojis/callme.png","ascent":8,"chars":["ꑱ"]},{"type":"bitmap","file":"twitteremojis/monkey1.png","ascent":8,"chars":["ꓚ"]},{"type":"bitmap","file":"twitteremojis/woozy.png","ascent":8,"chars":["ꕁ"]},{"type":"bitmap","file":"twitteremojis/potato.png","ascent":8,"chars":["ꓻ"]},{"type":"bitmap","file":"castle/systemicons/game.png","height":7,"ascent":7,"chars":["ꐕ"]},{"type":"bitmap","file":"castle/systemicons/warn_aqua.png","ascent":7,"chars":["ꑣ"]},{"type":"bitmap","file":"twitteremojis/hamburger.png","ascent":8,"chars":["꒫"]},{"type":"bitmap","file":"castle/systemicons/afked0.png","height":7,"ascent":7,"chars":["ꐐ"]},{"type":"bitmap","file":"castle/systemicons/warn_green.png","ascent":7,"chars":["ꑦ"]},{"type":"bitmap","file":"twitteremojis/down.png","ascent":8,"chars":["ꒋ"]},{"type":"bitmap","file":"required/ui/tab_header.png","height":75,"ascent":74,"chars":["ꑫ"]},{"type":"bitmap","file":"twitteremojis/idk.png","ascent":8,"chars":["꒸"]},{"type":"bitmap","file":"twitteremojis/warning.png","ascent":8,"chars":["ꔽ"]},{"type":"bitmap","file":"twitteremojis/salad.png","ascent":8,"chars":["ꔍ"]},{"type":"bitmap","file":"castle/systemicons/warn_magenta.png","ascent":7,"chars":["ꑧ"]},{"type":"bitmap","file":"twitteremojis/frown3.png","ascent":8,"chars":["꒥"]},{"type":"bitmap","file":"twitteremojis/fastreverse.png","ascent":8,"chars":["꒘"]},{"type":"bitmap","file":"castle/systemicons/info.png","height":7,"ascent":7,"chars":["ꐗ"]},{"type":"bitmap","file":"castle/systemicons/sus.png","height":7,"ascent":7,"chars":["ꑝ"]},{"type":"bitmap","file":"twitteremojis/sleepy.png","ascent":8,"chars":["ꔔ"]},{"type":"bitmap","file":"twitteremojis/anxious.png","ascent":8,"chars":["ꐯ"]},{"type":"bitmap","file":"twitteremojis/smile4.png","ascent":8,"chars":["ꔙ"]},{"type":"bitmap","file":"twitteremojis/sweat.png","ascent":8,"chars":["ꔪ"]},{"type":"bitmap","file":"twitteremojis/peach.png","ascent":8,"chars":["ꓲ"]},{"type":"bitmap","file":"twitteremojis/nexttrack.png","ascent":8,"chars":["ꓦ"]},{"type":"bitmap","file":"castle/systemicons/left_click.png","height":7,"ascent":7,"chars":["ꑑ"]},{"type":"bitmap","file":"twitteremojis/angry1.png","ascent":8,"chars":["ꐭ"]},{"type":"bitmap","file":"twitteremojis/eagle.png","ascent":8,"chars":["꒏"]},{"type":"bitmap","file":"castle/ui/smp/shop_menu.png","height":114,"ascent":13,"chars":["ꑈ"]},{"type":"bitmap","file":"castle/systemicons/warn_orange.png","ascent":7,"chars":["ꑨ"]},{"type":"bitmap","file":"twitteremojis/drumstick.png","ascent":8,"chars":["꒍"]},{"type":"bitmap","file":"twitteremojis/explodehead.png","ascent":8,"chars":["꒓"]},{"type":"bitmap","file":"twitteremojis/fastup.png","ascent":8,"chars":["꒙"]},{"type":"bitmap","file":"twitteremojis/punch.png","ascent":8,"chars":["ꓽ"]},{"type":"bitmap","file":"twitteremojis/hatched_chick.png","ascent":8,"chars":["ꑶ"]},{"type":"reference","id":"nexo:shift"}]}