{"parent":"minecraft:item/generated","textures":{"layer0":"minecraft:item/paper"},"overrides":[{"predicate":{"custom_model_data":1040},"model":"thecastle:ia_auto_gen/close_icon"},{"predicate":{"custom_model_data":1041},"model":"thecastle:ia_auto_gen/inv_menu"},{"predicate":{"custom_model_data":1042},"model":"thecastle:ia_auto_gen/next"},{"predicate":{"custom_model_data":1043},"model":"thecastle:ia_auto_gen/previous"},{"predicate":{"custom_model_data":1044},"model":"thecastle:ia_auto_gen/blank_button"},{"predicate":{"custom_model_data":10000},"model":"_iainternal:ia_auto_gen/icon_left_blue"},{"predicate":{"custom_model_data":10001},"model":"_iainternal:ia_auto_gen/icon_right_blue"},{"predicate":{"custom_model_data":10002},"model":"_iainternal:ia_auto_gen/icon_search"},{"predicate":{"custom_model_data":10003},"model":"_iainternal:ia_auto_gen/icon_cancel"},{"predicate":{"custom_model_data":10004},"model":"_iainternal:ia_auto_gen/icon_arrow_chest"},{"predicate":{"custom_model_data":10005},"model":"_iainternal:ia_auto_gen/icon_back_orange"},{"predicate":{"custom_model_data":10006},"model":"_iainternal:ia_auto_gen/icon_next_orange"},{"predicate":{"custom_model_data":10007},"model":"iasurvival:ia_auto_gen/caveblock"},{"predicate":{"custom_model_data":10008},"model":"iafestivities:christmas/decorative_candy_cane"},{"predicate":{"custom_model_data":10009},"model":"iasurvival:ia_auto_gen/nice_wood"},{"predicate":{"custom_model_data":10013},"model":"iasurvival:ia_auto_gen/modern_quartz"},{"predicate":{"custom_model_data":10018},"model":"iasurvival:ia_auto_gen/modern_stone"},{"predicate":{"custom_model_data":10030},"model":"iasurvival:ia_auto_gen/nice_stone"},{"predicate":{"custom_model_data":10032},"model":"iasurvival:ia_auto_gen/customization_table"},{"predicate":{"custom_model_data":10033},"model":"iafestivities:christmas/christmas_tree"},{"predicate":{"custom_model_data":10037},"model":"iafestivities:christmas/christmas_wreath"},{"predicate":{"custom_model_data":10039},"model":"iafestivities:christmas/christmas_candle"},{"predicate":{"custom_model_data":10041},"model":"mcicons:ia_auto_gen/icon_left_gray"},{"predicate":{"custom_model_data":10042},"model":"mcicons:ia_auto_gen/icon_left_blue"},{"predicate":{"custom_model_data":10043},"model":"mcicons:ia_auto_gen/icon_right_gray"},{"predicate":{"custom_model_data":10044},"model":"mcicons:ia_auto_gen/icon_right_blue"},{"predicate":{"custom_model_data":10045},"model":"mcicons:ia_auto_gen/icon_up_gray"},{"predicate":{"custom_model_data":10046},"model":"mcicons:ia_auto_gen/icon_up_blue"},{"predicate":{"custom_model_data":10047},"model":"mcicons:ia_auto_gen/icon_down_gray"},{"predicate":{"custom_model_data":10048},"model":"mcicons:ia_auto_gen/icon_down_blue"},{"predicate":{"custom_model_data":10049},"model":"mcicons:ia_auto_gen/icon_next_white"},{"predicate":{"custom_model_data":10050},"model":"mcicons:ia_auto_gen/icon_next_orange"},{"predicate":{"custom_model_data":10051},"model":"mcicons:ia_auto_gen/icon_back_white"},{"predicate":{"custom_model_data":10052},"model":"mcicons:ia_auto_gen/icon_back_orange"},{"predicate":{"custom_model_data":10053},"model":"mcicons:ia_auto_gen/icon_cancel"},{"predicate":{"custom_model_data":10054},"model":"mcicons:ia_auto_gen/icon_confirm"},{"predicate":{"custom_model_data":10055},"model":"mcicons:ia_auto_gen/icon_lock"},{"predicate":{"custom_model_data":10056},"model":"mcicons:ia_auto_gen/icon_unlock"},{"predicate":{"custom_model_data":10057},"model":"mcicons:ia_auto_gen/icon_web"},{"predicate":{"custom_model_data":10058},"model":"mcicons:ia_auto_gen/icon_ender_chest"},{"predicate":{"custom_model_data":10059},"model":"mcicons:ia_auto_gen/icon_refresh"},{"predicate":{"custom_model_data":10060},"model":"mcicons:ia_auto_gen/icon_time_day"},{"predicate":{"custom_model_data":10061},"model":"mcicons:ia_auto_gen/icon_time_midnight"},{"predicate":{"custom_model_data":10062},"model":"mcicons:ia_auto_gen/icon_time_night"},{"predicate":{"custom_model_data":10063},"model":"mcicons:ia_auto_gen/icon_time_noon"},{"predicate":{"custom_model_data":10064},"model":"mcicons:ia_auto_gen/icon_time_sunrise"},{"predicate":{"custom_model_data":10065},"model":"mcicons:ia_auto_gen/icon_time_sunset"},{"predicate":{"custom_model_data":10066},"model":"mcicons:ia_auto_gen/icon_toggle_off"},{"predicate":{"custom_model_data":10067},"model":"mcicons:ia_auto_gen/icon_toggle_on"},{"predicate":{"custom_model_data":10068},"model":"mcicons:ia_auto_gen/icon_arrow_chest"},{"predicate":{"custom_model_data":10069},"model":"mcicons:ia_auto_gen/icon_plus"},{"predicate":{"custom_model_data":10070},"model":"mcicons:ia_auto_gen/icon_color_picker"},{"predicate":{"custom_model_data":10071},"model":"mcicons:ia_auto_gen/icon_comment"},{"predicate":{"custom_model_data":10072},"model":"mcicons:ia_auto_gen/icon_search"},{"predicate":{"custom_model_data":10076},"model":"iasurvival:ia_auto_gen/modern_sandstone"},{"predicate":{"custom_model_data":10080},"model":"furniture:furniture/park_bench"},{"predicate":{"custom_model_data":10081},"model":"furniture:furniture/dark_park_bench"},{"predicate":{"custom_model_data":10082},"model":"furniture:furniture/simple_park_bench"},{"predicate":{"custom_model_data":10083},"model":"furniture:furniture/simple_dark_park_bench"},{"predicate":{"custom_model_data":10084},"model":"furniture:furniture/wood_park_bench"},{"predicate":{"custom_model_data":10085},"model":"furniture:furniture/dark_wood_park_bench"},{"predicate":{"custom_model_data":10086},"model":"furniture:furniture/park_chair"},{"predicate":{"custom_model_data":10087},"model":"furniture:furniture/dark_park_chair"},{"predicate":{"custom_model_data":10088},"model":"furniture:furniture/wood_park_chair"},{"predicate":{"custom_model_data":10089},"model":"furniture:furniture/dark_wood_park_chair"},{"predicate":{"custom_model_data":10090},"model":"furniture:furniture/park_table"},{"predicate":{"custom_model_data":10091},"model":"furniture:furniture/dark_park_table"},{"predicate":{"custom_model_data":10092},"model":"furniture:furniture/glass_park_table"},{"predicate":{"custom_model_data":10093},"model":"furniture:furniture/single_park_table"},{"predicate":{"custom_model_data":10094},"model":"furniture:furniture/single_dark_park_table"},{"predicate":{"custom_model_data":10095},"model":"furniture:furniture/single_glass_park_table"},{"predicate":{"custom_model_data":10096},"model":"furniture:furniture/trash_can"},{"predicate":{"custom_model_data":10097},"model":"furniture:furniture/traffic_jam"},{"predicate":{"custom_model_data":10098},"model":"furniture:furniture/traffic_fence"},{"predicate":{"custom_model_data":10099},"model":"furniture:furniture/outdoor_unit"},{"predicate":{"custom_model_data":10100},"model":"furniture:furniture/traffic_sign"},{"predicate":{"custom_model_data":10101},"model":"furniture:furniture/traffic_sign_2"},{"predicate":{"custom_model_data":10105},"model":"worlddeco:desert_rose"},{"predicate":{"custom_model_data":10106},"model":"worlddeco:fallen_leaves"},{"predicate":{"custom_model_data":10107},"model":"worlddeco:dead_tall_grass"},{"predicate":{"custom_model_data":10108},"model":"furniture:ia_auto_gen/furniture_icon"},{"predicate":{"custom_model_data":10109},"model":"worlddeco:small_rocks"},{"predicate":{"custom_model_data":10110},"model":"worlddeco:mossy_small_rocks"},{"predicate":{"custom_model_data":10111},"model":"iadeco:monitor"},{"predicate":{"custom_model_data":10112},"model":"iadeco:opened_chest"},{"predicate":{"custom_model_data":10113},"model":"iavehicles:air/oak_wood_plane"},{"predicate":{"custom_model_data":10114},"model":"iavehicles:air/spruce_wood_plane"},{"predicate":{"custom_model_data":10115},"model":"iavehicles:air/birch_wood_plane"},{"predicate":{"custom_model_data":10116},"model":"iavehicles:air/jungle_wood_plane"},{"predicate":{"custom_model_data":10117},"model":"iavehicles:air/acacia_wood_plane"},{"predicate":{"custom_model_data":10118},"model":"iavehicles:air/dark_oak_wood_plane"},{"predicate":{"custom_model_data":10119},"model":"iadeco:computer_chair"},{"predicate":{"custom_model_data":10120},"model":"iadeco:painting_burst"},{"predicate":{"custom_model_data":10121},"model":"iadeco:painting_courbet"},{"predicate":{"custom_model_data":10122},"model":"iadeco:painting_graham"},{"predicate":{"custom_model_data":10123},"model":"iadeco:painting_match"},{"predicate":{"custom_model_data":10124},"model":"iadeco:painting_pool"},{"predicate":{"custom_model_data":10125},"model":"iadeco:painting_skull_and_roses"},{"predicate":{"custom_model_data":10126},"model":"iadeco:painting_stage"},{"predicate":{"custom_model_data":10127},"model":"iadeco:painting_void"},{"predicate":{"custom_model_data":10128},"model":"iadeco:painting_wanderer"},{"predicate":{"custom_model_data":10129},"model":"iadeco:lava_lamp"},{"predicate":{"custom_model_data":10130},"model":"iadeco:old_clock"},{"predicate":{"custom_model_data":10131},"model":"iadeco:white_chair"},{"predicate":{"custom_model_data":10132},"model":"iadeco:dark_throne"},{"predicate":{"custom_model_data":10133},"model":"iavehicles:air/ufo"},{"predicate":{"custom_model_data":10134},"model":"iadeco:coffee_machine"},{"predicate":{"custom_model_data":10135},"model":"iadeco:tv"},{"predicate":{"custom_model_data":10136},"model":"iavehicles:ground/shopping_cart"},{"predicate":{"custom_model_data":10137},"model":"iadeco:mini_fridge"},{"predicate":{"custom_model_data":10138},"model":"iavehicles:air/broomstick"},{"predicate":{"custom_model_data":10139},"model":"iadeco:school_chair"},{"predicate":{"custom_model_data":10140},"model":"iadeco:school_chair_lazy"},{"predicate":{"custom_model_data":10141},"model":"iadeco:white_wood_chair"},{"predicate":{"custom_model_data":10142},"model":"iadeco:orange_wood_chair"},{"predicate":{"custom_model_data":10143},"model":"iadeco:magenta_wood_chair"},{"predicate":{"custom_model_data":10144},"model":"iadeco:light_blue_wood_chair"},{"predicate":{"custom_model_data":10145},"model":"iadeco:yellow_wood_chair"},{"predicate":{"custom_model_data":10146},"model":"iadeco:lime_wood_chair"},{"predicate":{"custom_model_data":10147},"model":"iadeco:pink_wood_chair"},{"predicate":{"custom_model_data":10148},"model":"iadeco:gray_wood_chair"},{"predicate":{"custom_model_data":10149},"model":"iadeco:light_gray_wood_chair"},{"predicate":{"custom_model_data":10150},"model":"iadeco:cyan_wood_chair"},{"predicate":{"custom_model_data":10151},"model":"iadeco:purple_wood_chair"},{"predicate":{"custom_model_data":10152},"model":"iadeco:blue_wood_chair"},{"predicate":{"custom_model_data":10153},"model":"iadeco:brown_wood_chair"},{"predicate":{"custom_model_data":10154},"model":"iadeco:green_wood_chair"},{"predicate":{"custom_model_data":10155},"model":"iadeco:red_wood_chair"},{"predicate":{"custom_model_data":10156},"model":"iadeco:black_wood_chair"},{"predicate":{"custom_model_data":10157},"model":"iavehicles:ground/white_go_cart"},{"predicate":{"custom_model_data":10158},"model":"iavehicles:ground/orange_go_cart"},{"predicate":{"custom_model_data":10159},"model":"iavehicles:ground/magenta_go_cart"},{"predicate":{"custom_model_data":10160},"model":"iavehicles:ground/light_blue_go_cart"},{"predicate":{"custom_model_data":10161},"model":"iavehicles:ground/yellow_go_cart"},{"predicate":{"custom_model_data":10162},"model":"iavehicles:ground/lime_go_cart"},{"predicate":{"custom_model_data":10163},"model":"iavehicles:ground/pink_go_cart"},{"predicate":{"custom_model_data":10164},"model":"iavehicles:ground/gray_go_cart"},{"predicate":{"custom_model_data":10165},"model":"iavehicles:ground/light_gray_go_cart"},{"predicate":{"custom_model_data":10166},"model":"iavehicles:ground/cyan_go_cart"},{"predicate":{"custom_model_data":10167},"model":"iavehicles:ground/purple_go_cart"},{"predicate":{"custom_model_data":10168},"model":"iavehicles:ground/blue_go_cart"},{"predicate":{"custom_model_data":10169},"model":"iavehicles:ground/brown_go_cart"},{"predicate":{"custom_model_data":10170},"model":"iavehicles:ground/green_go_cart"},{"predicate":{"custom_model_data":10171},"model":"iavehicles:ground/red_go_cart"},{"predicate":{"custom_model_data":10172},"model":"iavehicles:ground/black_go_cart"},{"predicate":{"custom_model_data":10173},"model":"iadeco:white_chandeliers"},{"predicate":{"custom_model_data":10174},"model":"iadeco:black_chandeliers"},{"predicate":{"custom_model_data":10175},"model":"iadeco:black_and_red_chandeliers"},{"predicate":{"custom_model_data":10176},"model":"iadeco:glass_table"},{"predicate":{"custom_model_data":10177},"model":"iadeco:lamp"},{"predicate":{"custom_model_data":10178},"model":"iadeco:vending_machine"},{"predicate":{"custom_model_data":10179},"model":"iadeco:white_bar_chair"},{"predicate":{"custom_model_data":10180},"model":"iadeco:orange_bar_chair"},{"predicate":{"custom_model_data":10181},"model":"iadeco:magenta_bar_chair"},{"predicate":{"custom_model_data":10182},"model":"iadeco:light_blue_bar_chair"},{"predicate":{"custom_model_data":10183},"model":"iadeco:yellow_bar_chair"},{"predicate":{"custom_model_data":10184},"model":"iadeco:lime_bar_chair"},{"predicate":{"custom_model_data":10185},"model":"iadeco:pink_bar_chair"},{"predicate":{"custom_model_data":10186},"model":"iadeco:gray_bar_chair"},{"predicate":{"custom_model_data":10187},"model":"iadeco:light_gray_bar_chair"},{"predicate":{"custom_model_data":10188},"model":"iadeco:cyan_bar_chair"},{"predicate":{"custom_model_data":10189},"model":"iadeco:purple_bar_chair"},{"predicate":{"custom_model_data":10190},"model":"iadeco:blue_bar_chair"},{"predicate":{"custom_model_data":10191},"model":"iadeco:brown_bar_chair"},{"predicate":{"custom_model_data":10192},"model":"iadeco:green_bar_chair"},{"predicate":{"custom_model_data":10193},"model":"iadeco:red_bar_chair"},{"predicate":{"custom_model_data":10194},"model":"iadeco:black_bar_chair"},{"predicate":{"custom_model_data":10195},"model":"iadeco:computer_desk"},{"predicate":{"custom_model_data":10196},"model":"iadeco:small_fountain"},{"predicate":{"custom_model_data":10197},"model":"iadeco:simple_chair"},{"predicate":{"custom_model_data":10198},"model":"iadeco:lit_campfire"},{"predicate":{"custom_model_data":10199},"model":"iadeco:table"},{"predicate":{"custom_model_data":10200},"model":"item/paper"}]}