{"display":{"thirdperson_righthand":{"rotation":[0.0,-90.0,0.0],"translation":[0.0,1.25,0.0]},"thirdperson_lefthand":{"rotation":[0.0,-90.0,0.0],"translation":[0.0,1.25,0.0]},"firstperson_righthand":{"rotation":[0.0,-90.0,0.0],"translation":[2.5,3.0,0.0]},"firstperson_lefthand":{"rotation":[0.0,-90.0,0.0],"translation":[2.5,3.0,0.0]},"ground":{"rotation":[45.0,0.0,0.0],"translation":[0.0,2.75,0.0],"scale":[0.7,0.7,0.7]},"gui":{"rotation":[0.0,0.0,-45.0],"translation":[-1.5,-1.5,0.0],"scale":[0.93,0.93,0.93]},"head":{"scale":[0.0,0.0,0.0]},"fixed":{"rotation":[0.0,0.0,45.0],"translation":[2.0,-2.0,-0.25],"scale":[1.29,1.29,1.29]}},"elements":[{"from":[7.0,0.0,7.5],"to":[9.0,14.0,8.5],"rotation":{"origin":[7.0,0.0,7.5],"x":0.0,"y":0.0,"z":0.0},"faces":{"north":{"uv":[0.0,0.0,1.0,7.0],"texture":"#3"},"east":{"uv":[2.0,0.0,2.5,7.0],"texture":"#3"},"south":{"uv":[1.0,0.0,2.0,7.0],"texture":"#3"},"west":{"uv":[2.5,0.0,3.0,7.0],"texture":"#3"},"up":{"uv":[9.0,0.5,8.0,0.0],"texture":"#3"},"down":{"uv":[1.5,8.0,0.5,8.5],"texture":"#3"}}},{"from":[6.5,7.0,7.0],"to":[9.5,8.0,9.0],"rotation":{"origin":[6.5,2.0,6.0],"x":0.0,"y":0.0,"z":0.0},"faces":{"north":{"uv":[3.0,7.5,4.5,8.0],"texture":"#3"},"east":{"uv":[8.0,0.5,9.0,1.0],"texture":"#3"},"south":{"uv":[5.0,7.5,6.5,8.0],"texture":"#3"},"west":{"uv":[1.5,8.0,2.5,8.5],"texture":"#3"},"up":{"uv":[7.5,2.0,6.0,1.0],"texture":"#3"},"down":{"uv":[7.5,2.0,6.0,3.0],"texture":"#3"}}},{"from":[6.85,1.5,7.35],"to":[9.15,6.5,8.65],"rotation":{"origin":[7.0,1.5,7.5],"x":0.0,"y":0.0,"z":0.0},"faces":{"north":{"uv":[3.0,4.0,4.0,6.5],"texture":"#3"},"east":{"uv":[4.5,6.5,5.0,9.0],"texture":"#3"},"south":{"uv":[4.0,4.0,5.0,6.5],"texture":"#3"},"west":{"uv":[7.0,6.0,7.5,8.5],"texture":"#3"},"up":{"uv":[3.5,8.5,2.5,8.0],"texture":"#3"},"down":{"uv":[9.0,3.0,8.0,3.5],"texture":"#3"}}},{"from":[8.53806,15.55866,8.0],"to":[12.53806,18.55866,8.0],"rotation":{"origin":[10.53806,17.05866,8.0],"x":0.0,"y":0.0,"z":45.0},"faces":{"north":{"uv":[4.5,0.0,3.0,2.0],"texture":"#3","rotation":90},"east":{"uv":[0.0,0.0,1.5,0.0],"texture":"#3","rotation":270},"south":{"uv":[4.5,2.0,3.0,4.0],"texture":"#3","rotation":270},"west":{"uv":[0.0,0.0,1.5,0.0],"texture":"#3","rotation":270},"up":{"uv":[0.0,0.0,0.0,2.0],"texture":"#3","rotation":270},"down":{"uv":[0.0,0.0,0.0,2.0],"texture":"#3","rotation":270}}},{"from":[6.5,14.0,7.0],"to":[9.5,17.0,9.0],"rotation":{"origin":[8.0,15.5,8.0],"x":0.0,"y":0.0,"z":0.0},"faces":{"north":{"uv":[4.5,0.0,6.0,1.5],"texture":"#3"},"east":{"uv":[5.0,6.0,6.0,7.5],"texture":"#3"},"south":{"uv":[4.5,1.5,6.0,3.0],"texture":"#3"},"west":{"uv":[6.0,6.0,7.0,7.5],"texture":"#3"},"up":{"uv":[4.5,7.5,3.0,6.5],"texture":"#3"},"down":{"uv":[8.0,3.0,6.5,4.0],"texture":"#3"}}},{"from":[5.0,14.5,7.5],"to":[8.0,16.5,8.5],"rotation":{"origin":[6.0,13.5,7.5],"x":0.0,"y":0.0,"z":0.0},"faces":{"north":{"uv":[0.0,7.0,1.5,8.0],"texture":"#3"},"east":{"uv":[3.5,8.0,4.0,9.0],"texture":"#3"},"south":{"uv":[1.5,7.0,3.0,8.0],"texture":"#3"},"west":{"uv":[4.0,8.0,4.5,9.0],"texture":"#3"},"up":{"uv":[9.0,6.5,7.5,6.0],"texture":"#3"},"down":{"uv":[9.0,6.5,7.5,7.0],"texture":"#3"}}},{"from":[1.0,14.5,7.5],"to":[5.0,16.5,8.5],"rotation":{"origin":[5.0,16.5,8.0],"x":0.0,"y":0.0,"z":22.5},"faces":{"north":{"uv":[4.5,3.0,6.5,4.0],"texture":"#3"},"east":{"uv":[6.5,7.5,7.0,8.5],"texture":"#3"},"south":{"uv":[5.0,4.0,7.0,5.0],"texture":"#3"},"west":{"uv":[0.0,8.0,0.5,9.0],"texture":"#3"},"up":{"uv":[9.5,1.5,7.5,1.0],"texture":"#3"},"down":{"uv":[9.5,1.5,7.5,2.0],"texture":"#3"}}},{"from":[11.0,14.5,7.5],"to":[15.0,16.5,8.5],"rotation":{"origin":[11.0,16.5,8.0],"x":0.0,"y":0.0,"z":-22.5},"faces":{"north":{"uv":[5.0,5.0,7.0,6.0],"texture":"#3"},"east":{"uv":[5.0,8.0,5.5,9.0],"texture":"#3"},"south":{"uv":[6.0,0.0,8.0,1.0],"texture":"#3"},"west":{"uv":[5.5,8.0,6.0,9.0],"texture":"#3"},"up":{"uv":[9.5,2.5,7.5,2.0],"texture":"#3"},"down":{"uv":[9.5,2.5,7.5,3.0],"texture":"#3"}}},{"from":[8.0,14.5,7.5],"to":[11.0,16.5,8.5],"rotation":{"origin":[10.0,13.5,7.5],"x":0.0,"y":0.0,"z":0.0},"faces":{"north":{"uv":[7.0,4.0,8.5,5.0],"texture":"#3"},"east":{"uv":[6.0,8.0,6.5,9.0],"texture":"#3"},"south":{"uv":[7.0,5.0,8.5,6.0],"texture":"#3"},"west":{"uv":[7.5,8.0,8.0,9.0],"texture":"#3"},"up":{"uv":[9.0,7.5,7.5,7.0],"texture":"#3"},"down":{"uv":[9.0,7.5,7.5,8.0],"texture":"#3"}}},{"from":[9.15,6.5,8.65],"to":[6.85,1.5,7.35],"rotation":{"origin":[7.0,1.5,7.5],"x":0.0,"y":0.0,"z":0.0},"faces":{"north":{"uv":[4.0,6.5,5.0,4.0],"texture":"#3"},"east":{"uv":[7.0,8.5,7.5,6.0],"texture":"#3"},"south":{"uv":[3.0,6.5,4.0,4.0],"texture":"#3"},"west":{"uv":[4.5,9.0,5.0,6.5],"texture":"#3"},"up":{"uv":[8.0,3.0,9.0,3.5],"texture":"#3"},"down":{"uv":[2.5,8.5,3.5,8.0],"texture":"#3"}}}],"textures":{"3":"492aa1c7-a7c3-43c3-9b41-294233576a7e:fd45391d-72f8-4b94-860f-c593586a7bc3","particle":"492aa1c7-a7c3-43c3-9b41-294233576a7e:fd45391d-72f8-4b94-860f-c593586a7bc3"},"gui_light":"front"}