{"display":{"thirdperson_righthand":{"rotation":[40.5,0.0,0.0],"translation":[0.0,1.5,-1.5],"scale":[0.4,0.4,0.4]},"thirdperson_lefthand":{"rotation":[40.5,0.0,0.0],"translation":[0.0,1.5,-1.5],"scale":[0.4,0.4,0.4]},"firstperson_righthand":{"rotation":[0.0,117.0,0.0],"translation":[2.25,2.75,0.0],"scale":[0.36,0.36,0.36]},"firstperson_lefthand":{"rotation":[0.0,117.0,0.0],"translation":[2.25,2.75,0.0],"scale":[0.36,0.36,0.36]},"ground":{"translation":[0.0,1.25,0.0],"scale":[0.3,0.3,0.3]},"gui":{"rotation":[11.75,158.0,0.0],"translation":[0.0,-1.25,0.0],"scale":[0.66,0.66,0.66]},"head":{"scale":[0.0,0.0,0.0]},"fixed":{"rotation":[-90.0,0.0,0.0],"translation":[0.0,0.0,-16.0],"scale":[2.0,2.0,2.0]}},"elements":[{"from":[0.0,4.0,0.0],"to":[16.0,6.0,16.0],"rotation":{"origin":[16.0,4.0,0.0],"x":0.0,"y":0.0,"z":0.0},"faces":{"north":{"uv":[11.0,9.25,15.0,9.75],"texture":"#1"},"east":{"uv":[11.25,3.25,15.25,3.75],"texture":"#1"},"south":{"uv":[11.25,3.75,15.25,4.25],"texture":"#1"},"west":{"uv":[11.25,4.25,15.25,4.75],"texture":"#1"},"up":{"uv":[4.0,4.0,0.0,0.0],"texture":"#1"},"down":{"uv":[4.0,4.0,0.0,8.0],"texture":"#1"}}},{"from":[0.0,0.0,1.0],"to":[2.0,4.0,3.0],"rotation":{"origin":[0.0,0.0,1.0],"x":0.0,"y":0.0,"z":0.0},"faces":{"north":{"uv":[3.5,8.0,4.0,9.0],"texture":"#1"},"east":{"uv":[9.75,11.75,10.25,12.75],"texture":"#1"},"south":{"uv":[10.25,11.75,10.75,12.75],"texture":"#1"},"west":{"uv":[10.75,11.75,11.25,12.75],"texture":"#1"},"up":{"uv":[8.5,13.5,8.0,13.0],"texture":"#1"},"down":{"uv":[9.0,13.0,8.5,13.5],"texture":"#1"}}},{"from":[2.0,1.0,1.5],"to":[15.0,4.0,2.5],"rotation":{"origin":[42.0,0.0,1.5],"x":0.0,"y":0.0,"z":0.0},"faces":{"north":{"uv":[8.0,3.25,11.25,4.0],"texture":"#1"},"east":{"uv":[9.5,12.0,9.75,12.75],"texture":"#1"},"south":{"uv":[8.0,4.0,11.25,4.75],"texture":"#1"},"west":{"uv":[5.5,13.5,5.75,14.25],"texture":"#1"},"up":{"uv":[14.75,2.75,11.5,2.5],"texture":"#1"},"down":{"uv":[14.75,2.75,11.5,3.0],"texture":"#1"}}},{"from":[2.0,1.0,14.5],"to":[15.0,4.0,15.5],"rotation":{"origin":[42.0,0.0,14.5],"x":0.0,"y":0.0,"z":0.0},"faces":{"north":{"uv":[8.0,4.75,11.25,5.5],"texture":"#1"},"east":{"uv":[5.75,13.5,6.0,14.25],"texture":"#1"},"south":{"uv":[8.0,5.5,11.25,6.25],"texture":"#1"},"west":{"uv":[6.0,13.5,6.25,14.25],"texture":"#1"},"up":{"uv":[14.75,3.25,11.5,3.0],"texture":"#1"},"down":{"uv":[9.75,11.75,6.5,12.0],"texture":"#1"}}},{"from":[0.0,0.0,14.0],"to":[2.0,4.0,16.0],"rotation":{"origin":[0.0,0.0,14.0],"x":0.0,"y":0.0,"z":0.0},"faces":{"north":{"uv":[11.25,11.75,11.75,12.75],"texture":"#1"},"east":{"uv":[11.75,11.75,12.25,12.75],"texture":"#1"},"south":{"uv":[6.5,12.0,7.0,13.0],"texture":"#1"},"west":{"uv":[7.0,12.0,7.5,13.0],"texture":"#1"},"up":{"uv":[9.5,13.5,9.0,13.0],"texture":"#1"},"down":{"uv":[13.5,9.75,13.0,10.25],"texture":"#1"}}},{"from":[0.5,1.0,3.0],"to":[1.5,4.0,14.0],"rotation":{"origin":[-0.5,0.0,11.0],"x":0.0,"y":0.0,"z":0.0},"faces":{"north":{"uv":[6.25,13.5,6.5,14.25],"texture":"#1"},"east":{"uv":[6.5,9.75,9.25,10.5],"texture":"#1"},"south":{"uv":[6.5,13.5,6.75,14.25],"texture":"#1"},"west":{"uv":[9.25,9.75,12.0,10.5],"texture":"#1"},"up":{"uv":[1.75,14.5,1.5,11.75],"texture":"#1"},"down":{"uv":[2.0,11.75,1.75,14.5],"texture":"#1"}}},{"from":[0.0,6.0,14.0],"to":[16.0,19.0,16.0],"rotation":{"origin":[44.0,5.0,14.0],"x":0.0,"y":0.0,"z":0.0},"faces":{"north":{"uv":[4.0,0.0,8.0,3.25],"texture":"#1"},"east":{"uv":[0.0,11.75,0.5,15.0],"texture":"#1"},"south":{"uv":[4.0,3.25,8.0,6.5],"texture":"#1"},"west":{"uv":[0.5,11.75,1.0,15.0],"texture":"#1"},"up":{"uv":[15.25,5.25,11.25,4.75],"texture":"#1"},"down":{"uv":[15.25,5.25,11.25,5.75],"texture":"#1"}}},{"from":[0.0,6.0,1.0],"to":[2.0,9.0,3.0],"rotation":{"origin":[2.0,6.0,1.0],"x":0.0,"y":0.0,"z":0.0},"faces":{"north":{"uv":[3.5,9.0,4.0,9.75],"texture":"#1"},"east":{"uv":[10.0,12.75,10.5,13.5],"texture":"#1"},"south":{"uv":[10.5,12.75,11.0,13.5],"texture":"#1"},"west":{"uv":[11.0,12.75,11.5,13.5],"texture":"#1"},"up":{"uv":[13.5,10.75,13.0,10.25],"texture":"#1"},"down":{"uv":[13.5,12.5,13.0,13.0],"texture":"#1"}}},{"from":[-1.0,9.0,0.0],"to":[2.0,11.0,15.0],"rotation":{"origin":[2.0,10.0,1.0],"x":0.0,"y":0.0,"z":0.0},"faces":{"north":{"uv":[12.0,10.75,12.75,11.25],"texture":"#1"},"east":{"uv":[11.25,5.75,15.0,6.25],"texture":"#1"},"south":{"uv":[12.75,10.75,13.5,11.25],"texture":"#1"},"west":{"uv":[6.5,11.25,10.25,11.75],"texture":"#1"},"up":{"uv":[4.25,13.5,3.5,9.75],"texture":"#1"},"down":{"uv":[5.0,9.75,4.25,13.5],"texture":"#1"}}},{"from":[0.5,6.0,3.0],"to":[1.5,9.0,14.0],"rotation":{"origin":[1.5,6.0,3.0],"x":0.0,"y":0.0,"z":0.0},"faces":{"north":{"uv":[6.75,13.5,7.0,14.25],"texture":"#1"},"east":{"uv":[6.5,10.5,9.25,11.25],"texture":"#1"},"south":{"uv":[7.0,13.5,7.25,14.25],"texture":"#1"},"west":{"uv":[9.25,10.5,12.0,11.25],"texture":"#1"},"up":{"uv":[2.25,14.5,2.0,11.75],"texture":"#1"},"down":{"uv":[2.5,11.75,2.25,14.5],"texture":"#1"}}},{"from":[1.0,6.0,1.0],"to":[15.0,8.0,14.0],"rotation":{"origin":[15.0,6.0,1.0],"x":0.0,"y":0.0,"z":0.0},"faces":{"north":{"uv":[0.0,11.25,3.5,11.75],"texture":"#1","tintindex":0},"east":{"uv":[11.5,1.0,14.75,1.5],"texture":"#1","tintindex":0},"south":{"uv":[11.5,0.5,15.0,1.0],"texture":"#1","tintindex":0},"west":{"uv":[11.5,1.5,14.75,2.0],"texture":"#1","tintindex":0},"up":{"uv":[7.5,9.75,4.0,6.5],"texture":"#1","tintindex":0},"down":{"uv":[11.0,6.5,7.5,9.75],"texture":"#1","tintindex":0}}},{"from":[1.0,5.0,13.0],"to":[15.0,18.0,14.0],"rotation":{"origin":[44.0,5.0,13.0],"x":0.0,"y":0.0,"z":0.0},"faces":{"north":{"uv":[0.0,8.0,3.5,11.25],"texture":"#1","tintindex":0},"east":{"uv":[1.0,11.75,1.25,15.0],"texture":"#1","tintindex":0},"south":{"uv":[8.0,0.0,11.5,3.25],"texture":"#1","tintindex":0},"west":{"uv":[1.25,11.75,1.5,15.0],"texture":"#1","tintindex":0},"up":{"uv":[15.0,2.25,11.5,2.0],"texture":"#1","tintindex":0},"down":{"uv":[15.0,2.25,11.5,2.5],"texture":"#1","tintindex":0}}},{"from":[14.0,0.0,14.0],"to":[16.0,4.0,16.0],"rotation":{"origin":[16.0,0.0,14.0],"x":0.0,"y":0.0,"z":0.0},"faces":{"north":{"uv":[7.5,12.0,8.0,13.0],"texture":"#1"},"east":{"uv":[8.0,12.0,8.5,13.0],"texture":"#1"},"south":{"uv":[8.5,12.0,9.0,13.0],"texture":"#1"},"west":{"uv":[9.0,12.0,9.5,13.0],"texture":"#1"},"up":{"uv":[13.5,13.5,13.0,13.0],"texture":"#1"},"down":{"uv":[13.75,11.75,13.25,12.25],"texture":"#1"}}},{"from":[14.0,0.0,1.0],"to":[16.0,4.0,3.0],"rotation":{"origin":[16.0,0.0,1.0],"x":0.0,"y":0.0,"z":0.0},"faces":{"north":{"uv":[12.0,9.75,12.5,10.75],"texture":"#1"},"east":{"uv":[12.25,11.75,12.75,12.75],"texture":"#1"},"south":{"uv":[12.5,9.75,13.0,10.75],"texture":"#1"},"west":{"uv":[9.5,12.75,10.0,13.75],"texture":"#1"},"up":{"uv":[4.0,14.0,3.5,13.5],"texture":"#1"},"down":{"uv":[4.5,13.5,4.0,14.0],"texture":"#1"}}},{"from":[14.5,1.0,3.0],"to":[15.5,4.0,14.0],"rotation":{"origin":[16.5,0.0,11.0],"x":0.0,"y":0.0,"z":0.0},"faces":{"north":{"uv":[7.25,13.5,7.5,14.25],"texture":"#1"},"east":{"uv":[11.0,6.25,13.75,7.0],"texture":"#1"},"south":{"uv":[7.5,13.5,7.75,14.25],"texture":"#1"},"west":{"uv":[11.0,7.0,13.75,7.75],"texture":"#1"},"up":{"uv":[2.75,14.5,2.5,11.75],"texture":"#1"},"down":{"uv":[3.0,11.75,2.75,14.5],"texture":"#1"}}},{"from":[14.5,6.0,3.0],"to":[15.5,9.0,14.0],"rotation":{"origin":[14.5,6.0,3.0],"x":0.0,"y":0.0,"z":0.0},"faces":{"north":{"uv":[7.75,13.5,8.0,14.25],"texture":"#1"},"east":{"uv":[11.0,7.75,13.75,8.5],"texture":"#1"},"south":{"uv":[8.0,13.5,8.25,14.25],"texture":"#1"},"west":{"uv":[11.0,8.5,13.75,9.25],"texture":"#1"},"up":{"uv":[3.0,11.75,3.25,14.5],"texture":"#1"},"down":{"uv":[3.25,11.75,3.5,14.5],"texture":"#1"}}},{"from":[14.0,6.0,1.0],"to":[16.0,9.0,3.0],"rotation":{"origin":[14.0,6.0,1.0],"x":0.0,"y":0.0,"z":0.0},"faces":{"north":{"uv":[11.5,12.75,12.0,13.5],"texture":"#1"},"east":{"uv":[12.75,11.75,13.25,12.5],"texture":"#1"},"south":{"uv":[12.0,12.75,12.5,13.5],"texture":"#1"},"west":{"uv":[12.5,12.75,13.0,13.5],"texture":"#1"},"up":{"uv":[5.0,14.0,4.5,13.5],"texture":"#1"},"down":{"uv":[5.5,13.5,5.0,14.0],"texture":"#1"}}},{"from":[14.0,9.0,0.0],"to":[17.0,11.0,15.0],"rotation":{"origin":[14.0,10.0,1.0],"x":0.0,"y":0.0,"z":0.0},"faces":{"north":{"uv":[6.5,13.0,7.25,13.5],"texture":"#1"},"east":{"uv":[10.25,11.25,14.0,11.75],"texture":"#1"},"south":{"uv":[7.25,13.0,8.0,13.5],"texture":"#1"},"west":{"uv":[11.5,0.0,15.25,0.5],"texture":"#1"},"up":{"uv":[5.75,13.5,5.0,9.75],"texture":"#1"},"down":{"uv":[6.5,9.75,5.75,13.5],"texture":"#1"}}}],"textures":{"1":"492aa1c7-a7c3-43c3-9b41-294233576a7e:bac3a4a9-d514-40db-a7bb-d17fc8fd0c40","particle":"492aa1c7-a7c3-43c3-9b41-294233576a7e:bac3a4a9-d514-40db-a7bb-d17fc8fd0c40"},"gui_light":"front"}