{"providers":[{"type":"bitmap","file":"970bdfee-e781-4bc9-9116-c27c0c85c46b:8b6cee14-8e32-45b8-b8de-a173cebb88bf.png","height":114,"ascent":13,"chars":["ꑅ"]},{"type":"bitmap","file":"970bdfee-e781-4bc9-9116-c27c0c85c46b:59c33679-75c1-4950-965c-a2398b4b9022.png","ascent":8,"chars":["꒚"]},{"type":"bitmap","file":"970bdfee-e781-4bc9-9116-c27c0c85c46b:7531a00b-1a99-4635-988a-ac9a784274bd.png","ascent":8,"chars":["ꓯ"]},{"type":"bitmap","file":"970bdfee-e781-4bc9-9116-c27c0c85c46b:cc77dbe9-0170-4112-9a6d-2e92636e160f.png","ascent":8,"chars":["꒽"]},{"type":"bitmap","file":"970bdfee-e781-4bc9-9116-c27c0c85c46b:3e3e2995-7f06-4aff-8736-1d3b360878e9.png","ascent":8,"chars":["ꒈ"]},{"type":"bitmap","file":"970bdfee-e781-4bc9-9116-c27c0c85c46b:ffe84887-36fe-40b7-bb22-4e82ae8259ba.png","ascent":8,"chars":["ꔳ"]},{"type":"bitmap","file":"970bdfee-e781-4bc9-9116-c27c0c85c46b:e60618cd-9888-4209-bf4b-2fc040fa036b.png","ascent":8,"chars":["ꔜ"]},{"type":"bitmap","file":"970bdfee-e781-4bc9-9116-c27c0c85c46b:a92bb984-49b8-4a96-935b-548751d3b094.png","ascent":8,"chars":["꓿"]},{"type":"bitmap","file":"970bdfee-e781-4bc9-9116-c27c0c85c46b:4776685e-5503-4862-9eaa-05fa106782ff.png","ascent":8,"chars":["ꒅ"]},{"type":"bitmap","file":"970bdfee-e781-4bc9-9116-c27c0c85c46b:36cfc9d4-1665-42a1-8f74-3a364f2b0441.png","ascent":8,"chars":["꒝"]},{"type":"bitmap","file":"970bdfee-e781-4bc9-9116-c27c0c85c46b:a2f5e708-8c0f-4271-87fe-ab7877acc9e2.png","ascent":8,"chars":["ꔁ"]},{"type":"bitmap","file":"970bdfee-e781-4bc9-9116-c27c0c85c46b:5bed0f2d-16ea-46ab-bb72-3cb790e333c6.png","ascent":8,"chars":["ꓢ"]},{"type":"bitmap","file":"970bdfee-e781-4bc9-9116-c27c0c85c46b:28f63a4f-c90c-4d6a-8f6b-47ad0e00f997.png","ascent":8,"chars":["꓾"]},{"type":"bitmap","file":"970bdfee-e781-4bc9-9116-c27c0c85c46b:5f3e8cc9-8b80-4760-98e9-c6b80cb08d38.png","height":256,"ascent":37,"chars":["ꐛ"]},{"type":"bitmap","file":"970bdfee-e781-4bc9-9116-c27c0c85c46b:da2d837b-15da-426e-bf2e-8cb3c20b22cb.png","height":114,"ascent":13,"chars":["ꑌ"]},{"type":"bitmap","file":"970bdfee-e781-4bc9-9116-c27c0c85c46b:dc44c448-56e5-443f-8dc1-3db78d535a69.png","ascent":8,"chars":["ꒄ"]},{"type":"bitmap","file":"970bdfee-e781-4bc9-9116-c27c0c85c46b:f632470c-a35f-4205-a846-160f67ac70c5.png","ascent":8,"chars":["ꓸ"]},{"type":"bitmap","file":"970bdfee-e781-4bc9-9116-c27c0c85c46b:c2e1e3ac-fe3f-4d8b-b7d9-41d4e305a3ed.png","ascent":8,"chars":["꓊"]},{"type":"bitmap","file":"970bdfee-e781-4bc9-9116-c27c0c85c46b:75afa3bc-3afd-4db7-9b5b-bfaeba67eacd.png","ascent":8,"chars":["꓇"]},{"type":"bitmap","file":"970bdfee-e781-4bc9-9116-c27c0c85c46b:a35e9dc1-113c-4194-9c32-d386d4ea3d48.png","ascent":8,"chars":["ꒉ"]},{"type":"bitmap","file":"970bdfee-e781-4bc9-9116-c27c0c85c46b:d3f1c677-9c17-4a9a-8b50-488ee381aad9.png","ascent":8,"chars":["꒜"]},{"type":"bitmap","file":"970bdfee-e781-4bc9-9116-c27c0c85c46b:2ed1fb80-6a7f-44e0-b6bc-18a7d214e59d.png","ascent":8,"chars":["ꕆ"]},{"type":"bitmap","file":"970bdfee-e781-4bc9-9116-c27c0c85c46b:5106dad1-be9c-4651-9ff6-9a256398ec03.png","ascent":8,"chars":["ꔬ"]},{"type":"bitmap","file":"970bdfee-e781-4bc9-9116-c27c0c85c46b:a40de5fc-d30f-4010-92ba-643d983730b5.png","ascent":8,"chars":["ꔆ"]},{"type":"bitmap","file":"970bdfee-e781-4bc9-9116-c27c0c85c46b:f1cd07fc-86f1-44f3-a191-80cf0cecd6ba.png","ascent":8,"chars":["ꔭ"]},{"type":"bitmap","file":"970bdfee-e781-4bc9-9116-c27c0c85c46b:c64edbff-f599-4368-99d5-13abbb7e803e.png","ascent":8,"chars":["ꔒ"]},{"type":"bitmap","file":"970bdfee-e781-4bc9-9116-c27c0c85c46b:f719ead7-ae7d-494c-a738-aabf619071be.png","ascent":8,"chars":["ꓡ"]},{"type":"bitmap","file":"970bdfee-e781-4bc9-9116-c27c0c85c46b:74a6291d-9670-4bdf-b84c-939e54b900bd.png","ascent":8,"chars":["ꓨ"]},{"type":"bitmap","file":"970bdfee-e781-4bc9-9116-c27c0c85c46b:8b0aea47-35b4-438d-85cb-baa54f17443c.png","ascent":8,"chars":["ꔵ"]},{"type":"bitmap","file":"970bdfee-e781-4bc9-9116-c27c0c85c46b:e5f2f3d5-1e90-491a-8194-f3548c803fdb.png","ascent":8,"chars":["꒖"]},{"type":"bitmap","file":"970bdfee-e781-4bc9-9116-c27c0c85c46b:9bcb8c45-109b-4425-9c9b-0dae965b50a4.png","ascent":8,"chars":["꒒"]},{"type":"bitmap","file":"970bdfee-e781-4bc9-9116-c27c0c85c46b:2c9cc5d2-8f89-47c5-9f69-aba23b6838b3.png","ascent":8,"chars":["ꕂ"]},{"type":"bitmap","file":"970bdfee-e781-4bc9-9116-c27c0c85c46b:1330a7cb-42cd-4a06-89b5-e89ba24dfe99.png","ascent":8,"chars":["ꓖ"]},{"type":"bitmap","file":"970bdfee-e781-4bc9-9116-c27c0c85c46b:b962bf56-7ae2-4f26-a15b-fb0637f64e2f.png","ascent":8,"chars":["ꕈ"]},{"type":"bitmap","file":"970bdfee-e781-4bc9-9116-c27c0c85c46b:85788e0b-bf4c-4b6b-9cb2-bdbc2a0c55d3.png","ascent":8,"chars":["꒼"]},{"type":"bitmap","file":"970bdfee-e781-4bc9-9116-c27c0c85c46b:821f3d74-865e-4ee4-b481-e5af2c96fb64.png","ascent":8,"chars":["ꔼ"]},{"type":"bitmap","file":"970bdfee-e781-4bc9-9116-c27c0c85c46b:b31f0b93-b834-4a3a-88b8-60daa0daf608.png","ascent":8,"chars":["ꔑ"]},{"type":"bitmap","file":"970bdfee-e781-4bc9-9116-c27c0c85c46b:42681970-390a-4763-beae-2f3da2f4b7b8.png","ascent":8,"chars":["ꐫ"]},{"type":"bitmap","file":"970bdfee-e781-4bc9-9116-c27c0c85c46b:6e0e06d9-2edc-4d8e-8bad-5baba4f680f5.png","ascent":8,"chars":["ꔮ"]},{"type":"bitmap","file":"970bdfee-e781-4bc9-9116-c27c0c85c46b:7b1dd528-469d-40b3-9300-f63677c75dfe.png","ascent":8,"chars":["ꓱ"]},{"type":"bitmap","file":"970bdfee-e781-4bc9-9116-c27c0c85c46b:51892540-0471-4191-b93c-a36274a98cde.png","ascent":8,"chars":["꓃"]},{"type":"bitmap","file":"970bdfee-e781-4bc9-9116-c27c0c85c46b:dda63896-72b7-4fb1-a70e-1f59dbb50ed8.png","ascent":8,"chars":["ꓑ"]},{"type":"bitmap","file":"970bdfee-e781-4bc9-9116-c27c0c85c46b:6ad463b2-2198-48ea-841e-851bb016bdd7.png","ascent":8,"chars":["꓈"]},{"type":"bitmap","file":"970bdfee-e781-4bc9-9116-c27c0c85c46b:ce208313-b41e-4793-83db-971766362ab6.png","height":114,"ascent":13,"chars":["ꑄ"]},{"type":"bitmap","file":"970bdfee-e781-4bc9-9116-c27c0c85c46b:c47e9eab-68d9-4301-97b9-a20d4e482242.png","ascent":8,"chars":["ꓠ"]},{"type":"bitmap","file":"970bdfee-e781-4bc9-9116-c27c0c85c46b:14973b8a-9cff-453b-9637-517c285b6884.png","ascent":8,"chars":["ꔾ"]},{"type":"bitmap","file":"970bdfee-e781-4bc9-9116-c27c0c85c46b:909fbc0c-ffe0-45f5-8f8f-d7f4f5550a93.png","ascent":8,"chars":["ꒊ"]},{"type":"bitmap","file":"970bdfee-e781-4bc9-9116-c27c0c85c46b:25953fb8-e83e-4d02-9712-fd799e318201.png","ascent":8,"chars":["꒺"]},{"type":"bitmap","file":"970bdfee-e781-4bc9-9116-c27c0c85c46b:5cc9b2b2-06ea-410a-afb2-f7bb67f8547a.png","ascent":8,"chars":["꓆"]},{"type":"bitmap","file":"970bdfee-e781-4bc9-9116-c27c0c85c46b:5f2d3b66-5e59-41fd-b5ba-f13e7984b74d.png","ascent":8,"chars":["ꔿ"]},{"type":"bitmap","file":"970bdfee-e781-4bc9-9116-c27c0c85c46b:75ad1233-24d4-459b-b10a-33ee31d47b32.png","ascent":8,"chars":["ꓣ"]},{"type":"bitmap","file":"970bdfee-e781-4bc9-9116-c27c0c85c46b:3192597f-86a0-48bc-96f3-189e27db7a0d.png","ascent":8,"chars":["꒪"]},{"type":"bitmap","file":"970bdfee-e781-4bc9-9116-c27c0c85c46b:3dfcfdc5-914a-4181-a795-5eaf3b817210.png","ascent":8,"chars":["ꑺ"]},{"type":"bitmap","file":"970bdfee-e781-4bc9-9116-c27c0c85c46b:024a4f7b-d846-4bff-a748-52b7de612e41.png","ascent":8,"chars":["ꔌ"]},{"type":"bitmap","file":"970bdfee-e781-4bc9-9116-c27c0c85c46b:7f6f0bd6-3757-4c2f-bdfc-5524cbb11e9b.png","ascent":8,"chars":["ꔷ"]},{"type":"bitmap","file":"970bdfee-e781-4bc9-9116-c27c0c85c46b:6b2e3e2b-5d4f-43a7-bc61-03d5f98a8461.png","ascent":8,"chars":["ꒀ"]},{"type":"bitmap","file":"970bdfee-e781-4bc9-9116-c27c0c85c46b:2eb41c97-a743-4b82-87ee-96bd376d7e5e.png","ascent":8,"chars":["ꓜ"]},{"type":"bitmap","file":"970bdfee-e781-4bc9-9116-c27c0c85c46b:2aec7814-9e03-487c-9854-7f08792c326f.png","ascent":8,"chars":["ꐵ"]},{"type":"bitmap","file":"970bdfee-e781-4bc9-9116-c27c0c85c46b:ba2b4d17-83cf-469f-bb37-f5830980ca82.png","height":114,"ascent":13,"chars":["ꑊ"]},{"type":"bitmap","file":"970bdfee-e781-4bc9-9116-c27c0c85c46b:79b704c2-38d7-4a87-bf91-7519763eb094.png","ascent":8,"chars":["ꓝ"]},{"type":"bitmap","file":"970bdfee-e781-4bc9-9116-c27c0c85c46b:b04a677b-adac-43fd-b547-635629243bb4.png","ascent":8,"chars":["ꔘ"]},{"type":"bitmap","file":"970bdfee-e781-4bc9-9116-c27c0c85c46b:9cd06b67-4622-44dc-821d-ae46578a7c8d.png","ascent":8,"chars":["꓂"]},{"type":"bitmap","file":"970bdfee-e781-4bc9-9116-c27c0c85c46b:c3fd338e-172e-401b-994b-4b4e0058fb78.png","ascent":8,"chars":["꒨"]},{"type":"bitmap","file":"970bdfee-e781-4bc9-9116-c27c0c85c46b:de633d29-40ab-40d6-aba2-fee81512f5b7.png","ascent":8,"chars":["꒦"]},{"type":"bitmap","file":"970bdfee-e781-4bc9-9116-c27c0c85c46b:d5ff63bf-662d-4eea-ae82-1add345110cd.png","ascent":8,"chars":["꒤"]},{"type":"bitmap","file":"970bdfee-e781-4bc9-9116-c27c0c85c46b:329dcd88-6008-4dc0-aa92-b941f3fedff2.png","ascent":8,"chars":["ꐮ"]},{"type":"bitmap","file":"970bdfee-e781-4bc9-9116-c27c0c85c46b:7743af0e-f554-40a8-bdbd-5d63f55d4363.png","ascent":8,"chars":["꒞"]},{"type":"bitmap","file":"970bdfee-e781-4bc9-9116-c27c0c85c46b:b760e322-0914-4b4a-b67d-dee3badb4037.png","ascent":8,"chars":["ꔇ"]},{"type":"bitmap","file":"970bdfee-e781-4bc9-9116-c27c0c85c46b:8feedff7-edae-475f-9b58-71f5f7b99c07.png","ascent":8,"chars":["ꓕ"]},{"type":"bitmap","file":"970bdfee-e781-4bc9-9116-c27c0c85c46b:bb9bf7c6-2486-4d6d-9191-42aaf29dc798.png","ascent":8,"chars":["ꑽ"]},{"type":"bitmap","file":"970bdfee-e781-4bc9-9116-c27c0c85c46b:55fb6ffc-48d3-420f-acdb-081b072efbc7.png","ascent":8,"chars":["ꔻ"]},{"type":"bitmap","file":"970bdfee-e781-4bc9-9116-c27c0c85c46b:766495d0-2f5f-473a-918a-de9b0212a4dc.png","ascent":8,"chars":["ꔸ"]},{"type":"bitmap","file":"970bdfee-e781-4bc9-9116-c27c0c85c46b:19d0e7a8-c202-4048-9578-4bcb053cb6ae.png","ascent":8,"chars":["ꕇ"]},{"type":"bitmap","file":"970bdfee-e781-4bc9-9116-c27c0c85c46b:8783c2b5-b8bc-4eb6-97a7-588fd1e5959c.png","ascent":8,"chars":["ꔧ"]},{"type":"bitmap","file":"970bdfee-e781-4bc9-9116-c27c0c85c46b:0ed096af-48a1-4437-b845-6b6b4e7b14d3.png","ascent":8,"chars":["ꓷ"]},{"type":"bitmap","file":"970bdfee-e781-4bc9-9116-c27c0c85c46b:9ccbbc64-7cb4-4c30-9295-99e85c022389.png","ascent":8,"chars":["ꕄ"]},{"type":"bitmap","file":"970bdfee-e781-4bc9-9116-c27c0c85c46b:f1553af0-8d57-4ebb-90a3-ee4315cef40f.png","ascent":8,"chars":["ꑴ"]},{"type":"bitmap","file":"970bdfee-e781-4bc9-9116-c27c0c85c46b:596e1d44-37ed-46ff-a0a1-b2de7de9d98a.png","ascent":8,"chars":["꓅"]},{"type":"bitmap","file":"970bdfee-e781-4bc9-9116-c27c0c85c46b:c5c843d0-cd14-4df2-ac43-7faf10e176ae.png","ascent":8,"chars":["ꔱ"]},{"type":"bitmap","file":"970bdfee-e781-4bc9-9116-c27c0c85c46b:860a5103-7428-40d4-8c20-a8f861317843.png","ascent":8,"chars":["ꐧ"]},{"type":"bitmap","file":"970bdfee-e781-4bc9-9116-c27c0c85c46b:5739c4e6-aa54-4b5f-ada5-2e5b3e7fe32c.png","ascent":8,"chars":["꓍"]},{"type":"bitmap","file":"970bdfee-e781-4bc9-9116-c27c0c85c46b:7eae756e-8ac5-450c-bc32-9201a91d1bb5.png","ascent":8,"chars":["ꓞ"]},{"type":"bitmap","file":"970bdfee-e781-4bc9-9116-c27c0c85c46b:7bd42a2b-bb3a-452d-a7b8-4e87dba58ccb.png","ascent":8,"chars":["ꑷ"]},{"type":"bitmap","file":"970bdfee-e781-4bc9-9116-c27c0c85c46b:cdb4954b-ec01-419a-809f-fbb06b5d822f.png","ascent":8,"chars":["ꓴ"]},{"type":"bitmap","file":"970bdfee-e781-4bc9-9116-c27c0c85c46b:da724bf8-8eb3-4c1f-8d04-64120e5dbca3.png","ascent":8,"chars":["ꔝ"]},{"type":"bitmap","file":"970bdfee-e781-4bc9-9116-c27c0c85c46b:c276e607-d4d3-4423-ab45-812976231971.png","ascent":8,"chars":["꒔"]},{"type":"bitmap","file":"970bdfee-e781-4bc9-9116-c27c0c85c46b:a14ffeb9-b1b7-4ea1-a2ba-3ed144b5002d.png","ascent":8,"chars":["ꐴ"]},{"type":"bitmap","file":"970bdfee-e781-4bc9-9116-c27c0c85c46b:45bb52b7-084c-44ff-8720-0184712a0f74.png","ascent":8,"chars":["꒕"]},{"type":"bitmap","file":"970bdfee-e781-4bc9-9116-c27c0c85c46b:534d9ea1-d908-4df5-a0e8-864143a8232d.png","ascent":8,"chars":["ꔞ"]},{"type":"bitmap","file":"970bdfee-e781-4bc9-9116-c27c0c85c46b:4a875dcb-9dce-4674-bc21-31cdaf908554.png","ascent":8,"chars":["ꕃ"]},{"type":"bitmap","file":"970bdfee-e781-4bc9-9116-c27c0c85c46b:7503856f-408e-454f-86c3-b3fcde40173a.png","ascent":8,"chars":["ꔺ"]},{"type":"bitmap","file":"970bdfee-e781-4bc9-9116-c27c0c85c46b:8f81d99b-e4b8-4120-bdca-abe1651282ea.png","ascent":8,"chars":["ꕅ"]},{"type":"bitmap","file":"970bdfee-e781-4bc9-9116-c27c0c85c46b:8eeafe09-1dcd-4d60-a02a-6cec7aa88e85.png","ascent":8,"chars":["ꑹ"]},{"type":"bitmap","file":"970bdfee-e781-4bc9-9116-c27c0c85c46b:8b87b398-b013-4a48-9b43-c0259b574475.png","ascent":8,"chars":["꒐"]},{"type":"bitmap","file":"970bdfee-e781-4bc9-9116-c27c0c85c46b:a7709d2f-dc1f-4068-bb92-b210f4f87684.png","ascent":8,"chars":["ꑵ"]},{"type":"bitmap","file":"970bdfee-e781-4bc9-9116-c27c0c85c46b:aa5942d0-7174-4c59-822e-8bd577dabf29.png","ascent":8,"chars":["꒰"]},{"type":"bitmap","file":"970bdfee-e781-4bc9-9116-c27c0c85c46b:e42fb6a9-f677-4812-824a-1b78705beaf3.png","ascent":8,"chars":["꒧"]},{"type":"bitmap","file":"970bdfee-e781-4bc9-9116-c27c0c85c46b:3e56d8ee-72db-4b22-af2f-36c80bd4d249.png","ascent":8,"chars":["ꓟ"]},{"type":"bitmap","file":"970bdfee-e781-4bc9-9116-c27c0c85c46b:f45df02e-eb14-4d0c-93f6-e3773d05f16a.png","ascent":8,"chars":["ꔋ"]},{"type":"bitmap","file":"970bdfee-e781-4bc9-9116-c27c0c85c46b:78162c2a-7cb9-4816-8ea4-bffd41d8f687.png","ascent":8,"chars":["ꓩ"]},{"type":"bitmap","file":"970bdfee-e781-4bc9-9116-c27c0c85c46b:169b8c74-e025-41d7-ad91-9e5a7e0e81c9.png","ascent":8,"chars":["ꓥ"]},{"type":"bitmap","file":"970bdfee-e781-4bc9-9116-c27c0c85c46b:de7fda06-9db8-4b81-bf34-6aad6228b9cf.png","ascent":8,"chars":["ꓫ"]},{"type":"bitmap","file":"970bdfee-e781-4bc9-9116-c27c0c85c46b:54f9f5d9-39bc-4e8a-9c35-6dad40bd7767.png","ascent":8,"chars":["ꒌ"]},{"type":"bitmap","file":"970bdfee-e781-4bc9-9116-c27c0c85c46b:7f50bc4c-a5ed-4168-a72a-9046158bc005.png","ascent":8,"chars":["꒎"]},{"type":"bitmap","file":"970bdfee-e781-4bc9-9116-c27c0c85c46b:c99b314e-1f3d-4302-9df6-324687f2bfd7.png","ascent":8,"chars":["ꔎ"]},{"type":"bitmap","file":"970bdfee-e781-4bc9-9116-c27c0c85c46b:c4ea8572-5b5c-4588-b95d-39c1d6f0d3b0.png","ascent":8,"chars":["ꓐ"]},{"type":"bitmap","file":"970bdfee-e781-4bc9-9116-c27c0c85c46b:3422af07-e015-43e3-8ee7-cf2ce4bc5c4f.png","ascent":8,"chars":["ꓮ"]},{"type":"bitmap","file":"970bdfee-e781-4bc9-9116-c27c0c85c46b:6458fee2-2c32-4be7-b89a-177a6639a93a.png","ascent":8,"chars":["꒵"]},{"type":"bitmap","file":"970bdfee-e781-4bc9-9116-c27c0c85c46b:38b7dff7-d2e3-4637-ac88-818240f5ce86.png","ascent":8,"chars":["ꑿ"]},{"type":"bitmap","file":"970bdfee-e781-4bc9-9116-c27c0c85c46b:a7f54484-0f5a-4379-9710-3839fb5e28be.png","ascent":8,"chars":["ꐳ"]},{"type":"bitmap","file":"970bdfee-e781-4bc9-9116-c27c0c85c46b:a12f1416-c8f9-4550-b5e8-3d6d97efa39b.png","ascent":8,"chars":["ꔈ"]},{"type":"bitmap","file":"970bdfee-e781-4bc9-9116-c27c0c85c46b:1e17b9a5-30ae-43ef-9ce4-c9691d2024d2.png","ascent":8,"chars":["ꔦ"]},{"type":"bitmap","file":"970bdfee-e781-4bc9-9116-c27c0c85c46b:acf28b12-eb47-4650-8278-8728af22f0f0.png","ascent":8,"chars":["ꓳ"]},{"type":"bitmap","file":"970bdfee-e781-4bc9-9116-c27c0c85c46b:df02bfb2-6bb3-4402-9015-6c4d99052c49.png","ascent":8,"chars":["ꔛ"]},{"type":"bitmap","file":"970bdfee-e781-4bc9-9116-c27c0c85c46b:c30a1fea-b159-47aa-85cf-a560b1fe6f6d.png","ascent":8,"chars":["ꔤ"]},{"type":"bitmap","file":"970bdfee-e781-4bc9-9116-c27c0c85c46b:88846f76-ef0a-47e0-a707-8507f9ee7629.png","ascent":8,"chars":["꓋"]},{"type":"bitmap","file":"970bdfee-e781-4bc9-9116-c27c0c85c46b:afd1301d-1647-4d9d-9b29-06ad7540894f.png","ascent":8,"chars":["ꔗ"]},{"type":"bitmap","file":"970bdfee-e781-4bc9-9116-c27c0c85c46b:e897c216-560c-4cf8-b8f8-6af7c6e71a7b.png","ascent":8,"chars":["꒹"]},{"type":"bitmap","file":"970bdfee-e781-4bc9-9116-c27c0c85c46b:1dc4668c-7920-4454-bae2-c65dec2c50f1.png","ascent":8,"chars":["ꓹ"]},{"type":"bitmap","file":"970bdfee-e781-4bc9-9116-c27c0c85c46b:1ec9f801-2839-4664-b376-5640e00c2e8b.png","ascent":8,"chars":["ꒇ"]},{"type":"bitmap","file":"970bdfee-e781-4bc9-9116-c27c0c85c46b:3b776d7d-d832-4326-ab63-2865692dd4ff.png","ascent":8,"chars":["꒿"]},{"type":"bitmap","file":"970bdfee-e781-4bc9-9116-c27c0c85c46b:d155f04b-9f59-4b09-8fc6-8317c97fc861.png","ascent":8,"chars":["ꓤ"]},{"type":"bitmap","file":"970bdfee-e781-4bc9-9116-c27c0c85c46b:8623de0d-c3da-47a4-ad41-a04b4f681bc4.png","ascent":8,"chars":["ꐡ"]},{"type":"bitmap","file":"970bdfee-e781-4bc9-9116-c27c0c85c46b:a26b743a-11b5-4b6a-b509-c9295977b519.png","ascent":8,"chars":["ꐢ"]},{"type":"bitmap","file":"970bdfee-e781-4bc9-9116-c27c0c85c46b:2c2b3785-3e39-4782-af2d-a7b2af294813.png","ascent":8,"chars":["ꔂ"]},{"type":"bitmap","file":"970bdfee-e781-4bc9-9116-c27c0c85c46b:ea0f2c11-9d1c-4e61-9515-4a6454103048.png","ascent":8,"chars":["ꓪ"]},{"type":"bitmap","file":"970bdfee-e781-4bc9-9116-c27c0c85c46b:41fd2a15-500f-43a9-a87a-3050dd24ad5a.png","ascent":8,"chars":["ꐰ"]},{"type":"bitmap","file":"970bdfee-e781-4bc9-9116-c27c0c85c46b:37c35a7d-bf45-428a-ade2-14f2bcbadbd1.png","ascent":8,"chars":["ꓒ"]},{"type":"bitmap","file":"970bdfee-e781-4bc9-9116-c27c0c85c46b:9c724d00-d175-46ad-80c9-26c4e87cc5ce.png","ascent":8,"chars":["꒛"]},{"type":"bitmap","file":"970bdfee-e781-4bc9-9116-c27c0c85c46b:8561000a-5d87-444d-a5dd-7874bb09c6ed.png","ascent":8,"chars":["꒶"]},{"type":"bitmap","file":"970bdfee-e781-4bc9-9116-c27c0c85c46b:43f51488-a3ff-4356-8086-fc94092d80bc.png","ascent":8,"chars":["ꓭ"]},{"type":"bitmap","file":"970bdfee-e781-4bc9-9116-c27c0c85c46b:235688e5-846a-40fd-8f04-0cbf7bdc4bf1.png","ascent":8,"chars":["ꔴ"]},{"type":"bitmap","file":"970bdfee-e781-4bc9-9116-c27c0c85c46b:1f756891-f24f-45f9-9428-2452a3f54264.png","ascent":8,"chars":["ꔢ"]},{"type":"bitmap","file":"970bdfee-e781-4bc9-9116-c27c0c85c46b:c63d8413-34bb-4617-8d23-419425956ac5.png","height":114,"ascent":13,"chars":["ꑋ"]},{"type":"bitmap","file":"970bdfee-e781-4bc9-9116-c27c0c85c46b:283dc110-72bb-4d2a-a258-13aee14da8de.png","ascent":8,"chars":["ꔡ"]},{"type":"bitmap","file":"970bdfee-e781-4bc9-9116-c27c0c85c46b:7d621b32-2d5e-48df-af92-107a9bd6bee0.png","ascent":8,"chars":["ꑻ"]},{"type":"bitmap","file":"970bdfee-e781-4bc9-9116-c27c0c85c46b:eb676fb0-945b-473f-a31d-d1bc69e06bd0.png","height":114,"ascent":13,"chars":["ꑆ"]},{"type":"bitmap","file":"970bdfee-e781-4bc9-9116-c27c0c85c46b:ad1c004a-5627-4c05-b7e4-552a0fc0dbcd.png","ascent":8,"chars":["ꒁ"]},{"type":"bitmap","file":"970bdfee-e781-4bc9-9116-c27c0c85c46b:d7e088c4-244c-4780-8ab2-67fa36888284.png","ascent":8,"chars":["ꒆ"]},{"type":"bitmap","file":"970bdfee-e781-4bc9-9116-c27c0c85c46b:32d5be56-b544-487f-927d-04b471ddfff9.png","ascent":8,"chars":["ꔕ"]},{"type":"bitmap","file":"970bdfee-e781-4bc9-9116-c27c0c85c46b:833bf7b5-0b37-400c-84f4-082a3346f45d.png","ascent":8,"chars":["ꔩ"]},{"type":"bitmap","file":"970bdfee-e781-4bc9-9116-c27c0c85c46b:3d1cdfee-7d4d-494f-88e4-302e08c03de5.png","ascent":8,"chars":["ꔠ"]},{"type":"bitmap","file":"970bdfee-e781-4bc9-9116-c27c0c85c46b:ccf872fa-39d6-4845-8af6-f83c54b4bd36.png","ascent":8,"chars":["ꒃ"]},{"type":"bitmap","file":"970bdfee-e781-4bc9-9116-c27c0c85c46b:af562255-81e3-47b1-bae8-69af60f7d910.png","ascent":8,"chars":["꒾"]},{"type":"bitmap","file":"970bdfee-e781-4bc9-9116-c27c0c85c46b:ce208313-b41e-4793-83db-971766362ab6.png","height":114,"ascent":13,"chars":["ꑮ"]},{"type":"bitmap","file":"970bdfee-e781-4bc9-9116-c27c0c85c46b:af1578f4-c302-48b8-b636-4484bcfa1414.png","ascent":8,"chars":["ꐠ"]},{"type":"bitmap","file":"970bdfee-e781-4bc9-9116-c27c0c85c46b:e4bc1191-6225-4f8c-9ca8-086faaa0989a.png","ascent":8,"chars":["ꐣ"]},{"type":"bitmap","file":"970bdfee-e781-4bc9-9116-c27c0c85c46b:4e07c5d8-6c7e-4371-b4b7-a8402bbd18cf.png","ascent":8,"chars":["꒑"]},{"type":"bitmap","file":"970bdfee-e781-4bc9-9116-c27c0c85c46b:31f60d4b-96a3-4502-8e50-493af72a0df9.png","ascent":8,"chars":["꒱"]},{"type":"bitmap","file":"970bdfee-e781-4bc9-9116-c27c0c85c46b:45bb20af-db88-4fe5-8220-40ebb71b1cf5.png","ascent":8,"chars":["꒲"]},{"type":"bitmap","file":"970bdfee-e781-4bc9-9116-c27c0c85c46b:1a8d521e-ede7-4847-9a19-575f15cbcd99.png","ascent":8,"chars":["ꔃ"]},{"type":"bitmap","file":"970bdfee-e781-4bc9-9116-c27c0c85c46b:313e465e-c406-444b-9497-682698dfc105.png","ascent":8,"chars":["ꐤ"]},{"type":"bitmap","file":"970bdfee-e781-4bc9-9116-c27c0c85c46b:a41aec9a-2274-4e4d-8b9e-1f3d8b437318.png","ascent":8,"chars":["ꓬ"]},{"type":"bitmap","file":"970bdfee-e781-4bc9-9116-c27c0c85c46b:29b9c376-9156-4cea-803a-f88129d70392.png","ascent":8,"chars":["ꑸ"]},{"type":"bitmap","file":"970bdfee-e781-4bc9-9116-c27c0c85c46b:19430342-90c7-42eb-be94-3671c95f2f0c.png","ascent":8,"chars":["ꑰ"]},{"type":"bitmap","file":"970bdfee-e781-4bc9-9116-c27c0c85c46b:ea3ac22d-50ad-43fb-a81e-c06385eb2d6e.png","ascent":8,"chars":["ꔄ"]},{"type":"bitmap","file":"970bdfee-e781-4bc9-9116-c27c0c85c46b:3c8d3c64-11ab-4578-b2a9-1e5c04d74e7e.png","ascent":8,"chars":["꓀"]},{"type":"bitmap","file":"970bdfee-e781-4bc9-9116-c27c0c85c46b:f4b700f4-6170-4cf0-bc30-58208db4392c.png","ascent":8,"chars":["꓁"]},{"type":"bitmap","file":"970bdfee-e781-4bc9-9116-c27c0c85c46b:7ba72d02-9655-4f6e-9e83-6ef7a3cf0ed6.png","ascent":8,"chars":["꒗"]},{"type":"bitmap","file":"970bdfee-e781-4bc9-9116-c27c0c85c46b:5125c6e6-a816-441f-8972-52bfe2e2e10d.png","ascent":8,"chars":["ꐦ"]},{"type":"bitmap","file":"970bdfee-e781-4bc9-9116-c27c0c85c46b:55b7d3e8-8d51-4cd2-8961-e361902dd155.png","ascent":8,"chars":["ꔖ"]},{"type":"bitmap","file":"970bdfee-e781-4bc9-9116-c27c0c85c46b:a3be0967-6cef-44f3-a634-62024fbf04a3.png","ascent":8,"chars":["ꑳ"]},{"type":"bitmap","file":"970bdfee-e781-4bc9-9116-c27c0c85c46b:ec7570bf-a15d-417e-b117-72860327a3f3.png","ascent":8,"chars":["꒣"]},{"type":"bitmap","file":"970bdfee-e781-4bc9-9116-c27c0c85c46b:63a52792-8200-445d-88de-f88853fc36ab.png","ascent":8,"chars":["꒯"]},{"type":"bitmap","file":"970bdfee-e781-4bc9-9116-c27c0c85c46b:b3447ed1-f130-4e4a-8da5-5b6ac653a7d3.png","ascent":8,"chars":["ꔏ"]},{"type":"bitmap","file":"970bdfee-e781-4bc9-9116-c27c0c85c46b:a4370b1a-8cb9-4ca3-9aa8-5952fb1fec66.png","ascent":8,"chars":["ꓰ"]},{"type":"bitmap","file":"970bdfee-e781-4bc9-9116-c27c0c85c46b:1c0d5676-1074-4c42-a3e0-9e78212bb1aa.png","ascent":8,"chars":["ꓘ"]},{"type":"bitmap","file":"970bdfee-e781-4bc9-9116-c27c0c85c46b:837fefe0-e4e6-4129-ac5e-3ce39f897ead.png","ascent":8,"chars":["꒠"]},{"type":"bitmap","file":"970bdfee-e781-4bc9-9116-c27c0c85c46b:c30fb73f-fa8a-4a92-bc13-d6112f6ab831.png","height":133,"ascent":13,"chars":["ꑭ"]},{"type":"bitmap","file":"970bdfee-e781-4bc9-9116-c27c0c85c46b:178bdf9a-5cc2-4533-b20e-1bd2cec19642.png","ascent":8,"chars":["ꓶ"]},{"type":"bitmap","file":"970bdfee-e781-4bc9-9116-c27c0c85c46b:6b3d31ba-ac65-4656-b67f-785bf86dc913.png","ascent":8,"chars":["ꓛ"]},{"type":"bitmap","file":"970bdfee-e781-4bc9-9116-c27c0c85c46b:10e426b3-8614-4c1a-a667-9af0ec96aede.png","ascent":8,"chars":["꒳"]},{"type":"bitmap","file":"970bdfee-e781-4bc9-9116-c27c0c85c46b:134fc09d-af54-405c-9ae6-5138c5244017.png","height":114,"ascent":13,"chars":["ꑇ"]},{"type":"bitmap","file":"970bdfee-e781-4bc9-9116-c27c0c85c46b:cee818fb-c195-4b86-8dde-8b72338663c1.png","ascent":8,"chars":["꒡"]},{"type":"bitmap","file":"970bdfee-e781-4bc9-9116-c27c0c85c46b:84692cb3-c425-483d-8d92-3e1964136448.png","ascent":8,"chars":["ꔹ"]},{"type":"bitmap","file":"970bdfee-e781-4bc9-9116-c27c0c85c46b:6eed7339-106c-4476-95dc-441fc32c5454.png","ascent":8,"chars":["꓉"]},{"type":"bitmap","file":"970bdfee-e781-4bc9-9116-c27c0c85c46b:110e2a8a-4c96-43b8-a7c8-dd3a420945b7.png","ascent":8,"chars":["ꓗ"]},{"type":"bitmap","file":"970bdfee-e781-4bc9-9116-c27c0c85c46b:9853c676-e810-4603-8dd3-5ed3b8f34945.png","ascent":8,"chars":["ꔫ"]},{"type":"bitmap","file":"970bdfee-e781-4bc9-9116-c27c0c85c46b:1626a402-797d-439e-86aa-9b1e49999bc2.png","ascent":8,"chars":["꒩"]},{"type":"bitmap","file":"970bdfee-e781-4bc9-9116-c27c0c85c46b:1e92b230-5734-4053-8484-f1770fd75b51.png","ascent":8,"chars":["꓏"]},{"type":"bitmap","file":"970bdfee-e781-4bc9-9116-c27c0c85c46b:22d5feee-9bf9-4611-90be-3f290ffaae6e.png","ascent":8,"chars":["ꐲ"]},{"type":"bitmap","file":"970bdfee-e781-4bc9-9116-c27c0c85c46b:32152f09-e968-4600-84ad-2ad2538dc8db.png","ascent":8,"chars":["ꔓ"]},{"type":"bitmap","file":"970bdfee-e781-4bc9-9116-c27c0c85c46b:4a1d046f-1298-4791-bc66-2f3f97b8f31e.png","ascent":8,"chars":["ꔚ"]},{"type":"bitmap","file":"970bdfee-e781-4bc9-9116-c27c0c85c46b:61199630-eba3-4f2e-afcd-df54a5efd000.png","ascent":8,"chars":["ꐬ"]},{"type":"bitmap","file":"970bdfee-e781-4bc9-9116-c27c0c85c46b:9199d5c9-f7c9-456b-900a-0a0e8e7f192e.png","ascent":8,"chars":["꒢"]},{"type":"bitmap","file":"970bdfee-e781-4bc9-9116-c27c0c85c46b:085e3e19-28df-4fe7-b00d-940810464702.png","ascent":8,"chars":["ꕀ"]},{"type":"bitmap","file":"970bdfee-e781-4bc9-9116-c27c0c85c46b:d1bc8083-533a-43ef-b58d-bb968fd43255.png","ascent":8,"chars":["ꔲ"]},{"type":"bitmap","file":"970bdfee-e781-4bc9-9116-c27c0c85c46b:6e263e43-2c8f-42ea-8c48-1d8059a6bc5c.png","ascent":8,"chars":["ꔊ"]},{"type":"bitmap","file":"970bdfee-e781-4bc9-9116-c27c0c85c46b:5cb1ad2f-ef3d-4643-8d81-66eea76af032.png","ascent":8,"chars":["꓌"]},{"type":"bitmap","file":"970bdfee-e781-4bc9-9116-c27c0c85c46b:445bddfb-e633-4944-96ec-682e58ecc507.png","ascent":8,"chars":["꒬"]},{"type":"bitmap","file":"970bdfee-e781-4bc9-9116-c27c0c85c46b:9350cdfe-df71-418e-b79d-0a9a7e7f4641.png","ascent":8,"chars":["ꔉ"]},{"type":"bitmap","file":"970bdfee-e781-4bc9-9116-c27c0c85c46b:b579a797-d713-48af-89fc-1d834c7b410c.png","ascent":8,"chars":["ꔰ"]},{"type":"bitmap","file":"970bdfee-e781-4bc9-9116-c27c0c85c46b:35818179-44ed-43ec-971d-a7d8b3a529a0.png","ascent":8,"chars":["ꔅ"]},{"type":"bitmap","file":"970bdfee-e781-4bc9-9116-c27c0c85c46b:60a64c96-3b27-4c03-9023-cb94591ab432.png","ascent":8,"chars":["꓄"]},{"type":"bitmap","file":"970bdfee-e781-4bc9-9116-c27c0c85c46b:0beffc8f-9b21-40c2-8632-5d68599d5944.png","ascent":8,"chars":["ꐩ"]},{"type":"bitmap","file":"970bdfee-e781-4bc9-9116-c27c0c85c46b:01c153a0-bebc-41e8-97d4-15c231119f12.png","ascent":8,"chars":["꒟"]},{"type":"bitmap","file":"970bdfee-e781-4bc9-9116-c27c0c85c46b:14ecb24d-d7b3-47fa-8ef2-06d53826886b.png","ascent":8,"chars":["ꔨ"]},{"type":"bitmap","file":"970bdfee-e781-4bc9-9116-c27c0c85c46b:7e5817af-2498-4555-949c-c0d210eadb7a.png","ascent":8,"chars":["ꔥ"]},{"type":"bitmap","file":"970bdfee-e781-4bc9-9116-c27c0c85c46b:8f66577f-257c-423a-ac22-b6a7281e305a.png","ascent":8,"chars":["ꔀ"]},{"type":"bitmap","file":"970bdfee-e781-4bc9-9116-c27c0c85c46b:e0694a44-0793-4980-a4cd-69bb866c8e8f.png","ascent":8,"chars":["ꓼ"]},{"type":"bitmap","file":"970bdfee-e781-4bc9-9116-c27c0c85c46b:3142c9b4-ba13-496d-b5c5-40c130f3151c.png","ascent":8,"chars":["ꓙ"]},{"type":"bitmap","file":"970bdfee-e781-4bc9-9116-c27c0c85c46b:995dc774-cb2c-47f2-8ed6-2b9b5ab43f6f.png","ascent":8,"chars":["ꓔ"]},{"type":"bitmap","file":"970bdfee-e781-4bc9-9116-c27c0c85c46b:1ac45b7b-d42a-4ae6-8e76-3bbeb8e33072.png","ascent":8,"chars":["꒴"]},{"type":"bitmap","file":"970bdfee-e781-4bc9-9116-c27c0c85c46b:61c11945-7db0-4477-8bb4-e95039d0c6f1.png","ascent":8,"chars":["ꓺ"]},{"type":"bitmap","file":"970bdfee-e781-4bc9-9116-c27c0c85c46b:3e847b7d-9953-4f32-9a3f-84da8d8326ca.png","ascent":8,"chars":["ꓧ"]},{"type":"bitmap","file":"970bdfee-e781-4bc9-9116-c27c0c85c46b:82b4a596-3477-496b-9ea8-c5d66267be0d.png","ascent":8,"chars":["ꓓ"]},{"type":"bitmap","file":"970bdfee-e781-4bc9-9116-c27c0c85c46b:7a319cbb-e885-47e4-a4f9-923a67f56159.png","ascent":8,"chars":["꓎"]},{"type":"bitmap","file":"970bdfee-e781-4bc9-9116-c27c0c85c46b:f66fa012-d4ca-4f81-ab2a-46bb76ff7638.png","ascent":8,"chars":["ꑢ"]},{"type":"bitmap","file":"970bdfee-e781-4bc9-9116-c27c0c85c46b:9ca067c9-8d88-49c0-bf18-e60f2293b24b.png","ascent":8,"chars":["꒷"]},{"type":"bitmap","file":"970bdfee-e781-4bc9-9116-c27c0c85c46b:3223800d-16ef-4b24-9d88-1d8d05cf292d.png","ascent":8,"chars":["ꐨ"]},{"type":"bitmap","file":"970bdfee-e781-4bc9-9116-c27c0c85c46b:47f53569-1b97-45cf-8ebe-ebb6e721ecc5.png","ascent":8,"chars":["ꐘ"]},{"type":"bitmap","file":"970bdfee-e781-4bc9-9116-c27c0c85c46b:83af361c-7854-473f-8a79-9212761c16b6.png","ascent":8,"chars":["꒮"]},{"type":"bitmap","file":"970bdfee-e781-4bc9-9116-c27c0c85c46b:d3320f79-7bbf-4d92-8f4e-38712d19695b.png","ascent":8,"chars":["ꐱ"]},{"type":"bitmap","file":"970bdfee-e781-4bc9-9116-c27c0c85c46b:998ca646-30ba-458f-aec1-f7b5ff4d7b68.png","ascent":8,"chars":["ꑲ"]},{"type":"bitmap","file":"970bdfee-e781-4bc9-9116-c27c0c85c46b:c524374d-440c-45fb-8fdf-315a9f109e1a.png","height":133,"ascent":13,"chars":["ꑏ"]},{"type":"bitmap","file":"970bdfee-e781-4bc9-9116-c27c0c85c46b:a4318261-78da-4cfa-997d-4c2f4d436cd3.png","ascent":8,"chars":["ꐪ"]},{"type":"bitmap","file":"970bdfee-e781-4bc9-9116-c27c0c85c46b:4d50fbc2-0f37-43fa-889d-95d0eaf6bd65.png","ascent":8,"chars":["ꑼ"]},{"type":"bitmap","file":"970bdfee-e781-4bc9-9116-c27c0c85c46b:ce272e3d-a13a-4a03-8d24-51781d7f0a11.png","ascent":8,"chars":["ꑾ"]},{"type":"bitmap","file":"970bdfee-e781-4bc9-9116-c27c0c85c46b:7bdb67fa-7038-4736-b2b5-4b7413703e24.png","height":114,"ascent":13,"chars":["ꑎ"]},{"type":"bitmap","file":"970bdfee-e781-4bc9-9116-c27c0c85c46b:0f3de4e2-a260-4664-95e7-4642f26094e0.png","ascent":8,"chars":["ꒂ"]},{"type":"bitmap","file":"970bdfee-e781-4bc9-9116-c27c0c85c46b:6023ebc8-17d9-4e7a-bdfe-67a3b6e498e5.png","height":114,"ascent":13,"chars":["ꑍ"]},{"type":"bitmap","file":"970bdfee-e781-4bc9-9116-c27c0c85c46b:cb7b3c73-4c79-43a9-9f93-8eb867d1d047.png","ascent":8,"chars":["ꔟ"]},{"type":"bitmap","file":"970bdfee-e781-4bc9-9116-c27c0c85c46b:ece6677e-144c-4a39-82a9-c2baa68d465e.png","ascent":8,"chars":["ꔶ"]},{"type":"bitmap","file":"970bdfee-e781-4bc9-9116-c27c0c85c46b:dea5c3ba-82c2-4a9a-9918-5d6cb36902a8.png","ascent":8,"chars":["ꓵ"]},{"type":"bitmap","file":"970bdfee-e781-4bc9-9116-c27c0c85c46b:3a20133c-712b-4dcf-b778-ec58823bb1b1.png","ascent":8,"chars":["ꔯ"]},{"type":"bitmap","file":"970bdfee-e781-4bc9-9116-c27c0c85c46b:86e2e8bc-ba92-49f0-bfca-5d3e693102ef.png","ascent":8,"chars":["ꔣ"]},{"type":"bitmap","file":"970bdfee-e781-4bc9-9116-c27c0c85c46b:baffd450-f7cc-4e01-9af3-4a9246c7c8cf.png","ascent":8,"chars":["꒭"]},{"type":"bitmap","file":"970bdfee-e781-4bc9-9116-c27c0c85c46b:1cad5bb4-7c17-444e-b273-e5fcfd0c60ae.png","ascent":8,"chars":["ꔐ"]},{"type":"bitmap","file":"970bdfee-e781-4bc9-9116-c27c0c85c46b:de1a0716-b7c7-4886-af06-9fb8e04f9bff.png","height":133,"ascent":13,"chars":["ꑐ"]},{"type":"bitmap","file":"970bdfee-e781-4bc9-9116-c27c0c85c46b:0f02c664-4d5e-49ba-a092-6dd6f2fbde04.png","ascent":8,"chars":["ꑯ"]},{"type":"bitmap","file":"970bdfee-e781-4bc9-9116-c27c0c85c46b:a7994543-eda6-42f4-a03d-a524da58715f.png","ascent":8,"chars":["꒻"]},{"type":"bitmap","file":"970bdfee-e781-4bc9-9116-c27c0c85c46b:ea651c3f-e7b6-4d80-aa0b-b002e29881d8.png","ascent":8,"chars":["ꐥ"]},{"type":"bitmap","file":"970bdfee-e781-4bc9-9116-c27c0c85c46b:1e5f062a-a2b8-4347-992b-68e0f1119228.png","ascent":8,"chars":["ꑱ"]},{"type":"bitmap","file":"970bdfee-e781-4bc9-9116-c27c0c85c46b:cec6f0e7-0e01-489d-85e9-4fbe4281e6c7.png","ascent":8,"chars":["ꓚ"]},{"type":"bitmap","file":"970bdfee-e781-4bc9-9116-c27c0c85c46b:49899ed6-4b6a-4a4d-aab1-d2a63c793e37.png","ascent":8,"chars":["ꕁ"]},{"type":"bitmap","file":"970bdfee-e781-4bc9-9116-c27c0c85c46b:0021ce91-43ad-417c-8a43-1b21dd27e3b6.png","ascent":8,"chars":["ꓻ"]},{"type":"bitmap","file":"970bdfee-e781-4bc9-9116-c27c0c85c46b:2d77bef4-6d06-45b2-ac4a-29ef30fdd57b.png","ascent":8,"chars":["꒫"]},{"type":"bitmap","file":"970bdfee-e781-4bc9-9116-c27c0c85c46b:3c393861-01d3-442e-b1fc-ce631bd9d9bd.png","ascent":8,"chars":["ꒋ"]},{"type":"bitmap","file":"970bdfee-e781-4bc9-9116-c27c0c85c46b:c83a4416-760a-4fcb-9ced-ca9c435df784.png","ascent":8,"chars":["꒸"]},{"type":"bitmap","file":"970bdfee-e781-4bc9-9116-c27c0c85c46b:73b8545e-a7de-4ae6-8774-ce6a85a1a622.png","height":75,"ascent":74,"chars":["ꑫ"]},{"type":"bitmap","file":"970bdfee-e781-4bc9-9116-c27c0c85c46b:9b8ff851-2520-4708-a0b5-e3261e9a421e.png","ascent":8,"chars":["ꔽ"]},{"type":"bitmap","file":"970bdfee-e781-4bc9-9116-c27c0c85c46b:84b775bb-8a58-4ca4-9830-7c653201a52a.png","ascent":8,"chars":["ꔍ"]},{"type":"bitmap","file":"970bdfee-e781-4bc9-9116-c27c0c85c46b:d22e23a9-8624-423a-86dc-c779cfae042f.png","ascent":8,"chars":["꒥"]},{"type":"bitmap","file":"970bdfee-e781-4bc9-9116-c27c0c85c46b:fc276060-8108-4680-8d48-9920172c4eb3.png","ascent":8,"chars":["꒘"]},{"type":"bitmap","file":"970bdfee-e781-4bc9-9116-c27c0c85c46b:c0769452-f09f-4644-854b-859bd0fddabe.png","ascent":8,"chars":["ꔔ"]},{"type":"bitmap","file":"970bdfee-e781-4bc9-9116-c27c0c85c46b:1c8c7217-036a-43b9-b3de-61d53cadc173.png","ascent":8,"chars":["ꐯ"]},{"type":"bitmap","file":"970bdfee-e781-4bc9-9116-c27c0c85c46b:17f9fc6f-7e9c-4f64-8911-d8d0e2276727.png","ascent":8,"chars":["ꔙ"]},{"type":"bitmap","file":"970bdfee-e781-4bc9-9116-c27c0c85c46b:e5bc8c08-53c5-44d3-9175-204317f0adc2.png","ascent":8,"chars":["ꔪ"]},{"type":"bitmap","file":"970bdfee-e781-4bc9-9116-c27c0c85c46b:87ad49bc-76cf-45a4-995f-4d526b953b72.png","ascent":8,"chars":["ꓲ"]},{"type":"bitmap","file":"970bdfee-e781-4bc9-9116-c27c0c85c46b:8be31a57-a2ec-417d-a803-362d697b5492.png","ascent":8,"chars":["ꓦ"]},{"type":"bitmap","file":"970bdfee-e781-4bc9-9116-c27c0c85c46b:6019dacb-c06b-47a4-abf3-e4324651e807.png","ascent":8,"chars":["ꐭ"]},{"type":"bitmap","file":"970bdfee-e781-4bc9-9116-c27c0c85c46b:461ea83f-cf45-4a46-854e-e3746ef6dbf9.png","ascent":8,"chars":["꒏"]},{"type":"bitmap","file":"970bdfee-e781-4bc9-9116-c27c0c85c46b:0f0d5f2f-d0d7-4565-bb6c-df0e414fb052.png","height":114,"ascent":13,"chars":["ꑈ"]},{"type":"bitmap","file":"970bdfee-e781-4bc9-9116-c27c0c85c46b:810c5b8a-bdb4-4b74-804a-4a55abe652b8.png","ascent":8,"chars":["꒍"]},{"type":"bitmap","file":"970bdfee-e781-4bc9-9116-c27c0c85c46b:fd7df29e-9041-4afa-b872-23ca384d242e.png","ascent":8,"chars":["꒓"]},{"type":"bitmap","file":"970bdfee-e781-4bc9-9116-c27c0c85c46b:b12c9b6b-e6ec-498b-8c74-976162e4bcea.png","ascent":8,"chars":["꒙"]},{"type":"bitmap","file":"970bdfee-e781-4bc9-9116-c27c0c85c46b:64cb9543-7484-4308-b398-6d3fc182237a.png","ascent":8,"chars":["ꓽ"]},{"type":"bitmap","file":"970bdfee-e781-4bc9-9116-c27c0c85c46b:b6ef579e-219b-4aac-94e0-2a9612a8b3f9.png","ascent":8,"chars":["ꑶ"]},{"type":"reference","id":"nexo:shift"}]}