{"parent":"item/generated","textures":{"layer0":"item/leather_horse_armor"},"overrides":[{"predicate":{"custom_model_data":1000},"model":"5897fd60-b538-4a41-b238-5004be888425:be5d9b41-89d3-4395-a72b-80c61794a0ad"},{"predicate":{"custom_model_data":1001},"model":"5897fd60-b538-4a41-b238-5004be888425:76ba1b8d-b47f-4601-8f21-a6411719c9a4"},{"predicate":{"custom_model_data":1002},"model":"5897fd60-b538-4a41-b238-5004be888425:bb74d9dd-3cb9-4fca-a9c4-95eb7b3cf8b9"},{"predicate":{"custom_model_data":1003},"model":"5897fd60-b538-4a41-b238-5004be888425:feb63c0b-7b0c-4048-aaa8-82a8df7c86ff"}]}