{"display":{"thirdperson_righthand":{"rotation":[45.0,-155.0,0.0],"translation":[0.75,2.25,-1.75],"scale":[0.3,0.3,0.3]},"thirdperson_lefthand":{"scale":[0.5,0.5,0.5]},"firstperson_righthand":{"rotation":[0.0,-161.0,0.0],"scale":[0.5,0.5,0.5]},"firstperson_lefthand":{"scale":[0.5,0.5,0.5]},"ground":{"translation":[0.0,1.0,0.0],"scale":[0.25,0.25,0.25]},"gui":{"rotation":[45.0,-45.0,0.0],"translation":[-0.5,-1.75,0.0],"scale":[0.47,0.47,0.47]},"head":{"translation":[0.0,-30.5,0.0],"scale":[1.6,1.6,1.6]},"fixed":{"rotation":[0.0,180.0,0.0],"translation":[0.0,-2.0,-5.75],"scale":[0.5,0.5,0.5]}},"elements":[{"from":[1.0,0.0,1.0],"to":[15.0,10.0,2.0],"faces":{"north":{"uv":[0.0,8.25,3.5,10.75],"texture":"#0"},"east":{"uv":[0.0,8.25,0.25,10.75],"texture":"#0"},"south":{"uv":[0.0,8.25,3.5,10.75],"texture":"#0"},"west":{"uv":[0.0,8.25,0.25,10.75],"texture":"#0"},"up":{"uv":[0.0,8.25,3.5,8.5],"texture":"#0"},"down":{"uv":[0.0,8.25,3.5,8.5],"texture":"#0"}}},{"from":[1.0,0.0,14.0],"to":[15.0,10.0,15.0],"faces":{"north":{"uv":[0.0,8.25,3.5,10.75],"texture":"#0"},"east":{"uv":[0.0,8.25,0.25,10.75],"texture":"#0"},"south":{"uv":[3.5,8.25,7.0,10.75],"texture":"#0"},"west":{"uv":[0.0,8.25,0.25,10.75],"texture":"#0"},"up":{"uv":[0.0,8.25,3.5,8.5],"texture":"#0"},"down":{"uv":[0.0,8.25,3.5,8.5],"texture":"#0"}}},{"from":[2.0,0.0,2.0],"to":[14.0,1.0,14.0],"faces":{"up":{"uv":[3.75,0.25,6.75,3.25],"texture":"#0"},"down":{"uv":[3.75,0.25,6.75,3.25],"texture":"#0"}}},{"from":[1.0,9.0,-3.0],"to":[15.0,10.0,1.0],"faces":{"north":{"uv":[0.0,3.5,3.5,3.75],"texture":"#0"},"east":{"uv":[3.5,3.25,3.75,4.25],"texture":"#0","rotation":90},"west":{"uv":[3.5,3.25,3.75,4.25],"texture":"#0","rotation":270},"up":{"uv":[0.0,3.5,3.5,4.5],"texture":"#0"},"down":{"uv":[0.0,3.5,3.5,4.5],"texture":"#0","rotation":180}}},{"from":[2.0,10.0,-3.0],"to":[14.0,22.0,-2.0],"faces":{"north":{"uv":[3.75,0.25,6.75,3.25],"texture":"#0"},"south":{"uv":[3.75,0.25,6.75,3.25],"texture":"#0"}}},{"from":[1.0,22.0,-3.0],"to":[15.0,23.0,2.0],"faces":{"north":{"uv":[0.0,3.5,3.5,3.75],"texture":"#0"},"east":{"uv":[3.5,3.5,3.75,4.75],"texture":"#0","rotation":90},"south":{"uv":[0.0,3.5,3.5,3.75],"texture":"#0"},"west":{"uv":[3.5,3.5,3.75,4.75],"texture":"#0","rotation":90},"up":{"uv":[3.5,3.5,7.0,4.75],"texture":"#0"},"down":{"uv":[0.0,3.5,3.5,4.5],"texture":"#0"}}},{"from":[1.0,0.0,2.0],"to":[2.0,10.0,14.0],"faces":{"east":{"uv":[0.25,8.25,3.25,10.75],"texture":"#0"},"west":{"uv":[0.25,8.25,3.25,10.75],"texture":"#0"},"up":{"uv":[3.0,8.25,0.0,8.5],"texture":"#0","rotation":90},"down":{"uv":[3.0,8.25,0.0,8.5],"texture":"#0","rotation":90}}},{"from":[14.0,0.0,2.0],"to":[15.0,10.0,14.0],"faces":{"east":{"uv":[0.25,8.25,3.25,10.75],"texture":"#0"},"west":{"uv":[0.25,8.25,3.25,10.75],"texture":"#0"},"up":{"uv":[3.0,8.25,0.0,8.5],"texture":"#0"},"down":{"uv":[3.0,8.25,0.0,8.5],"texture":"#0"}}},{"from":[1.0,10.0,-3.0],"to":[2.0,22.0,2.0],"faces":{"north":{"uv":[3.5,0.0,6.5,0.25],"texture":"#0","rotation":90},"east":{"uv":[0.25,3.5,3.25,4.75],"texture":"#0","rotation":90},"south":{"uv":[3.5,0.0,6.5,0.25],"texture":"#0","rotation":90},"west":{"uv":[0.25,3.5,3.25,4.75],"texture":"#0","rotation":90}}},{"from":[14.0,10.0,-3.0],"to":[15.0,22.0,2.0],"faces":{"north":{"uv":[3.5,0.0,6.5,0.25],"texture":"#0","rotation":90},"east":{"uv":[0.25,3.5,3.25,4.75],"texture":"#0","rotation":90},"south":{"uv":[3.5,0.0,6.5,0.25],"texture":"#0","rotation":90},"west":{"uv":[0.25,3.5,3.25,4.75],"texture":"#0","rotation":90}}},{"from":[7.0,23.0,0.0],"to":[9.0,24.0,4.0],"faces":{"north":{"uv":[0.25,0.0,0.75,0.25],"texture":"#0"},"east":{"uv":[0.0,0.25,0.25,1.25],"texture":"#0","rotation":90},"south":{"uv":[0.25,0.0,0.75,0.25],"texture":"#0"},"west":{"uv":[0.25,0.0,0.5,1.0],"texture":"#0","rotation":270},"up":{"uv":[0.25,0.25,0.75,1.25],"texture":"#0"},"down":{"uv":[0.75,0.25,0.25,1.25],"texture":"#0","rotation":180}}}],"textures":{"0":"entity/chest/normal"}}