{"parent":"item/generated","textures":{"layer0":"item/leather_horse_armor","layer1":"item/leather_horse_armor_overlay","particle":"item/leather_horse_armor"},"overrides":[{"predicate":{"custom_model_data":1000},"model":"288d7f4e-865f-4c67-87f9-85eb463183ef:29921605-e752-45bc-ac7c-d628bb84020f"},{"predicate":{"custom_model_data":1001},"model":"288d7f4e-865f-4c67-87f9-85eb463183ef:eb589811-1d3b-4d48-b970-1d323bad7e66"},{"predicate":{"custom_model_data":1002},"model":"288d7f4e-865f-4c67-87f9-85eb463183ef:5f940d0b-ed6c-4d92-ba8e-85f46d9224a4"},{"predicate":{"custom_model_data":1003},"model":"288d7f4e-865f-4c67-87f9-85eb463183ef:a743e822-33b7-4216-80ca-7580e193c000"}]}