{"sources":[{"type":"single","resource":"block/birch_planks"},{"type":"single","resource":"block/birch_planks"},{"type":"single","resource":"block/black_concrete"},{"type":"single","resource":"block/black_concrete"},{"type":"single","resource":"block/black_concrete"},{"type":"single","resource":"block/black_concrete"},{"type":"single","resource":"block/black_concrete"},{"type":"single","resource":"block/black_concrete"},{"type":"single","resource":"block/black_concrete"},{"type":"single","resource":"block/black_concrete"},{"type":"single","resource":"block/black_stained_glass"},{"type":"single","resource":"block/black_wool"},{"type":"single","resource":"block/black_wool"},{"type":"single","resource":"block/black_wool"},{"type":"single","resource":"block/black_wool"},{"type":"single","resource":"block/black_wool"},{"type":"single","resource":"block/black_wool"},{"type":"single","resource":"block/black_wool"},{"type":"single","resource":"block/black_wool"},{"type":"single","resource":"block/black_wool"},{"type":"single","resource":"block/black_wool"},{"type":"single","resource":"block/black_wool"},{"type":"single","resource":"block/black_wool"},{"type":"single","resource":"block/black_wool"},{"type":"single","resource":"block/blue_wool"},{"type":"single","resource":"block/blue_wool"},{"type":"single","resource":"block/brown_wool"},{"type":"single","resource":"block/brown_wool"},{"type":"single","resource":"block/campfire_fire"},{"type":"single","resource":"block/campfire_log_lit"},{"type":"single","resource":"block/cartography_table_side3"},{"type":"single","resource":"block/cartography_table_side3"},{"type":"single","resource":"block/cauldron_inner"},{"type":"single","resource":"block/cauldron_side"},{"type":"single","resource":"block/clay"},{"type":"single","resource":"block/cobblestone"},{"type":"single","resource":"block/cobblestone"},{"type":"single","resource":"block/cobblestone"},{"type":"single","resource":"block/cyan_wool"},{"type":"single","resource":"block/cyan_wool"},{"type":"single","resource":"block/cyan_wool"},{"type":"single","resource":"block/dark_oak_planks"},{"type":"single","resource":"block/dark_oak_planks"},{"type":"single","resource":"block/furnace_top"},{"type":"single","resource":"block/glass"},{"type":"single","resource":"block/gold_block"},{"type":"single","resource":"block/gray_wool"},{"type":"single","resource":"block/gray_wool"},{"type":"single","resource":"block/gray_wool"},{"type":"single","resource":"block/green_wool"},{"type":"single","resource":"block/green_wool"},{"type":"single","resource":"block/iron_bars"},{"type":"single","resource":"block/iron_block"},{"type":"single","resource":"block/iron_block"},{"type":"single","resource":"block/lava_still"},{"type":"single","resource":"block/light_blue_wool"},{"type":"single","resource":"block/light_blue_wool"},{"type":"single","resource":"block/light_gray_concrete"},{"type":"single","resource":"block/light_gray_wool"},{"type":"single","resource":"block/light_gray_wool"},{"type":"single","resource":"block/light_gray_wool"},{"type":"single","resource":"block/lime_wool"},{"type":"single","resource":"block/lime_wool"},{"type":"single","resource":"block/magenta_wool"},{"type":"single","resource":"block/magenta_wool"},{"type":"single","resource":"block/mossy_cobblestone"},{"type":"single","resource":"block/mossy_cobblestone"},{"type":"single","resource":"block/oak_log"},{"type":"single","resource":"block/oak_log_top"},{"type":"single","resource":"block/oak_planks"},{"type":"single","resource":"block/oak_planks"},{"type":"single","resource":"block/oak_planks"},{"type":"single","resource":"block/orange_wool"},{"type":"single","resource":"block/orange_wool"},{"type":"single","resource":"block/pink_wool"},{"type":"single","resource":"block/pink_wool"},{"type":"single","resource":"block/purple_wool"},{"type":"single","resource":"block/purple_wool"},{"type":"single","resource":"block/quartz_block_side"},{"type":"single","resource":"block/quartz_block_top"},{"type":"single","resource":"block/red_concrete"},{"type":"single","resource":"block/red_wool"},{"type":"single","resource":"block/red_wool"},{"type":"single","resource":"block/sandstone"},{"type":"single","resource":"block/soul_torch"},{"type":"single","resource":"block/spruce_log"},{"type":"single","resource":"block/spruce_log"},{"type":"single","resource":"block/spruce_log_top"},{"type":"single","resource":"block/spruce_planks"},{"type":"single","resource":"block/spruce_planks"},{"type":"single","resource":"block/spruce_planks"},{"type":"single","resource":"block/spruce_planks"},{"type":"single","resource":"block/spruce_planks"},{"type":"single","resource":"block/spruce_planks"},{"type":"single","resource":"block/spruce_planks"},{"type":"single","resource":"block/spruce_planks"},{"type":"single","resource":"block/spruce_planks"},{"type":"single","resource":"block/spruce_planks"},{"type":"single","resource":"block/spruce_planks"},{"type":"single","resource":"block/spruce_planks"},{"type":"single","resource":"block/spruce_planks"},{"type":"single","resource":"block/spruce_planks"},{"type":"single","resource":"block/spruce_planks"},{"type":"single","resource":"block/spruce_planks"},{"type":"single","resource":"block/spruce_planks"},{"type":"single","resource":"block/spruce_planks"},{"type":"single","resource":"block/spruce_planks"},{"type":"single","resource":"block/spruce_planks"},{"type":"single","resource":"block/spruce_planks"},{"type":"single","resource":"block/spruce_planks"},{"type":"single","resource":"block/spruce_planks"},{"type":"single","resource":"block/spruce_planks"},{"type":"single","resource":"block/spruce_planks"},{"type":"single","resource":"block/spruce_planks"},{"type":"single","resource":"block/spruce_planks"},{"type":"single","resource":"block/spruce_planks"},{"type":"single","resource":"block/spruce_planks"},{"type":"single","resource":"block/spruce_planks"},{"type":"single","resource":"block/spruce_planks"},{"type":"single","resource":"block/spruce_planks"},{"type":"single","resource":"block/spruce_planks"},{"type":"single","resource":"block/spruce_planks"},{"type":"single","resource":"block/stone_bricks"},{"type":"single","resource":"block/stripped_spruce_log"},{"type":"single","resource":"block/white_concrete"},{"type":"single","resource":"block/white_concrete"},{"type":"single","resource":"block/white_concrete"},{"type":"single","resource":"block/white_concrete"},{"type":"single","resource":"block/white_concrete"},{"type":"single","resource":"block/white_concrete"},{"type":"single","resource":"block/white_concrete"},{"type":"single","resource":"block/white_concrete"},{"type":"single","resource":"block/white_concrete"},{"type":"single","resource":"block/white_concrete"},{"type":"single","resource":"block/white_concrete"},{"type":"single","resource":"block/white_concrete"},{"type":"single","resource":"block/white_concrete"},{"type":"single","resource":"block/white_concrete"},{"type":"single","resource":"block/white_concrete"},{"type":"single","resource":"block/white_concrete"},{"type":"single","resource":"block/white_concrete"},{"type":"single","resource":"block/white_concrete"},{"type":"single","resource":"block/white_concrete"},{"type":"single","resource":"block/white_concrete"},{"type":"single","resource":"block/white_concrete"},{"type":"single","resource":"block/white_concrete"},{"type":"single","resource":"block/white_concrete"},{"type":"single","resource":"block/white_concrete"},{"type":"single","resource":"block/white_concrete"},{"type":"single","resource":"block/white_concrete"},{"type":"single","resource":"block/white_concrete"},{"type":"single","resource":"block/white_concrete"},{"type":"single","resource":"block/white_concrete"},{"type":"single","resource":"block/white_concrete"},{"type":"single","resource":"block/white_concrete"},{"type":"single","resource":"block/white_concrete"},{"type":"single","resource":"block/white_concrete"},{"type":"single","resource":"block/white_concrete"},{"type":"single","resource":"block/white_concrete"},{"type":"single","resource":"block/white_concrete"},{"type":"single","resource":"block/white_concrete"},{"type":"single","resource":"block/white_concrete"},{"type":"single","resource":"block/white_concrete"},{"type":"single","resource":"block/white_concrete"},{"type":"single","resource":"block/white_wool"},{"type":"single","resource":"block/white_wool"},{"type":"single","resource":"block/white_wool"},{"type":"single","resource":"block/white_wool"},{"type":"single","resource":"block/yellow_wool"},{"type":"single","resource":"block/yellow_wool"},{"type":"single","resource":"75ecc080-2d3f-408a-894a-932f3e7853c5:df635ea5-0984-4095-a4df-d0e5d727de81"},{"type":"single","resource":"75ecc080-2d3f-408a-894a-932f3e7853c5:df635ea5-0984-4095-a4df-d0e5d727de81"},{"type":"single","resource":"75ecc080-2d3f-408a-894a-932f3e7853c5:7aa16261-537a-4979-81fd-8302154a4dc5"},{"type":"single","resource":"75ecc080-2d3f-408a-894a-932f3e7853c5:7aa16261-537a-4979-81fd-8302154a4dc5"},{"type":"single","resource":"75ecc080-2d3f-408a-894a-932f3e7853c5:9005d012-e4cf-4274-a660-23b06d1b8577"},{"type":"single","resource":"75ecc080-2d3f-408a-894a-932f3e7853c5:9005d012-e4cf-4274-a660-23b06d1b8577"},{"type":"single","resource":"75ecc080-2d3f-408a-894a-932f3e7853c5:e0b226d8-7727-4a11-bcfc-b86be560e78a"},{"type":"single","resource":"75ecc080-2d3f-408a-894a-932f3e7853c5:e0b226d8-7727-4a11-bcfc-b86be560e78a"},{"type":"single","resource":"75ecc080-2d3f-408a-894a-932f3e7853c5:65732fba-d6c9-44f7-a2dc-03943f5409f6"},{"type":"single","resource":"75ecc080-2d3f-408a-894a-932f3e7853c5:65732fba-d6c9-44f7-a2dc-03943f5409f6"},{"type":"single","resource":"entity/chest/normal"},{"type":"single","resource":"75ecc080-2d3f-408a-894a-932f3e7853c5:c3417783-5553-468a-ac8b-5aeb3133b182"},{"type":"single","resource":"75ecc080-2d3f-408a-894a-932f3e7853c5:c3417783-5553-468a-ac8b-5aeb3133b182"},{"type":"single","resource":"75ecc080-2d3f-408a-894a-932f3e7853c5:4d4b2dcd-7a18-4fd9-a79f-c52144b0ae1e"},{"type":"single","resource":"75ecc080-2d3f-408a-894a-932f3e7853c5:23c1279a-26ad-49fc-81b6-745de05071f5"},{"type":"single","resource":"75ecc080-2d3f-408a-894a-932f3e7853c5:fa56a56c-b61c-4838-8682-cdea82a9ec38"},{"type":"single","resource":"75ecc080-2d3f-408a-894a-932f3e7853c5:0247cde4-d092-438f-8c5e-bbeda95e32b3"},{"type":"single","resource":"75ecc080-2d3f-408a-894a-932f3e7853c5:32c54d46-660f-4b60-a2da-8e1efd51c66c"},{"type":"single","resource":"75ecc080-2d3f-408a-894a-932f3e7853c5:ca253853-7d8f-4c9a-808b-a9e524a6695f"},{"type":"single","resource":"75ecc080-2d3f-408a-894a-932f3e7853c5:d66621a7-4a01-4b62-809d-fe2623a5214e"},{"type":"single","resource":"75ecc080-2d3f-408a-894a-932f3e7853c5:d66621a7-4a01-4b62-809d-fe2623a5214e"},{"type":"single","resource":"75ecc080-2d3f-408a-894a-932f3e7853c5:7c1c5228-0167-49cd-9c10-6d34b76da809"},{"type":"single","resource":"75ecc080-2d3f-408a-894a-932f3e7853c5:fdb17a4c-ad08-4db4-9f7c-b304cb31d92c"},{"type":"single","resource":"75ecc080-2d3f-408a-894a-932f3e7853c5:fdb17a4c-ad08-4db4-9f7c-b304cb31d92c"},{"type":"single","resource":"d27eda98-f68c-4eea-9c5d-df825ae254fb:a1bb1972-c562-4e6d-8057-9cb3f1276b99"},{"type":"single","resource":"d27eda98-f68c-4eea-9c5d-df825ae254fb:1bd124fc-f88b-43e8-bc25-564a99bd6172"},{"type":"single","resource":"d27eda98-f68c-4eea-9c5d-df825ae254fb:28d7c466-45ba-4410-9a4a-a06139e49c84"},{"type":"single","resource":"d27eda98-f68c-4eea-9c5d-df825ae254fb:28d7c466-45ba-4410-9a4a-a06139e49c84"},{"type":"single","resource":"75ecc080-2d3f-408a-894a-932f3e7853c5:ac931e37-0bac-489b-9244-c3b0c2b24d0c"},{"type":"single","resource":"75ecc080-2d3f-408a-894a-932f3e7853c5:902d9262-32f0-4279-b120-6c46cf1e95d7"},{"type":"single","resource":"75ecc080-2d3f-408a-894a-932f3e7853c5:c29ce9f4-3100-4b9f-8e96-0dbcf158439e"},{"type":"single","resource":"d27eda98-f68c-4eea-9c5d-df825ae254fb:e52f7d48-5f13-49df-bd8d-3bad458f9d07"},{"type":"single","resource":"d27eda98-f68c-4eea-9c5d-df825ae254fb:c5c63d4c-44cb-49e0-aa34-d2b4a2d86e35"},{"type":"single","resource":"75ecc080-2d3f-408a-894a-932f3e7853c5:9b2996cb-eb8c-4b0b-a069-db2e2e9ad16f"},{"type":"single","resource":"75ecc080-2d3f-408a-894a-932f3e7853c5:9b2996cb-eb8c-4b0b-a069-db2e2e9ad16f"},{"type":"single","resource":"75ecc080-2d3f-408a-894a-932f3e7853c5:febb3540-cbb2-47ba-afc3-1de45aea152d"},{"type":"single","resource":"75ecc080-2d3f-408a-894a-932f3e7853c5:febb3540-cbb2-47ba-afc3-1de45aea152d"},{"type":"single","resource":"75ecc080-2d3f-408a-894a-932f3e7853c5:0f125930-0c09-47b1-9829-59588e058c80"},{"type":"single","resource":"75ecc080-2d3f-408a-894a-932f3e7853c5:b9f35a43-fa04-4a01-ab5e-c9b8657c9659"},{"type":"single","resource":"75ecc080-2d3f-408a-894a-932f3e7853c5:6608926b-9e36-4b32-abb4-ad7dac3460be"},{"type":"single","resource":"75ecc080-2d3f-408a-894a-932f3e7853c5:8e596d4d-8501-4b3f-b7c9-c360146bbed1"},{"type":"single","resource":"75ecc080-2d3f-408a-894a-932f3e7853c5:c503603c-dc9b-4dc1-9339-8b4a4647df8e"},{"type":"single","resource":"89f8b009-3902-48db-b1d4-eb1f08f41555:704b81ea-2781-4129-afbc-03592cc0b7e7"},{"type":"single","resource":"item/bow"},{"type":"single","resource":"item/chainmail_boots"},{"type":"single","resource":"item/chainmail_chestplate"},{"type":"single","resource":"item/chainmail_helmet"},{"type":"single","resource":"item/chainmail_leggings"},{"type":"single","resource":"89f8b009-3902-48db-b1d4-eb1f08f41555:5c1178a4-30d1-4804-995a-9f63ae8af1a6"},{"type":"single","resource":"89f8b009-3902-48db-b1d4-eb1f08f41555:3772e5e5-bf7d-4977-a969-70456f0bd7ad"},{"type":"single","resource":"item/crossbow_standby"},{"type":"single","resource":"75ecc080-2d3f-408a-894a-932f3e7853c5:85cfde68-ad1b-4238-a060-8d2d84f7675d"},{"type":"single","resource":"item/diamond_axe"},{"type":"single","resource":"item/diamond_pickaxe"},{"type":"single","resource":"item/diamond_sword"},{"type":"single","resource":"89f8b009-3902-48db-b1d4-eb1f08f41555:a44e671a-0e48-4f08-9497-0449668b0d7e"},{"type":"single","resource":"89f8b009-3902-48db-b1d4-eb1f08f41555:a44e671a-0e48-4f08-9497-0449668b0d7e"},{"type":"single","resource":"89f8b009-3902-48db-b1d4-eb1f08f41555:cf2804df-7781-4ef5-b9fd-3ae67c6de9a5"},{"type":"single","resource":"89f8b009-3902-48db-b1d4-eb1f08f41555:72000c1e-b3aa-49a1-8ed5-10245425b339"},{"type":"single","resource":"89f8b009-3902-48db-b1d4-eb1f08f41555:dba0be33-1070-4ae4-b488-7282cca4e190"},{"type":"single","resource":"89f8b009-3902-48db-b1d4-eb1f08f41555:23b4d9f1-bcde-481f-97a0-acf52178e608"},{"type":"single","resource":"89f8b009-3902-48db-b1d4-eb1f08f41555:bc64ae92-ef82-4a1f-bbb3-9038cef8be38"},{"type":"single","resource":"item/glowstone_dust"},{"type":"single","resource":"item/golden_sword"},{"type":"single","resource":"89f8b009-3902-48db-b1d4-eb1f08f41555:569972e8-2ded-4792-868c-c26d5b437f44"},{"type":"single","resource":"89f8b009-3902-48db-b1d4-eb1f08f41555:5c22dbbe-77c8-4309-a689-79431c6ea32b"},{"type":"single","resource":"item/leather_horse_armor"},{"type":"single","resource":"89f8b009-3902-48db-b1d4-eb1f08f41555:b7b9b60d-1c9d-4a5a-930d-4a6d55f80b8d"},{"type":"single","resource":"item/map"},{"type":"single","resource":"89f8b009-3902-48db-b1d4-eb1f08f41555:b5a1cc53-554f-4d67-8dde-2f23d3d68d60"},{"type":"single","resource":"89f8b009-3902-48db-b1d4-eb1f08f41555:b5a1cc53-554f-4d67-8dde-2f23d3d68d60"},{"type":"single","resource":"89f8b009-3902-48db-b1d4-eb1f08f41555:9569b364-539f-4740-8084-5fe8274efaf3"},{"type":"single","resource":"89f8b009-3902-48db-b1d4-eb1f08f41555:b4777386-084b-4009-ab3e-f8236ae4ff10"},{"type":"single","resource":"89f8b009-3902-48db-b1d4-eb1f08f41555:2917960c-f003-4b12-bbd7-937557a066b6"},{"type":"single","resource":"89f8b009-3902-48db-b1d4-eb1f08f41555:46f8b900-391a-4a92-8c9e-ca6356926da1"},{"type":"single","resource":"89f8b009-3902-48db-b1d4-eb1f08f41555:0fd15ec2-c165-4552-b086-41c53e7ce3da"},{"type":"single","resource":"89f8b009-3902-48db-b1d4-eb1f08f41555:f098b111-cbfa-4c55-ad9f-493e5801c555"},{"type":"single","resource":"item/netherite_axe"},{"type":"single","resource":"item/netherite_hoe"},{"type":"single","resource":"item/netherite_pickaxe"},{"type":"single","resource":"item/netherite_scrap"},{"type":"single","resource":"item/netherite_shovel"},{"type":"single","resource":"item/netherite_sword"},{"type":"single","resource":"567f60f8-5e8d-4ff6-b2c4-eb0dffe49046:52435d4b-e8d4-47bf-9ae8-eeae389e9743"},{"type":"single","resource":"567f60f8-5e8d-4ff6-b2c4-eb0dffe49046:52435d4b-e8d4-47bf-9ae8-eeae389e9743"},{"type":"single","resource":"567f60f8-5e8d-4ff6-b2c4-eb0dffe49046:0760a752-9f10-46f8-b51d-a886ec894f1a"},{"type":"single","resource":"567f60f8-5e8d-4ff6-b2c4-eb0dffe49046:0760a752-9f10-46f8-b51d-a886ec894f1a"},{"type":"single","resource":"567f60f8-5e8d-4ff6-b2c4-eb0dffe49046:25579064-7254-4e6d-8d72-515e58929576"},{"type":"single","resource":"567f60f8-5e8d-4ff6-b2c4-eb0dffe49046:05e9797e-d57b-404d-a90e-9c584fcaf5ef"},{"type":"single","resource":"567f60f8-5e8d-4ff6-b2c4-eb0dffe49046:05e9797e-d57b-404d-a90e-9c584fcaf5ef"},{"type":"single","resource":"567f60f8-5e8d-4ff6-b2c4-eb0dffe49046:b762425f-d4ad-4ad1-91b2-1c75d2e7c4ba"},{"type":"single","resource":"567f60f8-5e8d-4ff6-b2c4-eb0dffe49046:ffdab5be-7511-4319-a811-39f44667641e"},{"type":"single","resource":"567f60f8-5e8d-4ff6-b2c4-eb0dffe49046:3be19d03-dc23-4c67-8599-ab0c2e88c9c3"},{"type":"single","resource":"567f60f8-5e8d-4ff6-b2c4-eb0dffe49046:45011ae7-1218-4259-a5a5-5e42c34b5f88"},{"type":"single","resource":"567f60f8-5e8d-4ff6-b2c4-eb0dffe49046:1b643231-8b74-4b73-a530-932eafcaa2d0"},{"type":"single","resource":"567f60f8-5e8d-4ff6-b2c4-eb0dffe49046:1b643231-8b74-4b73-a530-932eafcaa2d0"},{"type":"single","resource":"567f60f8-5e8d-4ff6-b2c4-eb0dffe49046:889289a2-ebb9-4682-855a-cab840fa8c59"},{"type":"single","resource":"567f60f8-5e8d-4ff6-b2c4-eb0dffe49046:889289a2-ebb9-4682-855a-cab840fa8c59"},{"type":"single","resource":"567f60f8-5e8d-4ff6-b2c4-eb0dffe49046:f3505e1f-8692-415a-8eaf-9e3c1225cf5a"},{"type":"single","resource":"567f60f8-5e8d-4ff6-b2c4-eb0dffe49046:cd67f395-0cf6-4855-ba69-08f4eaa1da14"},{"type":"single","resource":"567f60f8-5e8d-4ff6-b2c4-eb0dffe49046:b2435fdb-8756-450e-abbc-dcaae919de54"},{"type":"single","resource":"567f60f8-5e8d-4ff6-b2c4-eb0dffe49046:b2435fdb-8756-450e-abbc-dcaae919de54"},{"type":"single","resource":"567f60f8-5e8d-4ff6-b2c4-eb0dffe49046:133b189b-5052-48e1-b631-ae67c6b98f5b"},{"type":"single","resource":"567f60f8-5e8d-4ff6-b2c4-eb0dffe49046:133b189b-5052-48e1-b631-ae67c6b98f5b"},{"type":"single","resource":"567f60f8-5e8d-4ff6-b2c4-eb0dffe49046:133b189b-5052-48e1-b631-ae67c6b98f5b"},{"type":"single","resource":"567f60f8-5e8d-4ff6-b2c4-eb0dffe49046:92e05845-48e6-4619-a33a-03da9477f3ed"},{"type":"single","resource":"567f60f8-5e8d-4ff6-b2c4-eb0dffe49046:3ee0efd7-bff9-4c69-bc38-7d8640864b01"},{"type":"single","resource":"567f60f8-5e8d-4ff6-b2c4-eb0dffe49046:95b7874f-4f7a-46db-ae6e-5b426ec525d2"},{"type":"single","resource":"567f60f8-5e8d-4ff6-b2c4-eb0dffe49046:461fa0ee-7508-4053-8a84-3f7b0df91b4b"},{"type":"single","resource":"567f60f8-5e8d-4ff6-b2c4-eb0dffe49046:282a1a9f-8c7e-4608-97d7-a9614e094d3b"},{"type":"single","resource":"567f60f8-5e8d-4ff6-b2c4-eb0dffe49046:8f7aaebb-28cb-4c21-8cfd-113836a94707"},{"type":"single","resource":"567f60f8-5e8d-4ff6-b2c4-eb0dffe49046:06dea5db-2baf-4667-a03c-b755b4caef40"},{"type":"single","resource":"567f60f8-5e8d-4ff6-b2c4-eb0dffe49046:06dea5db-2baf-4667-a03c-b755b4caef40"},{"type":"single","resource":"567f60f8-5e8d-4ff6-b2c4-eb0dffe49046:0e280a77-38db-4847-8093-4cbff459d318"},{"type":"single","resource":"567f60f8-5e8d-4ff6-b2c4-eb0dffe49046:f217a750-22cc-4f84-bd2e-6f0117e07c87"},{"type":"single","resource":"567f60f8-5e8d-4ff6-b2c4-eb0dffe49046:a613e9e0-bd63-4b9f-9bd2-ea9c823c6837"},{"type":"single","resource":"567f60f8-5e8d-4ff6-b2c4-eb0dffe49046:8b8669f2-cbd7-44ba-b2f4-7475e51b8aa5"},{"type":"single","resource":"567f60f8-5e8d-4ff6-b2c4-eb0dffe49046:1a87094f-0ee2-44d7-8dd0-d02c00eca5d2"},{"type":"single","resource":"567f60f8-5e8d-4ff6-b2c4-eb0dffe49046:1a87094f-0ee2-44d7-8dd0-d02c00eca5d2"},{"type":"single","resource":"567f60f8-5e8d-4ff6-b2c4-eb0dffe49046:380b8120-f211-4f5d-aa7d-2b3a83d42a09"},{"type":"single","resource":"567f60f8-5e8d-4ff6-b2c4-eb0dffe49046:380b8120-f211-4f5d-aa7d-2b3a83d42a09"},{"type":"single","resource":"567f60f8-5e8d-4ff6-b2c4-eb0dffe49046:8c418464-3260-4008-9568-5a1606b469bb"},{"type":"single","resource":"567f60f8-5e8d-4ff6-b2c4-eb0dffe49046:8c418464-3260-4008-9568-5a1606b469bb"},{"type":"single","resource":"567f60f8-5e8d-4ff6-b2c4-eb0dffe49046:0ec70d8f-8810-445f-9345-aa75a700af58"},{"type":"single","resource":"567f60f8-5e8d-4ff6-b2c4-eb0dffe49046:44aaf21e-b27b-4fda-84b4-fad7c4c04878"},{"type":"single","resource":"567f60f8-5e8d-4ff6-b2c4-eb0dffe49046:7f25d431-d381-43b3-ad60-5bdf3c416295"},{"type":"single","resource":"567f60f8-5e8d-4ff6-b2c4-eb0dffe49046:7f25d431-d381-43b3-ad60-5bdf3c416295"},{"type":"single","resource":"567f60f8-5e8d-4ff6-b2c4-eb0dffe49046:133b5829-c561-46e3-aaf4-72612c37448f"},{"type":"single","resource":"567f60f8-5e8d-4ff6-b2c4-eb0dffe49046:c40cc89a-98e3-4baf-a8b2-9ff460319102"},{"type":"single","resource":"567f60f8-5e8d-4ff6-b2c4-eb0dffe49046:f7c52407-88a1-4df6-80c3-1542fb71b9e9"},{"type":"single","resource":"567f60f8-5e8d-4ff6-b2c4-eb0dffe49046:f7c52407-88a1-4df6-80c3-1542fb71b9e9"},{"type":"single","resource":"item/paper"},{"type":"single","resource":"89f8b009-3902-48db-b1d4-eb1f08f41555:194b200e-bbb8-4827-91b3-389edf942526"},{"type":"single","resource":"89f8b009-3902-48db-b1d4-eb1f08f41555:5540d064-b108-463f-9196-e77aa066d9b3"},{"type":"single","resource":"89f8b009-3902-48db-b1d4-eb1f08f41555:5540d064-b108-463f-9196-e77aa066d9b3"},{"type":"single","resource":"89f8b009-3902-48db-b1d4-eb1f08f41555:f00bfda7-eee8-44b3-96a5-7a26d85af3c7"},{"type":"single","resource":"89f8b009-3902-48db-b1d4-eb1f08f41555:6e0a7813-6730-436b-8718-280fbaa87449"},{"type":"single","resource":"89f8b009-3902-48db-b1d4-eb1f08f41555:7e68e2b6-29ec-4c68-a049-40c1303dd3eb"},{"type":"single","resource":"89f8b009-3902-48db-b1d4-eb1f08f41555:71b485a1-de92-41fa-ba95-56198d3f5e37"},{"type":"single","resource":"89f8b009-3902-48db-b1d4-eb1f08f41555:d318abe0-fb0a-4c90-bf53-70ef0ebd130b"},{"type":"single","resource":"89f8b009-3902-48db-b1d4-eb1f08f41555:d9c060f0-2e4b-4fd5-b555-38ce668a6c15"},{"type":"single","resource":"89f8b009-3902-48db-b1d4-eb1f08f41555:d49998b2-aa44-4464-9184-4c7dc5e896b1"},{"type":"single","resource":"89f8b009-3902-48db-b1d4-eb1f08f41555:b34fe89f-77a6-4671-8fdf-989e20bf1628"},{"type":"single","resource":"89f8b009-3902-48db-b1d4-eb1f08f41555:c63cb004-c1b1-4a54-8f5e-ce061d8da731"},{"type":"single","resource":"89f8b009-3902-48db-b1d4-eb1f08f41555:cfb0eae1-3625-4dd8-849b-08df792bb008"},{"type":"single","resource":"89f8b009-3902-48db-b1d4-eb1f08f41555:cfb0eae1-3625-4dd8-849b-08df792bb008"},{"type":"single","resource":"89f8b009-3902-48db-b1d4-eb1f08f41555:829d6292-0ac4-4b19-9df7-35979cc9ef3d"},{"type":"single","resource":"89f8b009-3902-48db-b1d4-eb1f08f41555:18ec8ec3-d98f-4520-a53c-01fd7bb007be"},{"type":"single","resource":"89f8b009-3902-48db-b1d4-eb1f08f41555:cb5f533a-d372-4bbb-ac5d-98fee1747871"},{"type":"single","resource":"89f8b009-3902-48db-b1d4-eb1f08f41555:12e9d6d9-2745-4f05-af81-6c5afd092e6f"},{"type":"single","resource":"89f8b009-3902-48db-b1d4-eb1f08f41555:a5b42659-7f5f-47cc-8788-6d3d94083ead"},{"type":"single","resource":"89f8b009-3902-48db-b1d4-eb1f08f41555:22bf70be-7ce6-460e-8e4a-7bb63f9ed79e"},{"type":"single","resource":"89f8b009-3902-48db-b1d4-eb1f08f41555:cb8fde34-d350-4267-9d9f-abffb00f1a38"},{"type":"single","resource":"89f8b009-3902-48db-b1d4-eb1f08f41555:6c66d827-1529-47d1-a5a9-9fe009469958"},{"type":"single","resource":"89f8b009-3902-48db-b1d4-eb1f08f41555:1aec03fe-23e4-43e1-b54f-aa6851cbf235"},{"type":"single","resource":"75ecc080-2d3f-408a-894a-932f3e7853c5:8fd5de02-1731-4350-8fe5-d5f2a059d92a"},{"type":"single","resource":"89f8b009-3902-48db-b1d4-eb1f08f41555:ba8d1357-13ec-4bc0-993a-6e9e008a9700"},{"type":"single","resource":"89f8b009-3902-48db-b1d4-eb1f08f41555:6e79e183-9e8f-4da7-9936-9d828f6ac085"},{"type":"single","resource":"89f8b009-3902-48db-b1d4-eb1f08f41555:4d63de2d-3051-45ae-a7fc-4c2bc0a46df5"},{"type":"single","resource":"89f8b009-3902-48db-b1d4-eb1f08f41555:4d63de2d-3051-45ae-a7fc-4c2bc0a46df5"},{"type":"single","resource":"89f8b009-3902-48db-b1d4-eb1f08f41555:cb913f47-24f2-476e-9ea9-fdf053fa0efe"},{"type":"single","resource":"89f8b009-3902-48db-b1d4-eb1f08f41555:e6635822-d5b7-4b5b-bdce-4081dfb6c35e"},{"type":"single","resource":"89f8b009-3902-48db-b1d4-eb1f08f41555:ad5a6537-594c-4f75-8540-aa0269019123"},{"type":"single","resource":"89f8b009-3902-48db-b1d4-eb1f08f41555:f33a3c85-2b9e-483c-b8c4-308fcc4a7e7c"},{"type":"single","resource":"89f8b009-3902-48db-b1d4-eb1f08f41555:37c89100-53ac-4b87-a044-e1c3e2f19c85"},{"type":"single","resource":"75ecc080-2d3f-408a-894a-932f3e7853c5:43a9f7d5-a409-4200-95e2-d6f757c5f67e"},{"type":"single","resource":"item/snowball"},{"type":"single","resource":"75ecc080-2d3f-408a-894a-932f3e7853c5:b6ba1119-cf22-4025-aa5d-318512f9c83a"},{"type":"single","resource":"89f8b009-3902-48db-b1d4-eb1f08f41555:35bd2d63-4b26-4d38-9fa8-a351b92fe197"},{"type":"single","resource":"89f8b009-3902-48db-b1d4-eb1f08f41555:35bd2d63-4b26-4d38-9fa8-a351b92fe197"},{"type":"single","resource":"89f8b009-3902-48db-b1d4-eb1f08f41555:5f8714db-ff88-4c83-b201-a95d9d2f3d37"},{"type":"single","resource":"89f8b009-3902-48db-b1d4-eb1f08f41555:d62a7f0f-9142-4a85-9e3a-68e4f67c1428"},{"type":"single","resource":"89f8b009-3902-48db-b1d4-eb1f08f41555:c6af201d-6228-4698-a22f-44077dc32123"},{"type":"single","resource":"89f8b009-3902-48db-b1d4-eb1f08f41555:5f4dbdea-156e-47e7-b4e6-764417e99dfb"},{"type":"single","resource":"89f8b009-3902-48db-b1d4-eb1f08f41555:2535659b-9af1-40a8-85d4-9f59aa0396f2"},{"type":"single","resource":"89f8b009-3902-48db-b1d4-eb1f08f41555:fca5adfc-ff9b-4c6d-9be7-73b79dfb8d64"},{"type":"single","resource":"89f8b009-3902-48db-b1d4-eb1f08f41555:d768a58c-adfd-4022-a10d-a830890f9fff"},{"type":"single","resource":"item/trident"},{"type":"single","resource":"75ecc080-2d3f-408a-894a-932f3e7853c5:506225c1-c999-4d6f-a180-c7a127134118"},{"type":"single","resource":"89f8b009-3902-48db-b1d4-eb1f08f41555:02922080-cf9b-429c-9c0f-b3c8aff520b8"},{"type":"single","resource":"75ecc080-2d3f-408a-894a-932f3e7853c5:1e14abf1-3c35-41f2-95e5-e86b93321de8"},{"type":"single","resource":"89f8b009-3902-48db-b1d4-eb1f08f41555:dce519e1-f49c-44f4-bc36-be10c1aadc25"},{"type":"single","resource":"75ecc080-2d3f-408a-894a-932f3e7853c5:e1947aee-4b2a-41aa-ab2f-fec4ead87825"},{"type":"single","resource":"75ecc080-2d3f-408a-894a-932f3e7853c5:6d0e1eff-c784-4ef9-9c2f-550d1188a753"},{"type":"single","resource":"75ecc080-2d3f-408a-894a-932f3e7853c5:6d0e1eff-c784-4ef9-9c2f-550d1188a753"},{"type":"single","resource":"75ecc080-2d3f-408a-894a-932f3e7853c5:6d0e1eff-c784-4ef9-9c2f-550d1188a753"},{"type":"single","resource":"75ecc080-2d3f-408a-894a-932f3e7853c5:6d0e1eff-c784-4ef9-9c2f-550d1188a753"},{"type":"single","resource":"75ecc080-2d3f-408a-894a-932f3e7853c5:56be17d1-9d82-4506-99b8-721b7d39a414"},{"type":"single","resource":"75ecc080-2d3f-408a-894a-932f3e7853c5:56be17d1-9d82-4506-99b8-721b7d39a414"},{"type":"single","resource":"75ecc080-2d3f-408a-894a-932f3e7853c5:56be17d1-9d82-4506-99b8-721b7d39a414"},{"type":"single","resource":"75ecc080-2d3f-408a-894a-932f3e7853c5:56be17d1-9d82-4506-99b8-721b7d39a414"},{"type":"single","resource":"75ecc080-2d3f-408a-894a-932f3e7853c5:2f716850-3519-4417-b147-5e911fb79c1d"},{"type":"single","resource":"75ecc080-2d3f-408a-894a-932f3e7853c5:2f716850-3519-4417-b147-5e911fb79c1d"},{"type":"single","resource":"75ecc080-2d3f-408a-894a-932f3e7853c5:d74c9041-ffc8-4958-afa1-aa5aaae7be12"},{"type":"single","resource":"75ecc080-2d3f-408a-894a-932f3e7853c5:d74c9041-ffc8-4958-afa1-aa5aaae7be12"}]}