{"block.stone.place":{"replace":true,"sounds":[]},"block.stone.break":{"replace":true,"sounds":[]},"block.stone.hit":{"replace":true,"sounds":[]},"block.stone.fall":{"replace":true,"sounds":[]},"block.stone.step":{"replace":true,"sounds":[]},"buzzer":{"sounds":["2dde4ef7-6464-4ec7-bd28-f897e05154a6:c4b48517-ed66-4934-bbf8-1f8a7a8f60ca"]},"farttroll":{"sounds":["2dde4ef7-6464-4ec7-bd28-f897e05154a6:fe3c52d2-afad-4f71-82e4-d3411cdf416f"]},"fbi":{"sounds":["2dde4ef7-6464-4ec7-bd28-f897e05154a6:b8f79f47-59e8-436c-8533-c9b680604188"]}}