{"providers":[{"type":"bitmap","file":"space:font/space_split.png","height":-6767,"ascent":-32768,"chars":["-"]},{"type":"bitmap","file":"space:font/space_nosplit.png","height":-1,"ascent":-32768,"chars":["9"]},{"type":"bitmap","file":"space:font/space_nosplit.png","height":2,"ascent":-32768,"chars":["8"]},{"type":"bitmap","file":"space:font/space_nosplit.png","height":7,"ascent":-32768,"chars":["7"]},{"type":"bitmap","file":"space:font/space_nosplit.png","height":20,"ascent":-32768,"chars":["6"]},{"type":"bitmap","file":"space:font/space_nosplit.png","height":54,"ascent":-32768,"chars":["5"]},{"type":"bitmap","file":"space:font/space_nosplit.png","height":143,"ascent":-32768,"chars":["4"]},{"type":"bitmap","file":"space:font/space_nosplit.png","height":376,"ascent":-32768,"chars":["3"]},{"type":"bitmap","file":"space:font/space_nosplit.png","height":987,"ascent":-32768,"chars":["2"]},{"type":"bitmap","file":"space:font/space_nosplit.png","height":2583,"ascent":-32768,"chars":["1"]},{"type":"bitmap","file":"space:font/space_nosplit.png","height":-2,"ascent":-32768,"chars":["0"]},{"type":"bitmap","file":"space:font/space_split.png","height":-3,"ascent":-32768,"chars":[""]},{"type":"bitmap","file":"space:font/space_split.png","height":-4,"ascent":-32768,"chars":[""]},{"type":"bitmap","file":"space:font/space_split.png","height":-5,"ascent":-32768,"chars":[""]},{"type":"bitmap","file":"space:font/space_split.png","height":-6,"ascent":-32768,"chars":[""]},{"type":"bitmap","file":"space:font/space_split.png","height":-7,"ascent":-32768,"chars":[""]},{"type":"bitmap","file":"space:font/space_split.png","height":-8,"ascent":-32768,"chars":[""]},{"type":"bitmap","file":"space:font/space_split.png","height":-9,"ascent":-32768,"chars":[""]},{"type":"bitmap","file":"space:font/space_split.png","height":-10,"ascent":-32768,"chars":[""]},{"type":"bitmap","file":"space:font/space_split.png","height":-18,"ascent":-32768,"chars":[""]},{"type":"bitmap","file":"space:font/space_split.png","height":-34,"ascent":-32768,"chars":[""]},{"type":"bitmap","file":"space:font/space_split.png","height":-66,"ascent":-32768,"chars":[""]},{"type":"bitmap","file":"space:font/space_split.png","height":-130,"ascent":-32768,"chars":[""]},{"type":"bitmap","file":"space:font/space_split.png","height":-258,"ascent":-32768,"chars":[""]},{"type":"bitmap","file":"space:font/space_split.png","height":-514,"ascent":-32768,"chars":[""]},{"type":"bitmap","file":"space:font/space_split.png","height":-1026,"ascent":-32768,"chars":[""]},{"type":"bitmap","file":"space:font/space_split.png","height":-32770,"ascent":-65536,"chars":[""]},{"type":"bitmap","file":"space:font/space_split.png","height":0,"ascent":-32768,"chars":[""]},{"type":"bitmap","file":"space:font/space_split.png","height":1,"ascent":-32768,"chars":[""]},{"type":"bitmap","file":"space:font/space_split.png","height":2,"ascent":-32768,"chars":[""]},{"type":"bitmap","file":"space:font/space_split.png","height":3,"ascent":-32768,"chars":[""]},{"type":"bitmap","file":"space:font/space_split.png","height":4,"ascent":-32768,"chars":[""]},{"type":"bitmap","file":"space:font/space_split.png","height":5,"ascent":-32768,"chars":[""]},{"type":"bitmap","file":"space:font/space_split.png","height":6,"ascent":-32768,"chars":[""]},{"type":"bitmap","file":"space:font/space_split.png","height":7,"ascent":-32768,"chars":[""]},{"type":"bitmap","file":"space:font/space_split.png","height":15,"ascent":-32768,"chars":[""]},{"type":"bitmap","file":"space:font/space_split.png","height":31,"ascent":-32768,"chars":[""]},{"type":"bitmap","file":"space:font/space_split.png","height":63,"ascent":-32768,"chars":[""]},{"type":"bitmap","file":"space:font/space_split.png","height":127,"ascent":-32768,"chars":[""]},{"type":"bitmap","file":"space:font/space_split.png","height":255,"ascent":-32768,"chars":[""]},{"type":"bitmap","file":"space:font/space_split.png","height":511,"ascent":-32768,"chars":[""]},{"type":"bitmap","file":"space:font/space_split.png","height":1023,"ascent":-32768,"chars":[""]},{"type":"bitmap","file":"space:font/space_split.png","height":32767,"ascent":-65536,"chars":[""]},{"type":"bitmap","file":"space:font/space_nosplit.png","height":-3,"ascent":-32768,"chars":[""]},{"type":"bitmap","file":"space:font/space_nosplit.png","height":-4,"ascent":-32768,"chars":[""]},{"type":"bitmap","file":"space:font/space_nosplit.png","height":-5,"ascent":-32768,"chars":[""]},{"type":"bitmap","file":"space:font/space_nosplit.png","height":-6,"ascent":-32768,"chars":[""]},{"type":"bitmap","file":"space:font/space_nosplit.png","height":-7,"ascent":-32768,"chars":[""]},{"type":"bitmap","file":"space:font/space_nosplit.png","height":-8,"ascent":-32768,"chars":[""]},{"type":"bitmap","file":"space:font/space_nosplit.png","height":-9,"ascent":-32768,"chars":[""]},{"type":"bitmap","file":"space:font/space_nosplit.png","height":-10,"ascent":-32768,"chars":[""]},{"type":"bitmap","file":"space:font/space_nosplit.png","height":-18,"ascent":-32768,"chars":[""]},{"type":"bitmap","file":"space:font/space_nosplit.png","height":-34,"ascent":-32768,"chars":[""]},{"type":"bitmap","file":"space:font/space_nosplit.png","height":-66,"ascent":-32768,"chars":[""]},{"type":"bitmap","file":"space:font/space_nosplit.png","height":-130,"ascent":-32768,"chars":[""]},{"type":"bitmap","file":"space:font/space_nosplit.png","height":-258,"ascent":-32768,"chars":[""]},{"type":"bitmap","file":"space:font/space_nosplit.png","height":-514,"ascent":-32768,"chars":[""]},{"type":"bitmap","file":"space:font/space_nosplit.png","height":-1026,"ascent":-32768,"chars":[""]},{"type":"bitmap","file":"space:font/space_nosplit.png","height":-32770,"ascent":-65536,"chars":[""]},{"type":"bitmap","file":"space:font/space_nosplit.png","height":0,"ascent":-32768,"chars":[""]},{"type":"bitmap","file":"space:font/space_nosplit.png","height":1,"ascent":-32768,"chars":[""]},{"type":"bitmap","file":"space:font/space_nosplit.png","height":2,"ascent":-32768,"chars":[""]},{"type":"bitmap","file":"space:font/space_nosplit.png","height":3,"ascent":-32768,"chars":[""]},{"type":"bitmap","file":"space:font/space_nosplit.png","height":4,"ascent":-32768,"chars":[""]},{"type":"bitmap","file":"space:font/space_nosplit.png","height":5,"ascent":-32768,"chars":[""]},{"type":"bitmap","file":"space:font/space_nosplit.png","height":6,"ascent":-32768,"chars":[""]},{"type":"bitmap","file":"space:font/space_nosplit.png","height":7,"ascent":-32768,"chars":[""]},{"type":"bitmap","file":"space:font/space_nosplit.png","height":15,"ascent":-32768,"chars":[""]},{"type":"bitmap","file":"space:font/space_nosplit.png","height":31,"ascent":-32768,"chars":[""]},{"type":"bitmap","file":"space:font/space_nosplit.png","height":63,"ascent":-32768,"chars":[""]},{"type":"bitmap","file":"space:font/space_nosplit.png","height":127,"ascent":-32768,"chars":[""]},{"type":"bitmap","file":"space:font/space_nosplit.png","height":255,"ascent":-32768,"chars":[""]},{"type":"bitmap","file":"space:font/space_nosplit.png","height":511,"ascent":-32768,"chars":[""]},{"type":"bitmap","file":"space:font/space_nosplit.png","height":1023,"ascent":-32768,"chars":[""]},{"type":"bitmap","file":"space:font/space_nosplit.png","height":32767,"ascent":-65536,"chars":[""]},{"type":"reference","id":"nexo:shift"}]}