{"parent":"item/generated","textures":{"layer0":"item/leather_horse_armor"},"overrides":[{"predicate":{"custom_model_data":1000},"model":"a966757d-4284-49e3-8961-66ea349a56a0:aa6aa89b-6e45-47d0-8b54-d867b0c0fa9d"},{"predicate":{"custom_model_data":1001},"model":"a966757d-4284-49e3-8961-66ea349a56a0:adedd7e0-6cf4-4dc4-bce4-4553321934e0"},{"predicate":{"custom_model_data":1002},"model":"a966757d-4284-49e3-8961-66ea349a56a0:93d66a36-ef7e-41ae-bec1-8966b4917d61"},{"predicate":{"custom_model_data":1003},"model":"a966757d-4284-49e3-8961-66ea349a56a0:ea8ff3cc-14d9-4a66-8398-86f7d1023330"}]}