{"parent":"item/generated","textures":{"layer0":"item/paper"},"overrides":[{"predicate":{"custom_model_data":1000},"model":"a966757d-4284-49e3-8961-66ea349a56a0:46f93346-51df-4e3b-8778-e4f96ef23f3c"},{"predicate":{"custom_model_data":1001},"model":"a966757d-4284-49e3-8961-66ea349a56a0:35a2976f-1823-46cf-90d6-26a5281ebb94"},{"predicate":{"custom_model_data":1002},"model":"a966757d-4284-49e3-8961-66ea349a56a0:3c4fc2b6-3259-4110-9405-8c4a0bfec155"},{"predicate":{"custom_model_data":1003},"model":"a966757d-4284-49e3-8961-66ea349a56a0:c8bd615b-feb9-41b7-aa92-174601e42973"},{"predicate":{"custom_model_data":1004},"model":"a966757d-4284-49e3-8961-66ea349a56a0:f85daae4-9e5d-46c7-9ba8-44de0239e204"},{"predicate":{"custom_model_data":1005},"model":"a966757d-4284-49e3-8961-66ea349a56a0:5cffa00c-cbf6-4d4d-9496-a4632698a8f0"},{"predicate":{"custom_model_data":1006},"model":"fec86c61-be98-4f9d-9891-7ddcc39178d5:19704ed2-87ba-45bf-ab6b-8993b5faf3d0"},{"predicate":{"custom_model_data":1007},"model":"fec86c61-be98-4f9d-9891-7ddcc39178d5:3ed17d5f-4f5e-424e-803c-315f65820436"},{"predicate":{"custom_model_data":1008},"model":"fec86c61-be98-4f9d-9891-7ddcc39178d5:79d5133e-0575-4b3e-b9e1-3efcff597ae8"},{"predicate":{"custom_model_data":1013},"model":"fec86c61-be98-4f9d-9891-7ddcc39178d5:c950cc04-29cd-49c0-9f1e-66e332e8e751"},{"predicate":{"custom_model_data":1014},"model":"fec86c61-be98-4f9d-9891-7ddcc39178d5:3ef2c5d4-4ba5-4540-82c9-773ae99cf7b4"},{"predicate":{"custom_model_data":1015},"model":"fec86c61-be98-4f9d-9891-7ddcc39178d5:15cf6305-0741-4d1f-b92e-dcfc93137c0b"},{"predicate":{"custom_model_data":1040},"model":"fec86c61-be98-4f9d-9891-7ddcc39178d5:dffcef30-0e9c-46a5-b34f-9b3f21d0f02f"},{"predicate":{"custom_model_data":1041},"model":"fec86c61-be98-4f9d-9891-7ddcc39178d5:31d723ba-7236-443d-a71c-6af491bc454c"},{"predicate":{"custom_model_data":1042},"model":"fec86c61-be98-4f9d-9891-7ddcc39178d5:4683972b-892c-42a1-88b5-22f845390bde"},{"predicate":{"custom_model_data":1043},"model":"fec86c61-be98-4f9d-9891-7ddcc39178d5:201e06a7-6a9f-4d7b-b505-a8492aa410d3"},{"predicate":{"custom_model_data":1044},"model":"fec86c61-be98-4f9d-9891-7ddcc39178d5:4a6b71aa-8a4f-47c6-a4c7-292650de95c6"},{"predicate":{"custom_model_data":1045},"model":"fec86c61-be98-4f9d-9891-7ddcc39178d5:3acab04c-d52a-4eb4-8537-5f5a398b6d1d"},{"predicate":{"custom_model_data":1046},"model":"fec86c61-be98-4f9d-9891-7ddcc39178d5:5faa3348-a891-4cd3-a810-f0bc38e5bd02"},{"predicate":{"custom_model_data":1047},"model":"fec86c61-be98-4f9d-9891-7ddcc39178d5:7e63720e-b924-4a65-8c8a-bea8a954c1de"},{"predicate":{"custom_model_data":1048},"model":"fec86c61-be98-4f9d-9891-7ddcc39178d5:358c0c23-11a1-48fe-a5f7-d9f8e73b6d9a"},{"predicate":{"custom_model_data":1049},"model":"fec86c61-be98-4f9d-9891-7ddcc39178d5:b64fad2a-295c-4749-b10b-ad29623e9283"},{"predicate":{"custom_model_data":1050},"model":"fec86c61-be98-4f9d-9891-7ddcc39178d5:1a7b4ed1-c853-4837-9b47-7a5520517574"},{"predicate":{"custom_model_data":1051},"model":"fec86c61-be98-4f9d-9891-7ddcc39178d5:165fa0d6-3890-445c-9ecb-806229f9dda7"},{"predicate":{"custom_model_data":1052},"model":"fec86c61-be98-4f9d-9891-7ddcc39178d5:82e05292-bf93-4b4c-b215-819818e66b10"},{"predicate":{"custom_model_data":1053},"model":"fec86c61-be98-4f9d-9891-7ddcc39178d5:04cb7ac5-e951-4e06-acdf-11793f950a6a"},{"predicate":{"custom_model_data":1054},"model":"fec86c61-be98-4f9d-9891-7ddcc39178d5:58e31f1a-56b1-4abe-9355-4781862b8df2"},{"predicate":{"custom_model_data":1055},"model":"fec86c61-be98-4f9d-9891-7ddcc39178d5:7d70071a-1e08-4e74-a6d8-a3176d526443"},{"predicate":{"custom_model_data":1056},"model":"fec86c61-be98-4f9d-9891-7ddcc39178d5:da8239d5-e65f-4d3a-9a59-c6a505908f5b"},{"predicate":{"custom_model_data":1057},"model":"fec86c61-be98-4f9d-9891-7ddcc39178d5:76359575-8b6c-48a7-9a68-99df1fc7ecab"},{"predicate":{"custom_model_data":1058},"model":"fec86c61-be98-4f9d-9891-7ddcc39178d5:b38213ec-41a3-4429-9d4f-1ffbdd9b68b1"},{"predicate":{"custom_model_data":1059},"model":"fec86c61-be98-4f9d-9891-7ddcc39178d5:fd7a935d-6ce9-4f6b-b17d-2b4820f674e8"},{"predicate":{"custom_model_data":1060},"model":"fec86c61-be98-4f9d-9891-7ddcc39178d5:8e40e7a7-77d3-4a44-b1ba-38cc5106357f"},{"predicate":{"custom_model_data":1061},"model":"fec86c61-be98-4f9d-9891-7ddcc39178d5:c886a1c6-061b-43e7-b5c3-eadd6e69ebec"},{"predicate":{"custom_model_data":1062},"model":"fec86c61-be98-4f9d-9891-7ddcc39178d5:15c00925-0fdf-4f29-bc21-6a2f19b2dcad"},{"predicate":{"custom_model_data":1063},"model":"fec86c61-be98-4f9d-9891-7ddcc39178d5:a06a3376-2355-4903-8d8a-938cc81f1439"},{"predicate":{"custom_model_data":1064},"model":"fec86c61-be98-4f9d-9891-7ddcc39178d5:1406fabc-cace-4e5d-808d-88a67245505a"},{"predicate":{"custom_model_data":1065},"model":"fec86c61-be98-4f9d-9891-7ddcc39178d5:3ee5d65f-dc33-4af7-ab51-3b357a8e63df"},{"predicate":{"custom_model_data":1066},"model":"fec86c61-be98-4f9d-9891-7ddcc39178d5:b4794a3f-5b83-4170-8536-ba066d0cada6"},{"predicate":{"custom_model_data":1067},"model":"fec86c61-be98-4f9d-9891-7ddcc39178d5:dd3d6798-e381-444e-95bc-6bac1d3e70cc"},{"predicate":{"custom_model_data":1068},"model":"fec86c61-be98-4f9d-9891-7ddcc39178d5:c02fa81e-7dcb-4579-8bd1-a9a28e62992f"},{"predicate":{"custom_model_data":1069},"model":"fec86c61-be98-4f9d-9891-7ddcc39178d5:72c4908e-31ca-4dc2-a8cb-f839a4c6c60b"},{"predicate":{"custom_model_data":1070},"model":"fec86c61-be98-4f9d-9891-7ddcc39178d5:45ed58af-02c9-4f71-b57c-47082a6932e1"}]}