{"providers":[{"type":"bitmap","file":"2dde4ef7-6464-4ec7-bd28-f897e05154a6:090de151-cb04-42fd-b45b-0b8a23cb9fe1.png","height":114,"ascent":13,"chars":["ꑅ"]},{"type":"bitmap","file":"2dde4ef7-6464-4ec7-bd28-f897e05154a6:a4a739f5-a069-468a-8d6d-188fd6b8fb0c.png","ascent":8,"chars":["꒚"]},{"type":"bitmap","file":"2dde4ef7-6464-4ec7-bd28-f897e05154a6:bc5d5587-392d-443d-8774-3f971370c01e.png","ascent":8,"chars":["ꓯ"]},{"type":"bitmap","file":"2dde4ef7-6464-4ec7-bd28-f897e05154a6:b5f67a35-b1e9-4d4d-8e0e-c7461e6ea458.png","ascent":8,"chars":["꒽"]},{"type":"bitmap","file":"2dde4ef7-6464-4ec7-bd28-f897e05154a6:0734939c-c061-4ea1-8346-60c9fb4d91fe.png","ascent":8,"chars":["ꒈ"]},{"type":"bitmap","file":"2dde4ef7-6464-4ec7-bd28-f897e05154a6:4c78247d-d15d-410a-83cb-b62f21f1380c.png","ascent":8,"chars":["ꔳ"]},{"type":"bitmap","file":"2dde4ef7-6464-4ec7-bd28-f897e05154a6:65dac8bd-39fa-4703-aa13-80bb272c99e3.png","ascent":8,"chars":["ꔜ"]},{"type":"bitmap","file":"2dde4ef7-6464-4ec7-bd28-f897e05154a6:33369154-4480-4403-adeb-34228f879dde.png","ascent":8,"chars":["꓿"]},{"type":"bitmap","file":"2dde4ef7-6464-4ec7-bd28-f897e05154a6:68bea365-ac4f-4e9a-9e2d-dbc9dbd7e7f2.png","ascent":8,"chars":["ꒅ"]},{"type":"bitmap","file":"2dde4ef7-6464-4ec7-bd28-f897e05154a6:4e166f11-bc56-440b-977c-9144177bce26.png","ascent":8,"chars":["꒝"]},{"type":"bitmap","file":"2dde4ef7-6464-4ec7-bd28-f897e05154a6:04c36acd-a43c-44ca-b235-e1a7efad46d7.png","ascent":8,"chars":["ꔁ"]},{"type":"bitmap","file":"2dde4ef7-6464-4ec7-bd28-f897e05154a6:e75f4cfd-7a85-4e81-ac1d-a2d897a197a5.png","ascent":8,"chars":["ꓢ"]},{"type":"bitmap","file":"2dde4ef7-6464-4ec7-bd28-f897e05154a6:a35c8134-6ee7-4189-9b21-985ee9587d0c.png","ascent":8,"chars":["꓾"]},{"type":"bitmap","file":"2dde4ef7-6464-4ec7-bd28-f897e05154a6:6eb671bd-d525-4500-a322-b5e3df93bff1.png","height":256,"ascent":37,"chars":["ꐛ"]},{"type":"bitmap","file":"2dde4ef7-6464-4ec7-bd28-f897e05154a6:40477c7e-d484-410c-bdc1-aebaed4b840c.png","height":114,"ascent":13,"chars":["ꑌ"]},{"type":"bitmap","file":"2dde4ef7-6464-4ec7-bd28-f897e05154a6:1e4f8967-b882-4925-bf24-37d9619d4d01.png","ascent":8,"chars":["ꒄ"]},{"type":"bitmap","file":"2dde4ef7-6464-4ec7-bd28-f897e05154a6:7c3db960-95a3-4e53-9213-fbe9fd86997f.png","ascent":8,"chars":["ꓸ"]},{"type":"bitmap","file":"2dde4ef7-6464-4ec7-bd28-f897e05154a6:6bcebaa5-2d83-4f7d-b008-0aa5e095ac67.png","ascent":8,"chars":["꓊"]},{"type":"bitmap","file":"2dde4ef7-6464-4ec7-bd28-f897e05154a6:5cca41eb-d01f-4de5-acd8-94f81895de54.png","ascent":8,"chars":["꓇"]},{"type":"bitmap","file":"2dde4ef7-6464-4ec7-bd28-f897e05154a6:75ff7075-7883-4acf-a1cc-6f72923c913e.png","ascent":8,"chars":["ꒉ"]},{"type":"bitmap","file":"2dde4ef7-6464-4ec7-bd28-f897e05154a6:34aceb35-6fab-4609-bfe5-c9a625b70e75.png","ascent":8,"chars":["꒜"]},{"type":"bitmap","file":"2dde4ef7-6464-4ec7-bd28-f897e05154a6:a80b6008-42d3-4e64-b1cb-5c6c23f91a17.png","ascent":8,"chars":["ꕆ"]},{"type":"bitmap","file":"2dde4ef7-6464-4ec7-bd28-f897e05154a6:e04cfac8-bdbc-4a58-8c1e-ad7d6aa91536.png","ascent":8,"chars":["ꔬ"]},{"type":"bitmap","file":"2dde4ef7-6464-4ec7-bd28-f897e05154a6:f517e068-79ec-42ce-9f7a-3e577745645d.png","ascent":8,"chars":["ꔆ"]},{"type":"bitmap","file":"2dde4ef7-6464-4ec7-bd28-f897e05154a6:bdc778f3-5f24-4f4e-9515-3892d898b9ff.png","ascent":8,"chars":["ꔭ"]},{"type":"bitmap","file":"2dde4ef7-6464-4ec7-bd28-f897e05154a6:a21ad844-c696-47df-aac2-5f36c9d777e7.png","ascent":8,"chars":["ꔒ"]},{"type":"bitmap","file":"2dde4ef7-6464-4ec7-bd28-f897e05154a6:9b4a8f00-90af-4a69-a8bc-c6a64de467cf.png","ascent":8,"chars":["ꓡ"]},{"type":"bitmap","file":"2dde4ef7-6464-4ec7-bd28-f897e05154a6:fb99e11d-af4b-4fbf-9092-44282501610b.png","ascent":8,"chars":["ꓨ"]},{"type":"bitmap","file":"2dde4ef7-6464-4ec7-bd28-f897e05154a6:d2161127-fdf1-4ddf-a660-0c3dcfafd1d5.png","ascent":8,"chars":["ꔵ"]},{"type":"bitmap","file":"2dde4ef7-6464-4ec7-bd28-f897e05154a6:5783fb5e-0fe6-496a-a5e8-4b3ccf105e89.png","ascent":8,"chars":["꒖"]},{"type":"bitmap","file":"2dde4ef7-6464-4ec7-bd28-f897e05154a6:9907f396-3690-4d29-8629-6345a7b78a6d.png","ascent":8,"chars":["꒒"]},{"type":"bitmap","file":"2dde4ef7-6464-4ec7-bd28-f897e05154a6:96e0237f-d033-4d56-bbd6-70ed19cf623f.png","ascent":8,"chars":["ꕂ"]},{"type":"bitmap","file":"2dde4ef7-6464-4ec7-bd28-f897e05154a6:586468bd-d821-43b6-8029-36d7f6199b0d.png","ascent":8,"chars":["ꓖ"]},{"type":"bitmap","file":"2dde4ef7-6464-4ec7-bd28-f897e05154a6:506618ba-16cb-4645-9755-0528ce1481f4.png","ascent":8,"chars":["ꕈ"]},{"type":"bitmap","file":"2dde4ef7-6464-4ec7-bd28-f897e05154a6:215f4643-17cb-4ff3-8f04-c9f32a532099.png","ascent":8,"chars":["꒼"]},{"type":"bitmap","file":"2dde4ef7-6464-4ec7-bd28-f897e05154a6:4230b720-5e42-4c59-b2c4-9943c3ccfcf5.png","ascent":8,"chars":["ꔼ"]},{"type":"bitmap","file":"2dde4ef7-6464-4ec7-bd28-f897e05154a6:1c4b3308-faa7-4e1f-bf5f-64f125a215e4.png","ascent":8,"chars":["ꔑ"]},{"type":"bitmap","file":"2dde4ef7-6464-4ec7-bd28-f897e05154a6:f9d745b2-020e-4e68-ae22-70eb8d9bc4db.png","ascent":8,"chars":["ꐫ"]},{"type":"bitmap","file":"2dde4ef7-6464-4ec7-bd28-f897e05154a6:1b663040-d9c3-4b63-bdd7-bf3a8bc2af66.png","ascent":8,"chars":["ꔮ"]},{"type":"bitmap","file":"2dde4ef7-6464-4ec7-bd28-f897e05154a6:849333ee-ab80-45a0-a2d8-58764d3ed129.png","ascent":8,"chars":["ꓱ"]},{"type":"bitmap","file":"2dde4ef7-6464-4ec7-bd28-f897e05154a6:69d9088d-264d-4a08-9a59-6cfea010f29b.png","ascent":8,"chars":["꓃"]},{"type":"bitmap","file":"2dde4ef7-6464-4ec7-bd28-f897e05154a6:2b623719-3d4c-443e-8080-afb3289df208.png","ascent":8,"chars":["ꓑ"]},{"type":"bitmap","file":"2dde4ef7-6464-4ec7-bd28-f897e05154a6:a8338b5e-0e25-4451-aee6-fce35ec79bab.png","ascent":8,"chars":["꓈"]},{"type":"bitmap","file":"2dde4ef7-6464-4ec7-bd28-f897e05154a6:e761ad6a-c9a2-444e-803d-7a98f2da16ac.png","height":114,"ascent":13,"chars":["ꑄ"]},{"type":"bitmap","file":"2dde4ef7-6464-4ec7-bd28-f897e05154a6:da52d465-02c5-4b59-b78d-c3d7c81a5f95.png","ascent":8,"chars":["ꓠ"]},{"type":"bitmap","file":"2dde4ef7-6464-4ec7-bd28-f897e05154a6:ee56498d-1c64-4128-bbc5-cee55c989109.png","ascent":8,"chars":["ꔾ"]},{"type":"bitmap","file":"2dde4ef7-6464-4ec7-bd28-f897e05154a6:7fd79e4a-2acb-46fa-8fcd-85e48fe5884d.png","ascent":8,"chars":["ꒊ"]},{"type":"bitmap","file":"2dde4ef7-6464-4ec7-bd28-f897e05154a6:9418f506-8445-45ef-9f3a-ad6ccee3e9fb.png","ascent":8,"chars":["꒺"]},{"type":"bitmap","file":"2dde4ef7-6464-4ec7-bd28-f897e05154a6:72aaa1d0-344e-49b4-8bd0-af1dd66e6105.png","ascent":8,"chars":["꓆"]},{"type":"bitmap","file":"2dde4ef7-6464-4ec7-bd28-f897e05154a6:0e36b136-0eab-4145-9de3-c352d2d0488e.png","ascent":8,"chars":["ꔿ"]},{"type":"bitmap","file":"2dde4ef7-6464-4ec7-bd28-f897e05154a6:ac7a15fc-82f6-497c-94e9-4e25ab3064b1.png","ascent":8,"chars":["ꓣ"]},{"type":"bitmap","file":"2dde4ef7-6464-4ec7-bd28-f897e05154a6:09808fbd-71ba-4344-98cf-6c1f0c15d9a8.png","ascent":8,"chars":["꒪"]},{"type":"bitmap","file":"2dde4ef7-6464-4ec7-bd28-f897e05154a6:e96f5c25-db2f-4769-95a8-d0b5f788efbe.png","ascent":8,"chars":["ꑺ"]},{"type":"bitmap","file":"2dde4ef7-6464-4ec7-bd28-f897e05154a6:293fd946-fd70-4cc3-a1bd-1b64531dd4f7.png","ascent":8,"chars":["ꔌ"]},{"type":"bitmap","file":"2dde4ef7-6464-4ec7-bd28-f897e05154a6:0996ab10-c84b-4af2-8e4a-cda8064b89a9.png","ascent":8,"chars":["ꔷ"]},{"type":"bitmap","file":"2dde4ef7-6464-4ec7-bd28-f897e05154a6:5afe7377-36dc-4b57-a66a-52e69a4af7da.png","ascent":8,"chars":["ꒀ"]},{"type":"bitmap","file":"2dde4ef7-6464-4ec7-bd28-f897e05154a6:32817d13-a629-4418-b1f4-2bac8c746c90.png","ascent":8,"chars":["ꓜ"]},{"type":"bitmap","file":"2dde4ef7-6464-4ec7-bd28-f897e05154a6:a6e9714e-9f76-4dd9-97ca-089ea0849594.png","ascent":8,"chars":["ꐵ"]},{"type":"bitmap","file":"2dde4ef7-6464-4ec7-bd28-f897e05154a6:dd141e25-7cd4-4c3a-a686-aaeeb1677f5c.png","height":114,"ascent":13,"chars":["ꑊ"]},{"type":"bitmap","file":"2dde4ef7-6464-4ec7-bd28-f897e05154a6:c4d9ee83-2e92-4a2e-9070-4462ba263856.png","ascent":8,"chars":["ꓝ"]},{"type":"bitmap","file":"2dde4ef7-6464-4ec7-bd28-f897e05154a6:2308bf4f-10df-4867-8616-626a89320474.png","ascent":8,"chars":["ꔘ"]},{"type":"bitmap","file":"2dde4ef7-6464-4ec7-bd28-f897e05154a6:7b634553-df11-46d7-bb77-66d613e76712.png","ascent":8,"chars":["꓂"]},{"type":"bitmap","file":"2dde4ef7-6464-4ec7-bd28-f897e05154a6:6ca612b4-abcf-448b-9170-c96114ec2845.png","ascent":8,"chars":["꒨"]},{"type":"bitmap","file":"2dde4ef7-6464-4ec7-bd28-f897e05154a6:60fac16b-73e5-4974-9746-4ba14350e25c.png","ascent":8,"chars":["꒦"]},{"type":"bitmap","file":"2dde4ef7-6464-4ec7-bd28-f897e05154a6:745d6039-e5a3-4ef6-8f33-15b06504e3b6.png","ascent":8,"chars":["꒤"]},{"type":"bitmap","file":"2dde4ef7-6464-4ec7-bd28-f897e05154a6:7d81dcf0-bb62-4aec-b673-630eba115bad.png","ascent":8,"chars":["ꐮ"]},{"type":"bitmap","file":"2dde4ef7-6464-4ec7-bd28-f897e05154a6:f9b10c33-c52b-4b44-bfa5-d98c4c9f3829.png","ascent":8,"chars":["꒞"]},{"type":"bitmap","file":"2dde4ef7-6464-4ec7-bd28-f897e05154a6:44840748-98c7-4bb0-8b72-d2519954e4b8.png","ascent":8,"chars":["ꔇ"]},{"type":"bitmap","file":"2dde4ef7-6464-4ec7-bd28-f897e05154a6:068af3e0-8c19-4ac3-a855-15b19b6bf755.png","ascent":8,"chars":["ꓕ"]},{"type":"bitmap","file":"2dde4ef7-6464-4ec7-bd28-f897e05154a6:c59e0b28-ba37-4798-959e-df639401bff4.png","ascent":8,"chars":["ꑽ"]},{"type":"bitmap","file":"2dde4ef7-6464-4ec7-bd28-f897e05154a6:dda58984-646b-4cac-ba40-b65410ac1242.png","ascent":8,"chars":["ꔻ"]},{"type":"bitmap","file":"2dde4ef7-6464-4ec7-bd28-f897e05154a6:aa9a1291-8a50-4050-999c-def03849d61d.png","ascent":8,"chars":["ꔸ"]},{"type":"bitmap","file":"2dde4ef7-6464-4ec7-bd28-f897e05154a6:6d33a5e5-eff2-40b1-b08e-9ab2c171da0e.png","ascent":8,"chars":["ꕇ"]},{"type":"bitmap","file":"2dde4ef7-6464-4ec7-bd28-f897e05154a6:76c6d057-2a48-43df-b936-ae06c6b680d9.png","ascent":8,"chars":["ꔧ"]},{"type":"bitmap","file":"2dde4ef7-6464-4ec7-bd28-f897e05154a6:670d8640-98bc-42a2-9f22-cb196ab947c6.png","ascent":8,"chars":["ꓷ"]},{"type":"bitmap","file":"2dde4ef7-6464-4ec7-bd28-f897e05154a6:7ded461c-2654-4f35-a490-1602cf2f9579.png","ascent":8,"chars":["ꕄ"]},{"type":"bitmap","file":"2dde4ef7-6464-4ec7-bd28-f897e05154a6:13c27861-4595-4640-a9c0-5632477c4674.png","ascent":8,"chars":["ꑴ"]},{"type":"bitmap","file":"2dde4ef7-6464-4ec7-bd28-f897e05154a6:ce9a4826-645f-4dd1-9421-07d1666f64cd.png","ascent":8,"chars":["꓅"]},{"type":"bitmap","file":"2dde4ef7-6464-4ec7-bd28-f897e05154a6:34a778e8-0e05-4a2a-b6bb-4eedc7edacef.png","ascent":8,"chars":["ꔱ"]},{"type":"bitmap","file":"2dde4ef7-6464-4ec7-bd28-f897e05154a6:31c798c4-d25e-4fe1-9b8c-62ae863ea304.png","ascent":8,"chars":["ꐧ"]},{"type":"bitmap","file":"2dde4ef7-6464-4ec7-bd28-f897e05154a6:5c886404-98aa-439b-8563-f88ea0121bbf.png","ascent":8,"chars":["꓍"]},{"type":"bitmap","file":"2dde4ef7-6464-4ec7-bd28-f897e05154a6:092bdfbb-e119-4916-a3bd-d6f11b0ddacc.png","ascent":8,"chars":["ꓞ"]},{"type":"bitmap","file":"2dde4ef7-6464-4ec7-bd28-f897e05154a6:62c9af5a-6b04-4f22-89ff-41e007b18999.png","ascent":8,"chars":["ꑷ"]},{"type":"bitmap","file":"2dde4ef7-6464-4ec7-bd28-f897e05154a6:8cf37f28-2ec6-4c38-9bbf-d5b9c80fc5a0.png","ascent":8,"chars":["ꓴ"]},{"type":"bitmap","file":"2dde4ef7-6464-4ec7-bd28-f897e05154a6:2fa98030-9bd3-4878-8f77-fa919526967e.png","ascent":8,"chars":["ꔝ"]},{"type":"bitmap","file":"2dde4ef7-6464-4ec7-bd28-f897e05154a6:cc5daaba-7eaf-46e1-b1d2-90a09f93851d.png","ascent":8,"chars":["꒔"]},{"type":"bitmap","file":"2dde4ef7-6464-4ec7-bd28-f897e05154a6:596f4ee0-09cb-4acb-9b40-2440c8beeee3.png","ascent":8,"chars":["ꐴ"]},{"type":"bitmap","file":"2dde4ef7-6464-4ec7-bd28-f897e05154a6:e4add803-f50e-4b69-85f0-012634ac4f97.png","ascent":8,"chars":["꒕"]},{"type":"bitmap","file":"2dde4ef7-6464-4ec7-bd28-f897e05154a6:94928432-d558-46d9-bc11-2baeb403a1ae.png","ascent":8,"chars":["ꔞ"]},{"type":"bitmap","file":"2dde4ef7-6464-4ec7-bd28-f897e05154a6:c542fcef-52ed-40b3-91bb-fbcbaa98d071.png","ascent":8,"chars":["ꕃ"]},{"type":"bitmap","file":"2dde4ef7-6464-4ec7-bd28-f897e05154a6:51cf3264-8c95-4ada-ace9-d4fdffa19355.png","ascent":8,"chars":["ꔺ"]},{"type":"bitmap","file":"2dde4ef7-6464-4ec7-bd28-f897e05154a6:24dc1a20-49b3-438a-9950-a0c9b7e2010a.png","ascent":8,"chars":["ꕅ"]},{"type":"bitmap","file":"2dde4ef7-6464-4ec7-bd28-f897e05154a6:8399d15b-587e-4e25-adb7-f8cf78161aeb.png","ascent":8,"chars":["ꑹ"]},{"type":"bitmap","file":"2dde4ef7-6464-4ec7-bd28-f897e05154a6:81a67cb7-a84d-4edb-b2d9-f84c06204c4f.png","ascent":8,"chars":["꒐"]},{"type":"bitmap","file":"2dde4ef7-6464-4ec7-bd28-f897e05154a6:4c67e0ba-555f-4a9b-aac2-a513f8e2fb8c.png","ascent":8,"chars":["ꑵ"]},{"type":"bitmap","file":"2dde4ef7-6464-4ec7-bd28-f897e05154a6:7e3acc9c-4c00-4112-8af8-7ef48e6c00a9.png","ascent":8,"chars":["꒰"]},{"type":"bitmap","file":"2dde4ef7-6464-4ec7-bd28-f897e05154a6:f1685905-29df-4363-88ef-45170edacf87.png","ascent":8,"chars":["꒧"]},{"type":"bitmap","file":"2dde4ef7-6464-4ec7-bd28-f897e05154a6:17cebeee-2f95-4091-be57-015689be2d51.png","ascent":8,"chars":["ꓟ"]},{"type":"bitmap","file":"2dde4ef7-6464-4ec7-bd28-f897e05154a6:2153720e-1dd4-450d-a017-78ab021196e8.png","ascent":8,"chars":["ꔋ"]},{"type":"bitmap","file":"2dde4ef7-6464-4ec7-bd28-f897e05154a6:8b5ce8d2-5cbc-4901-ad17-d6ea39913c7a.png","ascent":8,"chars":["ꓩ"]},{"type":"bitmap","file":"2dde4ef7-6464-4ec7-bd28-f897e05154a6:57ef55f3-98cd-47e4-a231-567a0467f666.png","ascent":8,"chars":["ꓥ"]},{"type":"bitmap","file":"2dde4ef7-6464-4ec7-bd28-f897e05154a6:30f56da0-fff1-42ce-91a8-e3e6b67c47df.png","ascent":8,"chars":["ꓫ"]},{"type":"bitmap","file":"2dde4ef7-6464-4ec7-bd28-f897e05154a6:6a3f4c86-6ca5-4aed-afaa-39ed731d9829.png","ascent":8,"chars":["ꒌ"]},{"type":"bitmap","file":"2dde4ef7-6464-4ec7-bd28-f897e05154a6:d4f72420-54d1-4a0d-ba84-2ec66e4348ee.png","ascent":8,"chars":["꒎"]},{"type":"bitmap","file":"2dde4ef7-6464-4ec7-bd28-f897e05154a6:782de62d-0d22-4ddd-92d1-3a98a68ade25.png","ascent":8,"chars":["ꔎ"]},{"type":"bitmap","file":"2dde4ef7-6464-4ec7-bd28-f897e05154a6:201635b7-f781-4698-9c9a-08848625acb7.png","ascent":8,"chars":["ꓐ"]},{"type":"bitmap","file":"2dde4ef7-6464-4ec7-bd28-f897e05154a6:1a404c0a-1d7f-4d6b-a2ed-ea7fe89228d3.png","ascent":8,"chars":["ꓮ"]},{"type":"bitmap","file":"2dde4ef7-6464-4ec7-bd28-f897e05154a6:425445e9-fa90-4fa7-a812-3ecdb9149d75.png","ascent":8,"chars":["꒵"]},{"type":"bitmap","file":"2dde4ef7-6464-4ec7-bd28-f897e05154a6:95ad18d3-33f5-4b41-983f-51a218e01a4c.png","ascent":8,"chars":["ꑿ"]},{"type":"bitmap","file":"2dde4ef7-6464-4ec7-bd28-f897e05154a6:984764fa-5ddd-42d8-ab3e-70bd9a559c1e.png","ascent":8,"chars":["ꐳ"]},{"type":"bitmap","file":"2dde4ef7-6464-4ec7-bd28-f897e05154a6:471eed52-2f42-4156-a51b-c1e2e535d857.png","ascent":8,"chars":["ꔈ"]},{"type":"bitmap","file":"2dde4ef7-6464-4ec7-bd28-f897e05154a6:517f4dc5-9373-4b22-b463-82b39dd270c7.png","ascent":8,"chars":["ꔦ"]},{"type":"bitmap","file":"2dde4ef7-6464-4ec7-bd28-f897e05154a6:0d381187-f5ce-43e8-9cd1-cde34d98d467.png","ascent":8,"chars":["ꓳ"]},{"type":"bitmap","file":"2dde4ef7-6464-4ec7-bd28-f897e05154a6:091ae21f-641f-44e4-b342-89a535934eb7.png","ascent":8,"chars":["ꔛ"]},{"type":"bitmap","file":"2dde4ef7-6464-4ec7-bd28-f897e05154a6:ce166114-8904-4c8a-975d-6789dd2a2f7b.png","ascent":8,"chars":["ꔤ"]},{"type":"bitmap","file":"2dde4ef7-6464-4ec7-bd28-f897e05154a6:718a18bb-baf5-4801-bb20-cd1d4e2dc75a.png","ascent":8,"chars":["꓋"]},{"type":"bitmap","file":"2dde4ef7-6464-4ec7-bd28-f897e05154a6:888dca66-6ba6-4492-a033-079582e91501.png","ascent":8,"chars":["ꔗ"]},{"type":"bitmap","file":"2dde4ef7-6464-4ec7-bd28-f897e05154a6:654057ed-e316-488c-a68b-282dc257ce8b.png","ascent":8,"chars":["꒹"]},{"type":"bitmap","file":"2dde4ef7-6464-4ec7-bd28-f897e05154a6:13c00c56-5b98-46d6-afd5-8a07f31c5a66.png","ascent":8,"chars":["ꓹ"]},{"type":"bitmap","file":"2dde4ef7-6464-4ec7-bd28-f897e05154a6:cefb5fb9-4fc8-4000-ab46-6cd37ea63dfc.png","ascent":8,"chars":["ꒇ"]},{"type":"bitmap","file":"2dde4ef7-6464-4ec7-bd28-f897e05154a6:e1a37059-e7bb-4536-85b3-6a3f385cf631.png","ascent":8,"chars":["꒿"]},{"type":"bitmap","file":"2dde4ef7-6464-4ec7-bd28-f897e05154a6:5e8757dd-b7dc-4597-8e99-ce66bbf22d8c.png","ascent":8,"chars":["ꓤ"]},{"type":"bitmap","file":"2dde4ef7-6464-4ec7-bd28-f897e05154a6:9aa7daa3-d7ee-43b4-8c4e-203dceea53ed.png","ascent":8,"chars":["ꐡ"]},{"type":"bitmap","file":"2dde4ef7-6464-4ec7-bd28-f897e05154a6:cba00bac-fda5-4081-ab94-2ef6dcf6e7d4.png","ascent":8,"chars":["ꐢ"]},{"type":"bitmap","file":"2dde4ef7-6464-4ec7-bd28-f897e05154a6:e2b67c9d-488c-4f86-9d45-2a1187f35515.png","ascent":8,"chars":["ꔂ"]},{"type":"bitmap","file":"2dde4ef7-6464-4ec7-bd28-f897e05154a6:b97c8b43-7f52-425e-beaf-ee190afae4ab.png","ascent":8,"chars":["ꓪ"]},{"type":"bitmap","file":"2dde4ef7-6464-4ec7-bd28-f897e05154a6:c2e508c3-6794-4424-8c6c-5ce7709770a8.png","ascent":8,"chars":["ꐰ"]},{"type":"bitmap","file":"2dde4ef7-6464-4ec7-bd28-f897e05154a6:3f496755-8629-4216-b46d-7616d9cca1ff.png","ascent":8,"chars":["ꓒ"]},{"type":"bitmap","file":"2dde4ef7-6464-4ec7-bd28-f897e05154a6:3502b59c-790c-44c5-a550-aa055b0728a6.png","ascent":8,"chars":["꒛"]},{"type":"bitmap","file":"2dde4ef7-6464-4ec7-bd28-f897e05154a6:1679a5ae-8f7a-4f0e-94f5-f474d964ad68.png","ascent":8,"chars":["꒶"]},{"type":"bitmap","file":"2dde4ef7-6464-4ec7-bd28-f897e05154a6:430e7208-04ba-4eb0-9af4-fe78eece2291.png","ascent":8,"chars":["ꓭ"]},{"type":"bitmap","file":"2dde4ef7-6464-4ec7-bd28-f897e05154a6:6086e9ef-1365-4664-aaa8-83d385ef496a.png","ascent":8,"chars":["ꔴ"]},{"type":"bitmap","file":"2dde4ef7-6464-4ec7-bd28-f897e05154a6:fa9a9c7a-4ffd-44e7-bd52-b8fa37de7819.png","ascent":8,"chars":["ꔢ"]},{"type":"bitmap","file":"2dde4ef7-6464-4ec7-bd28-f897e05154a6:f32d6efa-5610-4ff6-aef1-a6d2f6be4c19.png","height":114,"ascent":13,"chars":["ꑋ"]},{"type":"bitmap","file":"2dde4ef7-6464-4ec7-bd28-f897e05154a6:3f5a783b-7542-4637-8b71-f3c34783805f.png","ascent":8,"chars":["ꔡ"]},{"type":"bitmap","file":"2dde4ef7-6464-4ec7-bd28-f897e05154a6:89a401ac-e2d9-4d00-a1a0-4241b64a3385.png","ascent":8,"chars":["ꑻ"]},{"type":"bitmap","file":"2dde4ef7-6464-4ec7-bd28-f897e05154a6:8e72211f-bee1-46d6-9d1f-62d58faa314b.png","height":114,"ascent":13,"chars":["ꑆ"]},{"type":"bitmap","file":"2dde4ef7-6464-4ec7-bd28-f897e05154a6:63fa3131-f8b4-46a6-aed0-a9302bff9c70.png","ascent":8,"chars":["ꒁ"]},{"type":"bitmap","file":"2dde4ef7-6464-4ec7-bd28-f897e05154a6:c68a6cf4-1d24-4aea-b612-18c6a209d40d.png","ascent":8,"chars":["ꒆ"]},{"type":"bitmap","file":"2dde4ef7-6464-4ec7-bd28-f897e05154a6:460d55f9-0d49-4ae7-bbda-25f1f1daca12.png","ascent":8,"chars":["ꔕ"]},{"type":"bitmap","file":"2dde4ef7-6464-4ec7-bd28-f897e05154a6:09677912-bc12-4430-9b6d-e0a7a94857fd.png","ascent":8,"chars":["ꔩ"]},{"type":"bitmap","file":"2dde4ef7-6464-4ec7-bd28-f897e05154a6:b1f3d6ff-54d8-4ca4-99bc-98e5d8166377.png","ascent":8,"chars":["ꔠ"]},{"type":"bitmap","file":"2dde4ef7-6464-4ec7-bd28-f897e05154a6:7b40b0f9-589b-4528-b4d8-cb067af2090e.png","ascent":8,"chars":["ꒃ"]},{"type":"bitmap","file":"2dde4ef7-6464-4ec7-bd28-f897e05154a6:6237a587-9e69-456d-8ee3-51ccb1f7dfec.png","ascent":8,"chars":["꒾"]},{"type":"bitmap","file":"2dde4ef7-6464-4ec7-bd28-f897e05154a6:e761ad6a-c9a2-444e-803d-7a98f2da16ac.png","height":114,"ascent":13,"chars":["ꑮ"]},{"type":"bitmap","file":"2dde4ef7-6464-4ec7-bd28-f897e05154a6:75dc9eeb-cd23-4da2-ab18-c299bb97f601.png","ascent":8,"chars":["ꐠ"]},{"type":"bitmap","file":"2dde4ef7-6464-4ec7-bd28-f897e05154a6:e510ba2b-ba1d-44fa-9c6e-68088a7b95dd.png","ascent":8,"chars":["ꐣ"]},{"type":"bitmap","file":"2dde4ef7-6464-4ec7-bd28-f897e05154a6:c12c06eb-5d1e-4908-b2de-d833c5a81eaf.png","ascent":8,"chars":["꒑"]},{"type":"bitmap","file":"2dde4ef7-6464-4ec7-bd28-f897e05154a6:7417a582-d6fe-4230-bb9e-cff31eac9563.png","ascent":8,"chars":["꒱"]},{"type":"bitmap","file":"2dde4ef7-6464-4ec7-bd28-f897e05154a6:673337f2-6133-437c-96f4-45a9bfd35d5a.png","ascent":8,"chars":["꒲"]},{"type":"bitmap","file":"2dde4ef7-6464-4ec7-bd28-f897e05154a6:ab5fa2e4-06f3-4a03-9cd1-9e604ee2af76.png","ascent":8,"chars":["ꔃ"]},{"type":"bitmap","file":"2dde4ef7-6464-4ec7-bd28-f897e05154a6:d0c78046-40e2-432d-b70e-d149fd468b0f.png","ascent":8,"chars":["ꐤ"]},{"type":"bitmap","file":"2dde4ef7-6464-4ec7-bd28-f897e05154a6:ff8de49c-8586-4f84-a323-09fe4b27d369.png","ascent":8,"chars":["ꓬ"]},{"type":"bitmap","file":"2dde4ef7-6464-4ec7-bd28-f897e05154a6:ae17172e-6110-4657-a546-cf2507b35f92.png","ascent":8,"chars":["ꑸ"]},{"type":"bitmap","file":"2dde4ef7-6464-4ec7-bd28-f897e05154a6:e4b8d7dd-1744-467f-847a-5bbbb6de3a35.png","ascent":8,"chars":["ꑰ"]},{"type":"bitmap","file":"2dde4ef7-6464-4ec7-bd28-f897e05154a6:aeeafd7a-a540-42b8-a964-971210141843.png","ascent":8,"chars":["ꔄ"]},{"type":"bitmap","file":"2dde4ef7-6464-4ec7-bd28-f897e05154a6:744cb00b-9b8e-4710-bc86-8c2479108882.png","ascent":8,"chars":["꓀"]},{"type":"bitmap","file":"2dde4ef7-6464-4ec7-bd28-f897e05154a6:f378af29-e62a-43e1-b6d7-958a66f327f9.png","ascent":8,"chars":["꓁"]},{"type":"bitmap","file":"2dde4ef7-6464-4ec7-bd28-f897e05154a6:654b0ecd-e82d-4e8e-8a79-d75ba7c03d1e.png","ascent":8,"chars":["꒗"]},{"type":"bitmap","file":"2dde4ef7-6464-4ec7-bd28-f897e05154a6:44d73950-af0c-408b-b6ae-4f0ecfafb71f.png","ascent":8,"chars":["ꐦ"]},{"type":"bitmap","file":"2dde4ef7-6464-4ec7-bd28-f897e05154a6:b58f5c18-0ad1-427a-9eff-f301df5a6b23.png","ascent":8,"chars":["ꔖ"]},{"type":"bitmap","file":"2dde4ef7-6464-4ec7-bd28-f897e05154a6:8d605fc7-985a-4c40-904b-1912f637e7a3.png","ascent":8,"chars":["ꑳ"]},{"type":"bitmap","file":"2dde4ef7-6464-4ec7-bd28-f897e05154a6:e001fe17-2d5e-484f-8d52-4b50de0a313f.png","ascent":8,"chars":["꒣"]},{"type":"bitmap","file":"2dde4ef7-6464-4ec7-bd28-f897e05154a6:5a3d95b7-b9af-44c7-a343-101aef05b4f2.png","ascent":8,"chars":["꒯"]},{"type":"bitmap","file":"2dde4ef7-6464-4ec7-bd28-f897e05154a6:bbc4eaba-0c8d-457d-b747-25f6b3bc21e0.png","ascent":8,"chars":["ꔏ"]},{"type":"bitmap","file":"2dde4ef7-6464-4ec7-bd28-f897e05154a6:062bc908-8dea-46c5-a39d-610c8a8a0b17.png","ascent":8,"chars":["ꓰ"]},{"type":"bitmap","file":"2dde4ef7-6464-4ec7-bd28-f897e05154a6:879a3877-1c82-407b-bf12-cbb87b2256d0.png","ascent":8,"chars":["ꓘ"]},{"type":"bitmap","file":"2dde4ef7-6464-4ec7-bd28-f897e05154a6:bdbfe890-65d6-46ab-9d76-3e4fa8fd300e.png","ascent":8,"chars":["꒠"]},{"type":"bitmap","file":"2dde4ef7-6464-4ec7-bd28-f897e05154a6:a763980c-0af6-44d2-8dd5-62180a6e7054.png","height":133,"ascent":13,"chars":["ꑭ"]},{"type":"bitmap","file":"2dde4ef7-6464-4ec7-bd28-f897e05154a6:06672c5f-333e-45c5-94f9-16de80bfcbc6.png","ascent":8,"chars":["ꓶ"]},{"type":"bitmap","file":"2dde4ef7-6464-4ec7-bd28-f897e05154a6:37ae7f72-3b92-48da-9d40-d9e6daa1ee60.png","ascent":8,"chars":["ꓛ"]},{"type":"bitmap","file":"2dde4ef7-6464-4ec7-bd28-f897e05154a6:6312dad0-5378-49e5-af7a-787503576512.png","ascent":8,"chars":["꒳"]},{"type":"bitmap","file":"2dde4ef7-6464-4ec7-bd28-f897e05154a6:d18d6129-e761-47c7-b5b0-01e4a7e86fd8.png","height":114,"ascent":13,"chars":["ꑇ"]},{"type":"bitmap","file":"2dde4ef7-6464-4ec7-bd28-f897e05154a6:474eda31-24fa-459a-941f-8ff16172fc68.png","ascent":8,"chars":["꒡"]},{"type":"bitmap","file":"2dde4ef7-6464-4ec7-bd28-f897e05154a6:453b2de8-37b2-4895-bf8c-8edb0a8e0be0.png","ascent":8,"chars":["ꔹ"]},{"type":"bitmap","file":"2dde4ef7-6464-4ec7-bd28-f897e05154a6:910ec57e-8a7a-46b2-9fd8-6405ba77a37a.png","ascent":8,"chars":["꓉"]},{"type":"bitmap","file":"2dde4ef7-6464-4ec7-bd28-f897e05154a6:028841d0-82e1-403e-af48-3c4ada7ad611.png","ascent":8,"chars":["ꓗ"]},{"type":"bitmap","file":"2dde4ef7-6464-4ec7-bd28-f897e05154a6:c2697385-7a9e-41c6-b80d-4b82295eba50.png","ascent":8,"chars":["ꔫ"]},{"type":"bitmap","file":"2dde4ef7-6464-4ec7-bd28-f897e05154a6:2b3cef4c-0cdb-459e-b0ec-372a43b20d28.png","ascent":8,"chars":["꒩"]},{"type":"bitmap","file":"2dde4ef7-6464-4ec7-bd28-f897e05154a6:540882e3-6097-48dd-9041-e1314e9f85b6.png","ascent":8,"chars":["꓏"]},{"type":"bitmap","file":"2dde4ef7-6464-4ec7-bd28-f897e05154a6:85afad3f-535f-45e1-959b-83adc5c31f06.png","ascent":8,"chars":["ꐲ"]},{"type":"bitmap","file":"2dde4ef7-6464-4ec7-bd28-f897e05154a6:75baa0a8-33e3-4db7-9623-61cf2c8f41eb.png","ascent":8,"chars":["ꔓ"]},{"type":"bitmap","file":"2dde4ef7-6464-4ec7-bd28-f897e05154a6:951edb9b-0931-48f8-9cea-a46ae305eba4.png","ascent":8,"chars":["ꔚ"]},{"type":"bitmap","file":"2dde4ef7-6464-4ec7-bd28-f897e05154a6:25c8388b-d6f5-4158-9e78-184b9b2763c2.png","ascent":8,"chars":["ꐬ"]},{"type":"bitmap","file":"2dde4ef7-6464-4ec7-bd28-f897e05154a6:2f3ff58f-2f20-49cc-862d-5aa6951687c5.png","ascent":8,"chars":["꒢"]},{"type":"bitmap","file":"2dde4ef7-6464-4ec7-bd28-f897e05154a6:c839caf7-bc62-45e2-b0cb-1e641d53836e.png","ascent":8,"chars":["ꕀ"]},{"type":"bitmap","file":"2dde4ef7-6464-4ec7-bd28-f897e05154a6:553b3004-a6db-4311-9312-3d151a4dcf5c.png","ascent":8,"chars":["ꔲ"]},{"type":"bitmap","file":"2dde4ef7-6464-4ec7-bd28-f897e05154a6:36833fe4-23d0-4664-a8ba-cf09c34091b6.png","ascent":8,"chars":["ꔊ"]},{"type":"bitmap","file":"2dde4ef7-6464-4ec7-bd28-f897e05154a6:b924f1b5-6cd3-4925-8545-3a8d94177e52.png","ascent":8,"chars":["꓌"]},{"type":"bitmap","file":"2dde4ef7-6464-4ec7-bd28-f897e05154a6:ef457030-4ed1-48ca-b7b7-0a2d4f72e118.png","ascent":8,"chars":["꒬"]},{"type":"bitmap","file":"2dde4ef7-6464-4ec7-bd28-f897e05154a6:dd33d581-e9e0-42b1-8ddb-92f09c640371.png","ascent":8,"chars":["ꔉ"]},{"type":"bitmap","file":"2dde4ef7-6464-4ec7-bd28-f897e05154a6:f66e42e6-73c3-4a5d-b3aa-f1af28dd4066.png","ascent":8,"chars":["ꔰ"]},{"type":"bitmap","file":"2dde4ef7-6464-4ec7-bd28-f897e05154a6:3222e49b-29fa-4319-9aa9-41d257950766.png","ascent":8,"chars":["ꔅ"]},{"type":"bitmap","file":"2dde4ef7-6464-4ec7-bd28-f897e05154a6:f5e43351-6253-4e44-93a5-7e5c80502495.png","ascent":8,"chars":["꓄"]},{"type":"bitmap","file":"2dde4ef7-6464-4ec7-bd28-f897e05154a6:d55a415d-1c15-42cd-8237-2e5e0d66a071.png","ascent":8,"chars":["ꐩ"]},{"type":"bitmap","file":"2dde4ef7-6464-4ec7-bd28-f897e05154a6:c011e4e4-0960-45af-8d61-6c5564564cdc.png","ascent":8,"chars":["꒟"]},{"type":"bitmap","file":"2dde4ef7-6464-4ec7-bd28-f897e05154a6:06140d03-5a2d-4739-9552-f1dc1e1e1193.png","ascent":8,"chars":["ꔨ"]},{"type":"bitmap","file":"2dde4ef7-6464-4ec7-bd28-f897e05154a6:899df50f-a30e-45f1-8f56-3dd03bcc4590.png","ascent":8,"chars":["ꔥ"]},{"type":"bitmap","file":"2dde4ef7-6464-4ec7-bd28-f897e05154a6:1d102961-2ef3-45b6-899e-fa897ac1f6f6.png","ascent":8,"chars":["ꔀ"]},{"type":"bitmap","file":"2dde4ef7-6464-4ec7-bd28-f897e05154a6:79035b5f-c0df-4574-a12c-8aa6f5845010.png","ascent":8,"chars":["ꓼ"]},{"type":"bitmap","file":"2dde4ef7-6464-4ec7-bd28-f897e05154a6:2c21dbdc-f7bf-4fb2-8535-375c0778e1a8.png","ascent":8,"chars":["ꓙ"]},{"type":"bitmap","file":"2dde4ef7-6464-4ec7-bd28-f897e05154a6:db829f1a-bd02-4752-bca5-caafa38fb049.png","ascent":8,"chars":["ꓔ"]},{"type":"bitmap","file":"2dde4ef7-6464-4ec7-bd28-f897e05154a6:21852f80-86f0-4fdc-8c5f-99572796ffbb.png","ascent":8,"chars":["꒴"]},{"type":"bitmap","file":"2dde4ef7-6464-4ec7-bd28-f897e05154a6:85b4e393-e9b7-4f60-9217-9f6fe9590782.png","ascent":8,"chars":["ꓺ"]},{"type":"bitmap","file":"2dde4ef7-6464-4ec7-bd28-f897e05154a6:d1d58547-f8b3-42df-acc9-6ae2a533b69d.png","ascent":8,"chars":["ꓧ"]},{"type":"bitmap","file":"2dde4ef7-6464-4ec7-bd28-f897e05154a6:8447c32e-a65e-4e2d-aee2-4662e6905352.png","ascent":8,"chars":["ꓓ"]},{"type":"bitmap","file":"2dde4ef7-6464-4ec7-bd28-f897e05154a6:9116b43f-d988-441e-8142-3656ee94adc2.png","ascent":8,"chars":["꓎"]},{"type":"bitmap","file":"2dde4ef7-6464-4ec7-bd28-f897e05154a6:5cbbf458-0a72-4719-9bb3-885fd8e2d6a4.png","ascent":8,"chars":["ꑢ"]},{"type":"bitmap","file":"2dde4ef7-6464-4ec7-bd28-f897e05154a6:bef7c94a-373d-4d49-b5c0-c6fa99c91fca.png","ascent":8,"chars":["꒷"]},{"type":"bitmap","file":"2dde4ef7-6464-4ec7-bd28-f897e05154a6:69e9a98e-c7d7-41e1-a2db-6c90ac00a77e.png","ascent":8,"chars":["ꐨ"]},{"type":"bitmap","file":"2dde4ef7-6464-4ec7-bd28-f897e05154a6:4fc9e90a-67f6-486a-9608-a7c8de828a9f.png","ascent":8,"chars":["ꐘ"]},{"type":"bitmap","file":"2dde4ef7-6464-4ec7-bd28-f897e05154a6:01534f76-7617-4fa2-adbe-43c0706792b1.png","ascent":8,"chars":["꒮"]},{"type":"bitmap","file":"2dde4ef7-6464-4ec7-bd28-f897e05154a6:e888db54-bde3-40e8-8541-8d5d2ecaac1a.png","ascent":8,"chars":["ꐱ"]},{"type":"bitmap","file":"2dde4ef7-6464-4ec7-bd28-f897e05154a6:d9e5c4b3-76b5-41d8-ab7e-92c6d0fd7e0a.png","ascent":8,"chars":["ꑲ"]},{"type":"bitmap","file":"2dde4ef7-6464-4ec7-bd28-f897e05154a6:232a04b9-fb37-42e4-b8a8-61ab10e5b754.png","height":133,"ascent":13,"chars":["ꑏ"]},{"type":"bitmap","file":"2dde4ef7-6464-4ec7-bd28-f897e05154a6:b8ffba30-1015-4285-90df-54773b3da18c.png","ascent":8,"chars":["ꐪ"]},{"type":"bitmap","file":"2dde4ef7-6464-4ec7-bd28-f897e05154a6:fc969a94-0c7d-4101-becc-b50c345e989a.png","ascent":8,"chars":["ꑼ"]},{"type":"bitmap","file":"2dde4ef7-6464-4ec7-bd28-f897e05154a6:461139ff-375e-4757-8148-be25a95fa237.png","ascent":8,"chars":["ꑾ"]},{"type":"bitmap","file":"2dde4ef7-6464-4ec7-bd28-f897e05154a6:41811301-0c85-42b4-9440-9b8374ca97df.png","height":114,"ascent":13,"chars":["ꑎ"]},{"type":"bitmap","file":"2dde4ef7-6464-4ec7-bd28-f897e05154a6:95912813-abac-4553-a8ed-de430630bc26.png","ascent":8,"chars":["ꒂ"]},{"type":"bitmap","file":"2dde4ef7-6464-4ec7-bd28-f897e05154a6:aae2f944-465a-4dc6-9ba2-1ca1a26df791.png","height":114,"ascent":13,"chars":["ꑍ"]},{"type":"bitmap","file":"2dde4ef7-6464-4ec7-bd28-f897e05154a6:198f4c78-fcce-43b6-a0cb-0a8b4080bf13.png","ascent":8,"chars":["ꔟ"]},{"type":"bitmap","file":"2dde4ef7-6464-4ec7-bd28-f897e05154a6:09aa8335-7d5b-49ef-be28-585a1d6933d3.png","ascent":8,"chars":["ꔶ"]},{"type":"bitmap","file":"2dde4ef7-6464-4ec7-bd28-f897e05154a6:895f32bc-2c46-4682-aae3-6031a3e91fe5.png","ascent":8,"chars":["ꓵ"]},{"type":"bitmap","file":"2dde4ef7-6464-4ec7-bd28-f897e05154a6:cb03a500-830d-4bf1-b263-a2eaa09d8e94.png","ascent":8,"chars":["ꔯ"]},{"type":"bitmap","file":"2dde4ef7-6464-4ec7-bd28-f897e05154a6:6470d12f-2c92-41dc-b055-0cde501d62ac.png","ascent":8,"chars":["ꔣ"]},{"type":"bitmap","file":"2dde4ef7-6464-4ec7-bd28-f897e05154a6:58a89b22-63c0-40d1-b6f5-7084b6102b37.png","ascent":8,"chars":["꒭"]},{"type":"bitmap","file":"2dde4ef7-6464-4ec7-bd28-f897e05154a6:3526fd71-6b02-4415-a023-88e4bd8b7f63.png","ascent":8,"chars":["ꔐ"]},{"type":"bitmap","file":"2dde4ef7-6464-4ec7-bd28-f897e05154a6:3d615aa4-8452-4f4a-8485-ab13744875ae.png","height":133,"ascent":13,"chars":["ꑐ"]},{"type":"bitmap","file":"2dde4ef7-6464-4ec7-bd28-f897e05154a6:6fbc5b2a-25a3-4823-96f3-1cf901d3f752.png","ascent":8,"chars":["ꑯ"]},{"type":"bitmap","file":"2dde4ef7-6464-4ec7-bd28-f897e05154a6:b1856e72-040f-4a06-b4eb-807408a5182d.png","ascent":8,"chars":["꒻"]},{"type":"bitmap","file":"2dde4ef7-6464-4ec7-bd28-f897e05154a6:837b1e6d-3f91-4c70-acb2-6e97f86d541a.png","ascent":8,"chars":["ꐥ"]},{"type":"bitmap","file":"2dde4ef7-6464-4ec7-bd28-f897e05154a6:38980cae-24a1-492c-8cc7-1ec5dfdc3626.png","ascent":8,"chars":["ꑱ"]},{"type":"bitmap","file":"2dde4ef7-6464-4ec7-bd28-f897e05154a6:497e283e-9fa1-4725-8863-1288720a94bb.png","ascent":8,"chars":["ꓚ"]},{"type":"bitmap","file":"2dde4ef7-6464-4ec7-bd28-f897e05154a6:bff53424-d139-4149-bf7d-358fc1e9b33e.png","ascent":8,"chars":["ꕁ"]},{"type":"bitmap","file":"2dde4ef7-6464-4ec7-bd28-f897e05154a6:2be77f1d-1c0f-4e91-993c-5f2de348b877.png","ascent":8,"chars":["ꓻ"]},{"type":"bitmap","file":"2dde4ef7-6464-4ec7-bd28-f897e05154a6:2a355e29-51f1-474e-b730-1a8d58f9fe89.png","ascent":8,"chars":["꒫"]},{"type":"bitmap","file":"2dde4ef7-6464-4ec7-bd28-f897e05154a6:d496fb01-bb04-4814-8378-ac72dacdd240.png","ascent":8,"chars":["ꒋ"]},{"type":"bitmap","file":"2dde4ef7-6464-4ec7-bd28-f897e05154a6:396638ad-61be-44ab-a95d-3d656064ebe3.png","ascent":8,"chars":["꒸"]},{"type":"bitmap","file":"2dde4ef7-6464-4ec7-bd28-f897e05154a6:b6a98f3e-19fa-4837-91f9-aa1b7be7be21.png","height":75,"ascent":74,"chars":["ꑫ"]},{"type":"bitmap","file":"2dde4ef7-6464-4ec7-bd28-f897e05154a6:713ef2b8-a9be-4197-b2ed-3dd39f20ed11.png","ascent":8,"chars":["ꔽ"]},{"type":"bitmap","file":"2dde4ef7-6464-4ec7-bd28-f897e05154a6:6a11c2d4-32fa-4947-b0d6-ebb5c85c4895.png","ascent":8,"chars":["ꔍ"]},{"type":"bitmap","file":"2dde4ef7-6464-4ec7-bd28-f897e05154a6:b7656f6a-85b8-4428-b74e-0b9c33465be7.png","ascent":8,"chars":["꒥"]},{"type":"bitmap","file":"2dde4ef7-6464-4ec7-bd28-f897e05154a6:d32b9b9e-c209-4730-a7de-686df645f8a2.png","ascent":8,"chars":["꒘"]},{"type":"bitmap","file":"2dde4ef7-6464-4ec7-bd28-f897e05154a6:5c0b6033-49dc-4265-ae16-c4411d643e05.png","ascent":8,"chars":["ꔔ"]},{"type":"bitmap","file":"2dde4ef7-6464-4ec7-bd28-f897e05154a6:8b2a616d-2267-4743-92e6-eda19db6eb58.png","ascent":8,"chars":["ꐯ"]},{"type":"bitmap","file":"2dde4ef7-6464-4ec7-bd28-f897e05154a6:5825c607-74c3-46b5-b35b-ba365745f48e.png","ascent":8,"chars":["ꔙ"]},{"type":"bitmap","file":"2dde4ef7-6464-4ec7-bd28-f897e05154a6:9515beaf-98f4-453a-9891-8b7e7f8fc1cb.png","ascent":8,"chars":["ꔪ"]},{"type":"bitmap","file":"2dde4ef7-6464-4ec7-bd28-f897e05154a6:405bfe3c-fbe4-4abf-9227-4b0a08c532ef.png","ascent":8,"chars":["ꓲ"]},{"type":"bitmap","file":"2dde4ef7-6464-4ec7-bd28-f897e05154a6:f15c4536-cd90-4b74-88a9-5c7ed1cb7ca2.png","ascent":8,"chars":["ꓦ"]},{"type":"bitmap","file":"2dde4ef7-6464-4ec7-bd28-f897e05154a6:0f3ac464-2f72-40d3-a776-d4be2309f712.png","ascent":8,"chars":["ꐭ"]},{"type":"bitmap","file":"2dde4ef7-6464-4ec7-bd28-f897e05154a6:43f840eb-afaa-48d2-8204-bcf88acb13e5.png","ascent":8,"chars":["꒏"]},{"type":"bitmap","file":"2dde4ef7-6464-4ec7-bd28-f897e05154a6:66a2ef3b-3b38-4810-901c-77b48547f449.png","height":114,"ascent":13,"chars":["ꑈ"]},{"type":"bitmap","file":"2dde4ef7-6464-4ec7-bd28-f897e05154a6:88ac106e-00d3-4c9f-97ca-1733b78252bb.png","ascent":8,"chars":["꒍"]},{"type":"bitmap","file":"2dde4ef7-6464-4ec7-bd28-f897e05154a6:f12cd0bb-4711-4683-9273-677a04273d32.png","ascent":8,"chars":["꒓"]},{"type":"bitmap","file":"2dde4ef7-6464-4ec7-bd28-f897e05154a6:b432d147-a842-4492-8002-20c738981205.png","ascent":8,"chars":["꒙"]},{"type":"bitmap","file":"2dde4ef7-6464-4ec7-bd28-f897e05154a6:ec3dbe8f-ffd9-406a-af1b-cf565588981e.png","ascent":8,"chars":["ꓽ"]},{"type":"bitmap","file":"2dde4ef7-6464-4ec7-bd28-f897e05154a6:0ab2290a-30bc-4d77-a7e8-8718262e88cf.png","ascent":8,"chars":["ꑶ"]},{"type":"reference","id":"nexo:shift"}]}