{"display":{"thirdperson_righthand":{"rotation":[75.0,45.0,0.0],"translation":[0.0,0.5,0.0],"scale":[0.2,0.2,0.2]},"thirdperson_lefthand":{"rotation":[75.0,45.0,0.0],"translation":[0.0,0.5,0.0],"scale":[0.2,0.2,0.2]},"firstperson_righthand":{"rotation":[0.0,125.0,0.0],"translation":[2.25,1.25,-0.75],"scale":[0.2,0.2,0.2]},"firstperson_lefthand":{"rotation":[0.0,125.0,0.0],"translation":[2.25,1.25,-0.75],"scale":[0.2,0.2,0.2]},"ground":{"translation":[0.0,3.0,0.0],"scale":[0.25,0.25,0.25]},"gui":{"rotation":[30.0,225.0,0.0],"translation":[0.0,0.25,0.0],"scale":[0.4,0.4,0.4]},"fixed":{"rotation":[-90.0,0.0,0.0],"translation":[0.0,0.0,-16.0],"scale":[2.0,2.0,2.0]}},"elements":[{"from":[-8.0,14.0,7.0],"to":[24.0,16.0,9.0],"faces":{"north":{"uv":[2.0,2.75,10.0,3.25],"texture":"#0"},"east":{"uv":[4.0,4.75,4.5,5.25],"texture":"#0"},"south":{"uv":[10.0,2.75,2.0,3.25],"texture":"#0"},"west":{"uv":[4.5,4.75,5.0,5.25],"texture":"#0"},"up":{"uv":[10.0,4.25,2.0,3.75],"texture":"#0"},"down":{"uv":[10.0,4.25,2.0,4.75],"texture":"#0"}}},{"from":[-6.0,3.0,8.0],"to":[22.0,14.0,8.0],"rotation":{"origin":[0.0,-2.0,0.0],"axis":"y","angle":0.0},"faces":{"north":{"uv":[0.0,0.0,7.0,2.75],"texture":"#0"},"east":{"uv":[0.0,0.0,0.0,2.75],"texture":"#0"},"south":{"uv":[7.0,0.0,0.0,2.75],"texture":"#0"},"west":{"uv":[0.0,0.0,0.0,2.75],"texture":"#0"},"up":{"uv":[7.0,0.0,0.0,0.0],"texture":"#0"},"down":{"uv":[7.0,0.0,0.0,0.0],"texture":"#0"}}},{"from":[22.0,3.0,4.0],"to":[22.0,14.0,12.0],"rotation":{"origin":[-1.0,-2.0,0.0],"axis":"y","angle":0.0},"faces":{"north":{"uv":[0.0,0.0,0.0,2.75],"texture":"#0"},"east":{"uv":[0.0,2.75,2.0,5.5],"texture":"#0"},"south":{"uv":[0.0,0.0,0.0,2.75],"texture":"#0"},"west":{"uv":[2.0,2.75,0.0,5.5],"texture":"#0"},"up":{"uv":[0.0,2.0,0.0,0.0],"texture":"#0"},"down":{"uv":[0.0,0.0,0.0,2.0],"texture":"#0"}}},{"from":[-6.0,3.0,4.0],"to":[-6.0,14.0,12.0],"rotation":{"origin":[17.0,-2.0,0.0],"axis":"y","angle":0.0},"faces":{"north":{"uv":[0.0,0.0,0.0,2.75],"texture":"#0"},"east":{"uv":[0.0,2.75,2.0,5.5],"texture":"#0"},"south":{"uv":[0.0,0.0,0.0,2.75],"texture":"#0"},"west":{"uv":[2.0,2.75,0.0,5.5],"texture":"#0"},"up":{"uv":[0.0,2.0,0.0,0.0],"texture":"#0"},"down":{"uv":[0.0,0.0,0.0,2.0],"texture":"#0"}}},{"from":[21.03125,-2.0,7.0],"to":[23.03125,15.0,9.0],"rotation":{"origin":[22.53125,15.0,8.0],"axis":"x","angle":22.5},"faces":{"north":{"uv":[2.0,4.75,2.5,9.0],"texture":"#0"},"east":{"uv":[2.5,4.75,3.0,9.0],"texture":"#0"},"south":{"uv":[3.0,4.75,3.5,9.0],"texture":"#0"},"west":{"uv":[3.5,4.75,4.0,9.0],"texture":"#0"},"up":{"uv":[5.5,5.25,5.0,4.75],"texture":"#0"},"down":{"uv":[4.5,5.25,4.0,5.75],"texture":"#0"}}},{"from":[-7.02344,-2.0,7.0],"to":[-5.02344,15.0,9.0],"rotation":{"origin":[-5.52344,15.0,8.0],"axis":"x","angle":22.5},"faces":{"north":{"uv":[2.0,4.75,2.5,9.0],"texture":"#0"},"east":{"uv":[2.5,4.75,3.0,9.0],"texture":"#0"},"south":{"uv":[3.0,4.75,3.5,9.0],"texture":"#0"},"west":{"uv":[3.5,4.75,4.0,9.0],"texture":"#0"},"up":{"uv":[5.5,5.25,5.0,4.75],"texture":"#0"},"down":{"uv":[4.5,5.25,4.0,5.75],"texture":"#0"}}},{"from":[-7.0,-2.0,7.0],"to":[-5.0,15.0,9.0],"rotation":{"origin":[-6.5,15.0,8.0],"axis":"x","angle":-22.5},"faces":{"north":{"uv":[3.0,4.75,3.5,9.0],"texture":"#0"},"east":{"uv":[3.5,4.75,4.0,9.0],"texture":"#0"},"south":{"uv":[2.0,4.75,2.5,9.0],"texture":"#0"},"west":{"uv":[2.5,4.75,3.0,9.0],"texture":"#0"},"up":{"uv":[5.0,4.75,5.5,5.25],"texture":"#0"},"down":{"uv":[4.0,5.75,4.5,5.25],"texture":"#0"}}},{"from":[21.0,-2.0,7.0],"to":[23.0,15.0,9.0],"rotation":{"origin":[21.5,15.0,8.0],"axis":"x","angle":-22.5},"faces":{"north":{"uv":[3.0,4.75,3.5,9.0],"texture":"#0"},"east":{"uv":[3.5,4.75,4.0,9.0],"texture":"#0"},"south":{"uv":[2.0,4.75,2.5,9.0],"texture":"#0"},"west":{"uv":[2.5,4.75,3.0,9.0],"texture":"#0"},"up":{"uv":[5.0,4.75,5.5,5.25],"texture":"#0"},"down":{"uv":[4.0,5.75,4.5,5.25],"texture":"#0"}}}],"textures":{"particle":"d5c7c220-1180-4814-aab7-83f905ddb3dd:99b212b5-edbf-462a-8343-a2a9e5cfec78","0":"d5c7c220-1180-4814-aab7-83f905ddb3dd:99b212b5-edbf-462a-8343-a2a9e5cfec78"},"gui_light":"front"}