{"display":{"thirdperson_righthand":{"rotation":[45.0,0.0,90.0],"translation":[-6.5,4.0,0.5],"scale":[0.85,0.85,0.85]},"thirdperson_lefthand":{"rotation":[45.0,0.0,-90.0],"translation":[7.5,4.0,0.5],"scale":[0.85,0.85,0.85]},"firstperson_righthand":{"rotation":[55.0,0.0,90.0],"translation":[1.13,3.2,-2.12],"scale":[0.68,0.68,0.68]},"firstperson_lefthand":{"rotation":[55.0,0.0,-90.0],"translation":[11.3,3.2,-2.12],"scale":[0.68,0.68,0.68]},"ground":{"rotation":[90.0,0.0,0.0],"translation":[0.0,2.0,4.0],"scale":[0.5,0.5,0.5]},"gui":{"rotation":[90.0,0.0,0.0]},"head":{"rotation":[90.0,0.0,90.0],"translation":[-7.5,-3.0,-11.5]},"fixed":{"rotation":[90.0,90.0,0.0],"translation":[0.0,0.0,7.0]}},"elements":[{"from":[11.0,0.0,0.0],"to":[12.0,1.0,1.0],"faces":{"north":{"uv":[12.0,0.0,11.0,1.0],"texture":"#0"},"east":{"uv":[11.0,0.0,12.0,1.0],"texture":"#0","rotation":90},"south":{"uv":[11.0,0.0,12.0,1.0],"texture":"#0"},"west":{"uv":[11.0,0.0,12.0,1.0],"texture":"#0","rotation":270},"up":{"texture":"#0"},"down":{"uv":[11.0,1.0,12.0,0.0],"texture":"#0"}}},{"from":[12.0,0.0,0.0],"to":[13.0,1.0,1.0],"faces":{"north":{"uv":[13.0,0.0,12.0,1.0],"texture":"#0"},"east":{"uv":[12.0,0.0,13.0,1.0],"texture":"#0","rotation":90},"south":{"uv":[12.0,0.0,13.0,1.0],"texture":"#0"},"west":{"uv":[12.0,0.0,13.0,1.0],"texture":"#0","rotation":270},"up":{"texture":"#0"},"down":{"uv":[12.0,1.0,13.0,0.0],"texture":"#0"}}},{"from":[9.0,0.0,1.0],"to":[10.0,1.0,2.0],"faces":{"north":{"uv":[10.0,1.0,9.0,2.0],"texture":"#0"},"east":{"uv":[9.0,1.0,10.0,2.0],"texture":"#0","rotation":90},"south":{"uv":[9.0,1.0,10.0,2.0],"texture":"#0"},"west":{"uv":[9.0,1.0,10.0,2.0],"texture":"#0","rotation":270},"up":{"texture":"#0"},"down":{"uv":[9.0,2.0,10.0,1.0],"texture":"#0"}}},{"from":[10.0,0.0,1.0],"to":[11.0,1.0,2.0],"faces":{"north":{"uv":[11.0,1.0,10.0,2.0],"texture":"#0"},"east":{"uv":[10.0,1.0,11.0,2.0],"texture":"#0","rotation":90},"south":{"uv":[10.0,1.0,11.0,2.0],"texture":"#0"},"west":{"uv":[10.0,1.0,11.0,2.0],"texture":"#0","rotation":270},"up":{"texture":"#0"},"down":{"uv":[10.0,2.0,11.0,1.0],"texture":"#0"}}},{"from":[11.0,0.0,1.0],"to":[12.0,1.0,2.0],"faces":{"north":{"uv":[12.0,1.0,11.0,2.0],"texture":"#0"},"east":{"uv":[11.0,1.0,12.0,2.0],"texture":"#0","rotation":90},"south":{"uv":[11.0,1.0,12.0,2.0],"texture":"#0"},"west":{"uv":[11.0,1.0,12.0,2.0],"texture":"#0","rotation":270},"up":{"texture":"#0"},"down":{"uv":[11.0,2.0,12.0,1.0],"texture":"#0"}}},{"from":[12.0,0.0,1.0],"to":[13.0,1.0,2.0],"faces":{"north":{"uv":[13.0,1.0,12.0,2.0],"texture":"#0"},"east":{"uv":[12.0,1.0,13.0,2.0],"texture":"#0","rotation":90},"south":{"uv":[12.0,1.0,13.0,2.0],"texture":"#0"},"west":{"uv":[12.0,1.0,13.0,2.0],"texture":"#0","rotation":270},"up":{"texture":"#0"},"down":{"uv":[12.0,2.0,13.0,1.0],"texture":"#0"}}},{"from":[13.0,0.0,1.0],"to":[14.0,1.0,2.0],"faces":{"north":{"uv":[14.0,1.0,13.0,2.0],"texture":"#0"},"east":{"uv":[13.0,1.0,14.0,2.0],"texture":"#0","rotation":90},"south":{"uv":[13.0,1.0,14.0,2.0],"texture":"#0"},"west":{"uv":[13.0,1.0,14.0,2.0],"texture":"#0","rotation":270},"up":{"texture":"#0"},"down":{"uv":[13.0,2.0,14.0,1.0],"texture":"#0"}}},{"from":[9.0,0.0,2.0],"to":[10.0,1.0,3.0],"faces":{"north":{"uv":[10.0,2.0,9.0,3.0],"texture":"#0"},"east":{"uv":[9.0,2.0,10.0,3.0],"texture":"#0","rotation":90},"south":{"uv":[9.0,2.0,10.0,3.0],"texture":"#0"},"west":{"uv":[9.0,2.0,10.0,3.0],"texture":"#0","rotation":270},"up":{"texture":"#0"},"down":{"uv":[9.0,3.0,10.0,2.0],"texture":"#0"}}},{"from":[10.0,0.0,2.0],"to":[11.0,1.0,3.0],"faces":{"north":{"uv":[11.0,2.0,10.0,3.0],"texture":"#0"},"east":{"uv":[10.0,2.0,11.0,3.0],"texture":"#0","rotation":90},"south":{"uv":[10.0,2.0,11.0,3.0],"texture":"#0"},"west":{"uv":[10.0,2.0,11.0,3.0],"texture":"#0","rotation":270},"up":{"texture":"#0"},"down":{"uv":[10.0,3.0,11.0,2.0],"texture":"#0"}}},{"from":[11.0,0.0,2.0],"to":[12.0,1.0,3.0],"faces":{"north":{"uv":[12.0,2.0,11.0,3.0],"texture":"#0"},"east":{"uv":[11.0,2.0,12.0,3.0],"texture":"#0","rotation":90},"south":{"uv":[11.0,2.0,12.0,3.0],"texture":"#0"},"west":{"uv":[11.0,2.0,12.0,3.0],"texture":"#0","rotation":270},"up":{"texture":"#0"},"down":{"uv":[11.0,3.0,12.0,2.0],"texture":"#0"}}},{"from":[12.0,0.0,2.0],"to":[13.0,1.0,3.0],"faces":{"north":{"uv":[13.0,2.0,12.0,3.0],"texture":"#0"},"east":{"uv":[12.0,2.0,13.0,3.0],"texture":"#0","rotation":90},"south":{"uv":[12.0,2.0,13.0,3.0],"texture":"#0"},"west":{"uv":[12.0,2.0,13.0,3.0],"texture":"#0","rotation":270},"up":{"texture":"#0"},"down":{"uv":[12.0,3.0,13.0,2.0],"texture":"#0"}}},{"from":[13.0,0.0,2.0],"to":[14.0,1.0,3.0],"faces":{"north":{"uv":[14.0,2.0,13.0,3.0],"texture":"#0"},"east":{"uv":[13.0,2.0,14.0,3.0],"texture":"#0","rotation":90},"south":{"uv":[13.0,2.0,14.0,3.0],"texture":"#0"},"west":{"uv":[13.0,2.0,14.0,3.0],"texture":"#0","rotation":270},"up":{"texture":"#0"},"down":{"uv":[13.0,3.0,14.0,2.0],"texture":"#0"}}},{"from":[14.0,0.0,2.0],"to":[15.0,1.0,3.0],"faces":{"north":{"uv":[15.0,2.0,14.0,3.0],"texture":"#0"},"east":{"uv":[14.0,2.0,15.0,3.0],"texture":"#0","rotation":90},"south":{"uv":[14.0,2.0,15.0,3.0],"texture":"#0"},"west":{"uv":[14.0,2.0,15.0,3.0],"texture":"#0","rotation":270},"up":{"texture":"#0"},"down":{"uv":[14.0,3.0,15.0,2.0],"texture":"#0"}}},{"from":[8.0,0.0,3.0],"to":[9.0,1.0,4.0],"faces":{"north":{"uv":[9.0,3.0,8.0,4.0],"texture":"#0"},"east":{"uv":[8.0,3.0,9.0,4.0],"texture":"#0","rotation":90},"south":{"uv":[8.0,3.0,9.0,4.0],"texture":"#0"},"west":{"uv":[8.0,3.0,9.0,4.0],"texture":"#0","rotation":270},"up":{"texture":"#0"},"down":{"uv":[8.0,4.0,9.0,3.0],"texture":"#0"}}},{"from":[9.0,0.0,3.0],"to":[10.0,1.0,4.0],"faces":{"north":{"uv":[10.0,3.0,9.0,4.0],"texture":"#0"},"east":{"uv":[9.0,3.0,10.0,4.0],"texture":"#0","rotation":90},"south":{"uv":[9.0,3.0,10.0,4.0],"texture":"#0"},"west":{"uv":[9.0,3.0,10.0,4.0],"texture":"#0","rotation":270},"up":{"texture":"#0"},"down":{"uv":[9.0,4.0,10.0,3.0],"texture":"#0"}}},{"from":[10.0,0.0,3.0],"to":[11.0,1.0,4.0],"faces":{"north":{"uv":[11.0,3.0,10.0,4.0],"texture":"#0"},"east":{"uv":[10.0,3.0,11.0,4.0],"texture":"#0","rotation":90},"south":{"uv":[10.0,3.0,11.0,4.0],"texture":"#0"},"west":{"uv":[10.0,3.0,11.0,4.0],"texture":"#0","rotation":270},"up":{"texture":"#0"},"down":{"uv":[10.0,4.0,11.0,3.0],"texture":"#0"}}},{"from":[11.0,0.0,3.0],"to":[12.0,1.0,4.0],"faces":{"north":{"uv":[12.0,3.0,11.0,4.0],"texture":"#0"},"east":{"uv":[11.0,3.0,12.0,4.0],"texture":"#0","rotation":90},"south":{"uv":[11.0,3.0,12.0,4.0],"texture":"#0"},"west":{"uv":[11.0,3.0,12.0,4.0],"texture":"#0","rotation":270},"up":{"texture":"#0"},"down":{"uv":[11.0,4.0,12.0,3.0],"texture":"#0"}}},{"from":[12.0,0.0,3.0],"to":[13.0,1.0,4.0],"faces":{"north":{"uv":[13.0,3.0,12.0,4.0],"texture":"#0"},"east":{"uv":[12.0,3.0,13.0,4.0],"texture":"#0","rotation":90},"south":{"uv":[12.0,3.0,13.0,4.0],"texture":"#0"},"west":{"uv":[12.0,3.0,13.0,4.0],"texture":"#0","rotation":270},"up":{"texture":"#0"},"down":{"uv":[12.0,4.0,13.0,3.0],"texture":"#0"}}},{"from":[13.0,0.0,3.0],"to":[14.0,1.0,4.0],"faces":{"north":{"uv":[14.0,3.0,13.0,4.0],"texture":"#0"},"east":{"uv":[13.0,3.0,14.0,4.0],"texture":"#0","rotation":90},"south":{"uv":[13.0,3.0,14.0,4.0],"texture":"#0"},"west":{"uv":[13.0,3.0,14.0,4.0],"texture":"#0","rotation":270},"up":{"texture":"#0"},"down":{"uv":[13.0,4.0,14.0,3.0],"texture":"#0"}}},{"from":[14.0,0.0,3.0],"to":[15.0,1.0,4.0],"faces":{"north":{"uv":[15.0,3.0,14.0,4.0],"texture":"#0"},"east":{"uv":[14.0,3.0,15.0,4.0],"texture":"#0","rotation":90},"south":{"uv":[14.0,3.0,15.0,4.0],"texture":"#0"},"west":{"uv":[14.0,3.0,15.0,4.0],"texture":"#0","rotation":270},"up":{"texture":"#0"},"down":{"uv":[14.0,4.0,15.0,3.0],"texture":"#0"}}},{"from":[15.0,0.0,3.0],"to":[16.0,1.0,4.0],"faces":{"north":{"uv":[16.0,3.0,15.0,4.0],"texture":"#0"},"east":{"uv":[15.0,3.0,16.0,4.0],"texture":"#0","rotation":90},"south":{"uv":[15.0,3.0,16.0,4.0],"texture":"#0"},"west":{"uv":[15.0,3.0,16.0,4.0],"texture":"#0","rotation":270},"up":{"texture":"#0"},"down":{"uv":[15.0,4.0,16.0,3.0],"texture":"#0"}}},{"from":[8.0,0.0,4.0],"to":[9.0,1.0,5.0],"faces":{"north":{"uv":[9.0,4.0,8.0,5.0],"texture":"#0"},"east":{"uv":[8.0,4.0,9.0,5.0],"texture":"#0","rotation":90},"south":{"uv":[8.0,4.0,9.0,5.0],"texture":"#0"},"west":{"uv":[8.0,4.0,9.0,5.0],"texture":"#0","rotation":270},"up":{"texture":"#0"},"down":{"uv":[8.0,5.0,9.0,4.0],"texture":"#0"}}},{"from":[9.0,0.0,4.0],"to":[10.0,1.0,5.0],"faces":{"north":{"uv":[10.0,4.0,9.0,5.0],"texture":"#0"},"east":{"uv":[9.0,4.0,10.0,5.0],"texture":"#0","rotation":90},"south":{"uv":[9.0,4.0,10.0,5.0],"texture":"#0"},"west":{"uv":[9.0,4.0,10.0,5.0],"texture":"#0","rotation":270},"up":{"texture":"#0"},"down":{"uv":[9.0,5.0,10.0,4.0],"texture":"#0"}}},{"from":[10.0,0.0,4.0],"to":[11.0,1.0,5.0],"faces":{"north":{"uv":[11.0,4.0,10.0,5.0],"texture":"#0"},"east":{"uv":[10.0,4.0,11.0,5.0],"texture":"#0","rotation":90},"south":{"uv":[10.0,4.0,11.0,5.0],"texture":"#0"},"west":{"uv":[10.0,4.0,11.0,5.0],"texture":"#0","rotation":270},"up":{"texture":"#0"},"down":{"uv":[10.0,5.0,11.0,4.0],"texture":"#0"}}},{"from":[11.0,0.0,4.0],"to":[12.0,1.0,5.0],"faces":{"north":{"uv":[12.0,4.0,11.0,5.0],"texture":"#0"},"east":{"uv":[11.0,4.0,12.0,5.0],"texture":"#0","rotation":90},"south":{"uv":[11.0,4.0,12.0,5.0],"texture":"#0"},"west":{"uv":[11.0,4.0,12.0,5.0],"texture":"#0","rotation":270},"up":{"texture":"#0"},"down":{"uv":[11.0,5.0,12.0,4.0],"texture":"#0"}}},{"from":[12.0,0.0,4.0],"to":[13.0,1.0,5.0],"faces":{"north":{"uv":[13.0,4.0,12.0,5.0],"texture":"#0"},"east":{"uv":[12.0,4.0,13.0,5.0],"texture":"#0","rotation":90},"south":{"uv":[12.0,4.0,13.0,5.0],"texture":"#0"},"west":{"uv":[12.0,4.0,13.0,5.0],"texture":"#0","rotation":270},"up":{"texture":"#0"},"down":{"uv":[12.0,5.0,13.0,4.0],"texture":"#0"}}},{"from":[13.0,0.0,4.0],"to":[14.0,1.0,5.0],"faces":{"north":{"uv":[14.0,4.0,13.0,5.0],"texture":"#0"},"east":{"uv":[13.0,4.0,14.0,5.0],"texture":"#0","rotation":90},"south":{"uv":[13.0,4.0,14.0,5.0],"texture":"#0"},"west":{"uv":[13.0,4.0,14.0,5.0],"texture":"#0","rotation":270},"up":{"texture":"#0"},"down":{"uv":[13.0,5.0,14.0,4.0],"texture":"#0"}}},{"from":[14.0,0.0,4.0],"to":[15.0,1.0,5.0],"faces":{"north":{"uv":[15.0,4.0,14.0,5.0],"texture":"#0"},"east":{"uv":[14.0,4.0,15.0,5.0],"texture":"#0","rotation":90},"south":{"uv":[14.0,4.0,15.0,5.0],"texture":"#0"},"west":{"uv":[14.0,4.0,15.0,5.0],"texture":"#0","rotation":270},"up":{"texture":"#0"},"down":{"uv":[14.0,5.0,15.0,4.0],"texture":"#0"}}},{"from":[15.0,0.0,4.0],"to":[16.0,1.0,5.0],"faces":{"north":{"uv":[16.0,4.0,15.0,5.0],"texture":"#0"},"east":{"uv":[15.0,4.0,16.0,5.0],"texture":"#0","rotation":90},"south":{"uv":[15.0,4.0,16.0,5.0],"texture":"#0"},"west":{"uv":[15.0,4.0,16.0,5.0],"texture":"#0","rotation":270},"up":{"texture":"#0"},"down":{"uv":[15.0,5.0,16.0,4.0],"texture":"#0"}}},{"from":[9.0,0.0,5.0],"to":[10.0,1.0,6.0],"faces":{"north":{"uv":[10.0,5.0,9.0,6.0],"texture":"#0"},"east":{"uv":[9.0,5.0,10.0,6.0],"texture":"#0","rotation":90},"south":{"uv":[9.0,5.0,10.0,6.0],"texture":"#0"},"west":{"uv":[9.0,5.0,10.0,6.0],"texture":"#0","rotation":270},"up":{"texture":"#0"},"down":{"uv":[9.0,6.0,10.0,5.0],"texture":"#0"}}},{"from":[10.0,0.0,5.0],"to":[11.0,1.0,6.0],"faces":{"north":{"uv":[11.0,5.0,10.0,6.0],"texture":"#0"},"east":{"uv":[10.0,5.0,11.0,6.0],"texture":"#0","rotation":90},"south":{"uv":[10.0,5.0,11.0,6.0],"texture":"#0"},"west":{"uv":[10.0,5.0,11.0,6.0],"texture":"#0","rotation":270},"up":{"texture":"#0"},"down":{"uv":[10.0,6.0,11.0,5.0],"texture":"#0"}}},{"from":[11.0,0.0,5.0],"to":[12.0,1.0,6.0],"faces":{"north":{"uv":[12.0,5.0,11.0,6.0],"texture":"#0"},"east":{"uv":[11.0,5.0,12.0,6.0],"texture":"#0","rotation":90},"south":{"uv":[11.0,5.0,12.0,6.0],"texture":"#0"},"west":{"uv":[11.0,5.0,12.0,6.0],"texture":"#0","rotation":270},"up":{"texture":"#0"},"down":{"uv":[11.0,6.0,12.0,5.0],"texture":"#0"}}},{"from":[12.0,0.0,5.0],"to":[13.0,1.0,6.0],"faces":{"north":{"uv":[13.0,5.0,12.0,6.0],"texture":"#0"},"east":{"uv":[12.0,5.0,13.0,6.0],"texture":"#0","rotation":90},"south":{"uv":[12.0,5.0,13.0,6.0],"texture":"#0"},"west":{"uv":[12.0,5.0,13.0,6.0],"texture":"#0","rotation":270},"up":{"texture":"#0"},"down":{"uv":[12.0,6.0,13.0,5.0],"texture":"#0"}}},{"from":[13.0,0.0,5.0],"to":[14.0,1.0,6.0],"faces":{"north":{"uv":[14.0,5.0,13.0,6.0],"texture":"#0"},"east":{"uv":[13.0,5.0,14.0,6.0],"texture":"#0","rotation":90},"south":{"uv":[13.0,5.0,14.0,6.0],"texture":"#0"},"west":{"uv":[13.0,5.0,14.0,6.0],"texture":"#0","rotation":270},"up":{"texture":"#0"},"down":{"uv":[13.0,6.0,14.0,5.0],"texture":"#0"}}},{"from":[14.0,0.0,5.0],"to":[15.0,1.0,6.0],"faces":{"north":{"uv":[15.0,5.0,14.0,6.0],"texture":"#0"},"east":{"uv":[14.0,5.0,15.0,6.0],"texture":"#0","rotation":90},"south":{"uv":[14.0,5.0,15.0,6.0],"texture":"#0"},"west":{"uv":[14.0,5.0,15.0,6.0],"texture":"#0","rotation":270},"up":{"texture":"#0"},"down":{"uv":[14.0,6.0,15.0,5.0],"texture":"#0"}}},{"from":[8.0,0.0,6.0],"to":[9.0,1.0,7.0],"faces":{"north":{"uv":[9.0,6.0,8.0,7.0],"texture":"#0"},"east":{"uv":[8.0,6.0,9.0,7.0],"texture":"#0","rotation":90},"south":{"uv":[8.0,6.0,9.0,7.0],"texture":"#0"},"west":{"uv":[8.0,6.0,9.0,7.0],"texture":"#0","rotation":270},"up":{"texture":"#0"},"down":{"uv":[8.0,7.0,9.0,6.0],"texture":"#0"}}},{"from":[9.0,0.0,6.0],"to":[10.0,1.0,7.0],"faces":{"north":{"uv":[10.0,6.0,9.0,7.0],"texture":"#0"},"east":{"uv":[9.0,6.0,10.0,7.0],"texture":"#0","rotation":90},"south":{"uv":[9.0,6.0,10.0,7.0],"texture":"#0"},"west":{"uv":[9.0,6.0,10.0,7.0],"texture":"#0","rotation":270},"up":{"texture":"#0"},"down":{"uv":[9.0,7.0,10.0,6.0],"texture":"#0"}}},{"from":[10.0,0.0,6.0],"to":[11.0,1.0,7.0],"faces":{"north":{"uv":[11.0,6.0,10.0,7.0],"texture":"#0"},"east":{"uv":[10.0,6.0,11.0,7.0],"texture":"#0","rotation":90},"south":{"uv":[10.0,6.0,11.0,7.0],"texture":"#0"},"west":{"uv":[10.0,6.0,11.0,7.0],"texture":"#0","rotation":270},"up":{"texture":"#0"},"down":{"uv":[10.0,7.0,11.0,6.0],"texture":"#0"}}},{"from":[11.0,0.0,6.0],"to":[12.0,1.0,7.0],"faces":{"north":{"uv":[12.0,6.0,11.0,7.0],"texture":"#0"},"east":{"uv":[11.0,6.0,12.0,7.0],"texture":"#0","rotation":90},"south":{"uv":[11.0,6.0,12.0,7.0],"texture":"#0"},"west":{"uv":[11.0,6.0,12.0,7.0],"texture":"#0","rotation":270},"up":{"texture":"#0"},"down":{"uv":[11.0,7.0,12.0,6.0],"texture":"#0"}}},{"from":[12.0,0.0,6.0],"to":[13.0,1.0,7.0],"faces":{"north":{"uv":[13.0,6.0,12.0,7.0],"texture":"#0"},"east":{"uv":[12.0,6.0,13.0,7.0],"texture":"#0","rotation":90},"south":{"uv":[12.0,6.0,13.0,7.0],"texture":"#0"},"west":{"uv":[12.0,6.0,13.0,7.0],"texture":"#0","rotation":270},"up":{"texture":"#0"},"down":{"uv":[12.0,7.0,13.0,6.0],"texture":"#0"}}},{"from":[13.0,0.0,6.0],"to":[14.0,1.0,7.0],"faces":{"north":{"uv":[14.0,6.0,13.0,7.0],"texture":"#0"},"east":{"uv":[13.0,6.0,14.0,7.0],"texture":"#0","rotation":90},"south":{"uv":[13.0,6.0,14.0,7.0],"texture":"#0"},"west":{"uv":[13.0,6.0,14.0,7.0],"texture":"#0","rotation":270},"up":{"texture":"#0"},"down":{"uv":[13.0,7.0,14.0,6.0],"texture":"#0"}}},{"from":[14.0,0.0,6.0],"to":[15.0,1.0,7.0],"faces":{"north":{"uv":[15.0,6.0,14.0,7.0],"texture":"#0"},"east":{"uv":[14.0,6.0,15.0,7.0],"texture":"#0","rotation":90},"south":{"uv":[14.0,6.0,15.0,7.0],"texture":"#0"},"west":{"uv":[14.0,6.0,15.0,7.0],"texture":"#0","rotation":270},"up":{"texture":"#0"},"down":{"uv":[14.0,7.0,15.0,6.0],"texture":"#0"}}},{"from":[7.0,0.0,7.0],"to":[8.0,1.0,8.0],"faces":{"north":{"uv":[8.0,7.0,7.0,8.0],"texture":"#0"},"east":{"uv":[7.0,7.0,8.0,8.0],"texture":"#0","rotation":90},"south":{"uv":[7.0,7.0,8.0,8.0],"texture":"#0"},"west":{"uv":[7.0,7.0,8.0,8.0],"texture":"#0","rotation":270},"up":{"texture":"#0"},"down":{"uv":[7.0,8.0,8.0,7.0],"texture":"#0"}}},{"from":[8.0,0.0,7.0],"to":[9.0,1.0,8.0],"faces":{"north":{"uv":[9.0,7.0,8.0,8.0],"texture":"#0"},"east":{"uv":[8.0,7.0,9.0,8.0],"texture":"#0","rotation":90},"south":{"uv":[8.0,7.0,9.0,8.0],"texture":"#0"},"west":{"uv":[8.0,7.0,9.0,8.0],"texture":"#0","rotation":270},"up":{"texture":"#0"},"down":{"uv":[8.0,8.0,9.0,7.0],"texture":"#0"}}},{"from":[9.0,0.0,7.0],"to":[10.0,1.0,8.0],"faces":{"north":{"uv":[10.0,7.0,9.0,8.0],"texture":"#0"},"east":{"uv":[9.0,7.0,10.0,8.0],"texture":"#0","rotation":90},"south":{"uv":[9.0,7.0,10.0,8.0],"texture":"#0"},"west":{"uv":[9.0,7.0,10.0,8.0],"texture":"#0","rotation":270},"up":{"texture":"#0"},"down":{"uv":[9.0,8.0,10.0,7.0],"texture":"#0"}}},{"from":[11.0,0.0,7.0],"to":[12.0,1.0,8.0],"faces":{"north":{"uv":[12.0,7.0,11.0,8.0],"texture":"#0"},"east":{"uv":[11.0,7.0,12.0,8.0],"texture":"#0","rotation":90},"south":{"uv":[11.0,7.0,12.0,8.0],"texture":"#0"},"west":{"uv":[11.0,7.0,12.0,8.0],"texture":"#0","rotation":270},"up":{"texture":"#0"},"down":{"uv":[11.0,8.0,12.0,7.0],"texture":"#0"}}},{"from":[12.0,0.0,7.0],"to":[13.0,1.0,8.0],"faces":{"north":{"uv":[13.0,7.0,12.0,8.0],"texture":"#0"},"east":{"uv":[12.0,7.0,13.0,8.0],"texture":"#0","rotation":90},"south":{"uv":[12.0,7.0,13.0,8.0],"texture":"#0"},"west":{"uv":[12.0,7.0,13.0,8.0],"texture":"#0","rotation":270},"up":{"texture":"#0"},"down":{"uv":[12.0,8.0,13.0,7.0],"texture":"#0"}}},{"from":[6.0,0.0,8.0],"to":[7.0,1.0,9.0],"faces":{"north":{"uv":[7.0,8.0,6.0,9.0],"texture":"#0"},"east":{"uv":[6.0,8.0,7.0,9.0],"texture":"#0","rotation":90},"south":{"uv":[6.0,8.0,7.0,9.0],"texture":"#0"},"west":{"uv":[6.0,8.0,7.0,9.0],"texture":"#0","rotation":270},"up":{"texture":"#0"},"down":{"uv":[6.0,9.0,7.0,8.0],"texture":"#0"}}},{"from":[7.0,0.0,8.0],"to":[8.0,1.0,9.0],"faces":{"north":{"uv":[8.0,8.0,7.0,9.0],"texture":"#0"},"east":{"uv":[7.0,8.0,8.0,9.0],"texture":"#0","rotation":90},"south":{"uv":[7.0,8.0,8.0,9.0],"texture":"#0"},"west":{"uv":[7.0,8.0,8.0,9.0],"texture":"#0","rotation":270},"up":{"texture":"#0"},"down":{"uv":[7.0,9.0,8.0,8.0],"texture":"#0"}}},{"from":[8.0,0.0,8.0],"to":[9.0,1.0,9.0],"faces":{"north":{"uv":[9.0,8.0,8.0,9.0],"texture":"#0"},"east":{"uv":[8.0,8.0,9.0,9.0],"texture":"#0","rotation":90},"south":{"uv":[8.0,8.0,9.0,9.0],"texture":"#0"},"west":{"uv":[8.0,8.0,9.0,9.0],"texture":"#0","rotation":270},"up":{"texture":"#0"},"down":{"uv":[8.0,9.0,9.0,8.0],"texture":"#0"}}},{"from":[5.0,0.0,9.0],"to":[6.0,1.0,10.0],"faces":{"north":{"uv":[6.0,9.0,5.0,10.0],"texture":"#0"},"east":{"uv":[5.0,9.0,6.0,10.0],"texture":"#0","rotation":90},"south":{"uv":[5.0,9.0,6.0,10.0],"texture":"#0"},"west":{"uv":[5.0,9.0,6.0,10.0],"texture":"#0","rotation":270},"up":{"texture":"#0"},"down":{"uv":[5.0,10.0,6.0,9.0],"texture":"#0"}}},{"from":[6.0,0.0,9.0],"to":[7.0,1.0,10.0],"faces":{"north":{"uv":[7.0,9.0,6.0,10.0],"texture":"#0"},"east":{"uv":[6.0,9.0,7.0,10.0],"texture":"#0","rotation":90},"south":{"uv":[6.0,9.0,7.0,10.0],"texture":"#0"},"west":{"uv":[6.0,9.0,7.0,10.0],"texture":"#0","rotation":270},"up":{"texture":"#0"},"down":{"uv":[6.0,10.0,7.0,9.0],"texture":"#0"}}},{"from":[7.0,0.0,9.0],"to":[8.0,1.0,10.0],"faces":{"north":{"uv":[8.0,9.0,7.0,10.0],"texture":"#0"},"east":{"uv":[7.0,9.0,8.0,10.0],"texture":"#0","rotation":90},"south":{"uv":[7.0,9.0,8.0,10.0],"texture":"#0"},"west":{"uv":[7.0,9.0,8.0,10.0],"texture":"#0","rotation":270},"up":{"texture":"#0"},"down":{"uv":[7.0,10.0,8.0,9.0],"texture":"#0"}}},{"from":[4.0,0.0,10.0],"to":[5.0,1.0,11.0],"faces":{"north":{"uv":[5.0,10.0,4.0,11.0],"texture":"#0"},"east":{"uv":[4.0,10.0,5.0,11.0],"texture":"#0","rotation":90},"south":{"uv":[4.0,10.0,5.0,11.0],"texture":"#0"},"west":{"uv":[4.0,10.0,5.0,11.0],"texture":"#0","rotation":270},"up":{"texture":"#0"},"down":{"uv":[4.0,11.0,5.0,10.0],"texture":"#0"}}},{"from":[5.0,0.0,10.0],"to":[6.0,1.0,11.0],"faces":{"north":{"uv":[6.0,10.0,5.0,11.0],"texture":"#0"},"east":{"uv":[5.0,10.0,6.0,11.0],"texture":"#0","rotation":90},"south":{"uv":[5.0,10.0,6.0,11.0],"texture":"#0"},"west":{"uv":[5.0,10.0,6.0,11.0],"texture":"#0","rotation":270},"up":{"texture":"#0"},"down":{"uv":[5.0,11.0,6.0,10.0],"texture":"#0"}}},{"from":[6.0,0.0,10.0],"to":[7.0,1.0,11.0],"faces":{"north":{"uv":[7.0,10.0,6.0,11.0],"texture":"#0"},"east":{"uv":[6.0,10.0,7.0,11.0],"texture":"#0","rotation":90},"south":{"uv":[6.0,10.0,7.0,11.0],"texture":"#0"},"west":{"uv":[6.0,10.0,7.0,11.0],"texture":"#0","rotation":270},"up":{"texture":"#0"},"down":{"uv":[6.0,11.0,7.0,10.0],"texture":"#0"}}},{"from":[3.0,0.0,11.0],"to":[4.0,1.0,12.0],"faces":{"north":{"uv":[4.0,11.0,3.0,12.0],"texture":"#0"},"east":{"uv":[3.0,11.0,4.0,12.0],"texture":"#0","rotation":90},"south":{"uv":[3.0,11.0,4.0,12.0],"texture":"#0"},"west":{"uv":[3.0,11.0,4.0,12.0],"texture":"#0","rotation":270},"up":{"texture":"#0"},"down":{"uv":[3.0,12.0,4.0,11.0],"texture":"#0"}}},{"from":[4.0,0.0,11.0],"to":[5.0,1.0,12.0],"faces":{"north":{"uv":[5.0,11.0,4.0,12.0],"texture":"#0"},"east":{"uv":[4.0,11.0,5.0,12.0],"texture":"#0","rotation":90},"south":{"uv":[4.0,11.0,5.0,12.0],"texture":"#0"},"west":{"uv":[4.0,11.0,5.0,12.0],"texture":"#0","rotation":270},"up":{"texture":"#0"},"down":{"uv":[4.0,12.0,5.0,11.0],"texture":"#0"}}},{"from":[5.0,0.0,11.0],"to":[6.0,1.0,12.0],"faces":{"north":{"uv":[6.0,11.0,5.0,12.0],"texture":"#0"},"east":{"uv":[5.0,11.0,6.0,12.0],"texture":"#0","rotation":90},"south":{"uv":[5.0,11.0,6.0,12.0],"texture":"#0"},"west":{"uv":[5.0,11.0,6.0,12.0],"texture":"#0","rotation":270},"up":{"texture":"#0"},"down":{"uv":[5.0,12.0,6.0,11.0],"texture":"#0"}}},{"from":[2.0,0.0,12.0],"to":[3.0,1.0,13.0],"faces":{"north":{"uv":[3.0,12.0,2.0,13.0],"texture":"#0"},"east":{"uv":[2.0,12.0,3.0,13.0],"texture":"#0","rotation":90},"south":{"uv":[2.0,12.0,3.0,13.0],"texture":"#0"},"west":{"uv":[2.0,12.0,3.0,13.0],"texture":"#0","rotation":270},"up":{"texture":"#0"},"down":{"uv":[2.0,13.0,3.0,12.0],"texture":"#0"}}},{"from":[3.0,0.0,12.0],"to":[4.0,1.0,13.0],"faces":{"north":{"uv":[4.0,12.0,3.0,13.0],"texture":"#0"},"east":{"uv":[3.0,12.0,4.0,13.0],"texture":"#0","rotation":90},"south":{"uv":[3.0,12.0,4.0,13.0],"texture":"#0"},"west":{"uv":[3.0,12.0,4.0,13.0],"texture":"#0","rotation":270},"up":{"texture":"#0"},"down":{"uv":[3.0,13.0,4.0,12.0],"texture":"#0"}}},{"from":[4.0,0.0,12.0],"to":[5.0,1.0,13.0],"faces":{"north":{"uv":[5.0,12.0,4.0,13.0],"texture":"#0"},"east":{"uv":[4.0,12.0,5.0,13.0],"texture":"#0","rotation":90},"south":{"uv":[4.0,12.0,5.0,13.0],"texture":"#0"},"west":{"uv":[4.0,12.0,5.0,13.0],"texture":"#0","rotation":270},"up":{"texture":"#0"},"down":{"uv":[4.0,13.0,5.0,12.0],"texture":"#0"}}},{"from":[0.0,0.0,13.0],"to":[1.0,1.0,14.0],"faces":{"north":{"uv":[1.0,13.0,0.0,14.0],"texture":"#0"},"east":{"uv":[0.0,13.0,1.0,14.0],"texture":"#0","rotation":90},"south":{"uv":[0.0,13.0,1.0,14.0],"texture":"#0"},"west":{"uv":[0.0,13.0,1.0,14.0],"texture":"#0","rotation":270},"up":{"texture":"#0"},"down":{"uv":[0.0,14.0,1.0,13.0],"texture":"#0"}}},{"from":[1.0,0.0,13.0],"to":[2.0,1.0,14.0],"faces":{"north":{"uv":[2.0,13.0,1.0,14.0],"texture":"#0"},"east":{"uv":[1.0,13.0,2.0,14.0],"texture":"#0","rotation":90},"south":{"uv":[1.0,13.0,2.0,14.0],"texture":"#0"},"west":{"uv":[1.0,13.0,2.0,14.0],"texture":"#0","rotation":270},"up":{"texture":"#0"},"down":{"uv":[1.0,14.0,2.0,13.0],"texture":"#0"}}},{"from":[2.0,0.0,13.0],"to":[3.0,1.0,14.0],"faces":{"north":{"uv":[3.0,13.0,2.0,14.0],"texture":"#0"},"east":{"uv":[2.0,13.0,3.0,14.0],"texture":"#0","rotation":90},"south":{"uv":[2.0,13.0,3.0,14.0],"texture":"#0"},"west":{"uv":[2.0,13.0,3.0,14.0],"texture":"#0","rotation":270},"up":{"texture":"#0"},"down":{"uv":[2.0,14.0,3.0,13.0],"texture":"#0"}}},{"from":[3.0,0.0,13.0],"to":[4.0,1.0,14.0],"faces":{"north":{"uv":[4.0,13.0,3.0,14.0],"texture":"#0"},"east":{"uv":[3.0,13.0,4.0,14.0],"texture":"#0","rotation":90},"south":{"uv":[3.0,13.0,4.0,14.0],"texture":"#0"},"west":{"uv":[3.0,13.0,4.0,14.0],"texture":"#0","rotation":270},"up":{"texture":"#0"},"down":{"uv":[3.0,14.0,4.0,13.0],"texture":"#0"}}},{"from":[0.0,0.0,14.0],"to":[1.0,1.0,15.0],"faces":{"north":{"uv":[1.0,14.0,0.0,15.0],"texture":"#0"},"east":{"uv":[0.0,14.0,1.0,15.0],"texture":"#0","rotation":90},"south":{"uv":[0.0,14.0,1.0,15.0],"texture":"#0"},"west":{"uv":[0.0,14.0,1.0,15.0],"texture":"#0","rotation":270},"up":{"texture":"#0"},"down":{"uv":[0.0,15.0,1.0,14.0],"texture":"#0"}}},{"from":[1.0,0.0,14.0],"to":[2.0,1.0,15.0],"faces":{"north":{"uv":[2.0,14.0,1.0,15.0],"texture":"#0"},"east":{"uv":[1.0,14.0,2.0,15.0],"texture":"#0","rotation":90},"south":{"uv":[1.0,14.0,2.0,15.0],"texture":"#0"},"west":{"uv":[1.0,14.0,2.0,15.0],"texture":"#0","rotation":270},"up":{"texture":"#0"},"down":{"uv":[1.0,15.0,2.0,14.0],"texture":"#0"}}},{"from":[2.0,0.0,14.0],"to":[3.0,1.0,15.0],"faces":{"north":{"uv":[3.0,14.0,2.0,15.0],"texture":"#0"},"east":{"uv":[2.0,14.0,3.0,15.0],"texture":"#0","rotation":90},"south":{"uv":[2.0,14.0,3.0,15.0],"texture":"#0"},"west":{"uv":[2.0,14.0,3.0,15.0],"texture":"#0","rotation":270},"up":{"texture":"#0"},"down":{"uv":[2.0,15.0,3.0,14.0],"texture":"#0"}}},{"from":[0.0,0.0,15.0],"to":[1.0,1.0,16.0],"faces":{"north":{"uv":[1.0,15.0,0.0,16.0],"texture":"#0"},"east":{"texture":"#0","rotation":90},"south":{"texture":"#0"},"west":{"uv":[0.0,15.0,1.0,16.0],"texture":"#0","rotation":270},"up":{"texture":"#0"},"down":{"uv":[0.0,16.0,1.0,15.0],"texture":"#0"}}},{"from":[1.0,0.0,15.0],"to":[2.0,1.0,16.0],"faces":{"north":{"uv":[2.0,15.0,1.0,16.0],"texture":"#0"},"east":{"uv":[1.0,15.0,2.0,16.0],"texture":"#0","rotation":90},"south":{"texture":"#0"},"west":{"uv":[1.0,15.0,2.0,16.0],"texture":"#0","rotation":270},"up":{"texture":"#0"},"down":{"uv":[1.0,16.0,2.0,15.0],"texture":"#0"}}},{"from":[2.0,0.0,15.0],"to":[3.0,1.0,16.0],"faces":{"north":{"uv":[3.0,15.0,2.0,16.0],"texture":"#0"},"east":{"uv":[2.0,15.0,3.0,16.0],"texture":"#0","rotation":90},"south":{"texture":"#0"},"west":{"uv":[2.0,15.0,3.0,16.0],"texture":"#0","rotation":270},"up":{"texture":"#0"},"down":{"uv":[2.0,16.0,3.0,15.0],"texture":"#0"}}}],"textures":{"particle":"d5c7c220-1180-4814-aab7-83f905ddb3dd:691f21e4-901a-4fb1-8113-32969f1ba824","0":"d5c7c220-1180-4814-aab7-83f905ddb3dd:691f21e4-901a-4fb1-8113-32969f1ba824"},"gui_light":"front"}