{"display":{"thirdperson_righthand":{"rotation":[40.5,0.0,0.0],"translation":[0.0,1.5,-1.5],"scale":[0.4,0.4,0.4]},"thirdperson_lefthand":{"rotation":[40.5,0.0,0.0],"translation":[0.0,1.5,-1.5],"scale":[0.4,0.4,0.4]},"firstperson_righthand":{"rotation":[0.0,117.0,0.0],"translation":[2.25,2.75,0.0],"scale":[0.36,0.36,0.36]},"firstperson_lefthand":{"rotation":[0.0,117.0,0.0],"translation":[2.25,2.75,0.0],"scale":[0.36,0.36,0.36]},"ground":{"translation":[0.0,1.25,0.0],"scale":[0.3,0.3,0.3]},"gui":{"rotation":[11.75,158.0,0.0],"translation":[0.0,-1.25,0.0],"scale":[0.66,0.66,0.66]},"head":{"scale":[0.0,0.0,0.0]},"fixed":{"rotation":[-90.0,0.0,0.0],"translation":[0.0,0.0,-16.0],"scale":[2.0,2.0,2.0]}},"elements":[{"from":[0.0,4.0,0.0],"to":[16.0,6.0,16.0],"rotation":{"origin":[0.0,4.0,0.0],"x":0.0,"y":0.0,"z":0.0},"faces":{"north":{"uv":[7.25,8.25,3.25,8.75],"texture":"#2"},"east":{"uv":[12.5,0.5,8.5,1.0],"texture":"#2"},"south":{"uv":[12.5,0.0,8.5,0.5],"texture":"#2"},"west":{"uv":[11.25,8.25,7.25,8.75],"texture":"#2"},"up":{"uv":[0.0,4.0,4.0,0.0],"texture":"#2"},"down":{"uv":[0.0,4.0,4.0,8.0],"texture":"#2"}}},{"from":[3.0,1.0,1.5],"to":[16.0,4.0,2.5],"rotation":{"origin":[-26.0,0.0,1.5],"x":0.0,"y":0.0,"z":0.0},"faces":{"north":{"uv":[7.25,7.5,4.0,8.25],"texture":"#2"},"east":{"uv":[8.5,8.75,8.25,9.5],"texture":"#2"},"south":{"uv":[10.5,7.5,7.25,8.25],"texture":"#2"},"west":{"uv":[8.25,8.75,8.0,9.5],"texture":"#2"},"up":{"uv":[7.75,7.5,11.0,7.25],"texture":"#2"},"down":{"uv":[8.5,6.25,11.75,6.5],"texture":"#2"}}},{"from":[14.0,6.0,14.0],"to":[16.0,19.0,16.0],"rotation":{"origin":[-28.0,5.0,14.0],"x":0.0,"y":0.0,"z":0.0},"faces":{"north":{"uv":[9.0,3.0,8.5,6.25],"texture":"#2"},"east":{"uv":[1.5,8.75,1.0,12.0],"texture":"#2"},"south":{"uv":[1.0,8.75,0.5,12.0],"texture":"#2"},"west":{"uv":[0.5,8.75,0.0,12.0],"texture":"#2"},"up":{"uv":[6.0,9.25,6.5,8.75],"texture":"#2"},"down":{"uv":[6.5,8.75,7.0,9.25],"texture":"#2"}}},{"from":[1.0,6.0,1.0],"to":[16.0,8.0,16.0],"rotation":{"origin":[1.0,6.0,1.0],"x":0.0,"y":0.0,"z":0.0},"faces":{"north":{"uv":[12.25,1.0,8.5,1.5],"texture":"#2"},"east":{"uv":[12.25,2.5,8.5,3.0],"texture":"#2"},"south":{"uv":[12.25,2.0,8.5,2.5],"texture":"#2"},"west":{"uv":[12.25,1.5,8.5,2.0],"texture":"#2"},"up":{"uv":[4.0,3.75,7.75,0.0],"texture":"#2"},"down":{"uv":[4.0,3.75,7.75,7.5],"texture":"#2"}}},{"from":[13.0,5.0,13.0],"to":[16.0,18.0,14.0],"rotation":{"origin":[-28.0,5.0,13.0],"x":0.0,"y":0.0,"z":0.0},"faces":{"north":{"uv":[8.5,0.0,7.75,3.25],"texture":"#2"},"east":{"uv":[3.0,8.75,2.75,12.0],"texture":"#2"},"south":{"uv":[8.5,3.25,7.75,6.5],"texture":"#2"},"west":{"uv":[2.75,8.75,2.5,12.0],"texture":"#2"},"up":{"uv":[3.25,8.25,4.0,8.0],"texture":"#2"},"down":{"uv":[8.5,8.75,9.25,9.0],"texture":"#2"}}},{"from":[13.0,5.0,14.0],"to":[14.0,18.0,16.0],"rotation":{"origin":[-28.0,5.0,14.0],"x":0.0,"y":0.0,"z":0.0},"faces":{"north":{"uv":[3.25,8.75,3.0,12.0],"texture":"#2"},"east":{"uv":[2.5,8.75,2.0,12.0],"texture":"#2"},"south":{"uv":[3.5,8.75,3.25,12.0],"texture":"#2"},"west":{"uv":[2.0,8.75,1.5,12.0],"texture":"#2"},"up":{"uv":[9.0,5.0,9.25,4.5],"texture":"#2"},"down":{"uv":[9.0,5.0,9.25,5.5],"texture":"#2"}}},{"from":[1.0,0.0,1.0],"to":[3.0,4.0,3.0],"rotation":{"origin":[1.0,0.0,1.0],"x":0.0,"y":0.0,"z":0.0},"faces":{"north":{"uv":[4.5,8.75,4.0,9.75],"texture":"#2"},"east":{"uv":[6.0,8.75,5.5,9.75],"texture":"#2"},"south":{"uv":[5.5,8.75,5.0,9.75],"texture":"#2"},"west":{"uv":[5.0,8.75,4.5,9.75],"texture":"#2"},"up":{"uv":[7.0,9.25,7.5,8.75],"texture":"#2"},"down":{"uv":[7.5,8.75,8.0,9.25],"texture":"#2"}}},{"from":[1.5,1.0,3.0],"to":[2.5,4.0,16.0],"rotation":{"origin":[0.5,0.0,11.0],"x":0.0,"y":0.0,"z":0.0},"faces":{"north":{"uv":[9.25,3.0,9.0,3.75],"texture":"#2"},"east":{"uv":[3.25,8.0,0.0,8.75],"texture":"#2"},"south":{"uv":[9.25,3.75,9.0,4.5],"texture":"#2"},"west":{"uv":[11.0,6.5,7.75,7.25],"texture":"#2"},"up":{"uv":[3.5,12.0,3.75,8.75],"texture":"#2"},"down":{"uv":[3.75,8.75,4.0,12.0],"texture":"#2"}}}],"textures":{"2":"288d7f4e-865f-4c67-87f9-85eb463183ef:e28a5220-ef5a-4eec-9bc4-1069fc82c576","particle":"288d7f4e-865f-4c67-87f9-85eb463183ef:e28a5220-ef5a-4eec-9bc4-1069fc82c576"},"gui_light":"front"}