{"display":{"thirdperson_righthand":{"rotation":[40.5,0.0,0.0],"translation":[1.75,-0.5,1.75],"scale":[0.22,0.22,0.22]},"thirdperson_lefthand":{"rotation":[40.5,0.0,0.0],"translation":[-1.5,-0.5,1.75],"scale":[0.22,0.22,0.22]},"firstperson_righthand":{"rotation":[0.0,121.0,0.0],"translation":[2.0,3.75,2.5],"scale":[0.22,0.22,0.22]},"firstperson_lefthand":{"rotation":[0.0,121.0,0.0],"translation":[2.0,3.75,2.5],"scale":[0.22,0.22,0.22]},"ground":{"translation":[2.5,7.0,2.25],"scale":[0.3,0.3,0.3]},"gui":{"rotation":[11.75,158.0,0.0],"translation":[-1.5,0.5,0.0],"scale":[0.29,0.29,0.29]},"head":{"scale":[0.0,0.0,0.0]},"fixed":{"rotation":[-90.0,0.0,0.0],"translation":[0.0,0.0,-48.0],"scale":[2.0,2.0,2.0]}},"elements":[{"from":[-16.0,-16.0,0.0],"to":[16.0,32.0,2.0],"faces":{"north":{"uv":[0.0,0.0,4.0,6.0],"texture":"#3"},"east":{"uv":[4.0,0.0,4.25,6.0],"texture":"#3"},"south":{"uv":[4.0,0.0,0.0,6.0],"texture":"#3"},"west":{"uv":[4.25,0.0,4.5,6.0],"texture":"#3"},"up":{"uv":[8.5,0.25,4.5,0.0],"texture":"#3"},"down":{"uv":[8.5,0.25,4.5,0.5],"texture":"#3"}}},{"from":[-15.5,1.0,-1.0],"to":[-12.5,10.0,0.0],"rotation":{"origin":[-15.5,1.0,-2.0],"x":0.0,"y":0.0,"z":0.0},"faces":{"north":{"uv":[4.5,0.5,4.875,1.625],"texture":"#3"},"east":{"uv":[4.5,2.75,4.625,3.875],"texture":"#3"},"south":{"uv":[4.5,1.625,4.875,2.75],"texture":"#3"},"west":{"uv":[4.5,3.875,4.625,5.0],"texture":"#3"},"up":{"uv":[5.0,4.125,4.625,4.0],"texture":"#3"},"down":{"uv":[5.0,4.125,4.625,4.25],"texture":"#3"}}},{"from":[-15.0,4.5,-1.5],"to":[-13.0,6.5,-0.5],"rotation":{"origin":[-16.0,1.5,-2.5],"x":0.0,"y":0.0,"z":0.0},"faces":{"north":{"uv":[4.625,3.5,4.875,3.75],"texture":"#3"},"east":{"uv":[4.75,4.5,4.875,4.75],"texture":"#3"},"south":{"uv":[4.625,3.75,4.875,4.0],"texture":"#3"},"west":{"uv":[4.75,4.75,4.875,5.0],"texture":"#3"},"up":{"uv":[5.125,0.625,4.875,0.5],"texture":"#3"},"down":{"uv":[5.125,0.625,4.875,0.75],"texture":"#3"}}},{"from":[-15.5,4.0,-2.5],"to":[-12.5,7.0,-1.5],"rotation":{"origin":[-14.0,5.5,-2.0],"x":0.0,"y":0.0,"z":0.0},"faces":{"north":{"uv":[4.625,2.75,5.0,3.125],"texture":"#3"},"east":{"uv":[4.625,4.25,4.75,4.625],"texture":"#3"},"south":{"uv":[4.625,3.125,5.0,3.5],"texture":"#3"},"west":{"uv":[4.625,4.625,4.75,5.0],"texture":"#3"},"up":{"uv":[5.125,4.375,4.75,4.25],"texture":"#3"},"down":{"uv":[5.125,4.375,4.75,4.5],"texture":"#3"}}},{"from":[-15.5,4.0,3.5],"to":[-12.5,7.0,4.5],"rotation":{"origin":[-14.0,5.5,4.0],"x":0.0,"y":0.0,"z":0.0},"faces":{"north":{"uv":[5.0,3.125,4.625,3.5],"texture":"#3"},"east":{"uv":[4.75,4.25,4.625,4.625],"texture":"#3"},"south":{"uv":[5.0,2.75,4.625,3.125],"texture":"#3"},"west":{"uv":[4.75,4.625,4.625,5.0],"texture":"#3"},"up":{"uv":[4.75,4.375,5.125,4.25],"texture":"#3"},"down":{"uv":[4.75,4.5,5.125,4.375],"texture":"#3"}}},{"from":[-15.0,4.5,2.5],"to":[-13.0,6.5,3.5],"rotation":{"origin":[-16.0,1.5,4.5],"x":0.0,"y":0.0,"z":0.0},"faces":{"north":{"uv":[4.875,3.75,4.625,4.0],"texture":"#3"},"east":{"uv":[4.875,4.5,4.75,4.75],"texture":"#3"},"south":{"uv":[4.875,3.5,4.625,3.75],"texture":"#3"},"west":{"uv":[4.875,4.75,4.75,5.0],"texture":"#3"},"up":{"uv":[4.875,0.625,5.125,0.5],"texture":"#3"},"down":{"uv":[4.875,0.75,5.125,0.625],"texture":"#3"}}},{"from":[-15.5,1.0,2.0],"to":[-12.5,10.0,3.0],"rotation":{"origin":[-15.5,1.0,4.0],"x":0.0,"y":0.0,"z":0.0},"faces":{"north":{"uv":[4.875,1.625,4.5,2.75],"texture":"#3"},"east":{"uv":[4.625,2.75,4.5,3.875],"texture":"#3"},"south":{"uv":[4.875,0.5,4.5,1.625],"texture":"#3"},"west":{"uv":[4.625,3.875,4.5,5.0],"texture":"#3"},"up":{"uv":[4.625,4.125,5.0,4.0],"texture":"#3"},"down":{"uv":[4.625,4.25,5.0,4.125],"texture":"#3"}}}],"textures":{"3":"b010ecbc-614c-41d2-baaa-cfdb7227d49f:fbee2aec-4bd2-433b-9c7a-43bde6314ff5","particle":"b010ecbc-614c-41d2-baaa-cfdb7227d49f:fbee2aec-4bd2-433b-9c7a-43bde6314ff5"},"gui_light":"front"}