{"parent":"builtin/entity","display":{"thirdperson_righthand":{"rotation":[0.0,90.0,0.0],"translation":[10.0,6.0,-4.0]},"thirdperson_lefthand":{"rotation":[0.0,90.0,0.0],"translation":[10.0,6.0,12.0]},"firstperson_righthand":{"rotation":[0.0,180.0,5.0],"translation":[-10.0,2.0,-10.0],"scale":[1.25,1.25,1.25]},"firstperson_lefthand":{"rotation":[0.0,180.0,5.0],"translation":[10.0,0.0,-10.0],"scale":[1.25,1.25,1.25]},"gui":{"rotation":[15.0,-25.0,-5.0],"translation":[2.0,3.0,0.0],"scale":[0.65,0.65,0.65]},"fixed":{"rotation":[0.0,180.0,0.0],"translation":[-2.0,4.0,-5.0],"scale":[0.5,0.5,0.5]},"ground":{"translation":[4.0,4.0,2.0],"scale":[0.25,0.25,0.25]}},"textures":{"layer0":"89f8b009-3902-48db-b1d4-eb1f08f41555:b34fe89f-77a6-4671-8fdf-989e20bf1628"},"gui_light":"front"}