{"parent":"item/netherite_sword","display":{"thirdperson_righthand":{"rotation":[0.0,-90.0,55.0],"translation":[0.0,6.0,1.0],"scale":[1.25,1.25,1.25]},"thirdperson_lefthand":{"rotation":[0.0,-90.0,-35.0],"translation":[0.0,6.0,1.0],"scale":[1.25,1.25,1.25]},"firstperson_righthand":{"rotation":[0.0,-90.0,40.0],"translation":[1.13,3.2,1.13]},"firstperson_lefthand":{"rotation":[0.0,90.0,-25.0],"translation":[1.13,3.2,1.13]}},"textures":{"layer0":"89f8b009-3902-48db-b1d4-eb1f08f41555:1aec03fe-23e4-43e1-b54f-aa6851cbf235"}}