{"parent":"item/crossbow","display":{"thirdperson_righthand":{"rotation":[-90.0,0.0,-60.0],"translation":[2.0,0.1,-3.0],"scale":[0.9,0.9,0.9]},"thirdperson_lefthand":{"rotation":[-90.0,0.0,30.0],"translation":[2.0,0.1,-3.0],"scale":[0.9,0.9,0.9]},"firstperson_righthand":{"rotation":[-90.0,0.0,-55.0],"translation":[1.13,3.2,1.13],"scale":[0.68,0.68,0.68]},"firstperson_lefthand":{"rotation":[-90.0,0.0,35.0],"translation":[1.13,3.2,1.13],"scale":[0.68,0.68,0.68]}},"textures":{"layer0":"89f8b009-3902-48db-b1d4-eb1f08f41555:b5a1cc53-554f-4d67-8dde-2f23d3d68d60"},"overrides":[{"predicate":{"pulling":1},"model":"89f8b009-3902-48db-b1d4-eb1f08f41555:19b463eb-8536-49af-9ea5-ca54ff677a9d"},{"predicate":{"pulling":1,"pull":0.58},"model":"89f8b009-3902-48db-b1d4-eb1f08f41555:db596222-2b85-4b47-9dca-858a4aed652c"},{"predicate":{"pulling":1,"pull":1.0},"model":"89f8b009-3902-48db-b1d4-eb1f08f41555:e305f1fe-bf7f-4d2f-8e9b-374574669405"},{"predicate":{"charged":1},"model":"89f8b009-3902-48db-b1d4-eb1f08f41555:d9a6c077-d0fe-40d8-add7-8fab1ffd858e"},{"predicate":{"charged":1,"firework":1},"model":"89f8b009-3902-48db-b1d4-eb1f08f41555:97de6847-9b36-4881-8bb4-2151a9a9b544"}]}