{"parent":"item/crossbow","display":{"thirdperson_righthand":{"rotation":[-90.0,0.0,-60.0],"translation":[2.0,0.1,-3.0],"scale":[0.9,0.9,0.9]},"thirdperson_lefthand":{"rotation":[-90.0,0.0,30.0],"translation":[2.0,0.1,-3.0],"scale":[0.9,0.9,0.9]},"firstperson_righthand":{"rotation":[-90.0,0.0,-55.0],"translation":[1.13,3.2,1.13],"scale":[0.68,0.68,0.68]},"firstperson_lefthand":{"rotation":[-90.0,0.0,35.0],"translation":[1.13,3.2,1.13],"scale":[0.68,0.68,0.68]}},"textures":{"layer0":"89f8b009-3902-48db-b1d4-eb1f08f41555:4d63de2d-3051-45ae-a7fc-4c2bc0a46df5"},"overrides":[{"predicate":{"pulling":1},"model":"89f8b009-3902-48db-b1d4-eb1f08f41555:eb7d878d-c663-4a2d-bc1a-0aa0b01ab128"},{"predicate":{"pulling":1,"pull":0.58},"model":"89f8b009-3902-48db-b1d4-eb1f08f41555:8d740bd5-1692-4edd-994b-fdfca75ee5c5"},{"predicate":{"pulling":1,"pull":1.0},"model":"89f8b009-3902-48db-b1d4-eb1f08f41555:13261cd3-16a5-4f92-b110-8a58cd5fdded"},{"predicate":{"charged":1},"model":"89f8b009-3902-48db-b1d4-eb1f08f41555:8b1722be-7b2b-424e-bb71-4bce3881c1ef"},{"predicate":{"charged":1,"firework":1},"model":"89f8b009-3902-48db-b1d4-eb1f08f41555:2adc09eb-3be2-4fa3-bda6-208359fa230b"}]}