{"parent":"item/bow","display":{"thirdperson_righthand":{"rotation":[-80.0,260.0,-40.0],"translation":[-1.0,-2.0,2.5],"scale":[0.9,0.9,0.9]},"thirdperson_lefthand":{"rotation":[-80.0,-280.0,40.0],"translation":[-1.0,-2.0,2.5],"scale":[0.9,0.9,0.9]},"firstperson_righthand":{"rotation":[0.0,-90.0,25.0],"translation":[1.13,3.2,1.13],"scale":[0.68,0.68,0.68]},"firstperson_lefthand":{"rotation":[0.0,90.0,-25.0],"translation":[1.13,3.2,1.13],"scale":[0.68,0.68,0.68]}},"textures":{"layer0":"89f8b009-3902-48db-b1d4-eb1f08f41555:35bd2d63-4b26-4d38-9fa8-a351b92fe197"},"overrides":[{"predicate":{"pulling":1},"model":"89f8b009-3902-48db-b1d4-eb1f08f41555:c7525beb-dbc6-4042-b11c-c90a903c4693"},{"predicate":{"pulling":1,"pull":0.65},"model":"89f8b009-3902-48db-b1d4-eb1f08f41555:c4367c95-bab7-4360-9a5f-32f6c6cd3316"},{"predicate":{"pulling":1,"pull":0.9},"model":"89f8b009-3902-48db-b1d4-eb1f08f41555:fb84afc9-79e1-4965-a3cc-763ad539a7fa"},{"predicate":{"pulling":1,"pull":0.9},"model":"89f8b009-3902-48db-b1d4-eb1f08f41555:516fa7f0-3e24-4028-bf45-34dbd9def6d6"},{"predicate":{"pulling":1,"pull":0.9},"model":"89f8b009-3902-48db-b1d4-eb1f08f41555:ecf66dae-233f-4687-ad5f-3f513050a9a5"},{"predicate":{"pulling":1,"pull":0.9},"model":"89f8b009-3902-48db-b1d4-eb1f08f41555:581de537-3115-424b-9c94-407d66ab775e"},{"predicate":{"pulling":1,"pull":0.9},"model":"89f8b009-3902-48db-b1d4-eb1f08f41555:29257ff4-7569-4d32-9be1-c16d8fe9a4b3"}]}