{"parent":"item/bow","display":{"thirdperson_righthand":{"rotation":[-80.0,260.0,-40.0],"translation":[-1.0,-2.0,2.5],"scale":[0.9,0.9,0.9]},"thirdperson_lefthand":{"rotation":[-80.0,-280.0,40.0],"translation":[-1.0,-2.0,2.5],"scale":[0.9,0.9,0.9]},"firstperson_righthand":{"rotation":[0.0,-90.0,25.0],"translation":[1.13,3.2,1.13],"scale":[0.68,0.68,0.68]},"firstperson_lefthand":{"rotation":[0.0,90.0,-25.0],"translation":[1.13,3.2,1.13],"scale":[0.68,0.68,0.68]}},"textures":{"layer0":"89f8b009-3902-48db-b1d4-eb1f08f41555:cfb0eae1-3625-4dd8-849b-08df792bb008"},"overrides":[{"predicate":{"pulling":1},"model":"89f8b009-3902-48db-b1d4-eb1f08f41555:01ded19d-5f12-4660-80ed-323311bd9958"},{"predicate":{"pulling":1,"pull":0.65},"model":"89f8b009-3902-48db-b1d4-eb1f08f41555:3a1e06a3-a291-4dfa-bfe9-8f6abcd5fb59"},{"predicate":{"pulling":1,"pull":0.9},"model":"89f8b009-3902-48db-b1d4-eb1f08f41555:a1af0637-0a18-4444-b0b8-6d7ac3d3a5cc"},{"predicate":{"pulling":1,"pull":0.9},"model":"89f8b009-3902-48db-b1d4-eb1f08f41555:ffbba2b9-41b6-43ad-84a0-3755e1b04ea0"},{"predicate":{"pulling":1,"pull":0.9},"model":"89f8b009-3902-48db-b1d4-eb1f08f41555:dc0c54c7-76de-47eb-99cf-e17b49eb09d6"},{"predicate":{"pulling":1,"pull":0.9},"model":"89f8b009-3902-48db-b1d4-eb1f08f41555:a4644946-0415-47ef-b44c-ef10dbf4f667"},{"predicate":{"pulling":1,"pull":0.9},"model":"89f8b009-3902-48db-b1d4-eb1f08f41555:3f2c5969-6bb1-43e9-b7ae-5a487f433b4c"}]}