{"parent":"item/netherite_sword","display":{"thirdperson_righthand":{"rotation":[0.0,-90.0,55.0],"translation":[0.0,7.0,1.0],"scale":[1.35,1.35,1.35]},"thirdperson_lefthand":{"rotation":[0.0,-90.0,-35.0],"translation":[0.0,7.0,1.0],"scale":[1.35,1.35,1.35]},"firstperson_righthand":{"rotation":[0.0,-90.0,40.0],"translation":[1.13,3.2,1.13],"scale":[1.1,1.1,1.1]},"firstperson_lefthand":{"rotation":[0.0,90.0,-25.0],"translation":[1.13,3.2,1.13],"scale":[1.1,1.1,1.1]}},"textures":{"layer0":"89f8b009-3902-48db-b1d4-eb1f08f41555:d9c060f0-2e4b-4fd5-b555-38ce668a6c15"}}