{"parent":"item/netherite_sword","display":{"thirdperson_righthand":{"rotation":[0.0,-90.0,55.0],"translation":[0.0,4.0,0.5],"scale":[0.6,0.6,0.6]},"thirdperson_lefthand":{"rotation":[0.0,90.0,-55.0],"translation":[0.0,4.0,0.5],"scale":[0.6,0.6,0.6]},"firstperson_righthand":{"rotation":[0.0,-90.0,35.0],"translation":[1.13,3.2,1.13],"scale":[0.54,0.54,0.54]},"firstperson_lefthand":{"rotation":[0.0,90.0,-25.0],"translation":[1.13,3.2,1.13],"scale":[0.54,0.54,0.54]}},"textures":{"layer0":"89f8b009-3902-48db-b1d4-eb1f08f41555:ba8d1357-13ec-4bc0-993a-6e9e008a9700"}}