{"parent":"item/crossbow","display":{"thirdperson_righthand":{"rotation":[-90.0,0.0,-60.0],"translation":[2.0,0.1,-3.0],"scale":[0.9,0.9,0.9]},"thirdperson_lefthand":{"rotation":[-90.0,0.0,30.0],"translation":[2.0,0.1,-3.0],"scale":[0.9,0.9,0.9]},"firstperson_righthand":{"rotation":[-90.0,0.0,-55.0],"translation":[1.13,3.2,1.13],"scale":[0.68,0.68,0.68]},"firstperson_lefthand":{"rotation":[-90.0,0.0,35.0],"translation":[1.13,3.2,1.13],"scale":[0.68,0.68,0.68]}},"textures":{"layer0":"89f8b009-3902-48db-b1d4-eb1f08f41555:a44e671a-0e48-4f08-9497-0449668b0d7e"},"overrides":[{"predicate":{"pulling":1},"model":"89f8b009-3902-48db-b1d4-eb1f08f41555:d4f9333c-c885-4c06-aef0-14e83163442a"},{"predicate":{"pulling":1,"pull":0.58},"model":"89f8b009-3902-48db-b1d4-eb1f08f41555:b906d2b6-60ef-481b-bf46-2d1b9f01e3a8"},{"predicate":{"pulling":1,"pull":1.0},"model":"89f8b009-3902-48db-b1d4-eb1f08f41555:7789a64f-6c24-4e2c-962f-e69f8454cc8e"},{"predicate":{"charged":1},"model":"89f8b009-3902-48db-b1d4-eb1f08f41555:74f94d67-557c-4d1e-8bf4-5399134a720d"},{"predicate":{"charged":1,"firework":1},"model":"89f8b009-3902-48db-b1d4-eb1f08f41555:fdadfb83-d5c9-4eb6-aca9-1b6d3a6f1520"}]}