{"parent":"item/crossbow","display":{"thirdperson_righthand":{"rotation":[-90.0,0.0,-60.0],"translation":[2.0,0.1,-3.0],"scale":[0.9,0.9,0.9]},"thirdperson_lefthand":{"rotation":[-90.0,0.0,30.0],"translation":[2.0,0.1,-3.0],"scale":[0.9,0.9,0.9]},"firstperson_righthand":{"rotation":[-90.0,0.0,-55.0],"translation":[1.13,3.2,1.13],"scale":[0.68,0.68,0.68]},"firstperson_lefthand":{"rotation":[-90.0,0.0,35.0],"translation":[1.13,3.2,1.13],"scale":[0.68,0.68,0.68]}},"textures":{"layer0":"89f8b009-3902-48db-b1d4-eb1f08f41555:5540d064-b108-463f-9196-e77aa066d9b3"},"overrides":[{"predicate":{"pulling":1},"model":"89f8b009-3902-48db-b1d4-eb1f08f41555:f16de2fb-ac72-46b6-9158-0f1169ce8d99"},{"predicate":{"pulling":1,"pull":0.58},"model":"89f8b009-3902-48db-b1d4-eb1f08f41555:8d57961f-a712-4855-bd76-32e3a0660b41"},{"predicate":{"pulling":1,"pull":1.0},"model":"89f8b009-3902-48db-b1d4-eb1f08f41555:637f7c55-57a8-4768-b15c-c428e62eae0a"},{"predicate":{"charged":1},"model":"89f8b009-3902-48db-b1d4-eb1f08f41555:e0eca4cb-5e22-4a5b-94f6-e90b742aa423"},{"predicate":{"charged":1,"firework":1},"model":"89f8b009-3902-48db-b1d4-eb1f08f41555:d26aef28-48c9-4bef-a6c3-5d2615f50495"}]}