{"parent":"item/generated","textures":{"layer0":"item/leather_horse_armor"},"overrides":[{"predicate":{"custom_model_data":1000},"model":"3b6992a4-c7b1-414e-af2a-d958cd467b44:48346c1d-bc1f-435f-a4f6-730bd640f2cc"},{"predicate":{"custom_model_data":1001},"model":"3b6992a4-c7b1-414e-af2a-d958cd467b44:f6b9808f-6e9d-4b38-bb53-567265590081"},{"predicate":{"custom_model_data":1002},"model":"3b6992a4-c7b1-414e-af2a-d958cd467b44:97fd99e6-1bd0-4308-8cb5-cf4564bec517"},{"predicate":{"custom_model_data":1003},"model":"3b6992a4-c7b1-414e-af2a-d958cd467b44:63a42605-198a-483a-98bb-9bc250735cf7"}]}