{"parent":"item/generated","textures":{"layer0":"item/leather_horse_armor"},"overrides":[{"predicate":{"custom_model_data":1000},"model":"619710e5-7cb4-4d20-b739-bc627a83189f:a8a0228d-92cf-48dd-9de3-269e795f8cd9"},{"predicate":{"custom_model_data":1001},"model":"619710e5-7cb4-4d20-b739-bc627a83189f:197fb72e-b865-4969-90f2-1d3bc35fcb3b"},{"predicate":{"custom_model_data":1002},"model":"619710e5-7cb4-4d20-b739-bc627a83189f:97196d16-dc28-4839-9bc9-c54363f9d636"},{"predicate":{"custom_model_data":1003},"model":"619710e5-7cb4-4d20-b739-bc627a83189f:e6a043fe-1760-4dbc-861a-3c414481b096"}]}