{"display":{"thirdperson_righthand":{"rotation":[75.0,45.0,0.0],"translation":[0.0,0.5,0.0],"scale":[0.2,0.2,0.2]},"thirdperson_lefthand":{"rotation":[75.0,45.0,0.0],"translation":[0.0,0.5,0.0],"scale":[0.2,0.2,0.2]},"firstperson_righthand":{"rotation":[0.0,125.0,0.0],"translation":[2.25,1.25,-0.75],"scale":[0.2,0.2,0.2]},"firstperson_lefthand":{"rotation":[0.0,125.0,0.0],"translation":[2.25,1.25,-0.75],"scale":[0.2,0.2,0.2]},"ground":{"translation":[0.0,3.0,0.0],"scale":[0.25,0.25,0.25]},"gui":{"rotation":[30.0,225.0,0.0],"translation":[0.0,-1.5,0.0],"scale":[0.5,0.5,0.5]},"fixed":{"rotation":[-90.0,0.0,0.0],"translation":[0.0,0.0,-16.0],"scale":[2.0,2.0,2.0]}},"elements":[{"from":[1.0,0.0,1.0],"to":[15.0,18.0,15.0],"faces":{"north":{"uv":[7.75,4.0,11.25,8.5],"texture":"#1"},"east":{"uv":[3.75,8.5,7.25,13.0],"texture":"#1"},"south":{"uv":[7.25,8.5,10.75,13.0],"texture":"#1"},"west":{"uv":[7.25,8.5,3.75,13.0],"texture":"#1"},"down":{"uv":[14.25,8.5,10.75,12.0],"texture":"#1"}}},{"from":[0.5,0.0,0.5],"to":[15.5,18.0,15.5],"faces":{"north":{"uv":[0.0,0.0,3.75,4.5],"texture":"#1"},"east":{"uv":[3.75,0.0,7.5,4.5],"texture":"#1"},"south":{"uv":[0.0,4.5,3.75,9.0],"texture":"#1"},"west":{"uv":[7.5,0.0,3.75,4.5],"texture":"#1"},"down":{"uv":[3.75,9.0,0.0,12.75],"texture":"#1"}}},{"from":[0.0,18.0,0.0],"to":[16.0,22.0,16.0],"faces":{"north":{"uv":[11.25,4.0,15.25,5.0],"texture":"#1"},"east":{"uv":[11.25,5.0,15.25,6.0],"texture":"#1"},"south":{"uv":[11.25,4.0,15.25,5.0],"texture":"#1"},"west":{"uv":[15.25,5.0,11.25,6.0],"texture":"#1"},"up":{"uv":[7.75,8.5,3.75,4.5],"texture":"#1"},"down":{"uv":[11.5,0.0,7.5,4.0],"texture":"#1"}}}],"textures":{"1":"2dde4ef7-6464-4ec7-bd28-f897e05154a6:debdbb3c-11c3-471c-a714-4e04da59f86d","particle":"2dde4ef7-6464-4ec7-bd28-f897e05154a6:debdbb3c-11c3-471c-a714-4e04da59f86d"},"gui_light":"front"}