{"sources":[{"type":"single","resource":"block/birch_planks"},{"type":"single","resource":"block/black_concrete"},{"type":"single","resource":"block/black_stained_glass"},{"type":"single","resource":"block/black_wool"},{"type":"single","resource":"block/blue_wool"},{"type":"single","resource":"block/brown_wool"},{"type":"single","resource":"block/campfire_fire"},{"type":"single","resource":"block/campfire_log_lit"},{"type":"single","resource":"block/cartography_table_side3"},{"type":"single","resource":"block/cauldron_inner"},{"type":"single","resource":"block/cauldron_side"},{"type":"single","resource":"block/clay"},{"type":"single","resource":"block/cobblestone"},{"type":"single","resource":"block/cyan_wool"},{"type":"single","resource":"block/dark_oak_log"},{"type":"single","resource":"block/furnace_top"},{"type":"single","resource":"block/glass"},{"type":"single","resource":"block/gold_block"},{"type":"single","resource":"block/gray_wool"},{"type":"single","resource":"block/green_wool"},{"type":"single","resource":"block/iron_bars"},{"type":"single","resource":"block/iron_block"},{"type":"single","resource":"block/lava_still"},{"type":"single","resource":"block/light_blue_wool"},{"type":"single","resource":"block/light_gray_concrete"},{"type":"single","resource":"block/light_gray_wool"},{"type":"single","resource":"block/lime_wool"},{"type":"single","resource":"block/magenta_wool"},{"type":"single","resource":"block/mossy_cobblestone"},{"type":"single","resource":"block/oak_log"},{"type":"single","resource":"block/oak_log_top"},{"type":"single","resource":"block/oak_planks"},{"type":"single","resource":"block/orange_wool"},{"type":"single","resource":"block/pink_wool"},{"type":"single","resource":"block/purple_wool"},{"type":"single","resource":"block/quartz_block_side"},{"type":"single","resource":"block/quartz_block_top"},{"type":"single","resource":"block/red_concrete"},{"type":"single","resource":"block/red_wool"},{"type":"single","resource":"block/sand"},{"type":"single","resource":"block/sandstone"},{"type":"single","resource":"block/spruce_log"},{"type":"single","resource":"block/spruce_log_top"},{"type":"single","resource":"block/spruce_planks"},{"type":"single","resource":"block/stone_bricks"},{"type":"single","resource":"block/stripped_spruce_log"},{"type":"single","resource":"block/white_concrete"},{"type":"single","resource":"block/white_wool"},{"type":"single","resource":"block/yellow_wool"},{"type":"single","resource":"970bdfee-e781-4bc9-9116-c27c0c85c46b:3967176d-0523-4bef-8c93-d8d616196c24"},{"type":"single","resource":"970bdfee-e781-4bc9-9116-c27c0c85c46b:feb738dc-1fd7-49ad-9060-a22682591a93"},{"type":"single","resource":"970bdfee-e781-4bc9-9116-c27c0c85c46b:56279505-b303-46cd-a0a5-4796f2ec094c"},{"type":"single","resource":"970bdfee-e781-4bc9-9116-c27c0c85c46b:4279ab1a-2289-4178-8fae-f65268319e6d"},{"type":"single","resource":"970bdfee-e781-4bc9-9116-c27c0c85c46b:c78e17ca-b18c-4175-b651-7871ba0f6e1f"},{"type":"single","resource":"entity/chest/normal"},{"type":"single","resource":"entity/villager/profession/farmer"},{"type":"single","resource":"970bdfee-e781-4bc9-9116-c27c0c85c46b:8bf1b395-c0d1-4404-bce6-63486e69058e"},{"type":"single","resource":"970bdfee-e781-4bc9-9116-c27c0c85c46b:61a13f17-59fd-4e4d-b95f-76a8cffba4c3"},{"type":"single","resource":"970bdfee-e781-4bc9-9116-c27c0c85c46b:634cb7c6-2e3b-42c8-ba24-f38da43c370f"},{"type":"single","resource":"970bdfee-e781-4bc9-9116-c27c0c85c46b:4d69fb17-be65-4c28-97a8-0607a64ad1e4"},{"type":"single","resource":"970bdfee-e781-4bc9-9116-c27c0c85c46b:4977b905-a295-4d17-bc1a-9fce2b540dcb"},{"type":"single","resource":"970bdfee-e781-4bc9-9116-c27c0c85c46b:0b5bd14c-5204-4b04-aa80-c6d9b27696a4"},{"type":"single","resource":"970bdfee-e781-4bc9-9116-c27c0c85c46b:638397b6-9315-4e0f-92a3-c767633df544"},{"type":"single","resource":"970bdfee-e781-4bc9-9116-c27c0c85c46b:a447e066-ffbf-44e1-ac8f-eb37e723d07a"},{"type":"single","resource":"970bdfee-e781-4bc9-9116-c27c0c85c46b:9a897beb-1e0f-4e63-8763-3deee849002a"},{"type":"single","resource":"970bdfee-e781-4bc9-9116-c27c0c85c46b:2c40fa7e-a871-4304-a0b6-35cc86cb0582"},{"type":"single","resource":"29d1c314-2be8-4e23-9a49-036010037148:d389cb72-fc5b-46a1-b1bc-9f0bcb47e7cd"},{"type":"single","resource":"29d1c314-2be8-4e23-9a49-036010037148:bffd6db1-3e53-4a2b-a2f9-fb1ac9373572"},{"type":"single","resource":"29d1c314-2be8-4e23-9a49-036010037148:45bbaac9-454b-491a-8b0e-8effff9a3cd7"},{"type":"single","resource":"970bdfee-e781-4bc9-9116-c27c0c85c46b:50504972-5ab3-4eef-8b66-836374436d82"},{"type":"single","resource":"970bdfee-e781-4bc9-9116-c27c0c85c46b:774b5dc7-037c-4195-b94b-ae27a52e50a0"},{"type":"single","resource":"970bdfee-e781-4bc9-9116-c27c0c85c46b:28cde77e-db73-48e4-894a-a865c6598203"},{"type":"single","resource":"29d1c314-2be8-4e23-9a49-036010037148:7c673409-ab9a-46af-8504-9ea27e9a67be"},{"type":"single","resource":"29d1c314-2be8-4e23-9a49-036010037148:84479963-0c82-429f-b3ac-aab57bd77f0e"},{"type":"single","resource":"970bdfee-e781-4bc9-9116-c27c0c85c46b:83d9d6db-198a-4d77-80ef-25fcf96a66aa"},{"type":"single","resource":"970bdfee-e781-4bc9-9116-c27c0c85c46b:66e19512-668c-4e7d-991a-fc8d6621f7fb"},{"type":"single","resource":"970bdfee-e781-4bc9-9116-c27c0c85c46b:1056f1b2-49b9-4c7f-812c-4e65833df82d"},{"type":"single","resource":"970bdfee-e781-4bc9-9116-c27c0c85c46b:a6ef1d4c-0312-4bc4-afa8-5781d4201525"},{"type":"single","resource":"970bdfee-e781-4bc9-9116-c27c0c85c46b:538b3c6d-066f-4f50-9ab2-2db6c79aa418"},{"type":"single","resource":"970bdfee-e781-4bc9-9116-c27c0c85c46b:21a89fc2-95e4-448d-862d-bb62a9ffbc82"},{"type":"single","resource":"970bdfee-e781-4bc9-9116-c27c0c85c46b:2b6e522a-6b26-441c-a951-83cbca69d89c"},{"type":"single","resource":"29d1c314-2be8-4e23-9a49-036010037148:3db981a4-826a-400e-9e36-b981de2007a8"},{"type":"single","resource":"29d1c314-2be8-4e23-9a49-036010037148:03dbbfbe-e194-46ec-a23c-44e773c6f3ed"},{"type":"single","resource":"item/chainmail_helmet"},{"type":"single","resource":"29d1c314-2be8-4e23-9a49-036010037148:e5bb19c7-56de-4fea-bcff-2c0f08a5fa37"},{"type":"single","resource":"29d1c314-2be8-4e23-9a49-036010037148:18c2ca8b-24db-450c-ae85-f59be0d1a78b"},{"type":"single","resource":"29d1c314-2be8-4e23-9a49-036010037148:7df79421-62e5-4e98-8da7-92d28f3d5fe0"},{"type":"single","resource":"29d1c314-2be8-4e23-9a49-036010037148:88d6822f-1bbb-4cdf-b45d-4e84e67091b6"},{"type":"single","resource":"29d1c314-2be8-4e23-9a49-036010037148:f9deb765-fe9a-4361-b0fc-7f9068ab683a"},{"type":"single","resource":"29d1c314-2be8-4e23-9a49-036010037148:fe811bb6-cef7-4957-bce2-89834142360b"},{"type":"single","resource":"item/crossbow_standby"},{"type":"single","resource":"item/leather_horse_armor"},{"type":"single","resource":"item/leather_horse_armor_overlay"},{"type":"single","resource":"b010ecbc-614c-41d2-baaa-cfdb7227d49f:b94a07af-17ee-41d9-8a59-d0dcae769055"},{"type":"single","resource":"b010ecbc-614c-41d2-baaa-cfdb7227d49f:e30fa197-25a3-4e08-a473-0b3a7af780af"},{"type":"single","resource":"b010ecbc-614c-41d2-baaa-cfdb7227d49f:5fa1ac8d-023b-48e7-af26-6595b453ab93"},{"type":"single","resource":"b010ecbc-614c-41d2-baaa-cfdb7227d49f:0ef7a774-050f-44e1-bf53-48ff2db064a9"},{"type":"single","resource":"b010ecbc-614c-41d2-baaa-cfdb7227d49f:a3d90487-4008-4bb3-be2d-837e4c1510d2"},{"type":"single","resource":"b010ecbc-614c-41d2-baaa-cfdb7227d49f:2c6a835d-25fd-416e-9db0-7dd32b45ddc0"},{"type":"single","resource":"b010ecbc-614c-41d2-baaa-cfdb7227d49f:0adba765-c5d2-430f-b2d5-a060f8038f00"},{"type":"single","resource":"b010ecbc-614c-41d2-baaa-cfdb7227d49f:06c80f78-23c5-4ccb-9b42-e24edc937312"},{"type":"single","resource":"b010ecbc-614c-41d2-baaa-cfdb7227d49f:17fd63b2-faf3-4fae-b24d-e0b4da185781"},{"type":"single","resource":"b010ecbc-614c-41d2-baaa-cfdb7227d49f:2d019569-e116-4d48-a786-f7926f7217cf"},{"type":"single","resource":"b010ecbc-614c-41d2-baaa-cfdb7227d49f:65030264-a85a-4384-a608-5c6890657331"},{"type":"single","resource":"b010ecbc-614c-41d2-baaa-cfdb7227d49f:13a58092-e3f7-4fc1-8493-9b871a915698"},{"type":"single","resource":"b010ecbc-614c-41d2-baaa-cfdb7227d49f:974729a8-1e22-4409-9911-2643d0cf575b"},{"type":"single","resource":"b010ecbc-614c-41d2-baaa-cfdb7227d49f:5f914365-c493-4c2d-8b15-3bb3266ed88b"},{"type":"single","resource":"b010ecbc-614c-41d2-baaa-cfdb7227d49f:850ea650-c0a6-447d-94df-6d46c36c2d7d"},{"type":"single","resource":"b010ecbc-614c-41d2-baaa-cfdb7227d49f:17576f2e-d9a5-4479-9aa5-654618f5dcf5"},{"type":"single","resource":"b010ecbc-614c-41d2-baaa-cfdb7227d49f:596e8e65-3f59-452f-b6c1-159c882498b5"},{"type":"single","resource":"b010ecbc-614c-41d2-baaa-cfdb7227d49f:3390d3cf-3d7a-4528-8e6b-ea212ec9be21"},{"type":"single","resource":"b010ecbc-614c-41d2-baaa-cfdb7227d49f:fbee2aec-4bd2-433b-9c7a-43bde6314ff5"},{"type":"single","resource":"b010ecbc-614c-41d2-baaa-cfdb7227d49f:844710b4-f8bd-4725-ba75-0cbe9efc874a"},{"type":"single","resource":"b010ecbc-614c-41d2-baaa-cfdb7227d49f:d3262cc3-a1e6-48c5-820e-b65887cf282d"},{"type":"single","resource":"b010ecbc-614c-41d2-baaa-cfdb7227d49f:c43bcd59-508f-454f-842d-2f7b88d155b8"},{"type":"single","resource":"b010ecbc-614c-41d2-baaa-cfdb7227d49f:8a41a385-064b-493c-9c3e-e769c5929834"},{"type":"single","resource":"b010ecbc-614c-41d2-baaa-cfdb7227d49f:0b92fe74-a48e-42ea-8ce0-06582a7cb16d"},{"type":"single","resource":"b010ecbc-614c-41d2-baaa-cfdb7227d49f:07c05a8b-4cd8-4d7d-806f-090c1277725c"},{"type":"single","resource":"b010ecbc-614c-41d2-baaa-cfdb7227d49f:e9bb26a8-1eac-4b57-b075-6a8379639782"},{"type":"single","resource":"b010ecbc-614c-41d2-baaa-cfdb7227d49f:0f1bba0a-4c51-468a-b2df-f90ea9980c6a"},{"type":"single","resource":"b010ecbc-614c-41d2-baaa-cfdb7227d49f:87fd6cec-2b8d-4b85-a3e8-02b0edb5d3e6"},{"type":"single","resource":"b010ecbc-614c-41d2-baaa-cfdb7227d49f:f4f2ce07-a2fe-4ad1-be64-aad85865d933"},{"type":"single","resource":"b010ecbc-614c-41d2-baaa-cfdb7227d49f:5692b744-9358-4d72-a5fd-76de66fc87ec"},{"type":"single","resource":"b010ecbc-614c-41d2-baaa-cfdb7227d49f:406fe3e1-dc23-4d02-92d9-afdfc77186a9"},{"type":"single","resource":"item/paper"},{"type":"single","resource":"970bdfee-e781-4bc9-9116-c27c0c85c46b:505c18a2-e0a2-4dc5-a7ab-7af498278203"},{"type":"single","resource":"970bdfee-e781-4bc9-9116-c27c0c85c46b:ba4a03ae-cce2-46bc-8ed2-1054ebbfc85a"},{"type":"single","resource":"970bdfee-e781-4bc9-9116-c27c0c85c46b:7ad406f0-4b5d-441f-80e2-5464912565f1"},{"type":"single","resource":"970bdfee-e781-4bc9-9116-c27c0c85c46b:d59c4001-38e0-4c3c-befb-dbdb0415ec35"},{"type":"single","resource":"970bdfee-e781-4bc9-9116-c27c0c85c46b:cad27814-f147-4a81-8c5e-685369a2d44e"},{"type":"single","resource":"970bdfee-e781-4bc9-9116-c27c0c85c46b:36fc740b-59db-4e35-997f-724d2736536d"},{"type":"single","resource":"970bdfee-e781-4bc9-9116-c27c0c85c46b:446ac6ef-7990-4b53-b2e2-8806a0f7ebf6"}]}