{"sources":[{"type":"single","resource":"block/black_concrete"},{"type":"single","resource":"block/black_concrete"},{"type":"single","resource":"block/black_wool"},{"type":"single","resource":"block/black_wool"},{"type":"single","resource":"block/black_wool"},{"type":"single","resource":"block/black_wool"},{"type":"single","resource":"block/cobblestone"},{"type":"single","resource":"block/cobblestone"},{"type":"single","resource":"block/dark_oak_planks"},{"type":"single","resource":"block/mossy_cobblestone"},{"type":"single","resource":"block/mossy_cobblestone"},{"type":"single","resource":"block/white_concrete"},{"type":"single","resource":"block/white_concrete"},{"type":"single","resource":"block/white_concrete"},{"type":"single","resource":"block/white_concrete"},{"type":"single","resource":"e876166f-642b-4d80-b252-e0fa45e6698a:4c45aed4-ca21-4cc5-9447-a3f8f799d56b"},{"type":"single","resource":"e876166f-642b-4d80-b252-e0fa45e6698a:4c45aed4-ca21-4cc5-9447-a3f8f799d56b"},{"type":"single","resource":"e876166f-642b-4d80-b252-e0fa45e6698a:c7f82de9-1cf5-43e1-970d-00fd540e0e72"},{"type":"single","resource":"e876166f-642b-4d80-b252-e0fa45e6698a:c7f82de9-1cf5-43e1-970d-00fd540e0e72"},{"type":"single","resource":"e876166f-642b-4d80-b252-e0fa45e6698a:04b93ab9-0ffd-4728-8c57-09d2bec3d6c9"},{"type":"single","resource":"e876166f-642b-4d80-b252-e0fa45e6698a:04b93ab9-0ffd-4728-8c57-09d2bec3d6c9"},{"type":"single","resource":"e876166f-642b-4d80-b252-e0fa45e6698a:9f5d2116-0a3b-4733-9113-31679c954382"},{"type":"single","resource":"e876166f-642b-4d80-b252-e0fa45e6698a:9f5d2116-0a3b-4733-9113-31679c954382"},{"type":"single","resource":"e876166f-642b-4d80-b252-e0fa45e6698a:c6efc923-2820-4611-9a65-e215d14cafb6"},{"type":"single","resource":"e876166f-642b-4d80-b252-e0fa45e6698a:c6efc923-2820-4611-9a65-e215d14cafb6"},{"type":"single","resource":"e876166f-642b-4d80-b252-e0fa45e6698a:2cc1bafd-befe-4b9f-bf16-6e5cfb95cc86"},{"type":"single","resource":"e876166f-642b-4d80-b252-e0fa45e6698a:2cc1bafd-befe-4b9f-bf16-6e5cfb95cc86"},{"type":"single","resource":"e876166f-642b-4d80-b252-e0fa45e6698a:d0263128-2b38-424f-942f-d35874f34620"},{"type":"single","resource":"e876166f-642b-4d80-b252-e0fa45e6698a:0e64f1cd-c5ec-44a6-afb0-b46ecab37340"},{"type":"single","resource":"e876166f-642b-4d80-b252-e0fa45e6698a:bc297724-22bc-4d2e-bb99-e266ee1f2175"},{"type":"single","resource":"e876166f-642b-4d80-b252-e0fa45e6698a:778423b4-204d-45f1-acc8-6b5339d4fb59"},{"type":"single","resource":"e876166f-642b-4d80-b252-e0fa45e6698a:3ac049ad-0170-451d-87e7-6bbd756d0730"},{"type":"single","resource":"e876166f-642b-4d80-b252-e0fa45e6698a:10ef185e-90de-4237-a4fe-822218aa8df2"},{"type":"single","resource":"e876166f-642b-4d80-b252-e0fa45e6698a:ddab25f1-1241-4735-8248-6272e6086c08"},{"type":"single","resource":"e876166f-642b-4d80-b252-e0fa45e6698a:ddab25f1-1241-4735-8248-6272e6086c08"},{"type":"single","resource":"e876166f-642b-4d80-b252-e0fa45e6698a:a8620e02-dce2-42dd-b197-79df07a715ae"},{"type":"single","resource":"e876166f-642b-4d80-b252-e0fa45e6698a:9e4d781a-e998-4652-858e-b8c15a957462"},{"type":"single","resource":"e876166f-642b-4d80-b252-e0fa45e6698a:9e4d781a-e998-4652-858e-b8c15a957462"},{"type":"single","resource":"e876166f-642b-4d80-b252-e0fa45e6698a:82b2208c-f115-4822-9e9d-13a737f621e3"},{"type":"single","resource":"e876166f-642b-4d80-b252-e0fa45e6698a:7d1e79f3-6d82-41e6-9e6c-9de5fe90997e"},{"type":"single","resource":"e876166f-642b-4d80-b252-e0fa45e6698a:6eb7410f-a8ee-4b06-ac85-2c3e859bbc3d"},{"type":"single","resource":"e876166f-642b-4d80-b252-e0fa45e6698a:7739ecaf-0a89-4ba4-bdde-38be7222cd4d"},{"type":"single","resource":"e876166f-642b-4d80-b252-e0fa45e6698a:7739ecaf-0a89-4ba4-bdde-38be7222cd4d"},{"type":"single","resource":"e876166f-642b-4d80-b252-e0fa45e6698a:a1ede9c7-2af8-497a-99a1-0655d51a380b"},{"type":"single","resource":"e876166f-642b-4d80-b252-e0fa45e6698a:a1ede9c7-2af8-497a-99a1-0655d51a380b"},{"type":"single","resource":"e876166f-642b-4d80-b252-e0fa45e6698a:17b91b4e-d8e0-4e79-9441-f0cfce49f3de"},{"type":"single","resource":"e876166f-642b-4d80-b252-e0fa45e6698a:e6305b8c-f413-4e77-a999-349ecce87722"},{"type":"single","resource":"e876166f-642b-4d80-b252-e0fa45e6698a:e0d55b87-af14-4647-8647-8f608f1556cb"},{"type":"single","resource":"e876166f-642b-4d80-b252-e0fa45e6698a:d070de6e-d199-4df8-adea-73ffd0ac93c8"},{"type":"single","resource":"e876166f-642b-4d80-b252-e0fa45e6698a:e1b98621-72ae-4f9a-ab51-a1592f4f4144"},{"type":"single","resource":"e876166f-642b-4d80-b252-e0fa45e6698a:56d8bdf4-fd2f-4c45-b451-0af5d62d795f"},{"type":"single","resource":"e876166f-642b-4d80-b252-e0fa45e6698a:45e9051f-6be9-4a97-8443-6acb69ed455c"},{"type":"single","resource":"e876166f-642b-4d80-b252-e0fa45e6698a:3229fcb2-b8ad-4c3c-85f6-ca31dbc34a46"},{"type":"single","resource":"e876166f-642b-4d80-b252-e0fa45e6698a:0959f6fb-418b-4950-a199-a7e8cee44a9f"},{"type":"single","resource":"e876166f-642b-4d80-b252-e0fa45e6698a:2d797179-2be9-4928-9e17-590e65f8bac3"},{"type":"single","resource":"e876166f-642b-4d80-b252-e0fa45e6698a:fedb6dd9-b1cd-44bd-b3b3-3492b6f5ecbb"},{"type":"single","resource":"e876166f-642b-4d80-b252-e0fa45e6698a:49d0313d-928b-443e-8ab5-28cccefc2072"},{"type":"single","resource":"e876166f-642b-4d80-b252-e0fa45e6698a:53745049-0910-4d14-9e75-8e1e3aebcebf"},{"type":"single","resource":"e876166f-642b-4d80-b252-e0fa45e6698a:b7a2e266-1907-4015-9bc5-2e910e1c3342"},{"type":"single","resource":"e876166f-642b-4d80-b252-e0fa45e6698a:9da933c9-db8e-4655-acfc-c20852921183"},{"type":"single","resource":"e876166f-642b-4d80-b252-e0fa45e6698a:aa7f1db7-253d-4feb-a49d-bd6b0471e799"},{"type":"single","resource":"e876166f-642b-4d80-b252-e0fa45e6698a:5a654f1b-36de-4527-8ec6-4b8aee42abc6"},{"type":"single","resource":"e876166f-642b-4d80-b252-e0fa45e6698a:87f9370c-e213-41e3-bba7-7c976d35a622"},{"type":"single","resource":"e876166f-642b-4d80-b252-e0fa45e6698a:7deca21c-2f65-4fc4-aa20-c3ca54cf21e3"},{"type":"single","resource":"e876166f-642b-4d80-b252-e0fa45e6698a:5f9ee36b-7d91-47c3-b197-7efc1078607a"},{"type":"single","resource":"e876166f-642b-4d80-b252-e0fa45e6698a:80fc5439-9620-4df7-91e5-d1773fde7a51"},{"type":"single","resource":"e876166f-642b-4d80-b252-e0fa45e6698a:1c6a65ee-f1d8-4db4-960b-ab333c47719f"},{"type":"single","resource":"e876166f-642b-4d80-b252-e0fa45e6698a:ba5c550c-def2-42de-ab9a-94ddcd827aaf"},{"type":"single","resource":"b1e23223-ecf1-41b6-abd2-9f7709d3501b:142b6e39-4dc2-4d1f-bca1-285ff07f97bf"},{"type":"single","resource":"item/chainmail_boots"},{"type":"single","resource":"item/chainmail_chestplate"},{"type":"single","resource":"item/chainmail_helmet"},{"type":"single","resource":"item/chainmail_leggings"},{"type":"single","resource":"b1e23223-ecf1-41b6-abd2-9f7709d3501b:e7ded3d7-c31e-44aa-bdc3-9875cd3b7d73"},{"type":"single","resource":"e876166f-642b-4d80-b252-e0fa45e6698a:eea8f861-52d5-49b2-adfd-13d8d79968b3"},{"type":"single","resource":"b1e23223-ecf1-41b6-abd2-9f7709d3501b:a5a98b8d-d163-4c5a-bf80-323771b55d5c"},{"type":"single","resource":"b1e23223-ecf1-41b6-abd2-9f7709d3501b:49a9412e-8a15-40cf-a788-dfa2bd76282f"},{"type":"single","resource":"b1e23223-ecf1-41b6-abd2-9f7709d3501b:a6a0dba0-8d93-4250-9320-38921b98dc6b"},{"type":"single","resource":"e876166f-642b-4d80-b252-e0fa45e6698a:09331cd9-1a7b-437f-b3fd-d89b67df00c3"},{"type":"single","resource":"b1e23223-ecf1-41b6-abd2-9f7709d3501b:8114ad14-1e3a-4a81-be2f-6b43a40b6143"},{"type":"single","resource":"e876166f-642b-4d80-b252-e0fa45e6698a:0dc3800f-204b-4bf6-9203-ade68bfafef6"},{"type":"single","resource":"e876166f-642b-4d80-b252-e0fa45e6698a:a0793cd5-f8f1-4981-8d28-ea30af67968f"},{"type":"single","resource":"e876166f-642b-4d80-b252-e0fa45e6698a:0f8604d9-6ab4-4f82-a07f-cd046f4619b2"},{"type":"single","resource":"e876166f-642b-4d80-b252-e0fa45e6698a:42e991d5-962f-4fbf-83d2-486730b8589c"},{"type":"single","resource":"e876166f-642b-4d80-b252-e0fa45e6698a:63ccafff-2198-4eff-a6c4-e4339d437c0c"},{"type":"single","resource":"e876166f-642b-4d80-b252-e0fa45e6698a:1c3f6989-f7b8-456a-9da6-41eda92b6b92"},{"type":"single","resource":"e876166f-642b-4d80-b252-e0fa45e6698a:292c40c6-d128-4212-bd09-49f97e5b8c1f"},{"type":"single","resource":"e876166f-642b-4d80-b252-e0fa45e6698a:3ed86c2a-ca8d-4188-a8ed-17d35baa7971"},{"type":"single","resource":"e876166f-642b-4d80-b252-e0fa45e6698a:ab1bf4e9-e975-421f-b92b-6a0f48f69800"},{"type":"single","resource":"e876166f-642b-4d80-b252-e0fa45e6698a:43803416-1ac4-4855-9ab7-b90d0f625f16"},{"type":"single","resource":"e876166f-642b-4d80-b252-e0fa45e6698a:f6516bf5-311e-4b33-a1ee-7e064027362a"},{"type":"single","resource":"e876166f-642b-4d80-b252-e0fa45e6698a:311c84a7-34ac-406f-9602-d1137e4b8b31"},{"type":"single","resource":"e876166f-642b-4d80-b252-e0fa45e6698a:443aaa4c-c6c2-4441-90f1-f709daf6c00a"},{"type":"single","resource":"e876166f-642b-4d80-b252-e0fa45e6698a:f09c9fe0-e644-4a5e-8c52-aad70bb5bbea"},{"type":"single","resource":"e876166f-642b-4d80-b252-e0fa45e6698a:2cc13a07-bee0-4c01-ac10-7ba2913d60be"},{"type":"single","resource":"e876166f-642b-4d80-b252-e0fa45e6698a:894f7b02-65d3-49d7-b36d-b9fd22288784"},{"type":"single","resource":"e876166f-642b-4d80-b252-e0fa45e6698a:2bc876d7-dd4b-4bab-a1d4-cfa894e7d787"},{"type":"single","resource":"e876166f-642b-4d80-b252-e0fa45e6698a:d240f508-a535-4b2d-9a4f-fb7b508e4eca"},{"type":"single","resource":"e876166f-642b-4d80-b252-e0fa45e6698a:d240f508-a535-4b2d-9a4f-fb7b508e4eca"},{"type":"single","resource":"e876166f-642b-4d80-b252-e0fa45e6698a:0f104747-ffd0-4776-a632-b204d6c4839c"},{"type":"single","resource":"e876166f-642b-4d80-b252-e0fa45e6698a:4fe4b76d-bae1-47a4-84a5-e14d88d2dfc8"},{"type":"single","resource":"e876166f-642b-4d80-b252-e0fa45e6698a:87d3eeb8-140d-4cb3-bdd8-c16dd00efd33"},{"type":"single","resource":"e876166f-642b-4d80-b252-e0fa45e6698a:869d4c19-af3c-41a7-8584-78148fa92a44"},{"type":"single","resource":"e876166f-642b-4d80-b252-e0fa45e6698a:aecf792c-77fb-48f7-9da7-5e1ecf4c4fdb"},{"type":"single","resource":"e876166f-642b-4d80-b252-e0fa45e6698a:062f6bd9-d2c7-46f8-8f2c-eb1d833d3175"},{"type":"single","resource":"e876166f-642b-4d80-b252-e0fa45e6698a:2350f36c-913a-4baf-babe-18df84685df9"},{"type":"single","resource":"e876166f-642b-4d80-b252-e0fa45e6698a:e47b71d5-1533-4a89-bcf8-39b597943655"},{"type":"single","resource":"e876166f-642b-4d80-b252-e0fa45e6698a:f081985f-f6bc-4a91-a370-9ba95ee4edd7"},{"type":"single","resource":"e876166f-642b-4d80-b252-e0fa45e6698a:21255ab0-c711-4857-91f2-2be4cdd5db1f"},{"type":"single","resource":"e876166f-642b-4d80-b252-e0fa45e6698a:c308f2dd-131e-44bd-9d9c-3020d25856e3"},{"type":"single","resource":"e876166f-642b-4d80-b252-e0fa45e6698a:8baea043-21d7-49a4-a1ee-e3a0468402ec"},{"type":"single","resource":"e876166f-642b-4d80-b252-e0fa45e6698a:2025495b-b35f-4e05-977b-46b4ae884de5"},{"type":"single","resource":"e876166f-642b-4d80-b252-e0fa45e6698a:74f17d33-3a56-43a6-8e28-5ad42f9c432a"},{"type":"single","resource":"e876166f-642b-4d80-b252-e0fa45e6698a:7f46aa88-c500-403c-8f81-06addd903473"},{"type":"single","resource":"e876166f-642b-4d80-b252-e0fa45e6698a:7d35c5e1-9f1a-4e2d-8579-02515953eb20"},{"type":"single","resource":"e876166f-642b-4d80-b252-e0fa45e6698a:1c52dfe7-b1b0-4eb4-bb73-8eb79da67390"},{"type":"single","resource":"e876166f-642b-4d80-b252-e0fa45e6698a:a47e939d-9154-4a29-8686-ff379bad4140"},{"type":"single","resource":"e876166f-642b-4d80-b252-e0fa45e6698a:050a92e2-d48f-4cde-bdc2-c83fc0cb648d"},{"type":"single","resource":"e876166f-642b-4d80-b252-e0fa45e6698a:f70d8240-8697-411f-a4d4-12a498c6874c"},{"type":"single","resource":"e876166f-642b-4d80-b252-e0fa45e6698a:dd5137b9-adc7-4f86-8245-df0f53e29048"},{"type":"single","resource":"e876166f-642b-4d80-b252-e0fa45e6698a:df5680a9-2ca2-406b-89b4-c72b38e8f858"},{"type":"single","resource":"e876166f-642b-4d80-b252-e0fa45e6698a:631f0370-1a6d-4407-8079-d88c8a4bb89b"},{"type":"single","resource":"e876166f-642b-4d80-b252-e0fa45e6698a:6e1bf1c7-97fc-4a7f-93ac-c01eaad14eed"},{"type":"single","resource":"e876166f-642b-4d80-b252-e0fa45e6698a:e2207cdd-d513-40dd-ba94-aa44a92fadd6"},{"type":"single","resource":"e876166f-642b-4d80-b252-e0fa45e6698a:ed460400-c785-4f62-91f2-a9df47e6e3c9"},{"type":"single","resource":"e876166f-642b-4d80-b252-e0fa45e6698a:c286bcee-d1c6-428c-bff6-5490bd84a235"},{"type":"single","resource":"e876166f-642b-4d80-b252-e0fa45e6698a:c463c288-12fb-499f-b8fc-7d92c05f822e"},{"type":"single","resource":"e876166f-642b-4d80-b252-e0fa45e6698a:6278b50c-5912-4617-ad20-37e45b9b54cb"},{"type":"single","resource":"e876166f-642b-4d80-b252-e0fa45e6698a:3316817a-119d-4791-b4a1-e16d09378675"},{"type":"single","resource":"e876166f-642b-4d80-b252-e0fa45e6698a:c9a59144-c4b3-4bfc-8c7f-4b30467b0bf9"},{"type":"single","resource":"e876166f-642b-4d80-b252-e0fa45e6698a:3b8b075a-3e66-4b5f-9892-b5548bd36661"},{"type":"single","resource":"e876166f-642b-4d80-b252-e0fa45e6698a:b9bd4084-5c6d-4128-866e-1a7eaf600b32"},{"type":"single","resource":"e876166f-642b-4d80-b252-e0fa45e6698a:b9f410e3-bf39-45ac-851a-b0cfa5c48c33"},{"type":"single","resource":"e876166f-642b-4d80-b252-e0fa45e6698a:ced1cf28-377f-4358-91fc-bc1be36ac183"},{"type":"single","resource":"e876166f-642b-4d80-b252-e0fa45e6698a:9476d9ef-3797-4939-807d-d53c56c9d6ba"},{"type":"single","resource":"e876166f-642b-4d80-b252-e0fa45e6698a:bdfbd27b-1034-4443-bf1e-902276b7f81a"},{"type":"single","resource":"e876166f-642b-4d80-b252-e0fa45e6698a:52a4de92-0d4d-4e3d-be36-12d18ea85ad8"},{"type":"single","resource":"e876166f-642b-4d80-b252-e0fa45e6698a:52d38c57-7c9f-4d6e-a540-9289d0309df9"},{"type":"single","resource":"e876166f-642b-4d80-b252-e0fa45e6698a:cc83439f-5ac1-49dc-96c3-e47354ca6ffc"},{"type":"single","resource":"e876166f-642b-4d80-b252-e0fa45e6698a:6908fcff-1132-4b37-af46-f2413940d974"},{"type":"single","resource":"e876166f-642b-4d80-b252-e0fa45e6698a:4e50b5da-4cd0-4b44-a21b-9fde48d5f59d"},{"type":"single","resource":"e876166f-642b-4d80-b252-e0fa45e6698a:a09827e8-8663-4800-938d-27353ad711d1"},{"type":"single","resource":"e876166f-642b-4d80-b252-e0fa45e6698a:879eb8ee-4a84-439b-888c-40c85c753a77"},{"type":"single","resource":"e876166f-642b-4d80-b252-e0fa45e6698a:c675a15d-994e-4646-a3f6-fbe188284652"},{"type":"single","resource":"e876166f-642b-4d80-b252-e0fa45e6698a:d6363530-b26c-43cb-924d-18d70b516551"},{"type":"single","resource":"e876166f-642b-4d80-b252-e0fa45e6698a:073e81ee-65e5-4d10-af25-b0f1ab7207c0"},{"type":"single","resource":"e876166f-642b-4d80-b252-e0fa45e6698a:20198ab5-fa8b-4a04-ae31-749b8e56b34c"},{"type":"single","resource":"e876166f-642b-4d80-b252-e0fa45e6698a:b3427c7b-2cb0-41f6-be61-487456e4ef94"},{"type":"single","resource":"e876166f-642b-4d80-b252-e0fa45e6698a:62b9fd80-946f-404a-87bb-2e9968c09581"},{"type":"single","resource":"e876166f-642b-4d80-b252-e0fa45e6698a:cb388fb3-a19c-4be8-b76d-40f1aa845712"},{"type":"single","resource":"e876166f-642b-4d80-b252-e0fa45e6698a:16c1679c-d569-4723-b880-cf9157c32953"},{"type":"single","resource":"e876166f-642b-4d80-b252-e0fa45e6698a:c950d512-1c8b-4140-9255-7713c15c2338"},{"type":"single","resource":"e876166f-642b-4d80-b252-e0fa45e6698a:cf69978f-7d64-4b7c-ae77-3cc7cb953b85"},{"type":"single","resource":"e876166f-642b-4d80-b252-e0fa45e6698a:7d6caa5e-0261-433a-aad9-dacb675ab487"},{"type":"single","resource":"e876166f-642b-4d80-b252-e0fa45e6698a:6b927a8e-1a6f-413c-9a46-c1ba79d075d3"},{"type":"single","resource":"e876166f-642b-4d80-b252-e0fa45e6698a:3ffd558f-4c12-4e72-8558-e388ae73535a"},{"type":"single","resource":"e876166f-642b-4d80-b252-e0fa45e6698a:b4e35f1c-15e7-4506-99d5-a0e6bbc90e42"},{"type":"single","resource":"e876166f-642b-4d80-b252-e0fa45e6698a:a2025649-ed2a-4403-a666-83a277123033"},{"type":"single","resource":"e876166f-642b-4d80-b252-e0fa45e6698a:1812fc05-83cf-4ea1-a3f6-85a08f4833a8"},{"type":"single","resource":"e876166f-642b-4d80-b252-e0fa45e6698a:87cbac06-e0f2-4029-85aa-8382a9915eef"},{"type":"single","resource":"e876166f-642b-4d80-b252-e0fa45e6698a:522b7fcf-1063-4037-bc05-ea96323c92f6"},{"type":"single","resource":"e876166f-642b-4d80-b252-e0fa45e6698a:305ce976-339d-4e9f-9bea-6afa53437b3c"},{"type":"single","resource":"e876166f-642b-4d80-b252-e0fa45e6698a:2ee00a31-9a01-4e1b-a0c9-8c4d91d8a91f"},{"type":"single","resource":"e876166f-642b-4d80-b252-e0fa45e6698a:c7bf5530-23fb-422d-a17b-36e7abc5cf95"},{"type":"single","resource":"e876166f-642b-4d80-b252-e0fa45e6698a:0cb9547c-f82a-4c03-b573-4911648a49bb"},{"type":"single","resource":"e876166f-642b-4d80-b252-e0fa45e6698a:cdfdee2c-ff51-48fb-89e1-c9dd82d98056"},{"type":"single","resource":"e876166f-642b-4d80-b252-e0fa45e6698a:38aca86e-aacf-432c-ad9c-bc66346f2ef6"},{"type":"single","resource":"e876166f-642b-4d80-b252-e0fa45e6698a:52a290fe-9593-427a-b564-bcd3793943a5"},{"type":"single","resource":"e876166f-642b-4d80-b252-e0fa45e6698a:d25b6333-4ca4-49b3-8aa3-81ea975a2e16"},{"type":"single","resource":"e876166f-642b-4d80-b252-e0fa45e6698a:a84fd0db-7ea7-4059-904e-a179042c9569"},{"type":"single","resource":"e876166f-642b-4d80-b252-e0fa45e6698a:7f236b07-1175-4427-bfa9-a03b960a0af8"},{"type":"single","resource":"e876166f-642b-4d80-b252-e0fa45e6698a:d63cb488-cfa7-4223-8498-f3b2e4a98f5f"},{"type":"single","resource":"e876166f-642b-4d80-b252-e0fa45e6698a:1beb9adb-67cc-4934-8217-16b3959acbe2"},{"type":"single","resource":"e876166f-642b-4d80-b252-e0fa45e6698a:4896a98b-bda4-45b1-863e-ee7f1c28bbd3"},{"type":"single","resource":"e876166f-642b-4d80-b252-e0fa45e6698a:654d3b37-8555-4c38-a8b8-7d6e3604868b"},{"type":"single","resource":"e876166f-642b-4d80-b252-e0fa45e6698a:2d1a9525-cf79-4b89-833e-1b2859905017"},{"type":"single","resource":"e876166f-642b-4d80-b252-e0fa45e6698a:fbe67e40-de58-4e1c-ad6e-004a49fb7850"},{"type":"single","resource":"e876166f-642b-4d80-b252-e0fa45e6698a:ae17ad72-bd47-4320-92ab-5b8cc545f61c"},{"type":"single","resource":"e876166f-642b-4d80-b252-e0fa45e6698a:758c7aa3-0a9a-458e-a7ed-86b6ce196663"},{"type":"single","resource":"e876166f-642b-4d80-b252-e0fa45e6698a:b5f05883-b602-4f2c-8120-6d12e65c031c"},{"type":"single","resource":"e876166f-642b-4d80-b252-e0fa45e6698a:eafa63f7-b062-4593-aa48-889639c30e4a"},{"type":"single","resource":"e876166f-642b-4d80-b252-e0fa45e6698a:387bbce9-5c06-4858-bdd3-474f88f30cd6"},{"type":"single","resource":"e876166f-642b-4d80-b252-e0fa45e6698a:64921133-7b59-4ac1-9788-8ec23e2e9afc"},{"type":"single","resource":"e876166f-642b-4d80-b252-e0fa45e6698a:075af03b-1953-465c-8c10-1574a1d07f0f"},{"type":"single","resource":"e876166f-642b-4d80-b252-e0fa45e6698a:51d38eae-d6fc-45d3-9678-eedcfbf46b2e"},{"type":"single","resource":"e876166f-642b-4d80-b252-e0fa45e6698a:dabf6249-a6a7-45da-b964-8769aba626a7"},{"type":"single","resource":"e876166f-642b-4d80-b252-e0fa45e6698a:fe32f235-d0aa-47d5-80af-e231fc4b8acc"},{"type":"single","resource":"e876166f-642b-4d80-b252-e0fa45e6698a:9c764412-b60d-483d-9cee-4ea02fe0de77"},{"type":"single","resource":"e876166f-642b-4d80-b252-e0fa45e6698a:fe831ab2-76aa-4057-9772-b24d0087f692"},{"type":"single","resource":"e876166f-642b-4d80-b252-e0fa45e6698a:c1a8be08-db2a-4c50-a728-cca7854cab4c"},{"type":"single","resource":"e876166f-642b-4d80-b252-e0fa45e6698a:fd5611bd-60a0-4c69-b0ab-243baf1aa1fe"},{"type":"single","resource":"e876166f-642b-4d80-b252-e0fa45e6698a:c3d6730d-704d-4743-bed5-3788f5fca07f"},{"type":"single","resource":"e876166f-642b-4d80-b252-e0fa45e6698a:cb9b606f-9b05-439d-8d8d-68c3eefaff7f"},{"type":"single","resource":"e876166f-642b-4d80-b252-e0fa45e6698a:ade3ec72-c99f-4798-9f8f-76e0b6d52b8f"},{"type":"single","resource":"e876166f-642b-4d80-b252-e0fa45e6698a:dfa4ddfb-98b2-44da-a34b-a89a403b9df4"},{"type":"single","resource":"e876166f-642b-4d80-b252-e0fa45e6698a:37438765-1878-4972-8b07-9db490312322"},{"type":"single","resource":"e876166f-642b-4d80-b252-e0fa45e6698a:4ea6e674-6856-4292-a263-2569801dc6ce"},{"type":"single","resource":"e876166f-642b-4d80-b252-e0fa45e6698a:1f7cfff9-0376-4bf7-acd8-74126fa99f17"},{"type":"single","resource":"e876166f-642b-4d80-b252-e0fa45e6698a:bf91f20b-cec1-4521-aa02-9a94ec23576e"},{"type":"single","resource":"e876166f-642b-4d80-b252-e0fa45e6698a:bb44e88a-4a98-415e-8af5-bb3bf9b0ffe8"},{"type":"single","resource":"b1e23223-ecf1-41b6-abd2-9f7709d3501b:82829f07-452e-485f-84ba-612c64465c45"},{"type":"single","resource":"b1e23223-ecf1-41b6-abd2-9f7709d3501b:4744b669-6bf0-4efe-8e09-6ffe5a3f86f1"},{"type":"single","resource":"b1e23223-ecf1-41b6-abd2-9f7709d3501b:c2a12ad2-c935-48c6-bee1-4ba3b744ce7b"},{"type":"single","resource":"item/leather_horse_armor"},{"type":"single","resource":"b1e23223-ecf1-41b6-abd2-9f7709d3501b:10c33f56-9ab3-41e7-a319-cb90a98bec0a"},{"type":"single","resource":"e876166f-642b-4d80-b252-e0fa45e6698a:344084ae-ab31-412a-9166-3b8df68fa049"},{"type":"single","resource":"e876166f-642b-4d80-b252-e0fa45e6698a:cd4ade59-7626-41eb-9a43-468d3c1e9fc2"},{"type":"single","resource":"e876166f-642b-4d80-b252-e0fa45e6698a:e9a7a848-6672-4a3f-8738-542e0763750c"},{"type":"single","resource":"e876166f-642b-4d80-b252-e0fa45e6698a:b1c4fc75-88de-43d5-ae0c-1c250acb514f"},{"type":"single","resource":"e876166f-642b-4d80-b252-e0fa45e6698a:918dcdaf-02ee-4c6d-8ec4-aff9d3a08699"},{"type":"single","resource":"e876166f-642b-4d80-b252-e0fa45e6698a:4a95e322-b5e0-4716-b105-6c2aed18e49b"},{"type":"single","resource":"e876166f-642b-4d80-b252-e0fa45e6698a:bc860a58-f912-4de1-b95f-d24e2d36c8f9"},{"type":"single","resource":"e876166f-642b-4d80-b252-e0fa45e6698a:8fb37e4d-b06a-492b-b3d4-1d918f3de7c5"},{"type":"single","resource":"e876166f-642b-4d80-b252-e0fa45e6698a:c75892f4-66be-4b86-a82f-bb743ec1afee"},{"type":"single","resource":"e876166f-642b-4d80-b252-e0fa45e6698a:b97e4e5a-54d5-442b-8977-793af83f5df5"},{"type":"single","resource":"e876166f-642b-4d80-b252-e0fa45e6698a:5d37a97f-4f5c-4b05-82ed-168e06ceb102"},{"type":"single","resource":"e876166f-642b-4d80-b252-e0fa45e6698a:30e24af5-1b80-46c6-a544-e6c77109cc41"},{"type":"single","resource":"e876166f-642b-4d80-b252-e0fa45e6698a:4ed24ba3-5f78-4e57-8bf4-cea2d188e8d2"},{"type":"single","resource":"e876166f-642b-4d80-b252-e0fa45e6698a:d15afd57-f5a0-4ffd-aff3-330fb9ac7111"},{"type":"single","resource":"e876166f-642b-4d80-b252-e0fa45e6698a:e4276bd5-2624-439e-91f5-42cd0f98823a"},{"type":"single","resource":"e876166f-642b-4d80-b252-e0fa45e6698a:9db9c54d-6c04-416a-8fc7-9f040a3baee7"},{"type":"single","resource":"e876166f-642b-4d80-b252-e0fa45e6698a:4cec226c-2f91-4570-8541-d9d9b62a3ed7"},{"type":"single","resource":"e876166f-642b-4d80-b252-e0fa45e6698a:140c1af0-672d-494e-a569-31fa1ccaf8c8"},{"type":"single","resource":"e876166f-642b-4d80-b252-e0fa45e6698a:2efe34d5-4ae5-440c-b681-47ba73ed1356"},{"type":"single","resource":"e876166f-642b-4d80-b252-e0fa45e6698a:09f5a8d7-5995-4184-9b1e-903d5317e228"},{"type":"single","resource":"e876166f-642b-4d80-b252-e0fa45e6698a:64013fec-3384-4c7a-85e9-f8f7767631ae"},{"type":"single","resource":"e876166f-642b-4d80-b252-e0fa45e6698a:ef1a6c6c-fd4f-4db6-92e2-9d0b0c3ed2b8"},{"type":"single","resource":"e876166f-642b-4d80-b252-e0fa45e6698a:b78be4f2-6f98-406c-8b52-e1cb8f9286e0"},{"type":"single","resource":"e876166f-642b-4d80-b252-e0fa45e6698a:8df974a0-f4e4-4b1b-a188-a84c91227853"},{"type":"single","resource":"e876166f-642b-4d80-b252-e0fa45e6698a:63d7cd8a-df4a-471c-bbf2-7ef7a2b6802a"},{"type":"single","resource":"e876166f-642b-4d80-b252-e0fa45e6698a:6bb982d1-ee03-4e05-a29e-be2b1482234f"},{"type":"single","resource":"e876166f-642b-4d80-b252-e0fa45e6698a:dc83d80f-51d6-4d10-9b2a-c610d941b58a"},{"type":"single","resource":"e876166f-642b-4d80-b252-e0fa45e6698a:072f19c0-1d80-4436-b068-ef5cef28be16"},{"type":"single","resource":"e876166f-642b-4d80-b252-e0fa45e6698a:d9fe1d65-284b-4ec7-9a6e-5420b7bcf618"},{"type":"single","resource":"e876166f-642b-4d80-b252-e0fa45e6698a:e7c2961d-649a-4e57-be94-c14d7cd39ac8"},{"type":"single","resource":"e876166f-642b-4d80-b252-e0fa45e6698a:1b6aca4c-d511-40c7-a998-e361820299cd"},{"type":"single","resource":"e876166f-642b-4d80-b252-e0fa45e6698a:3801d19e-50e6-41ae-bd46-d785b8b75974"},{"type":"single","resource":"e876166f-642b-4d80-b252-e0fa45e6698a:995e5a6b-9118-49e8-8b71-07e41892fd51"},{"type":"single","resource":"e876166f-642b-4d80-b252-e0fa45e6698a:7e388646-91c5-45d4-aeda-b7137af8bd81"},{"type":"single","resource":"e876166f-642b-4d80-b252-e0fa45e6698a:3f1e0abc-d267-4019-91e6-f124ccde2441"},{"type":"single","resource":"e876166f-642b-4d80-b252-e0fa45e6698a:2ada3081-c9c6-4bcc-8384-c77ecc15a1da"},{"type":"single","resource":"e876166f-642b-4d80-b252-e0fa45e6698a:6eaaefee-82d9-4ca2-bf21-b2d115aadee2"},{"type":"single","resource":"e876166f-642b-4d80-b252-e0fa45e6698a:8ce8c83b-68b5-4acc-9318-774b3735171c"},{"type":"single","resource":"e876166f-642b-4d80-b252-e0fa45e6698a:1371c6b9-c0d5-4b74-ae2b-81b7cfaeadbd"},{"type":"single","resource":"e876166f-642b-4d80-b252-e0fa45e6698a:69a51ab5-ce57-4648-a680-d3a773f623b0"},{"type":"single","resource":"e876166f-642b-4d80-b252-e0fa45e6698a:449e8cf2-d039-4939-adb2-4d0baa1ae21e"},{"type":"single","resource":"e876166f-642b-4d80-b252-e0fa45e6698a:42fc90af-7262-4c6d-b8ca-cbc6e86aab57"},{"type":"single","resource":"b1e23223-ecf1-41b6-abd2-9f7709d3501b:aadb3c97-6b43-45cc-b1b2-5db208a45a6a"},{"type":"single","resource":"e876166f-642b-4d80-b252-e0fa45e6698a:b3a16cf8-b363-4250-872d-acf42623872a"},{"type":"single","resource":"e876166f-642b-4d80-b252-e0fa45e6698a:c4691e8e-8e19-40b9-a502-582a2061b891"},{"type":"single","resource":"e876166f-642b-4d80-b252-e0fa45e6698a:91c0e3dc-94c7-4ec7-ba88-373ea478968d"},{"type":"single","resource":"e876166f-642b-4d80-b252-e0fa45e6698a:bbd090e1-6980-4f72-a1a4-80d9392ea020"},{"type":"single","resource":"e876166f-642b-4d80-b252-e0fa45e6698a:9773cadf-74ad-4828-99e3-8ca762d086cc"},{"type":"single","resource":"e876166f-642b-4d80-b252-e0fa45e6698a:d6e0c663-26b7-456e-9803-3d88509da074"},{"type":"single","resource":"item/netherite_axe"},{"type":"single","resource":"item/netherite_hoe"},{"type":"single","resource":"item/netherite_pickaxe"},{"type":"single","resource":"item/netherite_shovel"},{"type":"single","resource":"b1e23223-ecf1-41b6-abd2-9f7709d3501b:b80ce386-4018-4327-bae6-e3d3640d00e5"},{"type":"single","resource":"item/netherite_sword"},{"type":"single","resource":"a54f2cd2-5011-4f69-9fcf-3c686c67132b:88d9f7e9-49b8-4079-9273-e541f4761552"},{"type":"single","resource":"a54f2cd2-5011-4f69-9fcf-3c686c67132b:88d9f7e9-49b8-4079-9273-e541f4761552"},{"type":"single","resource":"a54f2cd2-5011-4f69-9fcf-3c686c67132b:5716691f-542c-4726-9f2a-b6b395c9f591"},{"type":"single","resource":"a54f2cd2-5011-4f69-9fcf-3c686c67132b:5716691f-542c-4726-9f2a-b6b395c9f591"},{"type":"single","resource":"a54f2cd2-5011-4f69-9fcf-3c686c67132b:27a9d275-ea5b-491d-a39f-207ee0f6477f"},{"type":"single","resource":"a54f2cd2-5011-4f69-9fcf-3c686c67132b:d8c7c4b4-c48b-4161-bc65-3bf8abe45d1f"},{"type":"single","resource":"a54f2cd2-5011-4f69-9fcf-3c686c67132b:d8c7c4b4-c48b-4161-bc65-3bf8abe45d1f"},{"type":"single","resource":"a54f2cd2-5011-4f69-9fcf-3c686c67132b:3453a8f2-aea1-4faa-8803-dd9aa21cc05c"},{"type":"single","resource":"a54f2cd2-5011-4f69-9fcf-3c686c67132b:eea8bd4c-788a-4e50-adce-5c9e76a9b666"},{"type":"single","resource":"a54f2cd2-5011-4f69-9fcf-3c686c67132b:898f011b-1d7d-4ebc-a38e-480df821556b"},{"type":"single","resource":"a54f2cd2-5011-4f69-9fcf-3c686c67132b:826f2a29-89cb-44b8-bbf4-90d9077158d7"},{"type":"single","resource":"a54f2cd2-5011-4f69-9fcf-3c686c67132b:6c230fd4-77c0-4f59-aeee-0b4b936f500e"},{"type":"single","resource":"a54f2cd2-5011-4f69-9fcf-3c686c67132b:6c230fd4-77c0-4f59-aeee-0b4b936f500e"},{"type":"single","resource":"a54f2cd2-5011-4f69-9fcf-3c686c67132b:d03b1d8a-5180-45ec-a361-aed128a27f46"},{"type":"single","resource":"a54f2cd2-5011-4f69-9fcf-3c686c67132b:d03b1d8a-5180-45ec-a361-aed128a27f46"},{"type":"single","resource":"a54f2cd2-5011-4f69-9fcf-3c686c67132b:b1801cf9-12b2-45a8-aa7c-d165ee3cd3a8"},{"type":"single","resource":"a54f2cd2-5011-4f69-9fcf-3c686c67132b:09080b9b-1a94-4b65-b8ea-5492c4959065"},{"type":"single","resource":"a54f2cd2-5011-4f69-9fcf-3c686c67132b:6d8c6122-137b-473a-9430-2b087b7932d6"},{"type":"single","resource":"a54f2cd2-5011-4f69-9fcf-3c686c67132b:6d8c6122-137b-473a-9430-2b087b7932d6"},{"type":"single","resource":"a54f2cd2-5011-4f69-9fcf-3c686c67132b:2b0f6fb2-e323-49b3-a8d8-95b38b81244a"},{"type":"single","resource":"a54f2cd2-5011-4f69-9fcf-3c686c67132b:2b0f6fb2-e323-49b3-a8d8-95b38b81244a"},{"type":"single","resource":"a54f2cd2-5011-4f69-9fcf-3c686c67132b:2b0f6fb2-e323-49b3-a8d8-95b38b81244a"},{"type":"single","resource":"a54f2cd2-5011-4f69-9fcf-3c686c67132b:9b4ecd86-69fb-445b-9b2c-6bcd67cf3867"},{"type":"single","resource":"a54f2cd2-5011-4f69-9fcf-3c686c67132b:ab1c8d5a-ff8b-4452-a4b0-d6de4c7cdab3"},{"type":"single","resource":"a54f2cd2-5011-4f69-9fcf-3c686c67132b:b8ea67ad-1c41-41d3-a595-68c28d285715"},{"type":"single","resource":"a54f2cd2-5011-4f69-9fcf-3c686c67132b:0a9fdf03-129d-4ab7-8a20-ff14bbc57fd0"},{"type":"single","resource":"a54f2cd2-5011-4f69-9fcf-3c686c67132b:cb381088-4cbd-4aaa-8942-47059731e6d6"},{"type":"single","resource":"a54f2cd2-5011-4f69-9fcf-3c686c67132b:31cdcf79-cba7-4974-a0d5-4814fd9fea86"},{"type":"single","resource":"a54f2cd2-5011-4f69-9fcf-3c686c67132b:c868c7b4-bfcf-4de7-9c76-07d9a9147869"},{"type":"single","resource":"a54f2cd2-5011-4f69-9fcf-3c686c67132b:c868c7b4-bfcf-4de7-9c76-07d9a9147869"},{"type":"single","resource":"a54f2cd2-5011-4f69-9fcf-3c686c67132b:cc7ab265-aebc-4ed9-ada5-5ff9ed787688"},{"type":"single","resource":"a54f2cd2-5011-4f69-9fcf-3c686c67132b:93970a59-8b79-460a-93d4-5b9ed95c0c79"},{"type":"single","resource":"a54f2cd2-5011-4f69-9fcf-3c686c67132b:1e72ebc7-e1b9-47e7-84fe-bdddb88fef27"},{"type":"single","resource":"a54f2cd2-5011-4f69-9fcf-3c686c67132b:f539c285-415e-4548-8c9a-0aee1baaf464"},{"type":"single","resource":"a54f2cd2-5011-4f69-9fcf-3c686c67132b:f539c285-415e-4548-8c9a-0aee1baaf464"},{"type":"single","resource":"a54f2cd2-5011-4f69-9fcf-3c686c67132b:e924c89f-f486-4e98-adf0-fcbc9d5f9376"},{"type":"single","resource":"a54f2cd2-5011-4f69-9fcf-3c686c67132b:e924c89f-f486-4e98-adf0-fcbc9d5f9376"},{"type":"single","resource":"a54f2cd2-5011-4f69-9fcf-3c686c67132b:124be7a0-2f9c-44e2-a3f7-8ea4a8bd4c2c"},{"type":"single","resource":"a54f2cd2-5011-4f69-9fcf-3c686c67132b:124be7a0-2f9c-44e2-a3f7-8ea4a8bd4c2c"},{"type":"single","resource":"a54f2cd2-5011-4f69-9fcf-3c686c67132b:82e77980-ed98-492d-bd45-1ed4239da3c0"},{"type":"single","resource":"a54f2cd2-5011-4f69-9fcf-3c686c67132b:72883031-6863-43ae-91c7-4f078af258e5"},{"type":"single","resource":"a54f2cd2-5011-4f69-9fcf-3c686c67132b:df994f82-4d7f-4405-83c8-8434fc3380f5"},{"type":"single","resource":"a54f2cd2-5011-4f69-9fcf-3c686c67132b:df994f82-4d7f-4405-83c8-8434fc3380f5"},{"type":"single","resource":"a54f2cd2-5011-4f69-9fcf-3c686c67132b:f280026c-fb30-4acc-a5bd-0655457e9efa"},{"type":"single","resource":"a54f2cd2-5011-4f69-9fcf-3c686c67132b:9f4508fa-76c9-4cfb-9472-c23d0d6aeb2b"},{"type":"single","resource":"a54f2cd2-5011-4f69-9fcf-3c686c67132b:32324aab-055e-4104-9505-d1327b09e21e"},{"type":"single","resource":"a54f2cd2-5011-4f69-9fcf-3c686c67132b:32324aab-055e-4104-9505-d1327b09e21e"},{"type":"single","resource":"b1e23223-ecf1-41b6-abd2-9f7709d3501b:d369853b-f046-4ed8-b0f9-3bda1b4aaab6"},{"type":"single","resource":"b1e23223-ecf1-41b6-abd2-9f7709d3501b:d370dc8f-0f69-47c1-a8fe-55d3f40906bc"},{"type":"single","resource":"b1e23223-ecf1-41b6-abd2-9f7709d3501b:cc036a45-e7a6-4588-b8e2-a728f56fcea1"},{"type":"single","resource":"b1e23223-ecf1-41b6-abd2-9f7709d3501b:63256e16-9a04-4d9a-bb24-db036e16bd29"},{"type":"single","resource":"b1e23223-ecf1-41b6-abd2-9f7709d3501b:f0b01802-6b6b-4254-b921-916575eb2b0f"},{"type":"single","resource":"b1e23223-ecf1-41b6-abd2-9f7709d3501b:e394893f-be03-4e91-9c6f-8dc4a4cf2a39"},{"type":"single","resource":"b1e23223-ecf1-41b6-abd2-9f7709d3501b:91bc5a2c-8bf7-4758-bd06-94b9479b30da"},{"type":"single","resource":"b1e23223-ecf1-41b6-abd2-9f7709d3501b:117055c5-386d-439a-9fa3-f13e3da2b571"},{"type":"single","resource":"b1e23223-ecf1-41b6-abd2-9f7709d3501b:e79ed973-2245-4863-b4d1-2fd4b9b8dcab"},{"type":"single","resource":"b1e23223-ecf1-41b6-abd2-9f7709d3501b:e3f0d3e4-feec-4a72-8187-61c1418f9b5e"},{"type":"single","resource":"b1e23223-ecf1-41b6-abd2-9f7709d3501b:4ba9093b-213f-4c9a-9797-a4b170112a63"},{"type":"single","resource":"b1e23223-ecf1-41b6-abd2-9f7709d3501b:1f6dc837-1da0-49d7-9d74-0b1ff072da71"},{"type":"single","resource":"b1e23223-ecf1-41b6-abd2-9f7709d3501b:599a6a5a-8b8e-4825-bd57-1ea1e9319a7c"},{"type":"single","resource":"b1e23223-ecf1-41b6-abd2-9f7709d3501b:c1d4d3fa-1e6c-4bfc-a0f9-a6d7a0cc496b"},{"type":"single","resource":"b1e23223-ecf1-41b6-abd2-9f7709d3501b:dbd86838-0c61-46e1-9fb6-a707ad586552"},{"type":"single","resource":"b1e23223-ecf1-41b6-abd2-9f7709d3501b:d9a106d1-8620-4d55-b908-b10c8d4a4afe"},{"type":"single","resource":"b1e23223-ecf1-41b6-abd2-9f7709d3501b:08a14693-a82d-4d72-9ad5-c12988a0f628"},{"type":"single","resource":"b1e23223-ecf1-41b6-abd2-9f7709d3501b:0abb2cae-da36-484e-a8b2-a5071fcbca58"},{"type":"single","resource":"b1e23223-ecf1-41b6-abd2-9f7709d3501b:73718c6a-34b9-40b1-bf32-8b1f26900ab9"},{"type":"single","resource":"b1e23223-ecf1-41b6-abd2-9f7709d3501b:9fcabeda-ab2e-4a1a-ae31-16b767872ec7"},{"type":"single","resource":"b1e23223-ecf1-41b6-abd2-9f7709d3501b:38d5a7b2-9e17-48b0-9aae-4da7863dd83d"},{"type":"single","resource":"b1e23223-ecf1-41b6-abd2-9f7709d3501b:b6c7da43-c36e-4e0d-8877-b7970a84ac59"},{"type":"single","resource":"b1e23223-ecf1-41b6-abd2-9f7709d3501b:a55b2bf0-c59a-4874-8419-bbf5bc0bbc46"},{"type":"single","resource":"b1e23223-ecf1-41b6-abd2-9f7709d3501b:6a50e130-65a6-41a4-825a-1810cd06ac01"},{"type":"single","resource":"b1e23223-ecf1-41b6-abd2-9f7709d3501b:e5007288-3fc6-41fa-804c-6d00e4a8dc94"},{"type":"single","resource":"b1e23223-ecf1-41b6-abd2-9f7709d3501b:fe0f259f-97be-4812-b6c0-b824a77227a4"},{"type":"single","resource":"b1e23223-ecf1-41b6-abd2-9f7709d3501b:b0fb9a86-8dd3-4e8c-bb85-0547eb921e79"},{"type":"single","resource":"b1e23223-ecf1-41b6-abd2-9f7709d3501b:a03d9de7-b5e1-4ab8-80af-53fbd2f8351a"},{"type":"single","resource":"b1e23223-ecf1-41b6-abd2-9f7709d3501b:8d686b81-1441-432d-97a4-7371582bfc1f"},{"type":"single","resource":"b1e23223-ecf1-41b6-abd2-9f7709d3501b:52bdcb2c-d56c-47b8-ac9c-233c92a701b4"},{"type":"single","resource":"b1e23223-ecf1-41b6-abd2-9f7709d3501b:11b29545-1a3f-40a6-bc5d-3e0613d2312b"},{"type":"single","resource":"b1e23223-ecf1-41b6-abd2-9f7709d3501b:b44a969a-b22a-4972-88fc-a94408284653"},{"type":"single","resource":"item/paper"},{"type":"single","resource":"b1e23223-ecf1-41b6-abd2-9f7709d3501b:6cbfb11b-1c33-410f-91eb-d8a7524a9c15"},{"type":"single","resource":"b1e23223-ecf1-41b6-abd2-9f7709d3501b:c9db7f28-2ffb-429d-afdf-a84af84f7051"},{"type":"single","resource":"b1e23223-ecf1-41b6-abd2-9f7709d3501b:9f8cabfd-4d28-49f3-bfd6-5c3ec9833c98"},{"type":"single","resource":"b1e23223-ecf1-41b6-abd2-9f7709d3501b:586ce067-5339-4dc2-a38c-d833f380ba5a"},{"type":"single","resource":"e876166f-642b-4d80-b252-e0fa45e6698a:c6818d8c-df58-4e4a-a2ae-4776f4aa1ff3"},{"type":"single","resource":"b1e23223-ecf1-41b6-abd2-9f7709d3501b:5256ccd0-d934-4308-8982-dd4bd3b3b2ad"},{"type":"single","resource":"b1e23223-ecf1-41b6-abd2-9f7709d3501b:e6fe3f67-962f-4ecb-be2d-a34ff76a2d0d"},{"type":"single","resource":"b1e23223-ecf1-41b6-abd2-9f7709d3501b:b7ecdc61-955f-4d02-a1ec-a3f019921f87"},{"type":"single","resource":"e876166f-642b-4d80-b252-e0fa45e6698a:e5aded54-8418-471a-8013-ab17dd7b2ef0"},{"type":"single","resource":"b1e23223-ecf1-41b6-abd2-9f7709d3501b:255f20bf-6576-46be-8719-1a7f2445d6d7"},{"type":"single","resource":"b1e23223-ecf1-41b6-abd2-9f7709d3501b:ca2f0015-cf8d-41fc-9e53-bc9059f20c8d"},{"type":"single","resource":"e876166f-642b-4d80-b252-e0fa45e6698a:da53c93c-3ef4-4a60-a002-935007f99581"},{"type":"single","resource":"e876166f-642b-4d80-b252-e0fa45e6698a:b6358435-90bc-43b2-a928-690e5b0f5061"},{"type":"single","resource":"e876166f-642b-4d80-b252-e0fa45e6698a:b6358435-90bc-43b2-a928-690e5b0f5061"},{"type":"single","resource":"e876166f-642b-4d80-b252-e0fa45e6698a:1e8e3cee-e867-4088-8d13-624dfadefabf"},{"type":"single","resource":"e876166f-642b-4d80-b252-e0fa45e6698a:e47371d4-9d6d-4877-9130-87d15b5aadc9"},{"type":"single","resource":"e876166f-642b-4d80-b252-e0fa45e6698a:e47371d4-9d6d-4877-9130-87d15b5aadc9"},{"type":"single","resource":"e876166f-642b-4d80-b252-e0fa45e6698a:94370c3f-bbb9-430f-b052-509f3d3b17eb"},{"type":"single","resource":"e876166f-642b-4d80-b252-e0fa45e6698a:d46a3301-3ac1-424b-be4f-c3df1719efa5"},{"type":"single","resource":"e876166f-642b-4d80-b252-e0fa45e6698a:d46a3301-3ac1-424b-be4f-c3df1719efa5"},{"type":"single","resource":"e876166f-642b-4d80-b252-e0fa45e6698a:d821d9ac-4b24-4762-bebb-88359a4889c7"},{"type":"single","resource":"e876166f-642b-4d80-b252-e0fa45e6698a:d821d9ac-4b24-4762-bebb-88359a4889c7"},{"type":"single","resource":"e876166f-642b-4d80-b252-e0fa45e6698a:d821d9ac-4b24-4762-bebb-88359a4889c7"},{"type":"single","resource":"e876166f-642b-4d80-b252-e0fa45e6698a:d821d9ac-4b24-4762-bebb-88359a4889c7"},{"type":"single","resource":"e876166f-642b-4d80-b252-e0fa45e6698a:f9cae727-3e43-4a30-9823-7a3652d07b92"},{"type":"single","resource":"e876166f-642b-4d80-b252-e0fa45e6698a:700cb548-97bd-4c42-af7b-2eb5516b0f62"},{"type":"single","resource":"e876166f-642b-4d80-b252-e0fa45e6698a:07a20e8b-7329-4962-9e5f-9059c6e60b09"},{"type":"single","resource":"e876166f-642b-4d80-b252-e0fa45e6698a:642e452f-543b-4466-b27f-cd70c17b8bbd"},{"type":"single","resource":"e876166f-642b-4d80-b252-e0fa45e6698a:074083f4-496a-44dd-9848-f7963aab0000"},{"type":"single","resource":"e876166f-642b-4d80-b252-e0fa45e6698a:82da5a25-0eb0-4f12-a89c-6857ed9895c7"},{"type":"single","resource":"e876166f-642b-4d80-b252-e0fa45e6698a:6875612f-7390-4167-80e8-347b8a3e4dda"},{"type":"single","resource":"e876166f-642b-4d80-b252-e0fa45e6698a:f7c90cfa-b1c4-4033-8673-7d1958060ed5"},{"type":"single","resource":"e876166f-642b-4d80-b252-e0fa45e6698a:1e0eba15-3ec6-4817-b05c-46ec2b7f95c0"},{"type":"single","resource":"e876166f-642b-4d80-b252-e0fa45e6698a:51ae6651-d11a-44a1-bb4b-e730e161a489"},{"type":"single","resource":"e876166f-642b-4d80-b252-e0fa45e6698a:619dffb2-8548-4255-a9af-cbb82da0aeff"},{"type":"single","resource":"e876166f-642b-4d80-b252-e0fa45e6698a:1bda7464-f152-4291-b96f-e4fc75ac2ee7"},{"type":"single","resource":"e876166f-642b-4d80-b252-e0fa45e6698a:23450eab-1abc-4969-9a10-0e73a4c5cbfa"},{"type":"single","resource":"e876166f-642b-4d80-b252-e0fa45e6698a:4a0036dc-bd51-461f-aadd-b6770171f6b4"},{"type":"single","resource":"e876166f-642b-4d80-b252-e0fa45e6698a:329ff48b-59cc-4d78-ab09-fda660b1b9cb"},{"type":"single","resource":"e876166f-642b-4d80-b252-e0fa45e6698a:bc4ad6b4-2213-4260-9a06-9d6e6ba94a4f"},{"type":"single","resource":"e876166f-642b-4d80-b252-e0fa45e6698a:a7e97ccd-7063-4059-ab0f-9885c1f5dff3"},{"type":"single","resource":"e876166f-642b-4d80-b252-e0fa45e6698a:13d209f9-8ab9-48ed-a251-64f9d1f2836e"},{"type":"single","resource":"e876166f-642b-4d80-b252-e0fa45e6698a:51bd70e7-4be9-4b2c-b57c-b3b089911897"},{"type":"single","resource":"e876166f-642b-4d80-b252-e0fa45e6698a:63d61abd-413e-4109-9913-6ede3e6111b4"},{"type":"single","resource":"e876166f-642b-4d80-b252-e0fa45e6698a:86d9cd95-e377-4955-b34a-6eb69205e626"},{"type":"single","resource":"e876166f-642b-4d80-b252-e0fa45e6698a:8991b993-d0c1-4d68-b220-52d624ee0033"},{"type":"single","resource":"e876166f-642b-4d80-b252-e0fa45e6698a:2884d82a-c03d-4f93-9eba-19847c7d0ab7"},{"type":"single","resource":"e876166f-642b-4d80-b252-e0fa45e6698a:41c89a16-fe2d-4dfe-9b33-684401d1bb42"},{"type":"single","resource":"e876166f-642b-4d80-b252-e0fa45e6698a:5b696f2f-76e0-4802-b27c-6c642aad50f7"},{"type":"single","resource":"e876166f-642b-4d80-b252-e0fa45e6698a:fa5d6cb6-8c20-43a7-8b8b-031ef0e6f0b9"},{"type":"single","resource":"e876166f-642b-4d80-b252-e0fa45e6698a:d842a812-e0fd-45fa-bfda-00d41b045d6c"},{"type":"single","resource":"e876166f-642b-4d80-b252-e0fa45e6698a:58ecac2d-a703-4d67-a02b-f6f9d619c996"},{"type":"single","resource":"e876166f-642b-4d80-b252-e0fa45e6698a:bd106130-df5a-4796-ad88-39833a2bd38a"},{"type":"single","resource":"e876166f-642b-4d80-b252-e0fa45e6698a:cc606810-051e-49f6-9250-0e5cea6c83d4"},{"type":"single","resource":"e876166f-642b-4d80-b252-e0fa45e6698a:b708a746-b619-45af-951d-911da05e2f2a"},{"type":"single","resource":"e876166f-642b-4d80-b252-e0fa45e6698a:8bc5a0be-fb89-4865-840c-e244f0a336d7"},{"type":"single","resource":"e876166f-642b-4d80-b252-e0fa45e6698a:d76216d6-f669-4227-8fe6-12847a21d82a"},{"type":"single","resource":"e876166f-642b-4d80-b252-e0fa45e6698a:6b010375-0842-4a54-a948-73508e776bea"},{"type":"single","resource":"e876166f-642b-4d80-b252-e0fa45e6698a:9a5f2428-12b9-4020-8845-e803f1b15a68"},{"type":"single","resource":"e876166f-642b-4d80-b252-e0fa45e6698a:8ac0f498-35f2-4b2d-9cb0-2e8a73c5f35e"},{"type":"single","resource":"e876166f-642b-4d80-b252-e0fa45e6698a:c61d3a3e-ab8b-4dfc-8ff4-7570eb862ed0"},{"type":"single","resource":"e876166f-642b-4d80-b252-e0fa45e6698a:2980733c-5c4c-4265-9b83-db44756697dd"},{"type":"single","resource":"e876166f-642b-4d80-b252-e0fa45e6698a:5e9b5ec4-5490-4f72-a10e-677b934819be"},{"type":"single","resource":"e876166f-642b-4d80-b252-e0fa45e6698a:afbc8937-48fd-4ed5-8fed-7a9b08d8ed41"},{"type":"single","resource":"e876166f-642b-4d80-b252-e0fa45e6698a:0f7f43e8-24e1-4271-810a-9d30edb2a5c4"},{"type":"single","resource":"e876166f-642b-4d80-b252-e0fa45e6698a:5cee7f01-9970-4b00-84a9-422a63af97ee"},{"type":"single","resource":"e876166f-642b-4d80-b252-e0fa45e6698a:8b29af06-f1d7-47a6-bbd0-2d869e0ac50b"},{"type":"single","resource":"e876166f-642b-4d80-b252-e0fa45e6698a:4aa6d2c1-fec6-49d8-9dc5-fa3b0848e321"},{"type":"single","resource":"e876166f-642b-4d80-b252-e0fa45e6698a:4e6b2cd3-7e1d-40e6-a687-d425a96f2ec1"},{"type":"single","resource":"e876166f-642b-4d80-b252-e0fa45e6698a:30a85ee8-8349-4577-a7ed-20a0ca5ce1ae"},{"type":"single","resource":"e876166f-642b-4d80-b252-e0fa45e6698a:865ad0d3-8e98-4a81-acb1-457c19fea0bd"},{"type":"single","resource":"e876166f-642b-4d80-b252-e0fa45e6698a:a8fb67ad-a79b-49a4-b6d1-279cfd900f95"},{"type":"single","resource":"e876166f-642b-4d80-b252-e0fa45e6698a:736dac05-e0c8-40b1-a137-a67cf4750edb"},{"type":"single","resource":"e876166f-642b-4d80-b252-e0fa45e6698a:9d4c05a3-3293-4535-8bdd-bfde6687c6a4"},{"type":"single","resource":"e876166f-642b-4d80-b252-e0fa45e6698a:b85b58f9-0056-4354-82d7-878a1342a69e"},{"type":"single","resource":"e876166f-642b-4d80-b252-e0fa45e6698a:02776da5-7f83-496f-9fed-5dad0364e5e5"},{"type":"single","resource":"e876166f-642b-4d80-b252-e0fa45e6698a:eeb884e7-b321-4485-a098-ab80cf8c6e12"},{"type":"single","resource":"e876166f-642b-4d80-b252-e0fa45e6698a:4a9e1971-c96a-4008-986c-4fc1a2945791"},{"type":"single","resource":"e876166f-642b-4d80-b252-e0fa45e6698a:189334b6-14a5-42a3-bd20-c07408599468"},{"type":"single","resource":"e876166f-642b-4d80-b252-e0fa45e6698a:d7bcb29e-8422-4523-8872-5fb53f711868"},{"type":"single","resource":"e876166f-642b-4d80-b252-e0fa45e6698a:02e35f03-808e-49ed-b0a6-195700e51397"},{"type":"single","resource":"e876166f-642b-4d80-b252-e0fa45e6698a:2d719582-da10-4eaf-9436-5ba46d869d7e"},{"type":"single","resource":"e876166f-642b-4d80-b252-e0fa45e6698a:b1a0144a-9850-4edf-a4c3-6cb59083abc2"},{"type":"single","resource":"e876166f-642b-4d80-b252-e0fa45e6698a:4efe64ae-010c-4d51-befb-eac6ccaa2dcc"},{"type":"single","resource":"e876166f-642b-4d80-b252-e0fa45e6698a:b40d5a35-ac04-44a4-a2fc-08debc99d836"},{"type":"single","resource":"e876166f-642b-4d80-b252-e0fa45e6698a:54856f89-97d6-40fd-b18b-e4fbb8fe0d7b"},{"type":"single","resource":"e876166f-642b-4d80-b252-e0fa45e6698a:7abea25d-ddf9-48dd-aa2a-6287af0d9e05"},{"type":"single","resource":"e876166f-642b-4d80-b252-e0fa45e6698a:0d4d61cc-9ac2-40c1-977c-1db9f2a47d5c"},{"type":"single","resource":"e876166f-642b-4d80-b252-e0fa45e6698a:19cf19c1-3b03-4fe2-8cb3-2bef12f9f0e8"},{"type":"single","resource":"e876166f-642b-4d80-b252-e0fa45e6698a:b4a1b813-35ca-4b69-81a6-99a05437c323"},{"type":"single","resource":"e876166f-642b-4d80-b252-e0fa45e6698a:459cb7c2-6d28-4acb-9692-82c7a37407a1"},{"type":"single","resource":"e876166f-642b-4d80-b252-e0fa45e6698a:623a8bb8-6c19-417f-b4ef-890a938f3ca9"},{"type":"single","resource":"e876166f-642b-4d80-b252-e0fa45e6698a:e49c1994-ce9e-47b7-860c-c3c7a9ba36ad"},{"type":"single","resource":"e876166f-642b-4d80-b252-e0fa45e6698a:92b470f6-94b5-42f7-ad77-0fe3a8e506fd"},{"type":"single","resource":"e876166f-642b-4d80-b252-e0fa45e6698a:f1255789-5c97-4340-8cbd-51946cba0a4c"},{"type":"single","resource":"e876166f-642b-4d80-b252-e0fa45e6698a:8aba2d20-9d29-4884-9758-5282a197e921"},{"type":"single","resource":"e876166f-642b-4d80-b252-e0fa45e6698a:ed4b2f6b-ce7a-4492-8666-af1d371f0283"},{"type":"single","resource":"e876166f-642b-4d80-b252-e0fa45e6698a:6b8f1229-c634-495b-9398-405acdc0a3c5"},{"type":"single","resource":"e876166f-642b-4d80-b252-e0fa45e6698a:7f1652f7-ff8f-412e-b3fd-9b2b05f5aa59"},{"type":"single","resource":"e876166f-642b-4d80-b252-e0fa45e6698a:3842265f-2849-49f5-aeeb-a0c78bc2f4dc"},{"type":"single","resource":"e876166f-642b-4d80-b252-e0fa45e6698a:12c6b63c-4366-4e21-b0e9-a12d1a406050"},{"type":"single","resource":"e876166f-642b-4d80-b252-e0fa45e6698a:c7c6926f-dfd3-4ce7-b82d-a90de9835a74"},{"type":"single","resource":"e876166f-642b-4d80-b252-e0fa45e6698a:69dabc6f-874b-4010-85b3-f3d6ffd28d68"},{"type":"single","resource":"e876166f-642b-4d80-b252-e0fa45e6698a:72f754a8-953a-4e58-a541-0c3daab32963"},{"type":"single","resource":"e876166f-642b-4d80-b252-e0fa45e6698a:2ea385f4-5850-4640-83f5-89a95b0ad5cd"},{"type":"single","resource":"e876166f-642b-4d80-b252-e0fa45e6698a:7c260481-06ca-4b51-ab34-2a9efde40bc4"},{"type":"single","resource":"b1e23223-ecf1-41b6-abd2-9f7709d3501b:095acecd-8cb0-4fff-801e-2f3340d73661"},{"type":"single","resource":"b1e23223-ecf1-41b6-abd2-9f7709d3501b:22f808ad-ac93-4d11-8f06-5799b202d7e3"},{"type":"single","resource":"e876166f-642b-4d80-b252-e0fa45e6698a:343027dd-61f7-480a-bc34-94c61044da7c"},{"type":"single","resource":"e876166f-642b-4d80-b252-e0fa45e6698a:168172fd-be41-42d0-bae1-1561e71f721f"},{"type":"single","resource":"e876166f-642b-4d80-b252-e0fa45e6698a:3d9dfc02-f229-4e0a-a5d5-6344d2ac1f66"},{"type":"single","resource":"e876166f-642b-4d80-b252-e0fa45e6698a:495f78e9-54c2-4b13-9e65-78c6c2ba922e"},{"type":"single","resource":"e876166f-642b-4d80-b252-e0fa45e6698a:0c98b673-dc9f-49ab-b3d0-5b57141ce242"},{"type":"single","resource":"e876166f-642b-4d80-b252-e0fa45e6698a:0c98b673-dc9f-49ab-b3d0-5b57141ce242"},{"type":"single","resource":"e876166f-642b-4d80-b252-e0fa45e6698a:7241386b-9fa3-4f55-80c0-0cc249f012e7"},{"type":"single","resource":"e876166f-642b-4d80-b252-e0fa45e6698a:b35aa674-100f-4040-a2b9-ca35944ac2cf"},{"type":"single","resource":"e876166f-642b-4d80-b252-e0fa45e6698a:fc000b3c-7788-4343-a378-dbdc34942e3a"},{"type":"single","resource":"e876166f-642b-4d80-b252-e0fa45e6698a:9f842957-c48c-41dd-ab37-1ad90c107dd1"},{"type":"single","resource":"e876166f-642b-4d80-b252-e0fa45e6698a:5ccda978-49c6-4259-bb97-66300ecc0100"},{"type":"single","resource":"e876166f-642b-4d80-b252-e0fa45e6698a:4d951b41-26a2-4f43-8c63-1d469af95653"},{"type":"single","resource":"e876166f-642b-4d80-b252-e0fa45e6698a:4d951b41-26a2-4f43-8c63-1d469af95653"},{"type":"single","resource":"e876166f-642b-4d80-b252-e0fa45e6698a:cc20d84c-ec6f-4067-b025-61b89c6db0e2"},{"type":"single","resource":"e876166f-642b-4d80-b252-e0fa45e6698a:cc20d84c-ec6f-4067-b025-61b89c6db0e2"},{"type":"single","resource":"e876166f-642b-4d80-b252-e0fa45e6698a:e2f489eb-282a-4a58-979f-72fa4faaf5f0"},{"type":"single","resource":"e876166f-642b-4d80-b252-e0fa45e6698a:e2f489eb-282a-4a58-979f-72fa4faaf5f0"},{"type":"single","resource":"e876166f-642b-4d80-b252-e0fa45e6698a:f6705a00-3514-4326-9d2c-ad146a51bef2"},{"type":"single","resource":"e876166f-642b-4d80-b252-e0fa45e6698a:f6705a00-3514-4326-9d2c-ad146a51bef2"},{"type":"single","resource":"e876166f-642b-4d80-b252-e0fa45e6698a:e0b5a477-e9ef-43c7-88c8-b17deed9620a"},{"type":"single","resource":"e876166f-642b-4d80-b252-e0fa45e6698a:e0b5a477-e9ef-43c7-88c8-b17deed9620a"},{"type":"single","resource":"e876166f-642b-4d80-b252-e0fa45e6698a:ec92de6e-aeff-4136-ac16-a490d8a135f6"},{"type":"single","resource":"e876166f-642b-4d80-b252-e0fa45e6698a:ec92de6e-aeff-4136-ac16-a490d8a135f6"},{"type":"single","resource":"e876166f-642b-4d80-b252-e0fa45e6698a:87504f59-ea8f-4b47-b315-d87f6fad42ab"},{"type":"single","resource":"e876166f-642b-4d80-b252-e0fa45e6698a:681ebd92-87ce-46bd-9041-7c5a941eb383"},{"type":"single","resource":"e876166f-642b-4d80-b252-e0fa45e6698a:681ebd92-87ce-46bd-9041-7c5a941eb383"},{"type":"single","resource":"e876166f-642b-4d80-b252-e0fa45e6698a:5f4a7967-1e3e-416c-869b-ff926ff97710"},{"type":"single","resource":"e876166f-642b-4d80-b252-e0fa45e6698a:5f4a7967-1e3e-416c-869b-ff926ff97710"},{"type":"single","resource":"e876166f-642b-4d80-b252-e0fa45e6698a:514627c2-7e5b-4a71-930f-27da8e26c2db"},{"type":"single","resource":"e876166f-642b-4d80-b252-e0fa45e6698a:514627c2-7e5b-4a71-930f-27da8e26c2db"},{"type":"single","resource":"e876166f-642b-4d80-b252-e0fa45e6698a:678a55ee-c213-4d03-a62c-33e0d6f9bfa2"},{"type":"single","resource":"e876166f-642b-4d80-b252-e0fa45e6698a:678a55ee-c213-4d03-a62c-33e0d6f9bfa2"},{"type":"single","resource":"e876166f-642b-4d80-b252-e0fa45e6698a:457348e8-7c90-465d-9fb7-47b875e482bf"},{"type":"single","resource":"e876166f-642b-4d80-b252-e0fa45e6698a:457348e8-7c90-465d-9fb7-47b875e482bf"},{"type":"single","resource":"e876166f-642b-4d80-b252-e0fa45e6698a:7eb15e4e-8a6c-4fd9-b41f-2d4736f99ac2"},{"type":"single","resource":"e876166f-642b-4d80-b252-e0fa45e6698a:7eb15e4e-8a6c-4fd9-b41f-2d4736f99ac2"},{"type":"single","resource":"e876166f-642b-4d80-b252-e0fa45e6698a:188efaa7-0618-4468-909e-c23ce7807361"},{"type":"single","resource":"e876166f-642b-4d80-b252-e0fa45e6698a:40798e46-2ab1-4fda-997b-45ad27ed2618"},{"type":"single","resource":"e876166f-642b-4d80-b252-e0fa45e6698a:40798e46-2ab1-4fda-997b-45ad27ed2618"},{"type":"single","resource":"e876166f-642b-4d80-b252-e0fa45e6698a:7c2cde3e-ec49-4e48-9a08-b327be22d752"},{"type":"single","resource":"e876166f-642b-4d80-b252-e0fa45e6698a:7c2cde3e-ec49-4e48-9a08-b327be22d752"},{"type":"single","resource":"e876166f-642b-4d80-b252-e0fa45e6698a:5e5c23c3-a4d7-437b-a603-b3baccd11cac"},{"type":"single","resource":"e876166f-642b-4d80-b252-e0fa45e6698a:5e5c23c3-a4d7-437b-a603-b3baccd11cac"},{"type":"single","resource":"e876166f-642b-4d80-b252-e0fa45e6698a:54c33d6b-21b0-4640-99aa-627ef184fa42"},{"type":"single","resource":"e876166f-642b-4d80-b252-e0fa45e6698a:54c33d6b-21b0-4640-99aa-627ef184fa42"},{"type":"single","resource":"e876166f-642b-4d80-b252-e0fa45e6698a:90c2dd43-7506-4922-a646-7aee73581425"},{"type":"single","resource":"e876166f-642b-4d80-b252-e0fa45e6698a:90c2dd43-7506-4922-a646-7aee73581425"},{"type":"single","resource":"e876166f-642b-4d80-b252-e0fa45e6698a:56e62c0b-3b6c-41a4-8cd3-ebeed1ec1b47"},{"type":"single","resource":"e876166f-642b-4d80-b252-e0fa45e6698a:56e62c0b-3b6c-41a4-8cd3-ebeed1ec1b47"},{"type":"single","resource":"e876166f-642b-4d80-b252-e0fa45e6698a:b542bd98-b6c9-49c5-abe5-43d32506f3d0"},{"type":"single","resource":"e876166f-642b-4d80-b252-e0fa45e6698a:b20f06b7-8e63-4086-b76b-a886b118121c"},{"type":"single","resource":"e876166f-642b-4d80-b252-e0fa45e6698a:b20f06b7-8e63-4086-b76b-a886b118121c"},{"type":"single","resource":"e876166f-642b-4d80-b252-e0fa45e6698a:d62908cf-e9de-404b-a3a9-3f2103920747"},{"type":"single","resource":"e876166f-642b-4d80-b252-e0fa45e6698a:d62908cf-e9de-404b-a3a9-3f2103920747"},{"type":"single","resource":"e876166f-642b-4d80-b252-e0fa45e6698a:962c0d5b-f690-4c51-a5b3-7f3c2a0c7a6f"},{"type":"single","resource":"e876166f-642b-4d80-b252-e0fa45e6698a:962c0d5b-f690-4c51-a5b3-7f3c2a0c7a6f"},{"type":"single","resource":"e876166f-642b-4d80-b252-e0fa45e6698a:672e2c8b-84dc-48cc-befb-e6306b27d900"},{"type":"single","resource":"e876166f-642b-4d80-b252-e0fa45e6698a:672e2c8b-84dc-48cc-befb-e6306b27d900"},{"type":"single","resource":"e876166f-642b-4d80-b252-e0fa45e6698a:7fc2cff6-cc29-4f90-9a0e-5a09f26fce34"},{"type":"single","resource":"e876166f-642b-4d80-b252-e0fa45e6698a:7fc2cff6-cc29-4f90-9a0e-5a09f26fce34"},{"type":"single","resource":"e876166f-642b-4d80-b252-e0fa45e6698a:78fe66d6-a1d6-443f-9c77-e6a44128a152"},{"type":"single","resource":"e876166f-642b-4d80-b252-e0fa45e6698a:78fe66d6-a1d6-443f-9c77-e6a44128a152"},{"type":"single","resource":"e876166f-642b-4d80-b252-e0fa45e6698a:c89b2ef2-c3fd-4d03-956a-66643581a810"},{"type":"single","resource":"e876166f-642b-4d80-b252-e0fa45e6698a:f03dbbae-287c-423e-b3d7-7df7040e6e12"},{"type":"single","resource":"e876166f-642b-4d80-b252-e0fa45e6698a:f03dbbae-287c-423e-b3d7-7df7040e6e12"},{"type":"single","resource":"e876166f-642b-4d80-b252-e0fa45e6698a:6b5e852b-3af6-4bc6-8e08-b0ebd6a19aeb"},{"type":"single","resource":"e876166f-642b-4d80-b252-e0fa45e6698a:6b5e852b-3af6-4bc6-8e08-b0ebd6a19aeb"},{"type":"single","resource":"e876166f-642b-4d80-b252-e0fa45e6698a:8c444ccb-3249-408c-9bfb-498f4eca83dc"},{"type":"single","resource":"e876166f-642b-4d80-b252-e0fa45e6698a:8c444ccb-3249-408c-9bfb-498f4eca83dc"},{"type":"single","resource":"e876166f-642b-4d80-b252-e0fa45e6698a:70646d06-e660-417e-a01b-49a3d401f122"},{"type":"single","resource":"e876166f-642b-4d80-b252-e0fa45e6698a:70646d06-e660-417e-a01b-49a3d401f122"},{"type":"single","resource":"e876166f-642b-4d80-b252-e0fa45e6698a:b1d76c3c-2b8e-4862-afd8-2677a71bbf69"},{"type":"single","resource":"e876166f-642b-4d80-b252-e0fa45e6698a:b1d76c3c-2b8e-4862-afd8-2677a71bbf69"},{"type":"single","resource":"e876166f-642b-4d80-b252-e0fa45e6698a:c4f577fd-a1e5-4e61-b3a7-82748d33310b"},{"type":"single","resource":"e876166f-642b-4d80-b252-e0fa45e6698a:c4f577fd-a1e5-4e61-b3a7-82748d33310b"},{"type":"single","resource":"e876166f-642b-4d80-b252-e0fa45e6698a:53f6c7ff-e5fe-4854-8a0d-6f546447491c"},{"type":"single","resource":"e876166f-642b-4d80-b252-e0fa45e6698a:eb3cac45-a67c-4149-b79e-6614f175212c"},{"type":"single","resource":"e876166f-642b-4d80-b252-e0fa45e6698a:eb3cac45-a67c-4149-b79e-6614f175212c"},{"type":"single","resource":"e876166f-642b-4d80-b252-e0fa45e6698a:75c70081-f940-405a-8791-bf272599055d"},{"type":"single","resource":"e876166f-642b-4d80-b252-e0fa45e6698a:75c70081-f940-405a-8791-bf272599055d"},{"type":"single","resource":"e876166f-642b-4d80-b252-e0fa45e6698a:3f8d3db9-6d69-4887-8641-6cb6283e223d"},{"type":"single","resource":"e876166f-642b-4d80-b252-e0fa45e6698a:3f8d3db9-6d69-4887-8641-6cb6283e223d"},{"type":"single","resource":"e876166f-642b-4d80-b252-e0fa45e6698a:15f3627d-a7aa-45f3-9cc5-c5643cff8e2f"},{"type":"single","resource":"e876166f-642b-4d80-b252-e0fa45e6698a:15f3627d-a7aa-45f3-9cc5-c5643cff8e2f"},{"type":"single","resource":"e876166f-642b-4d80-b252-e0fa45e6698a:635af53a-f61e-4929-9d4a-a0e3da9e2e40"},{"type":"single","resource":"e876166f-642b-4d80-b252-e0fa45e6698a:635af53a-f61e-4929-9d4a-a0e3da9e2e40"},{"type":"single","resource":"e876166f-642b-4d80-b252-e0fa45e6698a:612c25df-4ef3-459d-8777-1a2c72dbcd1a"},{"type":"single","resource":"e876166f-642b-4d80-b252-e0fa45e6698a:612c25df-4ef3-459d-8777-1a2c72dbcd1a"},{"type":"single","resource":"e876166f-642b-4d80-b252-e0fa45e6698a:d116de4c-9215-48ff-a1c2-a6d531e21c39"},{"type":"single","resource":"b1e23223-ecf1-41b6-abd2-9f7709d3501b:1aced1fa-feee-4c7d-8048-a83e2121b932"},{"type":"single","resource":"item/wooden_sword"},{"type":"single","resource":"item/wooden_sword"},{"type":"single","resource":"item/wooden_sword"},{"type":"single","resource":"item/wooden_sword"},{"type":"single","resource":"item/wooden_sword"},{"type":"single","resource":"item/wooden_sword"},{"type":"single","resource":"e876166f-642b-4d80-b252-e0fa45e6698a:a1ccf366-ff08-4ab1-b475-57d2dd065828"},{"type":"single","resource":"e876166f-642b-4d80-b252-e0fa45e6698a:017349e2-a1d4-496b-a6e4-7d2748c7b5be"},{"type":"single","resource":"e876166f-642b-4d80-b252-e0fa45e6698a:017349e2-a1d4-496b-a6e4-7d2748c7b5be"},{"type":"single","resource":"e876166f-642b-4d80-b252-e0fa45e6698a:017349e2-a1d4-496b-a6e4-7d2748c7b5be"},{"type":"single","resource":"e876166f-642b-4d80-b252-e0fa45e6698a:017349e2-a1d4-496b-a6e4-7d2748c7b5be"},{"type":"single","resource":"e876166f-642b-4d80-b252-e0fa45e6698a:e7cf19b0-3107-4394-bccd-da60ad38c048"},{"type":"single","resource":"e876166f-642b-4d80-b252-e0fa45e6698a:e7cf19b0-3107-4394-bccd-da60ad38c048"},{"type":"single","resource":"e876166f-642b-4d80-b252-e0fa45e6698a:e7cf19b0-3107-4394-bccd-da60ad38c048"},{"type":"single","resource":"e876166f-642b-4d80-b252-e0fa45e6698a:e7cf19b0-3107-4394-bccd-da60ad38c048"},{"type":"single","resource":"e876166f-642b-4d80-b252-e0fa45e6698a:f5d966c3-de78-4d26-a465-d3bba20e1276"},{"type":"single","resource":"e876166f-642b-4d80-b252-e0fa45e6698a:f5d966c3-de78-4d26-a465-d3bba20e1276"},{"type":"single","resource":"e876166f-642b-4d80-b252-e0fa45e6698a:d4320004-856d-4abc-964c-8e56e1b429b9"},{"type":"single","resource":"e876166f-642b-4d80-b252-e0fa45e6698a:d4320004-856d-4abc-964c-8e56e1b429b9"}]}