{"sources":[{"type":"single","resource":"block/black_concrete"},{"type":"single","resource":"block/black_concrete"},{"type":"single","resource":"block/black_wool"},{"type":"single","resource":"block/black_wool"},{"type":"single","resource":"block/black_wool"},{"type":"single","resource":"block/black_wool"},{"type":"single","resource":"block/cobblestone"},{"type":"single","resource":"block/cobblestone"},{"type":"single","resource":"block/dark_oak_planks"},{"type":"single","resource":"block/mossy_cobblestone"},{"type":"single","resource":"block/mossy_cobblestone"},{"type":"single","resource":"block/white_concrete"},{"type":"single","resource":"block/white_concrete"},{"type":"single","resource":"block/white_concrete"},{"type":"single","resource":"block/white_concrete"},{"type":"single","resource":"04b6dfdd-6bb2-4d80-aeb3-7ebbcfcc5a93"},{"type":"single","resource":"04b6dfdd-6bb2-4d80-aeb3-7ebbcfcc5a93"},{"type":"single","resource":"8bcedbe0-6e8f-4686-8662-6bb6c070a44c"},{"type":"single","resource":"8bcedbe0-6e8f-4686-8662-6bb6c070a44c"},{"type":"single","resource":"71b18bd7-576f-4740-85f3-40ff8c30cef0"},{"type":"single","resource":"71b18bd7-576f-4740-85f3-40ff8c30cef0"},{"type":"single","resource":"e8a428cd-2ed3-4454-8596-0483099fd9de"},{"type":"single","resource":"e8a428cd-2ed3-4454-8596-0483099fd9de"},{"type":"single","resource":"af16e55e-ec9c-4903-b2a2-4dc5537cd64a"},{"type":"single","resource":"af16e55e-ec9c-4903-b2a2-4dc5537cd64a"},{"type":"single","resource":"a0156742-8407-4c9a-b368-009789e993b0"},{"type":"single","resource":"a0156742-8407-4c9a-b368-009789e993b0"},{"type":"single","resource":"f3906af5-7110-482e-899e-a23d9877c19c"},{"type":"single","resource":"e241b77d-aaa1-46c7-afe4-02aa09e35692"},{"type":"single","resource":"90fd015a-ef22-4f87-97ec-bcbef450a30c"},{"type":"single","resource":"8ffa2188-c651-4f55-9031-6ce88bba22d5"},{"type":"single","resource":"52a24f43-9e6f-4e10-a4b2-13b018ee095c"},{"type":"single","resource":"dbdb1dd3-2509-4496-a8c6-afc7025e3e33"},{"type":"single","resource":"e6e2693e-4a8a-4ab7-b935-2471028edf37"},{"type":"single","resource":"e6e2693e-4a8a-4ab7-b935-2471028edf37"},{"type":"single","resource":"118be8cb-4988-4fd4-a086-44354181b7b2"},{"type":"single","resource":"bbdcca52-d4b0-454b-916d-6a4f70b765b3"},{"type":"single","resource":"bbdcca52-d4b0-454b-916d-6a4f70b765b3"},{"type":"single","resource":"976c7a4e-dbf9-4a0d-b62f-377e92a53af3"},{"type":"single","resource":"0c6ee7cf-2531-4632-9cf9-fb85759ab6ef"},{"type":"single","resource":"ca17cdd0-a94d-4581-8159-cbbc37c3cad7"},{"type":"single","resource":"41408feb-76b8-45c0-93db-200f5684ac0d"},{"type":"single","resource":"41408feb-76b8-45c0-93db-200f5684ac0d"},{"type":"single","resource":"f5de9e5f-ca36-41b1-9a77-a88ca8c0cc75"},{"type":"single","resource":"f5de9e5f-ca36-41b1-9a77-a88ca8c0cc75"},{"type":"single","resource":"158a3a43-a21f-417d-a8ad-f3df103ba9f8"},{"type":"single","resource":"e2761d60-836d-4c3e-a03a-9609005e848b"},{"type":"single","resource":"560b1fe4-64bb-40e2-bbf4-4e6c3b613d99"},{"type":"single","resource":"5282c174-da0f-4c7b-b084-5861e09e0052"},{"type":"single","resource":"97c5ca0b-f609-4c20-a3a7-151c66ba09e8"},{"type":"single","resource":"vane_enchantments:dd614f07-4104-4bd1-9e72-6aa1fbc98983"},{"type":"single","resource":"vane_enchantments:0a91819f-a54e-4cdd-9706-a7db23b64bd3"},{"type":"single","resource":"vane_enchantments:4b61a374-9346-4198-a2a7-3116c3a998c3"},{"type":"single","resource":"775e9fcd-c552-42ea-8199-2a2adeb70466"},{"type":"single","resource":"fd7469c6-f8c7-42fa-aa56-8c5dbc610c19"},{"type":"single","resource":"62c33506-6ebc-4c7b-89e3-04395c7f0ad9"},{"type":"single","resource":"66666ecd-0b7f-4bb0-bcf0-68cf4d2d1918"},{"type":"single","resource":"877863a6-b08a-4a46-a397-c41a1c8c8d9d"},{"type":"single","resource":"336d88ed-e8f1-4b95-aa58-6f7d04082e2a"},{"type":"single","resource":"773beffb-5ee4-477e-aac0-f144dcf9e49e"},{"type":"single","resource":"f9ab6f28-0e18-4168-a8fd-ea099650edf4"},{"type":"single","resource":"c3d6c108-a2c7-47b4-a446-0ae99ee6cbf5"},{"type":"single","resource":"430fd9d6-0b25-44ad-8f9e-87e33e115ac0"},{"type":"single","resource":"2bee8ac5-5497-4aa3-800b-5ee27d4601d4"},{"type":"single","resource":"6b2643e5-8ea7-4c5c-8e08-c5be4a4ffc6e"},{"type":"single","resource":"78dc0f08-e1bf-43e3-9494-797200ff03df"},{"type":"single","resource":"99224115-f7ce-4b76-b922-44cd626efb0d"},{"type":"single","resource":"a165369d-30ef-40de-9c30-0ec66c2c47b9"},{"type":"single","resource":"b817af2d-284e-4b48-81a9-03931dc10a2a"},{"type":"single","resource":"db1c75b1-3793-404e-ae62-5eeb80b3b96a"},{"type":"single","resource":"0307ad53-d088-45da-9617-eccb5a90fde2"},{"type":"single","resource":"vane_trifles:847d7a4b-1b23-4873-80ab-2dc3f4bc3612"},{"type":"single","resource":"item/chainmail_boots"},{"type":"single","resource":"item/chainmail_chestplate"},{"type":"single","resource":"item/chainmail_helmet"},{"type":"single","resource":"item/chainmail_leggings"},{"type":"single","resource":"vane_trifles:586ed19b-f86a-4061-a12a-2e593b3dedd6"},{"type":"single","resource":"vane_trifles:74b7ad41-ddc8-4720-957a-c51a61a18112"},{"type":"single","resource":"vane_trifles:83f26efa-22e1-4b7b-a892-f7c95e1c86eb"},{"type":"single","resource":"vane_enchantments:b0a119f7-f78a-4a09-aa9c-ff4876c0cf6c"},{"type":"single","resource":"vane_enchantments:fb69ece0-4963-453a-a41d-42eb087c5160"},{"type":"single","resource":"vane_enchantments:75918772-8bb9-4496-ab2b-03df578b6157"},{"type":"single","resource":"vane_trifles:1d331bfb-94d8-4fc7-94f3-226339cf88f7"},{"type":"single","resource":"59bc8ac5-2106-49b9-8230-88a9506ac956"},{"type":"single","resource":"vane_trifles:1fd8e997-489c-417f-878d-908e0eff48df"},{"type":"single","resource":"5962afe9-f349-4817-a2a9-27ec38a3cde1"},{"type":"single","resource":"8fdfbf3a-f605-439d-be93-65e8763d5f4e"},{"type":"single","resource":"b14fc66a-89fd-41c9-845f-d78a2b6bd77e"},{"type":"single","resource":"82f8a6bd-a390-4ae0-a919-88ba56fb01d7"},{"type":"single","resource":"1557e6a5-23c3-419a-becb-8b04248e76e4"},{"type":"single","resource":"d6e3b7bb-8476-45f0-9a70-e160b9c958e0"},{"type":"single","resource":"d814a451-bc23-4282-92cd-13f1fc93d0ff"},{"type":"single","resource":"10279b06-fbd7-4090-a4fc-2146820c1aa3"},{"type":"single","resource":"825b8383-900d-4757-979e-83992a9fb73a"},{"type":"single","resource":"d4d44d07-214f-4790-a1d6-6819f4f51964"},{"type":"single","resource":"bd22301c-c0ec-457b-b7d8-58fcfdf06cd0"},{"type":"single","resource":"02640d55-7bae-4cd5-96a5-60110ee96bce"},{"type":"single","resource":"e9a7937a-d46d-437e-8025-ac831a908157"},{"type":"single","resource":"b0e1dc85-67e4-498a-9ccd-9d7b3975668a"},{"type":"single","resource":"87c10e8d-9e83-4cd4-b059-53aaca7c0152"},{"type":"single","resource":"d7c2f89e-a7c9-4c04-aac8-859317eea147"},{"type":"single","resource":"233ddc25-2fde-44d3-93c2-f376496dcf27"},{"type":"single","resource":"50bcdc2d-8f22-4a9c-9848-761b73a1f854"},{"type":"single","resource":"50bcdc2d-8f22-4a9c-9848-761b73a1f854"},{"type":"single","resource":"eafad014-540b-47c7-a193-28074ff76f97"},{"type":"single","resource":"9084f6d1-1f09-482f-948d-a1ee291ab821"},{"type":"single","resource":"0a6a53d3-453c-4135-941d-920e7e08e86c"},{"type":"single","resource":"d1ec8e4b-7e7f-475b-9f2f-2f00dd9c5514"},{"type":"single","resource":"40a2e754-360e-45f8-aa99-26576db916e0"},{"type":"single","resource":"8d7fab21-6063-4119-8d79-973dfc15c1ae"},{"type":"single","resource":"0e6849ec-9598-496e-b5af-e18143196e92"},{"type":"single","resource":"1d454fda-8a6e-488b-8afa-154f4409d2e6"},{"type":"single","resource":"1c378ee9-698b-4935-a823-efcc99a7db4f"},{"type":"single","resource":"d7a2ae06-93f2-405e-803f-aa9406a660bd"},{"type":"single","resource":"bacb6367-8bec-4fee-ad84-eb375499012c"},{"type":"single","resource":"83a006ed-3b46-4a13-9d00-e443e228f528"},{"type":"single","resource":"31104b70-72a7-4f66-bf56-f62a1c4aea07"},{"type":"single","resource":"c5352887-106a-47e6-8726-7a827b53e579"},{"type":"single","resource":"43691f5b-d73e-44f1-b432-b5d4240896ef"},{"type":"single","resource":"93943b48-d67a-4634-877d-289ac252b856"},{"type":"single","resource":"29bc12cf-e41e-4802-906c-e135b3e6125c"},{"type":"single","resource":"cdd12a72-0da0-443b-a4a6-3e5e262c5008"},{"type":"single","resource":"6c01e399-504a-4a28-841d-9c85e8eed054"},{"type":"single","resource":"a7a5efe4-ad8b-428f-91a4-fbff74f86901"},{"type":"single","resource":"d68152f3-2121-4497-b19c-8bad9a678cb0"},{"type":"single","resource":"992d0d86-e32d-4090-b476-9ed16a6437b5"},{"type":"single","resource":"f7be8cff-575d-47b2-971b-d5469879ebca"},{"type":"single","resource":"f35d4967-caa6-4b9c-9bc1-a4f112ea9b0e"},{"type":"single","resource":"c7bf491e-d927-4127-ae36-16cb4ae63eff"},{"type":"single","resource":"f6baf3cb-fb90-4a93-a3b7-39888bb9e8c5"},{"type":"single","resource":"484beedd-c5c1-451e-b2bc-20c33ab2cc04"},{"type":"single","resource":"0ada2845-22c3-43ed-b53f-c894e520454d"},{"type":"single","resource":"78b3aea8-22a9-4f8d-92ec-04fd11302b23"},{"type":"single","resource":"cbb47b7c-471a-449c-8c6c-a7eef40c009f"},{"type":"single","resource":"98733e0d-2f06-4ec7-956a-03449e329c11"},{"type":"single","resource":"49c6cd1e-d63c-4e1b-bcb2-1c36a53ef18e"},{"type":"single","resource":"03a0fbb8-41c6-473c-a836-912c3a6319a4"},{"type":"single","resource":"afa72deb-2b24-4708-8f45-5f90c2082a9b"},{"type":"single","resource":"d52272a7-9ba0-4b07-91fc-660430de8374"},{"type":"single","resource":"cda20726-bd39-45a0-a0f8-11639f490e24"},{"type":"single","resource":"275cfe46-c959-406a-830c-9e4d90019f01"},{"type":"single","resource":"e9624dc5-a5c2-4391-ba39-175c8774e8e6"},{"type":"single","resource":"cddb1ccb-1a6b-42b3-bbbd-8e07968ad30b"},{"type":"single","resource":"ba410c39-f305-4ab0-a4be-530d96fe79ad"},{"type":"single","resource":"fa450428-8003-4345-8527-fb454d5d033d"},{"type":"single","resource":"8a8ab7e2-39d0-4485-b1c7-1f10aab61329"},{"type":"single","resource":"2342d725-5e27-463b-91d4-e30bb51f4649"},{"type":"single","resource":"a337c16c-9b34-42da-982c-793a19034191"},{"type":"single","resource":"bed62240-4869-4b9b-bdee-611c274529ec"},{"type":"single","resource":"c36421c0-85f1-431c-999c-e445e6361684"},{"type":"single","resource":"3691b17e-79e9-41bf-a2b1-2f285f94b302"},{"type":"single","resource":"3d9d5187-b4c3-4682-abbb-71d888a92309"},{"type":"single","resource":"ff0de58f-79bf-4d8e-b05b-553d6a8d6601"},{"type":"single","resource":"b7d1dfac-6f7b-48ad-ac6c-c7c00da7c4f7"},{"type":"single","resource":"5e649025-d248-4160-be76-06f39809a918"},{"type":"single","resource":"fe7778fc-571f-4b76-97df-db79e36f8572"},{"type":"single","resource":"6ca40c0d-90dc-4e2b-895c-8721de8f1811"},{"type":"single","resource":"97576cd2-3d3f-40ce-8f09-1ac2b5b8af26"},{"type":"single","resource":"400a7355-00fe-41f1-81bc-1933fb128984"},{"type":"single","resource":"0626d509-5cdf-4c32-aff6-a4134970acd0"},{"type":"single","resource":"ad4459da-d6c1-455b-8331-8154426e79ca"},{"type":"single","resource":"221826f8-0812-45c7-98fc-bd40bb9b47a7"},{"type":"single","resource":"37165c15-2327-4c83-aa28-fb16ac924647"},{"type":"single","resource":"68351435-930e-4eb3-b6ff-a11e573f3647"},{"type":"single","resource":"e1408f38-d2ec-4a56-b22f-1e24790d1b8d"},{"type":"single","resource":"c18eaac0-b01b-4937-a836-fdf41ad62533"},{"type":"single","resource":"2f876c1d-fc85-44ff-abda-643fe2914a78"},{"type":"single","resource":"b5400755-1de4-46af-b1a3-c306ce0c4677"},{"type":"single","resource":"b5cb85db-e111-4c4c-bd50-867c910d624f"},{"type":"single","resource":"154f0a95-b035-42c3-9f0a-b724afe9897c"},{"type":"single","resource":"332ad2b0-9c8e-4a44-bb4b-749a3e9b73ce"},{"type":"single","resource":"58313785-d040-4106-8674-596e39a57b41"},{"type":"single","resource":"089fbe4f-4c7b-4202-8ebb-ddcd99e4d40a"},{"type":"single","resource":"0c9a490c-173f-4666-876c-16449519275d"},{"type":"single","resource":"5ecd8d25-6696-47a3-a81e-ef708e2a7fe9"},{"type":"single","resource":"eb1255d2-257b-43d7-bcb6-7c9f9bdeebc2"},{"type":"single","resource":"4936e2e4-e529-46d1-b888-ce2e605a5e84"},{"type":"single","resource":"aed2ff1b-345a-4745-8144-46a1d666cd68"},{"type":"single","resource":"5722d4ed-bbfb-4324-b8e4-ad209dd2fa51"},{"type":"single","resource":"49fa5c8c-32eb-46e1-a832-5932370ecc18"},{"type":"single","resource":"e0322489-6e4f-47f9-997b-6b00fc3bf2fc"},{"type":"single","resource":"aabe133b-12d9-4fc9-b235-d56ecf776d21"},{"type":"single","resource":"b79d97ad-5fe8-4b2f-a57b-92cf5364d2b4"},{"type":"single","resource":"41cb63c0-4cd0-4c63-a94c-74ffa1942953"},{"type":"single","resource":"896332ae-2f96-49d6-90c5-ffe09076b857"},{"type":"single","resource":"e66c340b-96cd-4cb3-9033-f5bfe54c4be2"},{"type":"single","resource":"17756c48-eccd-40f7-bc14-fc3e26f8b283"},{"type":"single","resource":"6cdf21d4-cbca-48f7-b35d-b191538fab57"},{"type":"single","resource":"77ba8ebf-7567-470d-a87c-79ef0fdd3fa6"},{"type":"single","resource":"456377b7-d9f0-4d99-9e01-2c6e7fba7b96"},{"type":"single","resource":"0612719b-80c0-4640-bdc3-f0492450ce91"},{"type":"single","resource":"95bbc615-17fa-4e87-a553-9d9229da59dd"},{"type":"single","resource":"04a6e961-fe29-4b28-a78d-033ead2d0cdd"},{"type":"single","resource":"43855668-618f-48db-bccc-787945bea1db"},{"type":"single","resource":"e3691324-a0d6-45c2-b886-4416432b1d34"},{"type":"single","resource":"c6dc17be-40c0-4eb6-b983-31345e3c8f57"},{"type":"single","resource":"09c912bc-2c50-46a0-a4f2-9c1087c21583"},{"type":"single","resource":"8c921bd1-1572-4fdc-afef-d7550e0f9d91"},{"type":"single","resource":"552693c8-822d-4966-bc95-d537a92b3c5e"},{"type":"single","resource":"0c895fba-8478-4d2a-93bb-fc70aee89087"},{"type":"single","resource":"95c447d8-d8d1-4c8f-9a3e-bbbe6b398500"},{"type":"single","resource":"8bc3e932-5907-4411-8c5b-59a6f2ade383"},{"type":"single","resource":"5d36159b-20a9-40c2-a6a7-206aeaf3f220"},{"type":"single","resource":"1be1f9ea-8072-4841-9def-1088098ad69e"},{"type":"single","resource":"a2596f87-635f-455a-a60c-877190894f3e"},{"type":"single","resource":"vane_trifles:ddc9f0d2-1a1f-43f8-981b-3e7ed110a12a"},{"type":"single","resource":"vane_trifles:96590d8a-32ae-4405-9906-a1605a7ef5ac"},{"type":"single","resource":"vane_trifles:8dfe6bcf-d9f5-4f2a-b278-f7696721381d"},{"type":"single","resource":"item/leather_horse_armor"},{"type":"single","resource":"vane_trifles:5ea8baaf-5b57-4f8b-9469-cafe6edf85d8"},{"type":"single","resource":"8e160644-7ba1-4ae5-a0d8-b4e0139094c7"},{"type":"single","resource":"44ed232e-3953-45c2-84f7-1b2001dbb7dc"},{"type":"single","resource":"92ed2b8f-13b6-45fd-89b6-87e2052f0854"},{"type":"single","resource":"d74fa018-c4ce-485c-b82a-09642f437249"},{"type":"single","resource":"ce119a29-6654-4620-a7dc-a72d09a760cc"},{"type":"single","resource":"8859c486-0e50-45b9-ba19-d597bf9e5fbe"},{"type":"single","resource":"040466f3-2862-4114-8b2a-1f300046b93f"},{"type":"single","resource":"ae063a96-60f9-437e-a7da-e1ce6bf82ffe"},{"type":"single","resource":"44304bf7-69ba-49d8-862d-e1dbd01035f6"},{"type":"single","resource":"ade743aa-2381-4d69-8bd2-108f4179afb5"},{"type":"single","resource":"4a8549ee-a3d6-4acc-868c-ba3ab18436a4"},{"type":"single","resource":"91bdc6d1-abcc-4541-8316-0547fdd9a998"},{"type":"single","resource":"2f1f9b77-0a77-4a79-aa88-28b957b1587c"},{"type":"single","resource":"4aa422a9-915a-4c1c-a1d7-d02489c4b351"},{"type":"single","resource":"634eb389-b060-4700-ad4e-47428aa1c2a8"},{"type":"single","resource":"467ca879-4374-4d5c-bd5e-7b4b31ce432b"},{"type":"single","resource":"f25df2f9-c56a-4872-9446-d44123768583"},{"type":"single","resource":"89da976e-1f77-437d-8eb1-deb0cf11def6"},{"type":"single","resource":"1241f98f-e6a9-4bd1-80c5-7a7aa7f49794"},{"type":"single","resource":"50fed825-308b-4558-89cc-c7e3985f26aa"},{"type":"single","resource":"8928c26d-8c16-40eb-98cd-eedea65281e0"},{"type":"single","resource":"1ce0a68a-8ae1-4f3e-a7b4-4c9ac53b8232"},{"type":"single","resource":"76c9e40b-d9ab-4f7d-91c3-878103d34971"},{"type":"single","resource":"fbd6fb5b-b164-4c72-bb82-329b23e7e6aa"},{"type":"single","resource":"6947e404-15dd-446f-afdf-973830d06be0"},{"type":"single","resource":"385c0ed6-3f55-46ed-b0f1-95effbb0dce0"},{"type":"single","resource":"8469399f-80af-45a2-8c2b-0d292855a0b4"},{"type":"single","resource":"52d1b771-7569-498c-9e21-ceee6fef9687"},{"type":"single","resource":"be88222f-ab19-45b9-ab3d-f2a5e608ef62"},{"type":"single","resource":"4decce9e-7b54-4825-8e96-990297dd51bc"},{"type":"single","resource":"45e35a68-7120-4846-bbd5-859e1ffb7e85"},{"type":"single","resource":"47df5d06-2224-4a73-836e-27d970775ac7"},{"type":"single","resource":"812cf0e7-063c-4f82-b1c9-e7601b2ceba7"},{"type":"single","resource":"4490e8a9-e6fb-44b4-a1ed-1ac909d6f8e1"},{"type":"single","resource":"eb1b12ec-8a7a-43ed-9b8a-519dfc31974f"},{"type":"single","resource":"1ee97bfc-ebc4-49ec-98d1-e66aaeb48a29"},{"type":"single","resource":"9c4c954e-2519-4122-a025-5f452de5a34f"},{"type":"single","resource":"dd2a59ce-ca14-4958-b20c-0d9ee25386d6"},{"type":"single","resource":"c123eac8-ad4e-440d-974c-3b2ec20db13b"},{"type":"single","resource":"4403a9a9-7d60-4acd-be08-824811d1844c"},{"type":"single","resource":"e3f9dc80-d5ad-45d3-9f96-16380e4f895c"},{"type":"single","resource":"b7bef255-f434-4186-9919-5125108af55a"},{"type":"single","resource":"vane_trifles:465c4c31-376e-4f8d-a510-8486d82bb4a7"},{"type":"single","resource":"c354efbb-2b28-411e-8d85-24f3287b05e5"},{"type":"single","resource":"ca25db85-8738-4511-96f9-91149f8306a7"},{"type":"single","resource":"f6e2731f-792a-4684-9ac6-153a3912befc"},{"type":"single","resource":"6aff659c-49eb-4dfe-b342-a9a1d000e7d5"},{"type":"single","resource":"80fac956-7a4c-4572-9063-dd25c4dbf45e"},{"type":"single","resource":"5a4ac4b6-a88f-40d5-b89e-7456e1e44da9"},{"type":"single","resource":"item/netherite_axe"},{"type":"single","resource":"item/netherite_hoe"},{"type":"single","resource":"item/netherite_pickaxe"},{"type":"single","resource":"item/netherite_shovel"},{"type":"single","resource":"vane_trifles:7c64a60a-1080-4b09-a1f6-5448e3fd9b23"},{"type":"single","resource":"item/netherite_sword"},{"type":"single","resource":"nexo:43d5f1ed-0368-41bc-8f6f-c7482933ba3b"},{"type":"single","resource":"nexo:43d5f1ed-0368-41bc-8f6f-c7482933ba3b"},{"type":"single","resource":"nexo:ef5abec4-6496-4a9d-bd8e-883abfcd9985"},{"type":"single","resource":"nexo:ef5abec4-6496-4a9d-bd8e-883abfcd9985"},{"type":"single","resource":"nexo:83090dfc-d62b-4a81-abf0-ef42758a7694"},{"type":"single","resource":"nexo:bae49769-bf3f-416a-add8-a4ed5c331895"},{"type":"single","resource":"nexo:bae49769-bf3f-416a-add8-a4ed5c331895"},{"type":"single","resource":"nexo:22c01753-d79b-4699-a3c3-ab63082ac3dc"},{"type":"single","resource":"nexo:ef5f339f-0855-4eee-8c66-46e2bb7a416e"},{"type":"single","resource":"nexo:8fee5661-d92c-49fd-8a66-f1bf512ae89d"},{"type":"single","resource":"nexo:d511900c-067c-4ae2-840f-fe6ab61e8d59"},{"type":"single","resource":"nexo:8bc991f9-cd19-4261-ad8e-0f213e2749bb"},{"type":"single","resource":"nexo:8bc991f9-cd19-4261-ad8e-0f213e2749bb"},{"type":"single","resource":"nexo:e84795b4-ebad-44bc-8204-78b73e2478bd"},{"type":"single","resource":"nexo:e84795b4-ebad-44bc-8204-78b73e2478bd"},{"type":"single","resource":"nexo:8d4bb326-1995-4fd2-b87f-36d6f74e5a4d"},{"type":"single","resource":"nexo:5dae57aa-a349-4600-8b20-f605328b5d8a"},{"type":"single","resource":"nexo:163989ac-4e13-42f7-8707-30b401104fa0"},{"type":"single","resource":"nexo:163989ac-4e13-42f7-8707-30b401104fa0"},{"type":"single","resource":"nexo:b18ec3d7-8919-4f95-b2b6-d1c0cf2ddbcd"},{"type":"single","resource":"nexo:b18ec3d7-8919-4f95-b2b6-d1c0cf2ddbcd"},{"type":"single","resource":"nexo:b18ec3d7-8919-4f95-b2b6-d1c0cf2ddbcd"},{"type":"single","resource":"nexo:c7bb6848-1a90-4d5f-b297-d556a6d86420"},{"type":"single","resource":"nexo:1022d3c6-a737-4a97-8a70-6903898edd73"},{"type":"single","resource":"nexo:e5ff8753-8c02-4e72-8e93-eb14f1b38ab8"},{"type":"single","resource":"nexo:565a221f-e2e7-401d-9251-97fd828f866c"},{"type":"single","resource":"nexo:27b03662-b193-4eca-9a63-cc2b569e6c6b"},{"type":"single","resource":"nexo:c6873e44-54e8-4d40-99ce-61777839d686"},{"type":"single","resource":"nexo:6cfbdc27-c085-471a-aab6-743da2ec1caf"},{"type":"single","resource":"nexo:6cfbdc27-c085-471a-aab6-743da2ec1caf"},{"type":"single","resource":"nexo:90a060af-147b-42ff-aed1-50a1f133a103"},{"type":"single","resource":"nexo:1d96a02b-3fb4-4c3d-8299-6803e5e4cb9d"},{"type":"single","resource":"nexo:7d31d2c3-5ec2-4ed0-8134-5b93880f6171"},{"type":"single","resource":"nexo:e139d383-ba47-4995-a7cc-4ba801938e51"},{"type":"single","resource":"nexo:e139d383-ba47-4995-a7cc-4ba801938e51"},{"type":"single","resource":"nexo:d3185356-4956-40da-b060-bdb1db74a514"},{"type":"single","resource":"nexo:d3185356-4956-40da-b060-bdb1db74a514"},{"type":"single","resource":"nexo:3112eb88-8c1b-41b9-9cc1-cbc27e9c3fe3"},{"type":"single","resource":"nexo:3112eb88-8c1b-41b9-9cc1-cbc27e9c3fe3"},{"type":"single","resource":"nexo:0b8d9726-f66b-4047-bd7e-dd36e9875712"},{"type":"single","resource":"nexo:7a0e9155-1b89-4522-9025-f76276ec3f9b"},{"type":"single","resource":"nexo:edf4ad0e-e3a6-45bd-9b2b-927c97e59867"},{"type":"single","resource":"nexo:edf4ad0e-e3a6-45bd-9b2b-927c97e59867"},{"type":"single","resource":"nexo:5c090bbc-8d5e-48d9-9b1e-14b5540bb085"},{"type":"single","resource":"nexo:ba37febb-2f4a-4812-a44f-115cbb33b506"},{"type":"single","resource":"nexo:94f8bed9-6187-447d-b819-d36579a4d850"},{"type":"single","resource":"nexo:94f8bed9-6187-447d-b819-d36579a4d850"},{"type":"single","resource":"vane_trifles:3103ff92-b729-4fbf-b77b-f5e289e773ab"},{"type":"single","resource":"vane_trifles:4ee40298-2fff-4248-9946-280583de29b4"},{"type":"single","resource":"vane_trifles:97d09a27-b158-48e2-bd52-c8ba465ac0ee"},{"type":"single","resource":"vane_trifles:ffa6fc1b-41cc-40d7-a335-b2aced471d64"},{"type":"single","resource":"vane_trifles:f66f8d60-e5dc-4ad5-8f86-fdfb5d2906a2"},{"type":"single","resource":"vane_trifles:21e896d8-f58c-49c5-b513-fa80f2300d7c"},{"type":"single","resource":"vane_trifles:a55a1876-843e-4bd1-ac85-4a51ae171d18"},{"type":"single","resource":"vane_trifles:65b50bf2-eba5-48f1-8ee1-f5ab9fadc940"},{"type":"single","resource":"vane_trifles:800aa2ba-4797-47a7-a116-b6d1d29e1b5f"},{"type":"single","resource":"vane_trifles:c9be151f-99f7-488d-9149-0ea605ae831d"},{"type":"single","resource":"vane_trifles:d2e80cf8-f251-42bc-9446-6d29727c8dc3"},{"type":"single","resource":"vane_trifles:1021e942-1a9f-40c9-bf37-b70f078d8c63"},{"type":"single","resource":"vane_trifles:dcc14bb7-6eab-48e3-8996-a8630ca0fa6d"},{"type":"single","resource":"vane_trifles:0e3555fa-8c07-4b19-9ef1-b311e0414f54"},{"type":"single","resource":"vane_trifles:3d5be1a5-2a3c-4aab-8863-af48cf05ea7b"},{"type":"single","resource":"vane_trifles:69247f8c-5191-4a4d-913b-bac82f5ed65d"},{"type":"single","resource":"vane_trifles:898c15da-f229-484d-a2a2-ab73f5503c03"},{"type":"single","resource":"vane_trifles:fbb73a89-4f56-4978-be0e-8295e2a16345"},{"type":"single","resource":"vane_trifles:0f142d61-7eac-4c65-904c-e2cfbe9ea4d5"},{"type":"single","resource":"vane_trifles:e1c83d40-26b9-4cee-b7ba-74ee7514146e"},{"type":"single","resource":"vane_trifles:fc094953-7d49-42db-8647-e840e4707bba"},{"type":"single","resource":"vane_trifles:913dc1dd-5ad2-424c-b0a8-b60f424707d9"},{"type":"single","resource":"vane_trifles:8cc28052-cfe8-4990-b393-30cd0d288071"},{"type":"single","resource":"vane_trifles:748da1a1-0998-4d3a-a23e-80a20c9ef0fe"},{"type":"single","resource":"vane_trifles:c1da4f63-5070-42ed-a552-b96bc6d69183"},{"type":"single","resource":"vane_trifles:a853c13f-e8dc-4bd0-bd56-5ecf2c309ce1"},{"type":"single","resource":"vane_trifles:8bad77f9-59e7-476f-b602-5746dae261a6"},{"type":"single","resource":"vane_trifles:620ddb97-075a-4724-9386-ad0db39e3d50"},{"type":"single","resource":"vane_trifles:e1e09e93-2487-4a4b-92e4-bddbce7c66af"},{"type":"single","resource":"vane_trifles:0f768808-a7f2-4f35-8bd0-d301b801926d"},{"type":"single","resource":"vane_trifles:b87d81db-1ecd-475a-9277-7713e77ea091"},{"type":"single","resource":"vane_trifles:b6e08022-c7ee-414f-8ce7-f0cc0c2e0bc0"},{"type":"single","resource":"item/paper"},{"type":"single","resource":"vane_trifles:7f1e7b3b-cb1d-4f5d-8349-3bb8a0c6ec90"},{"type":"single","resource":"vane_trifles:e5cb5f7a-c455-439d-9d96-ef6e52b3779d"},{"type":"single","resource":"vane_trifles:cf8ab53b-9c84-406b-be5c-c7e5a42ba6b1"},{"type":"single","resource":"vane_trifles:cee3a736-0784-40e1-bd14-4e8059840775"},{"type":"single","resource":"vane_trifles:3c9f1746-546e-472b-a169-632cb3868cc3"},{"type":"single","resource":"vane_trifles:d11c193a-9d36-46b4-bf13-0c73ba458d42"},{"type":"single","resource":"vane_trifles:61e679d9-3650-475d-b36d-432aa331f27f"},{"type":"single","resource":"vane_trifles:a036fd4c-29a3-4321-8e08-8d5272eab298"},{"type":"single","resource":"vane_trifles:abdcfffb-0563-4c85-b905-ef921a6beadb"},{"type":"single","resource":"d133bfae-815c-4fbc-9398-b81372c96dbb"},{"type":"single","resource":"d133bfae-815c-4fbc-9398-b81372c96dbb"},{"type":"single","resource":"a7c832ea-0535-429a-8858-59bbea4de1b1"},{"type":"single","resource":"60d63560-8cf3-439e-b78d-827d6445fdcf"},{"type":"single","resource":"60d63560-8cf3-439e-b78d-827d6445fdcf"},{"type":"single","resource":"d25b5c44-c199-4414-b2d6-34fa5d2b670e"},{"type":"single","resource":"4c2f055a-1428-462e-97d2-abb4bbf139f7"},{"type":"single","resource":"4c2f055a-1428-462e-97d2-abb4bbf139f7"},{"type":"single","resource":"c5ba3175-bdd7-44d8-83a0-8ac42375bb98"},{"type":"single","resource":"c5ba3175-bdd7-44d8-83a0-8ac42375bb98"},{"type":"single","resource":"c5ba3175-bdd7-44d8-83a0-8ac42375bb98"},{"type":"single","resource":"c5ba3175-bdd7-44d8-83a0-8ac42375bb98"},{"type":"single","resource":"654c12f0-efdc-4e0e-9cc1-93cc5412d95f"},{"type":"single","resource":"ea4b8a63-9c71-4509-9270-a10ff2f28fef"},{"type":"single","resource":"112c0d18-6248-495a-974c-9cc2d070462d"},{"type":"single","resource":"0d4645c5-034e-4ed7-9368-61dcfdcd21c9"},{"type":"single","resource":"0d60a0e6-1d4a-4475-b3b3-32a23e469900"},{"type":"single","resource":"13b8b8d7-948b-4eb9-b825-f58b9290a746"},{"type":"single","resource":"7968bee2-63ab-4330-92a7-f15cac3693dc"},{"type":"single","resource":"1e59a5c1-fa1a-4c97-9be7-0db45343fcb8"},{"type":"single","resource":"863d9210-be59-4b51-9eb2-54d2c5b22cb9"},{"type":"single","resource":"acb1f1b6-d43f-4e9f-bab8-9b974ff112b7"},{"type":"single","resource":"fe60410e-773e-42a5-9f71-4e0af0313364"},{"type":"single","resource":"b84c4b5f-f69f-4920-97ad-541b286c4710"},{"type":"single","resource":"1514d071-e5a6-411d-bd34-cc573714293c"},{"type":"single","resource":"2c6a1f2f-f275-4892-9933-f19ef3d32769"},{"type":"single","resource":"9f8d35af-9ade-4250-8f9c-9045677c93d1"},{"type":"single","resource":"54afbcf8-bde9-42c5-ad5e-38b3f76303a8"},{"type":"single","resource":"fdbb5309-5fb6-4a0f-a207-8cb88c387a63"},{"type":"single","resource":"828002d3-1a48-48a6-8b67-d9bc218ee07e"},{"type":"single","resource":"3eca7994-6ba6-41e9-a49d-24a877a42ce8"},{"type":"single","resource":"e00c8939-af93-4518-b536-9bd03cdc7337"},{"type":"single","resource":"b73b2a55-53ab-4cfb-9543-712446206bf1"},{"type":"single","resource":"1b0cfdd4-1415-409e-9bb4-aedbb63c1961"},{"type":"single","resource":"9add8dce-0588-4a4a-93e4-6baf29089305"},{"type":"single","resource":"0e5100b1-ee37-4ee8-8f4c-84b9d6d5155f"},{"type":"single","resource":"105e9019-cb71-4ecd-978e-3fec27ea1135"},{"type":"single","resource":"f0ca8ccd-4b4a-4708-b37e-812a1d2f43b8"},{"type":"single","resource":"db5608ad-ab3e-4558-8e13-a4fb2cb96075"},{"type":"single","resource":"aba59ecf-3582-4ac4-88b1-f22f84a85ae9"},{"type":"single","resource":"16a15376-cd75-4f14-8cd8-74e3ef11fd1e"},{"type":"single","resource":"9d760af7-5c4b-47e4-ae4e-17d315669e0e"},{"type":"single","resource":"f1302adf-3563-4ff5-aebc-65664ca1544d"},{"type":"single","resource":"937f0d6f-fe8e-42e8-98f9-abce16e198ae"},{"type":"single","resource":"0348b7a3-e7bc-44ac-a24d-fc471f8fe00e"},{"type":"single","resource":"a5aa5a1a-c7e5-4bd8-97d9-e38859d0eaae"},{"type":"single","resource":"4e75885c-6def-4a90-80dd-9d0756a58941"},{"type":"single","resource":"3d6d63f3-b5ec-4d3f-98f4-e6cf2d5f7cae"},{"type":"single","resource":"d8c327fb-06cb-4e78-978c-c8f791616b0c"},{"type":"single","resource":"a3c1a512-382d-44f8-8397-133edb544004"},{"type":"single","resource":"50ca25e2-355e-47d2-b302-53524d0dda79"},{"type":"single","resource":"5828e4a1-005e-4fbe-ae09-2d72be32ff49"},{"type":"single","resource":"c1cc7eae-247f-4d74-8cef-a3a0e8c00704"},{"type":"single","resource":"f2f0a5e2-3bd6-434d-9345-2552dd14765f"},{"type":"single","resource":"04aec2dc-6f45-4d13-959f-8ecb934d3f64"},{"type":"single","resource":"82b2b11c-92b1-4a29-a469-d70e70ef6bce"},{"type":"single","resource":"4143136a-87e9-47e0-b28a-f6eb89807abf"},{"type":"single","resource":"cca57ec4-16cb-4b0f-ba30-85c49b417938"},{"type":"single","resource":"c50da9e2-7b40-42d5-943a-cff2fd584787"},{"type":"single","resource":"0bdb181a-f24a-4ca7-b961-850adba9d751"},{"type":"single","resource":"e381e068-8022-44fc-8a75-c5babed89c1a"},{"type":"single","resource":"8d8910fb-9bfb-442f-9201-2b1f2ef7e302"},{"type":"single","resource":"4edbd2d5-c8ee-46d3-a4ab-da7026f7ef4f"},{"type":"single","resource":"e2d80138-2f82-421d-8078-8f868cbe4b11"},{"type":"single","resource":"56a83dca-185f-4835-9c0b-ef68cdd5a4d2"},{"type":"single","resource":"8dd5c0f7-76e4-42db-ad68-687fa23220a9"},{"type":"single","resource":"e23d377f-083d-4df7-af3e-882e3ad3151c"},{"type":"single","resource":"539713e1-28b1-4f96-be54-109c5a36e58b"},{"type":"single","resource":"958ae266-fdda-4d1d-be81-3b058ed21abd"},{"type":"single","resource":"74c86a06-b6a8-42e0-b572-12511dd904b0"},{"type":"single","resource":"522ee029-d896-426c-8bdd-3949aad037dd"},{"type":"single","resource":"834051f4-d1f8-433e-a4b2-304918b9d19f"},{"type":"single","resource":"c1e2942d-b61e-4511-91de-53be391fca18"},{"type":"single","resource":"6d35b5f6-faed-44b0-9b70-b2bb65ebf627"},{"type":"single","resource":"80d48db7-1e09-4e59-8e31-c9b4e2f05ee2"},{"type":"single","resource":"d4555463-88c0-4fc4-95ba-3ee4276c9b44"},{"type":"single","resource":"34a0e986-ddbf-4764-a8b1-4577b881078f"},{"type":"single","resource":"69b71d8f-6b32-4787-9593-ebb38e565c4a"},{"type":"single","resource":"ce4812ad-14f0-4517-8997-da54a8bae022"},{"type":"single","resource":"2e42ebd4-9699-4dee-a8da-348d5cd58ccc"},{"type":"single","resource":"d3bdcbf9-cc1e-43be-aeb7-574410ff2e1c"},{"type":"single","resource":"848c9c7b-98e7-403a-9b51-6ccda00e276f"},{"type":"single","resource":"b2bf482e-76f0-44d4-83c8-3acb7bf11a07"},{"type":"single","resource":"217de759-1834-46ad-8dd6-f6d38422404d"},{"type":"single","resource":"3b6ab328-9f76-40b8-a3fe-6b53e81ffe96"},{"type":"single","resource":"69a9a988-cbc6-429d-8d36-f891916ebb96"},{"type":"single","resource":"d7db03f1-6cba-4563-86be-3b2dc77c1dac"},{"type":"single","resource":"ae17fbef-2745-4637-8be7-52dddc885e28"},{"type":"single","resource":"4f37aeb7-95d6-44ea-87ae-439f1c17704c"},{"type":"single","resource":"71ab93e6-a146-40fb-81c5-4ff115871826"},{"type":"single","resource":"249fba6d-fb42-4063-b579-9270e59ad4e8"},{"type":"single","resource":"dfb7242d-d1e6-4ba4-9fba-454dcaa71897"},{"type":"single","resource":"54b2e057-f41a-4151-8dce-a020b50791a7"},{"type":"single","resource":"1c0de4bb-c750-4701-ab30-755f5edae91f"},{"type":"single","resource":"vane_trifles:2bd1c510-e8d1-49d3-95fe-52d209b19f7d"},{"type":"single","resource":"vane_trifles:bedccf99-866e-446f-aa76-709b4f15b78e"},{"type":"single","resource":"e69cafc6-ae66-4860-b9c6-3c8caf1ae3de"},{"type":"single","resource":"d7c354cb-2ba2-43a6-ac94-723aed70844e"},{"type":"single","resource":"a428077c-be52-452f-b138-3ca117706ca6"},{"type":"single","resource":"a428077c-be52-452f-b138-3ca117706ca6"},{"type":"single","resource":"e2a623d4-4689-4d51-a2d0-30752bfce4b1"},{"type":"single","resource":"4dbd836e-b0a1-4239-bfe4-b4f0dd39b6d3"},{"type":"single","resource":"6d3e4aa2-1bb4-490b-a703-01ff15f6ab04"},{"type":"single","resource":"23dd1208-5ea7-462c-9513-8a14e223dbcd"},{"type":"single","resource":"1306fcae-84d4-449b-8379-2a560fec2ba9"},{"type":"single","resource":"70072538-0260-4bb7-bf48-85af8e700dc7"},{"type":"single","resource":"70072538-0260-4bb7-bf48-85af8e700dc7"},{"type":"single","resource":"fd27ebba-8f53-46b1-942b-c44c3b8504ba"},{"type":"single","resource":"fd27ebba-8f53-46b1-942b-c44c3b8504ba"},{"type":"single","resource":"13926ec0-5aaf-4570-8efa-74350255544c"},{"type":"single","resource":"13926ec0-5aaf-4570-8efa-74350255544c"},{"type":"single","resource":"851ea216-318a-4a80-8bfb-8966945ab86b"},{"type":"single","resource":"851ea216-318a-4a80-8bfb-8966945ab86b"},{"type":"single","resource":"d0e204ac-eedc-44ee-b8ee-5681f97b91f7"},{"type":"single","resource":"d0e204ac-eedc-44ee-b8ee-5681f97b91f7"},{"type":"single","resource":"8360c8f6-35a3-454d-9d66-72283aad028e"},{"type":"single","resource":"8360c8f6-35a3-454d-9d66-72283aad028e"},{"type":"single","resource":"de579c57-8293-4386-a652-82ef8332ace1"},{"type":"single","resource":"624e09fd-1eef-4f03-ae6c-37d97d418e1f"},{"type":"single","resource":"624e09fd-1eef-4f03-ae6c-37d97d418e1f"},{"type":"single","resource":"7ef6b467-1b84-4f2e-ae12-6a6360dea8e7"},{"type":"single","resource":"7ef6b467-1b84-4f2e-ae12-6a6360dea8e7"},{"type":"single","resource":"9aa4f848-4a52-4280-b3bb-8afc73e0e985"},{"type":"single","resource":"9aa4f848-4a52-4280-b3bb-8afc73e0e985"},{"type":"single","resource":"7a267858-d7de-484f-90af-645b59684bde"},{"type":"single","resource":"7a267858-d7de-484f-90af-645b59684bde"},{"type":"single","resource":"e413b9b4-58cf-4c92-9f31-96b96ea6d83e"},{"type":"single","resource":"e413b9b4-58cf-4c92-9f31-96b96ea6d83e"},{"type":"single","resource":"d287bc6d-db51-49e6-8b52-fd4d38c007a5"},{"type":"single","resource":"d287bc6d-db51-49e6-8b52-fd4d38c007a5"},{"type":"single","resource":"eea166f7-1375-4bda-9aca-4538fee533f9"},{"type":"single","resource":"320020ad-e226-4b56-88fd-de23c5d045b3"},{"type":"single","resource":"320020ad-e226-4b56-88fd-de23c5d045b3"},{"type":"single","resource":"dbf1fa7a-b917-45de-a3bf-af730843614d"},{"type":"single","resource":"dbf1fa7a-b917-45de-a3bf-af730843614d"},{"type":"single","resource":"5e8a5c11-2aca-4a83-9402-6bf06dff7c36"},{"type":"single","resource":"5e8a5c11-2aca-4a83-9402-6bf06dff7c36"},{"type":"single","resource":"f4c428b8-877f-4362-8498-35b901dd09c5"},{"type":"single","resource":"f4c428b8-877f-4362-8498-35b901dd09c5"},{"type":"single","resource":"e646106b-539a-4fd8-aa97-73a2734ebea8"},{"type":"single","resource":"e646106b-539a-4fd8-aa97-73a2734ebea8"},{"type":"single","resource":"87bf66aa-05b0-4a06-a9b3-d366beed3cc7"},{"type":"single","resource":"87bf66aa-05b0-4a06-a9b3-d366beed3cc7"},{"type":"single","resource":"ffdbb301-b35d-4919-a102-18e08532e53f"},{"type":"single","resource":"cbe20680-e188-4b75-83e1-773ef35c3a1b"},{"type":"single","resource":"cbe20680-e188-4b75-83e1-773ef35c3a1b"},{"type":"single","resource":"e59a71a9-dc0d-4683-86e3-32d46ecd0747"},{"type":"single","resource":"e59a71a9-dc0d-4683-86e3-32d46ecd0747"},{"type":"single","resource":"0583a6a1-e469-4a06-ba51-18b86819f01a"},{"type":"single","resource":"0583a6a1-e469-4a06-ba51-18b86819f01a"},{"type":"single","resource":"f9872fdf-b471-40c7-8b81-9391822b5c07"},{"type":"single","resource":"f9872fdf-b471-40c7-8b81-9391822b5c07"},{"type":"single","resource":"e9b5c746-37d1-42e4-8bf6-7ebabc4eaf4f"},{"type":"single","resource":"e9b5c746-37d1-42e4-8bf6-7ebabc4eaf4f"},{"type":"single","resource":"fa65ca0f-ce07-4328-b855-9a0d3bf28c25"},{"type":"single","resource":"fa65ca0f-ce07-4328-b855-9a0d3bf28c25"},{"type":"single","resource":"410180f6-df44-4803-b222-ad0336ab3356"},{"type":"single","resource":"9fdf9d37-5dd7-4211-8685-280cd964f0e4"},{"type":"single","resource":"9fdf9d37-5dd7-4211-8685-280cd964f0e4"},{"type":"single","resource":"e5f18b73-c8a3-4ce5-a8e3-e8392d3d5eb1"},{"type":"single","resource":"e5f18b73-c8a3-4ce5-a8e3-e8392d3d5eb1"},{"type":"single","resource":"668341b4-d1e2-4e0f-88ad-6e9d5db9aeb7"},{"type":"single","resource":"668341b4-d1e2-4e0f-88ad-6e9d5db9aeb7"},{"type":"single","resource":"33e33e9e-a766-47fc-ab43-f79c1c93a17b"},{"type":"single","resource":"33e33e9e-a766-47fc-ab43-f79c1c93a17b"},{"type":"single","resource":"98a41f60-161a-472f-abb9-0f21af05d625"},{"type":"single","resource":"98a41f60-161a-472f-abb9-0f21af05d625"},{"type":"single","resource":"5111fb5f-7193-43eb-9f61-f133f0e98527"},{"type":"single","resource":"5111fb5f-7193-43eb-9f61-f133f0e98527"},{"type":"single","resource":"98122c4a-d5a4-439b-aee2-567f822524a1"},{"type":"single","resource":"03467e39-9848-4b7e-aca6-ac8009900361"},{"type":"single","resource":"03467e39-9848-4b7e-aca6-ac8009900361"},{"type":"single","resource":"1b0bf525-10d1-41e8-b11b-2629fa5e9d8b"},{"type":"single","resource":"1b0bf525-10d1-41e8-b11b-2629fa5e9d8b"},{"type":"single","resource":"71fb9f13-343b-40a0-aae0-e36c7511fa19"},{"type":"single","resource":"71fb9f13-343b-40a0-aae0-e36c7511fa19"},{"type":"single","resource":"2d04c138-abfe-41d9-9058-dc8d709c712d"},{"type":"single","resource":"2d04c138-abfe-41d9-9058-dc8d709c712d"},{"type":"single","resource":"4a402161-3240-471a-b91c-c33c266c2b67"},{"type":"single","resource":"4a402161-3240-471a-b91c-c33c266c2b67"},{"type":"single","resource":"6ac89e4d-d74c-4ade-b5a1-f5e9abdc4a58"},{"type":"single","resource":"6ac89e4d-d74c-4ade-b5a1-f5e9abdc4a58"},{"type":"single","resource":"c34ca595-2616-459f-9f99-29fe146d897d"},{"type":"single","resource":"vane_trifles:c8303768-52e4-4c89-8252-4edac3022862"},{"type":"single","resource":"item/wooden_sword"},{"type":"single","resource":"item/wooden_sword"},{"type":"single","resource":"item/wooden_sword"},{"type":"single","resource":"item/wooden_sword"},{"type":"single","resource":"item/wooden_sword"},{"type":"single","resource":"item/wooden_sword"},{"type":"single","resource":"08e9a11a-138d-4d33-9c3f-c0709100e7db"},{"type":"single","resource":"08e9a11a-138d-4d33-9c3f-c0709100e7db"},{"type":"single","resource":"08e9a11a-138d-4d33-9c3f-c0709100e7db"},{"type":"single","resource":"08e9a11a-138d-4d33-9c3f-c0709100e7db"},{"type":"single","resource":"c7f42c55-18de-4b58-a116-db5a978d2fef"},{"type":"single","resource":"c7f42c55-18de-4b58-a116-db5a978d2fef"},{"type":"single","resource":"c7f42c55-18de-4b58-a116-db5a978d2fef"},{"type":"single","resource":"c7f42c55-18de-4b58-a116-db5a978d2fef"},{"type":"single","resource":"ef0603e2-f41d-4e21-9719-b8ae1113f9d6"},{"type":"single","resource":"ef0603e2-f41d-4e21-9719-b8ae1113f9d6"},{"type":"single","resource":"a5437cf2-7063-4b9d-a888-710269f8eaa3"},{"type":"single","resource":"a5437cf2-7063-4b9d-a888-710269f8eaa3"}]}