{"model":{"type":"range_dispatch","property":"custom_model_data","entries":[{"threshold":1000.0,"model":{"type":"model","model":"b010ecbc-614c-41d2-baaa-cfdb7227d49f:a8a163ad-7450-49b5-97d8-ff823b22c26a","tints":[{"type":"dye","default":-6265536}]}},{"threshold":1001.0,"model":{"type":"model","model":"b010ecbc-614c-41d2-baaa-cfdb7227d49f:056d2b41-f44d-4477-b649-d060cc2e4655","tints":[{"type":"dye","default":-6265536}]}},{"threshold":1002.0,"model":{"type":"model","model":"b010ecbc-614c-41d2-baaa-cfdb7227d49f:01bc6c86-4a66-4754-8243-534a6d7475c1","tints":[{"type":"dye","default":-6265536}]}},{"threshold":1003.0,"model":{"type":"model","model":"b010ecbc-614c-41d2-baaa-cfdb7227d49f:54f7b63f-3257-464d-8dd9-0c5de1c788de","tints":[{"type":"dye","default":-6265536}]}}],"fallback":{"type":"model","model":"item/leather_horse_armor","tints":[{"type":"dye","default":-6265536}]}}}