{"model":{"type":"range_dispatch","property":"custom_model_data","entries":[{"threshold":1000.0,"model":{"type":"model","model":"b010ecbc-614c-41d2-baaa-cfdb7227d49f:e3e15bdf-fd78-4a7c-ad4e-c31b03b38e32","tints":[]}},{"threshold":1001.0,"model":{"type":"model","model":"b010ecbc-614c-41d2-baaa-cfdb7227d49f:ce700f91-2272-406d-acb9-dae9a0749ab1","tints":[]}},{"threshold":1002.0,"model":{"type":"model","model":"b010ecbc-614c-41d2-baaa-cfdb7227d49f:532c5812-513b-46b6-a339-f4867db268d8","tints":[]}},{"threshold":1003.0,"model":{"type":"model","model":"b010ecbc-614c-41d2-baaa-cfdb7227d49f:6e319609-2fc5-40af-85aa-0045a269bf95","tints":[]}},{"threshold":1004.0,"model":{"type":"model","model":"b010ecbc-614c-41d2-baaa-cfdb7227d49f:9e41211d-0626-41b5-afb0-63f77e24d014","tints":[]}},{"threshold":1005.0,"model":{"type":"model","model":"b010ecbc-614c-41d2-baaa-cfdb7227d49f:5430d837-7d23-4865-ac74-754770125810","tints":[]}},{"threshold":1006.0,"model":{"type":"model","model":"970bdfee-e781-4bc9-9116-c27c0c85c46b:ff82f9b1-f815-4a2c-b9e5-9e9bf6027aa9","tints":[]}},{"threshold":1007.0,"model":{"type":"model","model":"970bdfee-e781-4bc9-9116-c27c0c85c46b:da570533-a23f-4dbf-b8e0-3efb7fc3e3bb","tints":[]}},{"threshold":1008.0,"model":{"type":"model","model":"970bdfee-e781-4bc9-9116-c27c0c85c46b:dc1fdec0-8e7b-47eb-a32e-396a031c11fa","tints":[]}},{"threshold":1009.0,"model":{"type":"model","model":"29d1c314-2be8-4e23-9a49-036010037148:858d1183-bf9e-48a0-9194-ac23e377394b","tints":[]}},{"threshold":1010.0,"model":{"type":"model","model":"29d1c314-2be8-4e23-9a49-036010037148:da933fb4-7976-429d-9b97-4205424fea9b","tints":[]}},{"threshold":1011.0,"model":{"type":"model","model":"29d1c314-2be8-4e23-9a49-036010037148:f3653209-3684-4d78-847a-d51c3b31038f","tints":[]}},{"threshold":1012.0,"model":{"type":"model","model":"29d1c314-2be8-4e23-9a49-036010037148:211c26fe-0850-41b2-ae90-66e13919a6ff","tints":[]}},{"threshold":1013.0,"model":{"type":"model","model":"970bdfee-e781-4bc9-9116-c27c0c85c46b:fa7def5a-d951-4906-a12b-128351de6f21","tints":[]}},{"threshold":1014.0,"model":{"type":"model","model":"970bdfee-e781-4bc9-9116-c27c0c85c46b:e27249ed-775b-4f7d-81d7-57ad5fcdbfc9","tints":[]}},{"threshold":1015.0,"model":{"type":"model","model":"970bdfee-e781-4bc9-9116-c27c0c85c46b:107ce33e-a5b0-4043-bb30-5953feac6f67","tints":[]}},{"threshold":1016.0,"model":{"type":"model","model":"29d1c314-2be8-4e23-9a49-036010037148:e212e68a-840e-4583-adb7-30b35498fe0e","tints":[]}},{"threshold":1017.0,"model":{"type":"model","model":"29d1c314-2be8-4e23-9a49-036010037148:b3759fb8-5b22-4aec-b1d5-e67710e2f844","tints":[]}},{"threshold":1018.0,"model":{"type":"model","model":"29d1c314-2be8-4e23-9a49-036010037148:fd3aa5cb-3344-40d5-9a40-85ad32348910","tints":[]}},{"threshold":1019.0,"model":{"type":"model","model":"29d1c314-2be8-4e23-9a49-036010037148:357723d3-0e62-4fc2-8352-f0089b819c0d","tints":[]}},{"threshold":1020.0,"model":{"type":"model","model":"29d1c314-2be8-4e23-9a49-036010037148:7dea98b4-f2ad-4f67-911d-1fc5ba7797fe","tints":[]}},{"threshold":1021.0,"model":{"type":"model","model":"29d1c314-2be8-4e23-9a49-036010037148:50a0ddcf-da16-43d5-a75a-ff570bce4249","tints":[]}},{"threshold":1022.0,"model":{"type":"model","model":"29d1c314-2be8-4e23-9a49-036010037148:3f8b923f-a1b5-4536-ab96-5de752e6926b","tints":[]}},{"threshold":1023.0,"model":{"type":"model","model":"29d1c314-2be8-4e23-9a49-036010037148:285a79a5-4855-4370-84e8-c89acb2971e7","tints":[]}},{"threshold":1024.0,"model":{"type":"model","model":"29d1c314-2be8-4e23-9a49-036010037148:6ccf09b2-fd8a-4c90-9d62-8221e966fa0b","tints":[]}},{"threshold":1025.0,"model":{"type":"model","model":"29d1c314-2be8-4e23-9a49-036010037148:84fd979b-d3c3-4c36-a73b-cc3f72be801f","tints":[]}},{"threshold":1026.0,"model":{"type":"model","model":"29d1c314-2be8-4e23-9a49-036010037148:b8c188d8-1caa-4850-ba57-df141edafa1e","tints":[]}},{"threshold":1027.0,"model":{"type":"model","model":"29d1c314-2be8-4e23-9a49-036010037148:e189db79-9adf-4c8f-b977-fdf8725a9dee","tints":[]}},{"threshold":1028.0,"model":{"type":"model","model":"29d1c314-2be8-4e23-9a49-036010037148:db0ffc47-217b-4884-857d-ef15f46893f8","tints":[]}},{"threshold":1029.0,"model":{"type":"model","model":"29d1c314-2be8-4e23-9a49-036010037148:b5e72fbc-b6ce-44f9-9ab2-72405edfa76c","tints":[]}},{"threshold":1030.0,"model":{"type":"model","model":"29d1c314-2be8-4e23-9a49-036010037148:a0a82f02-4ab0-4a72-a759-a5505c453b5b","tints":[]}},{"threshold":1031.0,"model":{"type":"model","model":"29d1c314-2be8-4e23-9a49-036010037148:27b50205-3ca5-4855-8a1b-d3344512946d","tints":[]}},{"threshold":1032.0,"model":{"type":"model","model":"29d1c314-2be8-4e23-9a49-036010037148:fcf027b4-5718-4ce1-b217-054008cb18c3","tints":[]}},{"threshold":1033.0,"model":{"type":"model","model":"29d1c314-2be8-4e23-9a49-036010037148:112aadac-f77b-433b-b6d5-378ae15977b6","tints":[]}},{"threshold":1034.0,"model":{"type":"model","model":"29d1c314-2be8-4e23-9a49-036010037148:9f2a8fc1-61df-462e-ac4f-37d36f76651d","tints":[]}},{"threshold":1035.0,"model":{"type":"model","model":"29d1c314-2be8-4e23-9a49-036010037148:6d121cd3-f1c3-42ae-9810-5c4bf76f051f","tints":[]}},{"threshold":1036.0,"model":{"type":"model","model":"29d1c314-2be8-4e23-9a49-036010037148:f652b9b6-37c6-4bc2-9770-f38fc82f2314","tints":[]}},{"threshold":1037.0,"model":{"type":"model","model":"29d1c314-2be8-4e23-9a49-036010037148:e759d4b1-1939-4320-bfd7-2badbda7e52a","tints":[]}},{"threshold":1038.0,"model":{"type":"model","model":"29d1c314-2be8-4e23-9a49-036010037148:e237ac9f-37b6-4cbe-a897-56b41be9b88f","tints":[]}},{"threshold":1039.0,"model":{"type":"model","model":"29d1c314-2be8-4e23-9a49-036010037148:5e478087-deb7-41a3-801e-3b1029d45cca","tints":[]}},{"threshold":1040.0,"model":{"type":"model","model":"970bdfee-e781-4bc9-9116-c27c0c85c46b:3037e024-b788-4285-a906-14a41714407c","tints":[]}},{"threshold":1041.0,"model":{"type":"model","model":"970bdfee-e781-4bc9-9116-c27c0c85c46b:e5e60786-6c9e-4850-806b-5033a8762bf1","tints":[]}},{"threshold":1042.0,"model":{"type":"model","model":"970bdfee-e781-4bc9-9116-c27c0c85c46b:01f8afed-0812-4951-bdb6-ce6fe4e0c40e","tints":[]}},{"threshold":1043.0,"model":{"type":"model","model":"970bdfee-e781-4bc9-9116-c27c0c85c46b:f680365f-4bab-4fd8-9396-ccf07b2dc042","tints":[]}},{"threshold":1044.0,"model":{"type":"model","model":"970bdfee-e781-4bc9-9116-c27c0c85c46b:374ca9e2-5e9b-458e-a529-11c9e1cdccb1","tints":[]}},{"threshold":1045.0,"model":{"type":"model","model":"970bdfee-e781-4bc9-9116-c27c0c85c46b:4769a5f0-6ed0-45ce-b608-d8eb71a77d3a","tints":[]}},{"threshold":1046.0,"model":{"type":"model","model":"970bdfee-e781-4bc9-9116-c27c0c85c46b:c2f2482e-8f74-4b2b-9e25-aa707f7a8f6c","tints":[]}},{"threshold":1047.0,"model":{"type":"model","model":"970bdfee-e781-4bc9-9116-c27c0c85c46b:cce35d9f-e6e5-47f0-861a-4050e52d20e8","tints":[]}},{"threshold":1048.0,"model":{"type":"model","model":"970bdfee-e781-4bc9-9116-c27c0c85c46b:a9c4ae60-9206-4a1e-b730-8207f2180fcf","tints":[]}},{"threshold":1049.0,"model":{"type":"model","model":"970bdfee-e781-4bc9-9116-c27c0c85c46b:b0fe0385-3b21-4354-9750-ab5c3c884c64","tints":[]}},{"threshold":1050.0,"model":{"type":"model","model":"970bdfee-e781-4bc9-9116-c27c0c85c46b:5f9f0c60-f783-49af-95c7-2c26d741ad93","tints":[]}},{"threshold":1051.0,"model":{"type":"model","model":"970bdfee-e781-4bc9-9116-c27c0c85c46b:bed70124-5b6c-4212-892c-c289d81980fa","tints":[]}},{"threshold":1052.0,"model":{"type":"model","model":"970bdfee-e781-4bc9-9116-c27c0c85c46b:3da16c26-7ea4-4d2b-a273-910a26750594","tints":[]}},{"threshold":1053.0,"model":{"type":"model","model":"970bdfee-e781-4bc9-9116-c27c0c85c46b:aee335d7-9acc-44ba-97c2-c5d522882171","tints":[]}},{"threshold":1054.0,"model":{"type":"model","model":"970bdfee-e781-4bc9-9116-c27c0c85c46b:41e8618f-49ad-4813-9173-8c98472ac61d","tints":[]}},{"threshold":1055.0,"model":{"type":"model","model":"970bdfee-e781-4bc9-9116-c27c0c85c46b:fcf4b214-fd64-46fb-837f-1510db9562f1","tints":[]}},{"threshold":1056.0,"model":{"type":"model","model":"970bdfee-e781-4bc9-9116-c27c0c85c46b:a8c45621-1e34-44c2-aa88-b0cf5d87b40e","tints":[]}},{"threshold":1057.0,"model":{"type":"model","model":"970bdfee-e781-4bc9-9116-c27c0c85c46b:0f52df1d-8197-4a87-9782-acbc2520dc5e","tints":[]}},{"threshold":1058.0,"model":{"type":"model","model":"970bdfee-e781-4bc9-9116-c27c0c85c46b:1caeb16f-888b-4070-aab2-d5685fda4f45","tints":[]}},{"threshold":1059.0,"model":{"type":"model","model":"970bdfee-e781-4bc9-9116-c27c0c85c46b:bb46356a-d1f8-4a50-b025-2b80ecc506ff","tints":[]}},{"threshold":1060.0,"model":{"type":"model","model":"970bdfee-e781-4bc9-9116-c27c0c85c46b:a97a79b7-7180-4d38-94ba-c3381eeeb0cb","tints":[]}},{"threshold":1061.0,"model":{"type":"model","model":"970bdfee-e781-4bc9-9116-c27c0c85c46b:e0235ee9-839d-41c7-9ab9-50ded8318500","tints":[]}},{"threshold":1062.0,"model":{"type":"model","model":"970bdfee-e781-4bc9-9116-c27c0c85c46b:55e43a06-4ff4-446d-aa1c-9ba87ba2c054","tints":[]}},{"threshold":1063.0,"model":{"type":"model","model":"970bdfee-e781-4bc9-9116-c27c0c85c46b:dbd7a04c-7adb-448d-8686-b2ad2ab94fc7","tints":[]}},{"threshold":1064.0,"model":{"type":"model","model":"970bdfee-e781-4bc9-9116-c27c0c85c46b:80a3a755-fdfe-43d6-ba4b-1f5f024e1928","tints":[]}},{"threshold":1065.0,"model":{"type":"model","model":"970bdfee-e781-4bc9-9116-c27c0c85c46b:606867c2-7c97-44f2-8fab-e0c65f09ec7e","tints":[]}},{"threshold":1066.0,"model":{"type":"model","model":"970bdfee-e781-4bc9-9116-c27c0c85c46b:c5389947-8d46-4f04-b2e9-6107bf936aee","tints":[]}},{"threshold":1067.0,"model":{"type":"model","model":"29d1c314-2be8-4e23-9a49-036010037148:d59be194-4ee1-4114-9154-98fe9889e8b1","tints":[]}},{"threshold":1068.0,"model":{"type":"model","model":"29d1c314-2be8-4e23-9a49-036010037148:4ca38ac0-d421-4486-bd32-fa0d25abb597","tints":[]}},{"threshold":1069.0,"model":{"type":"model","model":"970bdfee-e781-4bc9-9116-c27c0c85c46b:c7edb055-c9a1-4467-a037-6370bfce69f1","tints":[]}},{"threshold":1070.0,"model":{"type":"model","model":"970bdfee-e781-4bc9-9116-c27c0c85c46b:d727f125-4588-49dd-9a06-d8ee0a1250d7","tints":[]}},{"threshold":1071.0,"model":{"type":"model","model":"29d1c314-2be8-4e23-9a49-036010037148:69f7acf4-1425-494e-924f-28551392b87c","tints":[]}},{"threshold":1072.0,"model":{"type":"model","model":"29d1c314-2be8-4e23-9a49-036010037148:0d03b1e4-9c94-4d6b-9603-ffd98dcde190","tints":[]}},{"threshold":1073.0,"model":{"type":"model","model":"29d1c314-2be8-4e23-9a49-036010037148:44288f12-04ad-4d72-bae6-b7d1a0dabf6c","tints":[]}},{"threshold":1074.0,"model":{"type":"model","model":"29d1c314-2be8-4e23-9a49-036010037148:8b5ed508-b1bc-4dc2-903d-c6d580e3c8bb","tints":[]}},{"threshold":1075.0,"model":{"type":"model","model":"29d1c314-2be8-4e23-9a49-036010037148:c213a83f-a333-4ff3-9b41-6ecbd1532bd5","tints":[]}},{"threshold":1076.0,"model":{"type":"model","model":"29d1c314-2be8-4e23-9a49-036010037148:aa3031d1-a318-4910-87df-606935157975","tints":[]}},{"threshold":1077.0,"model":{"type":"model","model":"29d1c314-2be8-4e23-9a49-036010037148:1edb2800-6cc6-45b1-9523-80d65d010def","tints":[]}},{"threshold":1078.0,"model":{"type":"model","model":"29d1c314-2be8-4e23-9a49-036010037148:eb96cf10-e87d-4260-8575-b5bd2a9dbe8b","tints":[]}},{"threshold":1079.0,"model":{"type":"model","model":"29d1c314-2be8-4e23-9a49-036010037148:55d87edb-e96a-469e-8e46-c01fa7f77d4f","tints":[]}},{"threshold":1080.0,"model":{"type":"model","model":"29d1c314-2be8-4e23-9a49-036010037148:2c671b77-33e4-4e78-b4e9-eb2ed4a1f3a9","tints":[]}},{"threshold":1081.0,"model":{"type":"model","model":"29d1c314-2be8-4e23-9a49-036010037148:eaf4fde5-4951-4498-8a9e-1070d8cae13e","tints":[]}},{"threshold":1082.0,"model":{"type":"model","model":"29d1c314-2be8-4e23-9a49-036010037148:bf70a0b6-6706-4899-8974-d753524b4867","tints":[]}},{"threshold":1083.0,"model":{"type":"model","model":"29d1c314-2be8-4e23-9a49-036010037148:603fc497-9733-4585-b931-8ee16aed9598","tints":[]}},{"threshold":1084.0,"model":{"type":"model","model":"29d1c314-2be8-4e23-9a49-036010037148:0ef1af72-0b47-4109-8ea0-75c132d2105f","tints":[]}},{"threshold":1085.0,"model":{"type":"model","model":"29d1c314-2be8-4e23-9a49-036010037148:fb7b8578-54b4-4793-8326-d13faf569f9f","tints":[]}},{"threshold":1086.0,"model":{"type":"model","model":"29d1c314-2be8-4e23-9a49-036010037148:d5fc5b9a-c7a4-4cce-949d-6a173efb4e27","tints":[]}},{"threshold":1087.0,"model":{"type":"model","model":"29d1c314-2be8-4e23-9a49-036010037148:ed3431c3-c14a-45c0-aeff-eb7a465fab15","tints":[]}},{"threshold":1088.0,"model":{"type":"model","model":"29d1c314-2be8-4e23-9a49-036010037148:e0f7f830-b9de-440b-a992-acb2881a12fd","tints":[]}}],"fallback":{"type":"model","model":"item/paper","tints":[]}}}