{"sources":[{"type":"single","resource":"block/black_concrete"},{"type":"single","resource":"block/black_concrete"},{"type":"single","resource":"block/black_wool"},{"type":"single","resource":"block/black_wool"},{"type":"single","resource":"block/black_wool"},{"type":"single","resource":"block/black_wool"},{"type":"single","resource":"block/cobblestone"},{"type":"single","resource":"block/cobblestone"},{"type":"single","resource":"block/dark_oak_planks"},{"type":"single","resource":"block/mossy_cobblestone"},{"type":"single","resource":"block/mossy_cobblestone"},{"type":"single","resource":"block/white_concrete"},{"type":"single","resource":"block/white_concrete"},{"type":"single","resource":"block/white_concrete"},{"type":"single","resource":"block/white_concrete"},{"type":"single","resource":"35889a75-2821-4bf7-9fa8-acabe343b5f6:522a7502-04b7-4740-81fd-19b860d8d1a3"},{"type":"single","resource":"35889a75-2821-4bf7-9fa8-acabe343b5f6:522a7502-04b7-4740-81fd-19b860d8d1a3"},{"type":"single","resource":"35889a75-2821-4bf7-9fa8-acabe343b5f6:1c5c6245-40c7-4c0d-bdd9-bd12f74cf2dd"},{"type":"single","resource":"35889a75-2821-4bf7-9fa8-acabe343b5f6:1c5c6245-40c7-4c0d-bdd9-bd12f74cf2dd"},{"type":"single","resource":"35889a75-2821-4bf7-9fa8-acabe343b5f6:d684609d-a482-4e8b-9f42-e43b62cbe2c4"},{"type":"single","resource":"35889a75-2821-4bf7-9fa8-acabe343b5f6:d684609d-a482-4e8b-9f42-e43b62cbe2c4"},{"type":"single","resource":"35889a75-2821-4bf7-9fa8-acabe343b5f6:4f65443c-e525-4077-894b-228abea2bb6c"},{"type":"single","resource":"35889a75-2821-4bf7-9fa8-acabe343b5f6:4f65443c-e525-4077-894b-228abea2bb6c"},{"type":"single","resource":"35889a75-2821-4bf7-9fa8-acabe343b5f6:52db37c1-11ae-4c93-8a15-9a6d0f69b8a7"},{"type":"single","resource":"35889a75-2821-4bf7-9fa8-acabe343b5f6:52db37c1-11ae-4c93-8a15-9a6d0f69b8a7"},{"type":"single","resource":"35889a75-2821-4bf7-9fa8-acabe343b5f6:56693901-5b3c-4ce7-ae7f-f374f2d73349"},{"type":"single","resource":"35889a75-2821-4bf7-9fa8-acabe343b5f6:56693901-5b3c-4ce7-ae7f-f374f2d73349"},{"type":"single","resource":"35889a75-2821-4bf7-9fa8-acabe343b5f6:2271ee83-844e-4467-9f97-b434eff1c4db"},{"type":"single","resource":"35889a75-2821-4bf7-9fa8-acabe343b5f6:9d1d2959-40fb-4a26-8ec2-f972ea5bdc3a"},{"type":"single","resource":"35889a75-2821-4bf7-9fa8-acabe343b5f6:5b76feb4-ced6-4496-a098-19a4eae8fa9e"},{"type":"single","resource":"35889a75-2821-4bf7-9fa8-acabe343b5f6:d01abcf5-8355-4e3e-a90d-6b8e4913ab9b"},{"type":"single","resource":"35889a75-2821-4bf7-9fa8-acabe343b5f6:21a25e76-7bac-4ba7-ae84-3ed21be19fca"},{"type":"single","resource":"35889a75-2821-4bf7-9fa8-acabe343b5f6:bcda5b4c-704b-4122-ae06-254c5d95d8f8"},{"type":"single","resource":"35889a75-2821-4bf7-9fa8-acabe343b5f6:50894cb9-f51a-4715-bcc9-40746e9fa71f"},{"type":"single","resource":"35889a75-2821-4bf7-9fa8-acabe343b5f6:50894cb9-f51a-4715-bcc9-40746e9fa71f"},{"type":"single","resource":"35889a75-2821-4bf7-9fa8-acabe343b5f6:d3d16ef4-a60c-4b6a-aae6-2d54d94f92ad"},{"type":"single","resource":"35889a75-2821-4bf7-9fa8-acabe343b5f6:b7260a31-b9fd-4167-9cfa-aa6ad9de180c"},{"type":"single","resource":"35889a75-2821-4bf7-9fa8-acabe343b5f6:b7260a31-b9fd-4167-9cfa-aa6ad9de180c"},{"type":"single","resource":"35889a75-2821-4bf7-9fa8-acabe343b5f6:f02204a8-e0f8-4b13-a1f6-fcbbb331e655"},{"type":"single","resource":"35889a75-2821-4bf7-9fa8-acabe343b5f6:5f013644-cb54-454e-bae1-255e8323a550"},{"type":"single","resource":"35889a75-2821-4bf7-9fa8-acabe343b5f6:8dd9eac8-85e3-4500-a8d3-38c7fc255af0"},{"type":"single","resource":"35889a75-2821-4bf7-9fa8-acabe343b5f6:b6ea6f95-47ef-4551-8eaa-b2d651a7837d"},{"type":"single","resource":"35889a75-2821-4bf7-9fa8-acabe343b5f6:b6ea6f95-47ef-4551-8eaa-b2d651a7837d"},{"type":"single","resource":"35889a75-2821-4bf7-9fa8-acabe343b5f6:eebff560-c1b2-484d-b2a2-dede22def59b"},{"type":"single","resource":"35889a75-2821-4bf7-9fa8-acabe343b5f6:eebff560-c1b2-484d-b2a2-dede22def59b"},{"type":"single","resource":"35889a75-2821-4bf7-9fa8-acabe343b5f6:7f2d125e-dba1-4e37-b173-c50479caffa3"},{"type":"single","resource":"35889a75-2821-4bf7-9fa8-acabe343b5f6:d7881bab-7a8f-4882-b622-5d10cfb7ffb5"},{"type":"single","resource":"35889a75-2821-4bf7-9fa8-acabe343b5f6:53d9e71f-ea42-48a8-9fcb-b388c6d4b6df"},{"type":"single","resource":"35889a75-2821-4bf7-9fa8-acabe343b5f6:69ade85f-a797-45b1-b4d0-27d9199fa2a8"},{"type":"single","resource":"35889a75-2821-4bf7-9fa8-acabe343b5f6:f3038f22-9e96-4156-97e1-817d08638364"},{"type":"single","resource":"35889a75-2821-4bf7-9fa8-acabe343b5f6:2b81bfe5-5d7c-4a75-ad0d-c14afe5b2922"},{"type":"single","resource":"35889a75-2821-4bf7-9fa8-acabe343b5f6:663e98c6-7628-4db5-8845-7248e6939a86"},{"type":"single","resource":"35889a75-2821-4bf7-9fa8-acabe343b5f6:93979a29-9785-476a-a93f-3850d4ba0458"},{"type":"single","resource":"35889a75-2821-4bf7-9fa8-acabe343b5f6:b6bec7b3-0432-41f8-9534-1f7e6c9635f8"},{"type":"single","resource":"35889a75-2821-4bf7-9fa8-acabe343b5f6:cebe133f-c1bc-49c5-b1e2-8268e7abe233"},{"type":"single","resource":"35889a75-2821-4bf7-9fa8-acabe343b5f6:f09c16cb-b229-41b1-8de6-93193c6e03ef"},{"type":"single","resource":"35889a75-2821-4bf7-9fa8-acabe343b5f6:a3a3d24f-2ffc-4503-a29c-98b2ef14011d"},{"type":"single","resource":"35889a75-2821-4bf7-9fa8-acabe343b5f6:bde2a90f-cbd8-451a-b5b8-c03144989d1e"},{"type":"single","resource":"35889a75-2821-4bf7-9fa8-acabe343b5f6:32bf621f-1ad0-4452-b0d8-7c47e63cc704"},{"type":"single","resource":"35889a75-2821-4bf7-9fa8-acabe343b5f6:ae8b555d-2cb4-4f28-a593-733f423ec463"},{"type":"single","resource":"35889a75-2821-4bf7-9fa8-acabe343b5f6:d8025665-d64e-4a80-b6cc-c5e2d52c2733"},{"type":"single","resource":"35889a75-2821-4bf7-9fa8-acabe343b5f6:78ff0715-aa70-4b6d-aeb9-22412a2bc48f"},{"type":"single","resource":"35889a75-2821-4bf7-9fa8-acabe343b5f6:3fd32df4-54fb-4b05-b159-62e46a137cda"},{"type":"single","resource":"35889a75-2821-4bf7-9fa8-acabe343b5f6:7b4988a5-6ed8-411a-8349-0bb740c56b49"},{"type":"single","resource":"35889a75-2821-4bf7-9fa8-acabe343b5f6:d0a403cd-805c-477d-b5ce-14b9e62907c5"},{"type":"single","resource":"35889a75-2821-4bf7-9fa8-acabe343b5f6:0b5835a9-4563-4446-b56a-8d16b08e2c96"},{"type":"single","resource":"35889a75-2821-4bf7-9fa8-acabe343b5f6:42a3fe65-3e46-48ca-b2df-27457d17843d"},{"type":"single","resource":"35889a75-2821-4bf7-9fa8-acabe343b5f6:dee5d78f-bee3-4b2c-a9df-061322a21812"},{"type":"single","resource":"2c2a1df0-1337-445b-9c57-d348b6563263:8f604734-9b80-49eb-a538-10cdefa5e5c8"},{"type":"single","resource":"item/chainmail_boots"},{"type":"single","resource":"item/chainmail_chestplate"},{"type":"single","resource":"item/chainmail_helmet"},{"type":"single","resource":"item/chainmail_leggings"},{"type":"single","resource":"2c2a1df0-1337-445b-9c57-d348b6563263:b28a9ae7-99f8-4570-8aa9-78cbf7c36db1"},{"type":"single","resource":"2c2a1df0-1337-445b-9c57-d348b6563263:cd443fa7-7dc8-42eb-8976-b4754ce2adf1"},{"type":"single","resource":"2c2a1df0-1337-445b-9c57-d348b6563263:5fe05217-1ddc-4b12-bd71-f497815e7da1"},{"type":"single","resource":"2c2a1df0-1337-445b-9c57-d348b6563263:a6f56927-1bac-4a93-aea4-e57690491248"},{"type":"single","resource":"35889a75-2821-4bf7-9fa8-acabe343b5f6:9246172d-397a-4f20-87f8-347273169cba"},{"type":"single","resource":"2c2a1df0-1337-445b-9c57-d348b6563263:459f1b7d-5978-4c1b-9248-f861bb170d51"},{"type":"single","resource":"35889a75-2821-4bf7-9fa8-acabe343b5f6:49c462c3-3f9c-4214-be60-1e14cac4e473"},{"type":"single","resource":"35889a75-2821-4bf7-9fa8-acabe343b5f6:5efaa7da-5d5d-4fed-97b2-b9dc8f2eeabb"},{"type":"single","resource":"35889a75-2821-4bf7-9fa8-acabe343b5f6:60866773-dc09-40a3-93a3-30f7e0d4526f"},{"type":"single","resource":"35889a75-2821-4bf7-9fa8-acabe343b5f6:74db4c8b-a14f-42f2-8935-2e73b7a721b7"},{"type":"single","resource":"35889a75-2821-4bf7-9fa8-acabe343b5f6:7f5d35d6-977d-4124-8597-fdc5de467374"},{"type":"single","resource":"35889a75-2821-4bf7-9fa8-acabe343b5f6:94982734-37af-46e5-8739-e634df207158"},{"type":"single","resource":"35889a75-2821-4bf7-9fa8-acabe343b5f6:f07431db-c07e-48f4-b8da-009123e7ff23"},{"type":"single","resource":"35889a75-2821-4bf7-9fa8-acabe343b5f6:6d8c6e16-4035-44a7-a0a1-08d98b4b6508"},{"type":"single","resource":"35889a75-2821-4bf7-9fa8-acabe343b5f6:c08bc0a4-b598-4d37-b1d8-eb609bf7c8eb"},{"type":"single","resource":"35889a75-2821-4bf7-9fa8-acabe343b5f6:66f40150-e09b-4b00-b191-60f29519fa49"},{"type":"single","resource":"35889a75-2821-4bf7-9fa8-acabe343b5f6:a1ed46b7-b95e-45a1-b5d3-8050b74d286a"},{"type":"single","resource":"35889a75-2821-4bf7-9fa8-acabe343b5f6:35007d53-4c86-4b9c-b1b6-1406a74fe7c6"},{"type":"single","resource":"35889a75-2821-4bf7-9fa8-acabe343b5f6:1e333749-6621-44c6-91c1-08e9c505ec91"},{"type":"single","resource":"35889a75-2821-4bf7-9fa8-acabe343b5f6:4c56eb24-8353-46ea-a78f-0ce466a3071e"},{"type":"single","resource":"35889a75-2821-4bf7-9fa8-acabe343b5f6:9053ce3d-dd4b-42bd-bc5e-58ab19906b1f"},{"type":"single","resource":"35889a75-2821-4bf7-9fa8-acabe343b5f6:eba3f077-859a-4739-a736-e090a1f00b7c"},{"type":"single","resource":"35889a75-2821-4bf7-9fa8-acabe343b5f6:fa7d9523-33aa-42ac-861a-b3c310eb74ae"},{"type":"single","resource":"35889a75-2821-4bf7-9fa8-acabe343b5f6:8055da17-d9ae-4c7a-9c75-63f1bba448d6"},{"type":"single","resource":"35889a75-2821-4bf7-9fa8-acabe343b5f6:8055da17-d9ae-4c7a-9c75-63f1bba448d6"},{"type":"single","resource":"35889a75-2821-4bf7-9fa8-acabe343b5f6:d0f8ca6c-ee16-47af-b240-ba5b8d24edfb"},{"type":"single","resource":"35889a75-2821-4bf7-9fa8-acabe343b5f6:de2c4c61-4b55-4f6a-80cf-aafec406c976"},{"type":"single","resource":"35889a75-2821-4bf7-9fa8-acabe343b5f6:509a46d6-293c-4ed8-938f-ac4ea8488824"},{"type":"single","resource":"35889a75-2821-4bf7-9fa8-acabe343b5f6:156bfcc3-41dc-4b51-b890-8ed9e24de8c2"},{"type":"single","resource":"35889a75-2821-4bf7-9fa8-acabe343b5f6:36356ad3-ed60-4af8-8b05-4e40fc009f55"},{"type":"single","resource":"35889a75-2821-4bf7-9fa8-acabe343b5f6:1cd6713a-43ad-405d-a9af-4d27b96b7159"},{"type":"single","resource":"35889a75-2821-4bf7-9fa8-acabe343b5f6:4b93c2ae-6123-4c16-9d92-f7561b719fbe"},{"type":"single","resource":"35889a75-2821-4bf7-9fa8-acabe343b5f6:d3126bb1-f651-4259-9f94-b2c018151697"},{"type":"single","resource":"35889a75-2821-4bf7-9fa8-acabe343b5f6:671d8aad-c328-4b98-aadd-60bc5a52b19a"},{"type":"single","resource":"35889a75-2821-4bf7-9fa8-acabe343b5f6:dc3f61af-ef62-4eae-995d-3beeaf0e1d15"},{"type":"single","resource":"35889a75-2821-4bf7-9fa8-acabe343b5f6:9ce7aaf7-7cb2-4408-a86c-a71be962cdd0"},{"type":"single","resource":"35889a75-2821-4bf7-9fa8-acabe343b5f6:2f7e6003-74ad-469d-b801-5762126553e0"},{"type":"single","resource":"35889a75-2821-4bf7-9fa8-acabe343b5f6:b20de5eb-9b04-4ccc-8af3-5912d9afa4f7"},{"type":"single","resource":"35889a75-2821-4bf7-9fa8-acabe343b5f6:a66a427f-03a7-4382-b58e-dfc5c96daa5b"},{"type":"single","resource":"35889a75-2821-4bf7-9fa8-acabe343b5f6:35a391c9-1e57-4cc7-acc0-747fcf0db288"},{"type":"single","resource":"35889a75-2821-4bf7-9fa8-acabe343b5f6:0c6c2eb4-808c-4143-bcaa-0698ac7d73f1"},{"type":"single","resource":"35889a75-2821-4bf7-9fa8-acabe343b5f6:12570aec-1c47-413d-8e37-03ebbf15d4b4"},{"type":"single","resource":"35889a75-2821-4bf7-9fa8-acabe343b5f6:8f63d714-8e29-44a4-9045-f45a94c68104"},{"type":"single","resource":"35889a75-2821-4bf7-9fa8-acabe343b5f6:98db2a53-7ed7-4250-bcdb-f12552d6433e"},{"type":"single","resource":"35889a75-2821-4bf7-9fa8-acabe343b5f6:529b8857-c473-48c4-8fc4-21a737f8024f"},{"type":"single","resource":"35889a75-2821-4bf7-9fa8-acabe343b5f6:f908a712-25b3-4ead-b91f-b520c048d0ef"},{"type":"single","resource":"35889a75-2821-4bf7-9fa8-acabe343b5f6:64841b50-1014-44e3-9ca1-a8520c71ddb2"},{"type":"single","resource":"35889a75-2821-4bf7-9fa8-acabe343b5f6:d5568cd8-9e5c-4415-a40c-e5d8a1a9292b"},{"type":"single","resource":"35889a75-2821-4bf7-9fa8-acabe343b5f6:bf865774-ccc2-4012-9b84-088345609ae6"},{"type":"single","resource":"35889a75-2821-4bf7-9fa8-acabe343b5f6:834d5f18-fbdb-4803-9f16-6d2aff7a179e"},{"type":"single","resource":"35889a75-2821-4bf7-9fa8-acabe343b5f6:c15d025b-b921-4a1a-9232-39e45d1f949f"},{"type":"single","resource":"35889a75-2821-4bf7-9fa8-acabe343b5f6:4b042e4f-0a4d-4e84-b458-537790740f65"},{"type":"single","resource":"35889a75-2821-4bf7-9fa8-acabe343b5f6:003c10bd-15d1-4a54-b2b0-afcb82a3510c"},{"type":"single","resource":"35889a75-2821-4bf7-9fa8-acabe343b5f6:d9f4c83b-c423-4262-acc8-0141a3c41d52"},{"type":"single","resource":"35889a75-2821-4bf7-9fa8-acabe343b5f6:076550c6-6d32-4267-972a-9836f47baf24"},{"type":"single","resource":"35889a75-2821-4bf7-9fa8-acabe343b5f6:6d2f192f-8e86-4743-a0c9-e187294869b3"},{"type":"single","resource":"35889a75-2821-4bf7-9fa8-acabe343b5f6:c72d9046-f2fa-432e-9261-070ccf35d82c"},{"type":"single","resource":"35889a75-2821-4bf7-9fa8-acabe343b5f6:4d60c22c-3f03-4110-8eee-6356d4472300"},{"type":"single","resource":"35889a75-2821-4bf7-9fa8-acabe343b5f6:d98b3e56-c424-4f97-8ea8-54e43c67ae04"},{"type":"single","resource":"35889a75-2821-4bf7-9fa8-acabe343b5f6:98f3b541-6789-4d77-b3a1-be6cb90b29a3"},{"type":"single","resource":"35889a75-2821-4bf7-9fa8-acabe343b5f6:b634ba30-85e3-4c78-acb1-c9a0f0a102c1"},{"type":"single","resource":"35889a75-2821-4bf7-9fa8-acabe343b5f6:92e660c9-2f91-47f9-a6ac-4e2ab42a1a66"},{"type":"single","resource":"35889a75-2821-4bf7-9fa8-acabe343b5f6:3bea5d1d-de75-452d-9c60-70390e549fcf"},{"type":"single","resource":"35889a75-2821-4bf7-9fa8-acabe343b5f6:02273c91-ee79-4b10-84b3-c07d6c12e7c3"},{"type":"single","resource":"35889a75-2821-4bf7-9fa8-acabe343b5f6:1785b5ed-87a5-47d4-b4e9-addbee7134c6"},{"type":"single","resource":"35889a75-2821-4bf7-9fa8-acabe343b5f6:49852124-aa9a-4929-883f-602fd6d8c5c7"},{"type":"single","resource":"35889a75-2821-4bf7-9fa8-acabe343b5f6:72cbf08b-c0bb-4d30-8fcc-a6573a5192f9"},{"type":"single","resource":"35889a75-2821-4bf7-9fa8-acabe343b5f6:02f78be5-74c8-4682-adff-bd57841311a7"},{"type":"single","resource":"35889a75-2821-4bf7-9fa8-acabe343b5f6:a1ead813-2917-4ba3-b405-ead47c3e6b36"},{"type":"single","resource":"35889a75-2821-4bf7-9fa8-acabe343b5f6:1b94e5b2-125c-4488-b0ce-055580374691"},{"type":"single","resource":"35889a75-2821-4bf7-9fa8-acabe343b5f6:d393a638-9b46-4d69-a923-a29e094b4807"},{"type":"single","resource":"35889a75-2821-4bf7-9fa8-acabe343b5f6:36263fb0-61cc-4b3f-9312-c7dd86e713a5"},{"type":"single","resource":"35889a75-2821-4bf7-9fa8-acabe343b5f6:73154bcb-b6b3-446a-923e-b418fc39a5d0"},{"type":"single","resource":"35889a75-2821-4bf7-9fa8-acabe343b5f6:4540609d-4678-461b-bcbf-472583f4cddc"},{"type":"single","resource":"35889a75-2821-4bf7-9fa8-acabe343b5f6:ffe27ca5-7821-409f-ba1d-a91355dc6723"},{"type":"single","resource":"35889a75-2821-4bf7-9fa8-acabe343b5f6:5185ea54-85ba-45d3-b92a-dd31251b03ab"},{"type":"single","resource":"35889a75-2821-4bf7-9fa8-acabe343b5f6:47f442c7-73e6-4585-8383-383329aed0e3"},{"type":"single","resource":"35889a75-2821-4bf7-9fa8-acabe343b5f6:59911ece-5caf-48bd-851e-2c81452074d2"},{"type":"single","resource":"35889a75-2821-4bf7-9fa8-acabe343b5f6:82234b77-493f-4efe-909e-8c79d8e3cfe4"},{"type":"single","resource":"35889a75-2821-4bf7-9fa8-acabe343b5f6:fa31f67c-c7ea-4f8d-954e-36217d2f728c"},{"type":"single","resource":"35889a75-2821-4bf7-9fa8-acabe343b5f6:f94d0455-aaca-425a-9f3c-79e260111602"},{"type":"single","resource":"35889a75-2821-4bf7-9fa8-acabe343b5f6:afb6e3b0-db16-4380-bf82-e13eac7603dd"},{"type":"single","resource":"35889a75-2821-4bf7-9fa8-acabe343b5f6:03aa0fe8-4128-4bc3-a6f7-4e21d10e7909"},{"type":"single","resource":"35889a75-2821-4bf7-9fa8-acabe343b5f6:df1a80d0-d908-4240-828d-7b4f221e88b6"},{"type":"single","resource":"35889a75-2821-4bf7-9fa8-acabe343b5f6:5114a5fb-90a4-45b6-9d93-d0ae4a0d52c6"},{"type":"single","resource":"35889a75-2821-4bf7-9fa8-acabe343b5f6:ddd3ddcf-e381-458b-b0df-c219ef7e5d99"},{"type":"single","resource":"35889a75-2821-4bf7-9fa8-acabe343b5f6:256a7662-8cf2-4885-823a-74a913a0d49a"},{"type":"single","resource":"35889a75-2821-4bf7-9fa8-acabe343b5f6:c400d562-6bfe-41f0-9ade-c72b3c0e07ab"},{"type":"single","resource":"35889a75-2821-4bf7-9fa8-acabe343b5f6:663c8cf2-4eec-40b3-a0f8-3786ad915596"},{"type":"single","resource":"35889a75-2821-4bf7-9fa8-acabe343b5f6:68dee799-5f0d-43f5-bf24-27e216728ee4"},{"type":"single","resource":"35889a75-2821-4bf7-9fa8-acabe343b5f6:ba227e5a-e29e-476e-8983-6bee2e01235e"},{"type":"single","resource":"35889a75-2821-4bf7-9fa8-acabe343b5f6:c36cdb61-3e6f-4dec-ab71-adb12f7bef13"},{"type":"single","resource":"35889a75-2821-4bf7-9fa8-acabe343b5f6:ac0401a0-c9de-4fd3-a745-7e1da4a65783"},{"type":"single","resource":"35889a75-2821-4bf7-9fa8-acabe343b5f6:d281b99f-4af7-40d8-8e5b-7ad2ef8b66c8"},{"type":"single","resource":"35889a75-2821-4bf7-9fa8-acabe343b5f6:12cd83d4-1d86-461f-943b-eae2870f634d"},{"type":"single","resource":"35889a75-2821-4bf7-9fa8-acabe343b5f6:1d33b405-9f9a-41e1-bb1e-510bd449db13"},{"type":"single","resource":"35889a75-2821-4bf7-9fa8-acabe343b5f6:41124a9c-dac3-4e42-94e1-d8864dd125f5"},{"type":"single","resource":"35889a75-2821-4bf7-9fa8-acabe343b5f6:511149fe-f70e-4a5e-a7d1-26c06f0c9322"},{"type":"single","resource":"35889a75-2821-4bf7-9fa8-acabe343b5f6:807360e0-2572-4edc-8a7a-a381c6954be9"},{"type":"single","resource":"35889a75-2821-4bf7-9fa8-acabe343b5f6:06b4451a-c348-454d-a51f-c4c047d075fc"},{"type":"single","resource":"35889a75-2821-4bf7-9fa8-acabe343b5f6:51b5ff19-4ee4-4401-a5ec-60180b9828be"},{"type":"single","resource":"35889a75-2821-4bf7-9fa8-acabe343b5f6:06a86a88-8e54-4e26-89b7-843f34b7abcf"},{"type":"single","resource":"35889a75-2821-4bf7-9fa8-acabe343b5f6:bea52a0a-c97c-4300-b1d5-0c1b69a06603"},{"type":"single","resource":"35889a75-2821-4bf7-9fa8-acabe343b5f6:9876808c-4f6f-4378-bf44-51a31481e493"},{"type":"single","resource":"35889a75-2821-4bf7-9fa8-acabe343b5f6:6b07dfa8-cf78-4e10-af85-b60679742781"},{"type":"single","resource":"35889a75-2821-4bf7-9fa8-acabe343b5f6:c48f77f5-20ec-41e4-9ee8-74fffd3e7460"},{"type":"single","resource":"35889a75-2821-4bf7-9fa8-acabe343b5f6:11f6f665-96f7-4683-92fc-34f3c4c49f2c"},{"type":"single","resource":"35889a75-2821-4bf7-9fa8-acabe343b5f6:5a49d02f-4768-4ca9-abb1-085a9da31b2d"},{"type":"single","resource":"35889a75-2821-4bf7-9fa8-acabe343b5f6:879fd48c-be0f-4975-a28a-1928147e7909"},{"type":"single","resource":"35889a75-2821-4bf7-9fa8-acabe343b5f6:108201ca-aa78-4e76-ada0-f5f084d87f85"},{"type":"single","resource":"35889a75-2821-4bf7-9fa8-acabe343b5f6:cc36d855-8de6-456e-9672-ed4c30a0e181"},{"type":"single","resource":"35889a75-2821-4bf7-9fa8-acabe343b5f6:a2616d26-0842-4b52-8ff8-0958b120be65"},{"type":"single","resource":"35889a75-2821-4bf7-9fa8-acabe343b5f6:22989772-e01c-42cf-992a-4778883fd02b"},{"type":"single","resource":"35889a75-2821-4bf7-9fa8-acabe343b5f6:bde3d94f-3eda-4244-9217-ee741b9dd126"},{"type":"single","resource":"35889a75-2821-4bf7-9fa8-acabe343b5f6:e9546cb9-6911-405a-abaa-ae5e8d3e705c"},{"type":"single","resource":"35889a75-2821-4bf7-9fa8-acabe343b5f6:103391a0-a2a9-4225-afbe-e551e93b812b"},{"type":"single","resource":"35889a75-2821-4bf7-9fa8-acabe343b5f6:58bdd12e-036d-4cd0-87ad-9c56deee7a7f"},{"type":"single","resource":"35889a75-2821-4bf7-9fa8-acabe343b5f6:278158a9-bf55-431c-97b9-80bdaf46bdac"},{"type":"single","resource":"35889a75-2821-4bf7-9fa8-acabe343b5f6:ccee96ca-1ca0-47ad-9ed7-d0a965df9ec2"},{"type":"single","resource":"35889a75-2821-4bf7-9fa8-acabe343b5f6:8cf37df4-8b5d-4453-8b42-0d8e595ced26"},{"type":"single","resource":"35889a75-2821-4bf7-9fa8-acabe343b5f6:de97f446-f673-4708-8091-3cb889ed2fa9"},{"type":"single","resource":"35889a75-2821-4bf7-9fa8-acabe343b5f6:8e401958-1852-4a3f-9bcf-ad437967bb64"},{"type":"single","resource":"35889a75-2821-4bf7-9fa8-acabe343b5f6:6b01d6d0-2233-44b9-b3fd-ed5b94016717"},{"type":"single","resource":"35889a75-2821-4bf7-9fa8-acabe343b5f6:57f75ee8-ab36-4a11-a7b3-2dcda85f10a1"},{"type":"single","resource":"35889a75-2821-4bf7-9fa8-acabe343b5f6:0bddc96d-e932-48d2-89ab-d19cd98b3861"},{"type":"single","resource":"35889a75-2821-4bf7-9fa8-acabe343b5f6:5c787326-0c66-490a-8d4a-0e327d60f7f3"},{"type":"single","resource":"2c2a1df0-1337-445b-9c57-d348b6563263:991ca84a-9ead-406f-aa8e-1ecba1818c34"},{"type":"single","resource":"2c2a1df0-1337-445b-9c57-d348b6563263:00e053e3-3206-4875-9360-1496dbf3354b"},{"type":"single","resource":"2c2a1df0-1337-445b-9c57-d348b6563263:9d95e3da-8abd-431f-9739-2d41a1326abd"},{"type":"single","resource":"item/leather_horse_armor"},{"type":"single","resource":"2c2a1df0-1337-445b-9c57-d348b6563263:f60c1b8e-65d1-4b60-8131-2531b408b261"},{"type":"single","resource":"35889a75-2821-4bf7-9fa8-acabe343b5f6:8036a6c5-8d37-4ae6-9bfa-d59c57f70f74"},{"type":"single","resource":"35889a75-2821-4bf7-9fa8-acabe343b5f6:da9d6035-a234-4102-88a3-54497cfd3671"},{"type":"single","resource":"35889a75-2821-4bf7-9fa8-acabe343b5f6:56ace522-15a7-4c45-9b4b-06aafc1e185d"},{"type":"single","resource":"35889a75-2821-4bf7-9fa8-acabe343b5f6:52bd10ab-38f9-448c-8677-f06bfad9a133"},{"type":"single","resource":"35889a75-2821-4bf7-9fa8-acabe343b5f6:3bf25985-ccdb-4263-85b3-d431322c06c2"},{"type":"single","resource":"35889a75-2821-4bf7-9fa8-acabe343b5f6:b94f9084-d9af-4716-9514-0bd2d3c620a0"},{"type":"single","resource":"35889a75-2821-4bf7-9fa8-acabe343b5f6:a36d3018-ab60-4450-b989-49f1fe12242d"},{"type":"single","resource":"35889a75-2821-4bf7-9fa8-acabe343b5f6:75a8b454-4772-484d-bf93-124381b51a64"},{"type":"single","resource":"35889a75-2821-4bf7-9fa8-acabe343b5f6:c5ca6128-e4da-4c9e-82c7-cb0f67c73679"},{"type":"single","resource":"35889a75-2821-4bf7-9fa8-acabe343b5f6:184f49a9-248b-4e81-92a5-31604c0a29cb"},{"type":"single","resource":"35889a75-2821-4bf7-9fa8-acabe343b5f6:eea62362-498f-48d8-a753-de8e4f806cad"},{"type":"single","resource":"35889a75-2821-4bf7-9fa8-acabe343b5f6:6aaa007a-a280-4e73-9371-bb186954e8c7"},{"type":"single","resource":"35889a75-2821-4bf7-9fa8-acabe343b5f6:a1a37084-396b-42c2-9581-b46be9b860e6"},{"type":"single","resource":"35889a75-2821-4bf7-9fa8-acabe343b5f6:d9b08c86-5bf6-4731-9cb1-ce9272f726a0"},{"type":"single","resource":"35889a75-2821-4bf7-9fa8-acabe343b5f6:35f2478e-02c1-4b50-9f03-59812d6dbe5d"},{"type":"single","resource":"35889a75-2821-4bf7-9fa8-acabe343b5f6:cbf2a08a-610e-47e1-b1bc-9dca9787a5db"},{"type":"single","resource":"35889a75-2821-4bf7-9fa8-acabe343b5f6:b0743abb-b973-4d82-a105-fb404ebffb1e"},{"type":"single","resource":"35889a75-2821-4bf7-9fa8-acabe343b5f6:362bebd2-a701-44a1-a2a6-b389b552b4d2"},{"type":"single","resource":"35889a75-2821-4bf7-9fa8-acabe343b5f6:d3c9123e-cea4-4fab-9ec9-93134f41193b"},{"type":"single","resource":"35889a75-2821-4bf7-9fa8-acabe343b5f6:c8670dbe-aace-4ae4-a2b1-794c7663a329"},{"type":"single","resource":"35889a75-2821-4bf7-9fa8-acabe343b5f6:2028c363-0b13-4756-95b6-93c18e7cda50"},{"type":"single","resource":"35889a75-2821-4bf7-9fa8-acabe343b5f6:3c04985b-8d76-4beb-8fb1-355f98fdc114"},{"type":"single","resource":"35889a75-2821-4bf7-9fa8-acabe343b5f6:ffb12cb7-531e-4cf3-a87a-69f48fea5342"},{"type":"single","resource":"35889a75-2821-4bf7-9fa8-acabe343b5f6:67227174-d3d3-4810-9666-b0737945972c"},{"type":"single","resource":"35889a75-2821-4bf7-9fa8-acabe343b5f6:33209aef-fc80-417b-80d4-c7336958e185"},{"type":"single","resource":"35889a75-2821-4bf7-9fa8-acabe343b5f6:61859e58-2ad9-4a38-8944-84ec026f5719"},{"type":"single","resource":"35889a75-2821-4bf7-9fa8-acabe343b5f6:868256b5-ccbd-4f27-9f0c-60c5399a7414"},{"type":"single","resource":"35889a75-2821-4bf7-9fa8-acabe343b5f6:517b5aab-d164-4188-82bf-7a1f106d5581"},{"type":"single","resource":"35889a75-2821-4bf7-9fa8-acabe343b5f6:77c3b5d6-30fa-4c1f-a31c-278a2203a322"},{"type":"single","resource":"35889a75-2821-4bf7-9fa8-acabe343b5f6:697b2d03-696f-41f5-a9a7-68d8048078cc"},{"type":"single","resource":"35889a75-2821-4bf7-9fa8-acabe343b5f6:46125b02-691a-4e45-8fef-b18df4efed93"},{"type":"single","resource":"35889a75-2821-4bf7-9fa8-acabe343b5f6:cdcd2239-62f8-4a02-9b28-22976b6f26f9"},{"type":"single","resource":"35889a75-2821-4bf7-9fa8-acabe343b5f6:655b6beb-da0e-43c1-9045-b35a26a081c0"},{"type":"single","resource":"35889a75-2821-4bf7-9fa8-acabe343b5f6:d9f5207a-f3c1-4256-92cf-4247c4799184"},{"type":"single","resource":"35889a75-2821-4bf7-9fa8-acabe343b5f6:a1aad8e4-65d5-4c7d-8010-a4415e8a6827"},{"type":"single","resource":"35889a75-2821-4bf7-9fa8-acabe343b5f6:d3003006-6735-4017-a7b6-88dee5395837"},{"type":"single","resource":"35889a75-2821-4bf7-9fa8-acabe343b5f6:0c189089-fefc-46cf-b3d6-a3b3e53489bb"},{"type":"single","resource":"35889a75-2821-4bf7-9fa8-acabe343b5f6:47504a55-bb3c-48dc-acbb-f1f83d45297f"},{"type":"single","resource":"35889a75-2821-4bf7-9fa8-acabe343b5f6:e6c9909e-c98e-40c3-a1e1-715134a4c178"},{"type":"single","resource":"35889a75-2821-4bf7-9fa8-acabe343b5f6:fb77df11-b8ee-4096-9df4-9dbea736fb89"},{"type":"single","resource":"35889a75-2821-4bf7-9fa8-acabe343b5f6:f51a79e4-72e3-4deb-ae7f-d98919ed21bd"},{"type":"single","resource":"35889a75-2821-4bf7-9fa8-acabe343b5f6:fd04450c-3e5a-4813-a8c1-d8cad3bcd000"},{"type":"single","resource":"2c2a1df0-1337-445b-9c57-d348b6563263:42fe2e18-385a-4c85-baa0-3a000165693a"},{"type":"single","resource":"35889a75-2821-4bf7-9fa8-acabe343b5f6:6d903dc6-4e6e-4ef4-bdfc-9e284c4f7d9d"},{"type":"single","resource":"35889a75-2821-4bf7-9fa8-acabe343b5f6:9f764340-ca5c-4bac-bb03-bab1069af6f8"},{"type":"single","resource":"35889a75-2821-4bf7-9fa8-acabe343b5f6:a56e2f50-6198-4bb4-8ecb-483a03acbf80"},{"type":"single","resource":"35889a75-2821-4bf7-9fa8-acabe343b5f6:7201d8d0-24d3-4ad2-b415-e1513246d776"},{"type":"single","resource":"35889a75-2821-4bf7-9fa8-acabe343b5f6:0e98fba5-ba99-4a1d-b0cd-3ed6038da0d3"},{"type":"single","resource":"35889a75-2821-4bf7-9fa8-acabe343b5f6:c7e3162d-c709-4098-b59a-2a1f3a9b046e"},{"type":"single","resource":"item/netherite_axe"},{"type":"single","resource":"item/netherite_hoe"},{"type":"single","resource":"item/netherite_pickaxe"},{"type":"single","resource":"item/netherite_shovel"},{"type":"single","resource":"2c2a1df0-1337-445b-9c57-d348b6563263:17f046c3-aa01-47a0-9b16-546f44e8ad6b"},{"type":"single","resource":"item/netherite_sword"},{"type":"single","resource":"32504f9f-aadb-440f-8d9d-a1fc47c88801:9035b7f8-765b-4722-8181-b86e226287b6"},{"type":"single","resource":"32504f9f-aadb-440f-8d9d-a1fc47c88801:9035b7f8-765b-4722-8181-b86e226287b6"},{"type":"single","resource":"32504f9f-aadb-440f-8d9d-a1fc47c88801:57b7e9c7-8339-4907-aaea-f5e4a4c86389"},{"type":"single","resource":"32504f9f-aadb-440f-8d9d-a1fc47c88801:57b7e9c7-8339-4907-aaea-f5e4a4c86389"},{"type":"single","resource":"32504f9f-aadb-440f-8d9d-a1fc47c88801:6968f675-2c9a-498e-b8ab-2aa8da8f4323"},{"type":"single","resource":"32504f9f-aadb-440f-8d9d-a1fc47c88801:fbe21a39-eb1f-4010-8ef4-a8c47537eecd"},{"type":"single","resource":"32504f9f-aadb-440f-8d9d-a1fc47c88801:fbe21a39-eb1f-4010-8ef4-a8c47537eecd"},{"type":"single","resource":"32504f9f-aadb-440f-8d9d-a1fc47c88801:f7c550f8-c404-433f-a7ad-acc18eb99400"},{"type":"single","resource":"32504f9f-aadb-440f-8d9d-a1fc47c88801:74281c8f-3b33-49e7-ad0a-ebb18e2f77fe"},{"type":"single","resource":"32504f9f-aadb-440f-8d9d-a1fc47c88801:023bca2b-b41c-461c-b461-8aa9c8262b48"},{"type":"single","resource":"32504f9f-aadb-440f-8d9d-a1fc47c88801:968cf43a-56e0-48e9-9e76-1da011719fe5"},{"type":"single","resource":"32504f9f-aadb-440f-8d9d-a1fc47c88801:a55a51b7-d689-4923-8f45-f20da297e931"},{"type":"single","resource":"32504f9f-aadb-440f-8d9d-a1fc47c88801:a55a51b7-d689-4923-8f45-f20da297e931"},{"type":"single","resource":"32504f9f-aadb-440f-8d9d-a1fc47c88801:dd4f0ff5-c640-437a-a9c4-d43a2d96101b"},{"type":"single","resource":"32504f9f-aadb-440f-8d9d-a1fc47c88801:dd4f0ff5-c640-437a-a9c4-d43a2d96101b"},{"type":"single","resource":"32504f9f-aadb-440f-8d9d-a1fc47c88801:5e7c3a75-7af6-4e6e-ae6e-951dd2612536"},{"type":"single","resource":"32504f9f-aadb-440f-8d9d-a1fc47c88801:364a38cd-023d-4f35-a2d0-18df51b26bd6"},{"type":"single","resource":"32504f9f-aadb-440f-8d9d-a1fc47c88801:4e538321-98c9-4bee-b417-5a528322d41c"},{"type":"single","resource":"32504f9f-aadb-440f-8d9d-a1fc47c88801:4e538321-98c9-4bee-b417-5a528322d41c"},{"type":"single","resource":"32504f9f-aadb-440f-8d9d-a1fc47c88801:cca22822-53c4-4114-bc5f-2f3b4f5fe550"},{"type":"single","resource":"32504f9f-aadb-440f-8d9d-a1fc47c88801:cca22822-53c4-4114-bc5f-2f3b4f5fe550"},{"type":"single","resource":"32504f9f-aadb-440f-8d9d-a1fc47c88801:cca22822-53c4-4114-bc5f-2f3b4f5fe550"},{"type":"single","resource":"32504f9f-aadb-440f-8d9d-a1fc47c88801:ce56c66d-2e79-4a6c-967b-1225c137d801"},{"type":"single","resource":"32504f9f-aadb-440f-8d9d-a1fc47c88801:c38577d0-517e-47bc-a04e-b353d41d6f37"},{"type":"single","resource":"32504f9f-aadb-440f-8d9d-a1fc47c88801:15723479-ae68-4754-8435-8e182e1bf569"},{"type":"single","resource":"32504f9f-aadb-440f-8d9d-a1fc47c88801:73e89142-5507-4d58-ba72-bd7b0a1d45d8"},{"type":"single","resource":"32504f9f-aadb-440f-8d9d-a1fc47c88801:199056ab-e2e5-4009-95ff-cfab0b4c3ab9"},{"type":"single","resource":"32504f9f-aadb-440f-8d9d-a1fc47c88801:5065f045-0be3-4803-a99b-11aed13f46fb"},{"type":"single","resource":"32504f9f-aadb-440f-8d9d-a1fc47c88801:51a8c329-022d-4698-96ab-5740bef9a236"},{"type":"single","resource":"32504f9f-aadb-440f-8d9d-a1fc47c88801:51a8c329-022d-4698-96ab-5740bef9a236"},{"type":"single","resource":"32504f9f-aadb-440f-8d9d-a1fc47c88801:ee790c00-db8f-411b-9095-5c32032e0074"},{"type":"single","resource":"32504f9f-aadb-440f-8d9d-a1fc47c88801:01d423d1-68cc-4938-9ee8-938a5617bed3"},{"type":"single","resource":"32504f9f-aadb-440f-8d9d-a1fc47c88801:54552ce6-33ce-4435-9d39-a57087ecc24e"},{"type":"single","resource":"32504f9f-aadb-440f-8d9d-a1fc47c88801:40f9e238-5bad-4d76-b31c-b683a94b0fde"},{"type":"single","resource":"32504f9f-aadb-440f-8d9d-a1fc47c88801:40f9e238-5bad-4d76-b31c-b683a94b0fde"},{"type":"single","resource":"32504f9f-aadb-440f-8d9d-a1fc47c88801:80d1fece-6525-4098-8826-b2e1f08634fa"},{"type":"single","resource":"32504f9f-aadb-440f-8d9d-a1fc47c88801:80d1fece-6525-4098-8826-b2e1f08634fa"},{"type":"single","resource":"32504f9f-aadb-440f-8d9d-a1fc47c88801:0e42d86e-b249-4262-b91f-30dda7fdf10a"},{"type":"single","resource":"32504f9f-aadb-440f-8d9d-a1fc47c88801:0e42d86e-b249-4262-b91f-30dda7fdf10a"},{"type":"single","resource":"32504f9f-aadb-440f-8d9d-a1fc47c88801:72bf8f57-66ec-4643-a248-5639a7d1b001"},{"type":"single","resource":"32504f9f-aadb-440f-8d9d-a1fc47c88801:ee0327d2-7b0e-4ea0-ae85-139f5b9c5657"},{"type":"single","resource":"32504f9f-aadb-440f-8d9d-a1fc47c88801:a3c62937-1379-4868-88d9-911edc74dab1"},{"type":"single","resource":"32504f9f-aadb-440f-8d9d-a1fc47c88801:a3c62937-1379-4868-88d9-911edc74dab1"},{"type":"single","resource":"32504f9f-aadb-440f-8d9d-a1fc47c88801:b2c82a70-4e82-49d6-bec4-aad4be4c1893"},{"type":"single","resource":"32504f9f-aadb-440f-8d9d-a1fc47c88801:8e377851-1619-4441-bfad-dfe7cc440d64"},{"type":"single","resource":"32504f9f-aadb-440f-8d9d-a1fc47c88801:3217f4eb-dc28-41b6-8f34-29b8d6e6665f"},{"type":"single","resource":"32504f9f-aadb-440f-8d9d-a1fc47c88801:3217f4eb-dc28-41b6-8f34-29b8d6e6665f"},{"type":"single","resource":"2c2a1df0-1337-445b-9c57-d348b6563263:fb47c87a-34dd-48d5-966f-0169475f8efe"},{"type":"single","resource":"2c2a1df0-1337-445b-9c57-d348b6563263:79c871f6-fab1-439d-ad80-1888c8fc3c09"},{"type":"single","resource":"2c2a1df0-1337-445b-9c57-d348b6563263:28f62d9f-93bc-4f91-9c78-88cc28291b08"},{"type":"single","resource":"2c2a1df0-1337-445b-9c57-d348b6563263:34a3124d-e155-43cf-b3ee-9a61592d9433"},{"type":"single","resource":"2c2a1df0-1337-445b-9c57-d348b6563263:c789c345-65b9-4844-a793-ff12ada21fa7"},{"type":"single","resource":"2c2a1df0-1337-445b-9c57-d348b6563263:99095af5-85d7-4e94-96bc-660032ec772f"},{"type":"single","resource":"2c2a1df0-1337-445b-9c57-d348b6563263:ec4e9ea7-9eff-475b-923c-ef7f35abb51a"},{"type":"single","resource":"2c2a1df0-1337-445b-9c57-d348b6563263:f14f4d22-ecff-49b1-a777-7c3d500d0bba"},{"type":"single","resource":"2c2a1df0-1337-445b-9c57-d348b6563263:6d3358a2-32e3-4dc8-bd02-4afc4ce8cfb0"},{"type":"single","resource":"2c2a1df0-1337-445b-9c57-d348b6563263:ffca70a1-aff2-4f31-b471-c21f31779a02"},{"type":"single","resource":"2c2a1df0-1337-445b-9c57-d348b6563263:60d6ad7f-6da3-4ce8-a46d-704f91218986"},{"type":"single","resource":"2c2a1df0-1337-445b-9c57-d348b6563263:d7baf677-3d12-4e88-8b23-3c09c986bd92"},{"type":"single","resource":"2c2a1df0-1337-445b-9c57-d348b6563263:934467f3-1fd8-4a7b-b4c5-c0a33ab5454e"},{"type":"single","resource":"2c2a1df0-1337-445b-9c57-d348b6563263:cccdd5e6-0bda-4164-9cc9-811a64367a60"},{"type":"single","resource":"2c2a1df0-1337-445b-9c57-d348b6563263:87da895f-f854-4ab3-b629-95703b0cd8e6"},{"type":"single","resource":"2c2a1df0-1337-445b-9c57-d348b6563263:d8fbbd16-f21a-44f6-aab4-66cf7bb8bf41"},{"type":"single","resource":"2c2a1df0-1337-445b-9c57-d348b6563263:82fe3209-8e81-4615-9c66-b78a2c122d01"},{"type":"single","resource":"2c2a1df0-1337-445b-9c57-d348b6563263:afba4153-a473-48be-a464-d62d4e30d7af"},{"type":"single","resource":"2c2a1df0-1337-445b-9c57-d348b6563263:b7abb4af-65ad-4eb1-9007-f2cfcc894015"},{"type":"single","resource":"2c2a1df0-1337-445b-9c57-d348b6563263:0723e062-60b0-475f-861c-f41e60b7bbd1"},{"type":"single","resource":"2c2a1df0-1337-445b-9c57-d348b6563263:9c45bc62-3c27-4895-b223-1884201b2760"},{"type":"single","resource":"2c2a1df0-1337-445b-9c57-d348b6563263:5df398d0-7fe1-48a3-8eb1-b5ffac4894c2"},{"type":"single","resource":"2c2a1df0-1337-445b-9c57-d348b6563263:b4a3e963-3878-4f78-8e33-50a35b6ceeaa"},{"type":"single","resource":"2c2a1df0-1337-445b-9c57-d348b6563263:6d3d3d48-503c-4eba-8968-36f27f85f4e6"},{"type":"single","resource":"2c2a1df0-1337-445b-9c57-d348b6563263:bfba0af4-7c20-45c8-8939-6ea8049451df"},{"type":"single","resource":"2c2a1df0-1337-445b-9c57-d348b6563263:b4573e9a-5346-44ad-ab74-9a519ae12a87"},{"type":"single","resource":"2c2a1df0-1337-445b-9c57-d348b6563263:7e5b26da-13b3-499b-8864-5b1f66fd66e7"},{"type":"single","resource":"2c2a1df0-1337-445b-9c57-d348b6563263:752393e2-8a9a-4c0b-9551-bd16fb561339"},{"type":"single","resource":"2c2a1df0-1337-445b-9c57-d348b6563263:7acb960c-832e-4464-8256-b918f5616b41"},{"type":"single","resource":"2c2a1df0-1337-445b-9c57-d348b6563263:24a183ef-7de0-446c-a0f9-6b97d200d55e"},{"type":"single","resource":"2c2a1df0-1337-445b-9c57-d348b6563263:1442a3b7-2dec-4e7d-bc8a-2290f22e353b"},{"type":"single","resource":"2c2a1df0-1337-445b-9c57-d348b6563263:ca3fd0b4-2657-4f5f-9d13-fb0c9084b06f"},{"type":"single","resource":"item/paper"},{"type":"single","resource":"2c2a1df0-1337-445b-9c57-d348b6563263:3d2045d6-5bfe-4b24-a739-01ab474f51e8"},{"type":"single","resource":"2c2a1df0-1337-445b-9c57-d348b6563263:939ffc3f-4252-436e-8f9a-8b4dc86f0f5e"},{"type":"single","resource":"2c2a1df0-1337-445b-9c57-d348b6563263:d711887f-77c2-4a63-ac4f-93badc85af93"},{"type":"single","resource":"2c2a1df0-1337-445b-9c57-d348b6563263:7b4b1416-4bfc-4b5e-a7db-8e272e90afc3"},{"type":"single","resource":"2c2a1df0-1337-445b-9c57-d348b6563263:68a54802-dab6-4314-9ea8-790c05fc2384"},{"type":"single","resource":"2c2a1df0-1337-445b-9c57-d348b6563263:a5ed21d7-6d85-4b52-9c1e-ae7353f7b69e"},{"type":"single","resource":"2c2a1df0-1337-445b-9c57-d348b6563263:6d60a454-5c7b-43ae-8c27-6d1ffd31a1ac"},{"type":"single","resource":"2c2a1df0-1337-445b-9c57-d348b6563263:de3a6672-defe-4377-a6e1-a9fefb34f02b"},{"type":"single","resource":"2c2a1df0-1337-445b-9c57-d348b6563263:b12587ae-febb-4bf0-a3d3-81a4f007a31e"},{"type":"single","resource":"35889a75-2821-4bf7-9fa8-acabe343b5f6:bba3a7a5-88bd-4851-8c8f-2e3be39d0577"},{"type":"single","resource":"35889a75-2821-4bf7-9fa8-acabe343b5f6:bba3a7a5-88bd-4851-8c8f-2e3be39d0577"},{"type":"single","resource":"35889a75-2821-4bf7-9fa8-acabe343b5f6:a15bf419-0d0b-49c3-a32b-41aec1ac7b42"},{"type":"single","resource":"35889a75-2821-4bf7-9fa8-acabe343b5f6:6afd133a-9d78-4873-97c1-5064859cd1f7"},{"type":"single","resource":"35889a75-2821-4bf7-9fa8-acabe343b5f6:6afd133a-9d78-4873-97c1-5064859cd1f7"},{"type":"single","resource":"35889a75-2821-4bf7-9fa8-acabe343b5f6:218443f8-2358-44d9-b594-59df311df8a1"},{"type":"single","resource":"35889a75-2821-4bf7-9fa8-acabe343b5f6:4f6eda94-9642-4017-aa6c-5b1105aa274f"},{"type":"single","resource":"35889a75-2821-4bf7-9fa8-acabe343b5f6:4f6eda94-9642-4017-aa6c-5b1105aa274f"},{"type":"single","resource":"35889a75-2821-4bf7-9fa8-acabe343b5f6:51592b64-ff97-4ae9-a53c-57390a0c70ae"},{"type":"single","resource":"35889a75-2821-4bf7-9fa8-acabe343b5f6:51592b64-ff97-4ae9-a53c-57390a0c70ae"},{"type":"single","resource":"35889a75-2821-4bf7-9fa8-acabe343b5f6:51592b64-ff97-4ae9-a53c-57390a0c70ae"},{"type":"single","resource":"35889a75-2821-4bf7-9fa8-acabe343b5f6:51592b64-ff97-4ae9-a53c-57390a0c70ae"},{"type":"single","resource":"35889a75-2821-4bf7-9fa8-acabe343b5f6:184f6e15-d4e2-40b2-882d-475308384873"},{"type":"single","resource":"35889a75-2821-4bf7-9fa8-acabe343b5f6:838afb35-f4ec-47f9-80ff-26fa64b0d87b"},{"type":"single","resource":"35889a75-2821-4bf7-9fa8-acabe343b5f6:6c541527-b730-4f5b-9c9f-d280a8c61c9c"},{"type":"single","resource":"35889a75-2821-4bf7-9fa8-acabe343b5f6:5904daa8-f979-4f04-8d12-0c48b71cc645"},{"type":"single","resource":"35889a75-2821-4bf7-9fa8-acabe343b5f6:6a7fc8ff-d9ee-4c7f-a305-ddffc3bcf99e"},{"type":"single","resource":"35889a75-2821-4bf7-9fa8-acabe343b5f6:50685f31-6819-4d1d-98e5-5e0a2ba18c93"},{"type":"single","resource":"35889a75-2821-4bf7-9fa8-acabe343b5f6:4e3cd27f-bb72-4dfc-b32c-99a1525b1275"},{"type":"single","resource":"35889a75-2821-4bf7-9fa8-acabe343b5f6:7ad6af22-46b3-439c-bb42-b3ac5252de8e"},{"type":"single","resource":"35889a75-2821-4bf7-9fa8-acabe343b5f6:900b1053-c378-4b3d-ab11-acb163e56f9b"},{"type":"single","resource":"35889a75-2821-4bf7-9fa8-acabe343b5f6:a36a0ed8-4b13-414a-b628-54c89c0cc787"},{"type":"single","resource":"35889a75-2821-4bf7-9fa8-acabe343b5f6:486f1520-ef52-46e4-b333-a4d3b8c2ceb3"},{"type":"single","resource":"35889a75-2821-4bf7-9fa8-acabe343b5f6:a793beed-5b40-4bb4-93bd-9ca53525c1fe"},{"type":"single","resource":"35889a75-2821-4bf7-9fa8-acabe343b5f6:0903a9d3-3222-4957-aa63-2ccbfdb5977e"},{"type":"single","resource":"35889a75-2821-4bf7-9fa8-acabe343b5f6:4afb8959-6369-4e60-b3bd-243cdfaba4ec"},{"type":"single","resource":"35889a75-2821-4bf7-9fa8-acabe343b5f6:29f23176-cafb-45a1-b463-e693a5e596a4"},{"type":"single","resource":"35889a75-2821-4bf7-9fa8-acabe343b5f6:b1d67289-f7cf-468a-a1c5-74037037e13f"},{"type":"single","resource":"35889a75-2821-4bf7-9fa8-acabe343b5f6:9698a78e-007e-4cfa-bf3d-19612174fa08"},{"type":"single","resource":"35889a75-2821-4bf7-9fa8-acabe343b5f6:09f8f650-6027-44ea-bc43-398ecaba290a"},{"type":"single","resource":"35889a75-2821-4bf7-9fa8-acabe343b5f6:418ca3b4-e6ff-4413-8e10-0786f2a10ab3"},{"type":"single","resource":"35889a75-2821-4bf7-9fa8-acabe343b5f6:236051db-ed8d-4e3c-b535-f4cfe85ded7a"},{"type":"single","resource":"35889a75-2821-4bf7-9fa8-acabe343b5f6:a4ecd278-160f-48c7-b668-0e2c3e01c6ce"},{"type":"single","resource":"35889a75-2821-4bf7-9fa8-acabe343b5f6:0b21f494-33ec-4251-9218-77586ccd326d"},{"type":"single","resource":"35889a75-2821-4bf7-9fa8-acabe343b5f6:6dc9ceb1-03d5-41b6-bd5b-02aa58146301"},{"type":"single","resource":"35889a75-2821-4bf7-9fa8-acabe343b5f6:66d475e7-8d4b-4613-85bc-b61310512017"},{"type":"single","resource":"35889a75-2821-4bf7-9fa8-acabe343b5f6:760f49e0-6b2a-4a77-812a-c127850e5fec"},{"type":"single","resource":"35889a75-2821-4bf7-9fa8-acabe343b5f6:3418882f-88fb-480a-8933-16f8d4d4365f"},{"type":"single","resource":"35889a75-2821-4bf7-9fa8-acabe343b5f6:1525bd4f-5d9b-48ed-8546-463b8712fbaf"},{"type":"single","resource":"35889a75-2821-4bf7-9fa8-acabe343b5f6:d45a183e-92bc-476e-95c2-07a07e791f59"},{"type":"single","resource":"35889a75-2821-4bf7-9fa8-acabe343b5f6:2c311962-0198-4071-b7a8-a4cb35084430"},{"type":"single","resource":"35889a75-2821-4bf7-9fa8-acabe343b5f6:886b9281-98b4-4c3a-93e6-06776ed1bee8"},{"type":"single","resource":"35889a75-2821-4bf7-9fa8-acabe343b5f6:3b5c6ab5-936b-41cb-9dd7-b0bbb2cc232c"},{"type":"single","resource":"35889a75-2821-4bf7-9fa8-acabe343b5f6:40345793-ac56-4d63-afea-098b7276625d"},{"type":"single","resource":"35889a75-2821-4bf7-9fa8-acabe343b5f6:78858495-fcc5-4253-b5a5-17ce07414805"},{"type":"single","resource":"35889a75-2821-4bf7-9fa8-acabe343b5f6:daa89d08-1df7-40cf-be2c-4601dcb5e598"},{"type":"single","resource":"35889a75-2821-4bf7-9fa8-acabe343b5f6:2d17ef07-5e57-4fa4-bfdf-349ec6d96fca"},{"type":"single","resource":"35889a75-2821-4bf7-9fa8-acabe343b5f6:c8279597-538d-46a5-b683-25f25d7f51a8"},{"type":"single","resource":"35889a75-2821-4bf7-9fa8-acabe343b5f6:955616e9-d263-45b4-8eb6-29cf7f9e075b"},{"type":"single","resource":"35889a75-2821-4bf7-9fa8-acabe343b5f6:01974423-9094-4047-be5b-43a50fb27f31"},{"type":"single","resource":"35889a75-2821-4bf7-9fa8-acabe343b5f6:195cdf53-cb97-4a54-9bff-d34915306fc3"},{"type":"single","resource":"35889a75-2821-4bf7-9fa8-acabe343b5f6:468ba78e-d61c-4a6f-846b-25f799954237"},{"type":"single","resource":"35889a75-2821-4bf7-9fa8-acabe343b5f6:c23f0294-2969-46a2-bcab-13448f403e04"},{"type":"single","resource":"35889a75-2821-4bf7-9fa8-acabe343b5f6:43bd349d-b1e6-4f4e-888e-5c95d00515d3"},{"type":"single","resource":"35889a75-2821-4bf7-9fa8-acabe343b5f6:05cc1f02-2fee-4b1f-8807-57135843beff"},{"type":"single","resource":"35889a75-2821-4bf7-9fa8-acabe343b5f6:5b75d42e-9f08-441c-95ac-b3e735e80598"},{"type":"single","resource":"35889a75-2821-4bf7-9fa8-acabe343b5f6:13b49a11-a358-4ba4-adec-22b4f3ea2de0"},{"type":"single","resource":"35889a75-2821-4bf7-9fa8-acabe343b5f6:e4930ff7-2894-4a43-bb5d-93fed7dc61dd"},{"type":"single","resource":"35889a75-2821-4bf7-9fa8-acabe343b5f6:ea04a7c3-3010-4e1e-b7e2-3e2be7762c4b"},{"type":"single","resource":"35889a75-2821-4bf7-9fa8-acabe343b5f6:98e3c888-1992-41ae-a547-ae5e90565924"},{"type":"single","resource":"35889a75-2821-4bf7-9fa8-acabe343b5f6:af93d727-1f6e-49ca-ac04-2cc2ffac4153"},{"type":"single","resource":"35889a75-2821-4bf7-9fa8-acabe343b5f6:438e45d8-34ac-40f2-a382-ed99d03e6053"},{"type":"single","resource":"35889a75-2821-4bf7-9fa8-acabe343b5f6:e2fad72c-8e84-4289-b5d2-064172f28025"},{"type":"single","resource":"35889a75-2821-4bf7-9fa8-acabe343b5f6:ccde73ca-c560-4bdb-a8fb-a6aa0aa853b4"},{"type":"single","resource":"35889a75-2821-4bf7-9fa8-acabe343b5f6:471e899a-6399-4ed9-9cf6-b4abedbd1d81"},{"type":"single","resource":"35889a75-2821-4bf7-9fa8-acabe343b5f6:ff92fca1-c75a-4538-805b-5de2d3fca5e7"},{"type":"single","resource":"35889a75-2821-4bf7-9fa8-acabe343b5f6:6a695c28-e572-4d32-b7d7-3a5223eb70cc"},{"type":"single","resource":"35889a75-2821-4bf7-9fa8-acabe343b5f6:d4efb6f3-d893-4b97-b0f3-b69199488f8c"},{"type":"single","resource":"35889a75-2821-4bf7-9fa8-acabe343b5f6:9d9ca3ae-b496-4be9-81f1-64fb3416583a"},{"type":"single","resource":"35889a75-2821-4bf7-9fa8-acabe343b5f6:7ff0d9ad-9619-44cf-8a9e-ec70d6161b4b"},{"type":"single","resource":"35889a75-2821-4bf7-9fa8-acabe343b5f6:7389e497-b4fa-424d-81f6-c501b2f5b6f1"},{"type":"single","resource":"35889a75-2821-4bf7-9fa8-acabe343b5f6:27725a79-8c12-4c43-b275-72eb9cfbe67d"},{"type":"single","resource":"35889a75-2821-4bf7-9fa8-acabe343b5f6:5e38bcef-d1f8-41b0-823d-1da016faa57d"},{"type":"single","resource":"35889a75-2821-4bf7-9fa8-acabe343b5f6:39397bc5-0046-4b4e-8390-afdc35c4fae0"},{"type":"single","resource":"35889a75-2821-4bf7-9fa8-acabe343b5f6:af05b0c2-43cb-48b7-b5cb-8ad09157142a"},{"type":"single","resource":"35889a75-2821-4bf7-9fa8-acabe343b5f6:c65152ab-7bb5-4774-b2b3-6b45b0ac3a84"},{"type":"single","resource":"35889a75-2821-4bf7-9fa8-acabe343b5f6:e825008d-be57-4c0c-93d9-7b33af7791a0"},{"type":"single","resource":"35889a75-2821-4bf7-9fa8-acabe343b5f6:d549b6b4-10d1-44bd-a6ce-4c7f8d5b323b"},{"type":"single","resource":"35889a75-2821-4bf7-9fa8-acabe343b5f6:1aafd72b-6ba2-4e7e-92cb-747bf036e217"},{"type":"single","resource":"35889a75-2821-4bf7-9fa8-acabe343b5f6:9fe1aa69-4c82-48b5-86a5-bb15722061df"},{"type":"single","resource":"35889a75-2821-4bf7-9fa8-acabe343b5f6:163074a2-cda6-4762-9df6-fc0ffd0733db"},{"type":"single","resource":"35889a75-2821-4bf7-9fa8-acabe343b5f6:7a3255cb-1ab7-40f3-9775-e8afec020bb8"},{"type":"single","resource":"35889a75-2821-4bf7-9fa8-acabe343b5f6:3776cd15-12dc-45e4-82cc-d559042f5781"},{"type":"single","resource":"35889a75-2821-4bf7-9fa8-acabe343b5f6:92c67909-2acd-48ae-b959-0c96ee0f1160"},{"type":"single","resource":"35889a75-2821-4bf7-9fa8-acabe343b5f6:c490692a-ce72-4c89-ac99-68d33fdc1086"},{"type":"single","resource":"35889a75-2821-4bf7-9fa8-acabe343b5f6:85496acf-4d10-4c48-b500-ba0f8d18ca37"},{"type":"single","resource":"35889a75-2821-4bf7-9fa8-acabe343b5f6:d9525022-9ff4-4d91-9b5d-6c648daf03db"},{"type":"single","resource":"35889a75-2821-4bf7-9fa8-acabe343b5f6:19112eea-f681-4141-93eb-39bfa8e8b084"},{"type":"single","resource":"35889a75-2821-4bf7-9fa8-acabe343b5f6:fc85282a-3dfc-4966-a62d-64fd7d6d1727"},{"type":"single","resource":"35889a75-2821-4bf7-9fa8-acabe343b5f6:a218f025-b075-4e1b-baf8-6f32c64ad676"},{"type":"single","resource":"35889a75-2821-4bf7-9fa8-acabe343b5f6:f8799c13-3914-4e92-b347-2a84f2960c26"},{"type":"single","resource":"35889a75-2821-4bf7-9fa8-acabe343b5f6:7500aa2a-ef39-4f33-8079-85a84252afe0"},{"type":"single","resource":"35889a75-2821-4bf7-9fa8-acabe343b5f6:5da474dc-f34b-4773-84c0-0229eaaf4fb6"},{"type":"single","resource":"35889a75-2821-4bf7-9fa8-acabe343b5f6:7605bcf2-98ee-4257-a8ae-966e582fdc7c"},{"type":"single","resource":"2c2a1df0-1337-445b-9c57-d348b6563263:ace58414-1c27-48ff-a7ad-2fdd4c2d6cca"},{"type":"single","resource":"2c2a1df0-1337-445b-9c57-d348b6563263:9e147166-e6bf-424c-94e3-3060056767db"},{"type":"single","resource":"35889a75-2821-4bf7-9fa8-acabe343b5f6:727ad248-4f37-4172-84e8-31ad2db64d53"},{"type":"single","resource":"35889a75-2821-4bf7-9fa8-acabe343b5f6:6c35e7c6-a7ca-47bb-bfd6-b003b1530740"},{"type":"single","resource":"35889a75-2821-4bf7-9fa8-acabe343b5f6:d03803c9-0e56-4780-9f84-da814cbfc360"},{"type":"single","resource":"35889a75-2821-4bf7-9fa8-acabe343b5f6:d03803c9-0e56-4780-9f84-da814cbfc360"},{"type":"single","resource":"35889a75-2821-4bf7-9fa8-acabe343b5f6:63295f6a-4bc9-4145-8c50-125281f713af"},{"type":"single","resource":"35889a75-2821-4bf7-9fa8-acabe343b5f6:2b1266a4-2d69-4448-bf64-dd66337b83b8"},{"type":"single","resource":"35889a75-2821-4bf7-9fa8-acabe343b5f6:bbdd8cf7-fbd6-4199-989c-4f19b3d3b83f"},{"type":"single","resource":"35889a75-2821-4bf7-9fa8-acabe343b5f6:10966eb9-d71e-43b2-af88-081f8be97e81"},{"type":"single","resource":"35889a75-2821-4bf7-9fa8-acabe343b5f6:210df489-1cf0-490b-84cb-69b580a355d0"},{"type":"single","resource":"35889a75-2821-4bf7-9fa8-acabe343b5f6:ddc4cdf4-a665-4adc-9a84-404dc7128a61"},{"type":"single","resource":"35889a75-2821-4bf7-9fa8-acabe343b5f6:ddc4cdf4-a665-4adc-9a84-404dc7128a61"},{"type":"single","resource":"35889a75-2821-4bf7-9fa8-acabe343b5f6:40413ba3-2f23-49be-bfcb-67c00cfa184c"},{"type":"single","resource":"35889a75-2821-4bf7-9fa8-acabe343b5f6:40413ba3-2f23-49be-bfcb-67c00cfa184c"},{"type":"single","resource":"35889a75-2821-4bf7-9fa8-acabe343b5f6:45e5b7dc-4782-4e9d-8d7d-7d9ac6931efd"},{"type":"single","resource":"35889a75-2821-4bf7-9fa8-acabe343b5f6:45e5b7dc-4782-4e9d-8d7d-7d9ac6931efd"},{"type":"single","resource":"35889a75-2821-4bf7-9fa8-acabe343b5f6:dffa2b36-2368-4301-a304-a3bde51a8b9f"},{"type":"single","resource":"35889a75-2821-4bf7-9fa8-acabe343b5f6:dffa2b36-2368-4301-a304-a3bde51a8b9f"},{"type":"single","resource":"35889a75-2821-4bf7-9fa8-acabe343b5f6:45477913-a28b-41ce-8034-0ba1a464f336"},{"type":"single","resource":"35889a75-2821-4bf7-9fa8-acabe343b5f6:45477913-a28b-41ce-8034-0ba1a464f336"},{"type":"single","resource":"35889a75-2821-4bf7-9fa8-acabe343b5f6:1265f74a-57d8-406e-b6bb-662951d554df"},{"type":"single","resource":"35889a75-2821-4bf7-9fa8-acabe343b5f6:1265f74a-57d8-406e-b6bb-662951d554df"},{"type":"single","resource":"35889a75-2821-4bf7-9fa8-acabe343b5f6:ac52bddb-876d-449f-8f05-1e1dd1b031cd"},{"type":"single","resource":"35889a75-2821-4bf7-9fa8-acabe343b5f6:d1f178da-3885-47ac-9963-91ebbe8cd4b3"},{"type":"single","resource":"35889a75-2821-4bf7-9fa8-acabe343b5f6:d1f178da-3885-47ac-9963-91ebbe8cd4b3"},{"type":"single","resource":"35889a75-2821-4bf7-9fa8-acabe343b5f6:6c47587f-e6bc-4f5f-8d16-c5c842cc6735"},{"type":"single","resource":"35889a75-2821-4bf7-9fa8-acabe343b5f6:6c47587f-e6bc-4f5f-8d16-c5c842cc6735"},{"type":"single","resource":"35889a75-2821-4bf7-9fa8-acabe343b5f6:0d9360d0-c769-4e13-a472-20271db0cf32"},{"type":"single","resource":"35889a75-2821-4bf7-9fa8-acabe343b5f6:0d9360d0-c769-4e13-a472-20271db0cf32"},{"type":"single","resource":"35889a75-2821-4bf7-9fa8-acabe343b5f6:c67f9ddf-9087-4cb7-a9cd-da041a9cb67e"},{"type":"single","resource":"35889a75-2821-4bf7-9fa8-acabe343b5f6:c67f9ddf-9087-4cb7-a9cd-da041a9cb67e"},{"type":"single","resource":"35889a75-2821-4bf7-9fa8-acabe343b5f6:6f403e4a-98a9-4e92-8ecb-c6ed99225d01"},{"type":"single","resource":"35889a75-2821-4bf7-9fa8-acabe343b5f6:6f403e4a-98a9-4e92-8ecb-c6ed99225d01"},{"type":"single","resource":"35889a75-2821-4bf7-9fa8-acabe343b5f6:22a36e04-77ed-41ae-9fcf-298d4a21f986"},{"type":"single","resource":"35889a75-2821-4bf7-9fa8-acabe343b5f6:22a36e04-77ed-41ae-9fcf-298d4a21f986"},{"type":"single","resource":"35889a75-2821-4bf7-9fa8-acabe343b5f6:056dd881-cdf8-428b-8930-08f9f08b66a6"},{"type":"single","resource":"35889a75-2821-4bf7-9fa8-acabe343b5f6:d0f42a0b-c5b6-4fa2-a0d5-875e492a5011"},{"type":"single","resource":"35889a75-2821-4bf7-9fa8-acabe343b5f6:d0f42a0b-c5b6-4fa2-a0d5-875e492a5011"},{"type":"single","resource":"35889a75-2821-4bf7-9fa8-acabe343b5f6:798876b0-2439-4b79-bfc6-ed24faec891e"},{"type":"single","resource":"35889a75-2821-4bf7-9fa8-acabe343b5f6:798876b0-2439-4b79-bfc6-ed24faec891e"},{"type":"single","resource":"35889a75-2821-4bf7-9fa8-acabe343b5f6:9685e5d6-2e13-4846-ad94-cea2602f5181"},{"type":"single","resource":"35889a75-2821-4bf7-9fa8-acabe343b5f6:9685e5d6-2e13-4846-ad94-cea2602f5181"},{"type":"single","resource":"35889a75-2821-4bf7-9fa8-acabe343b5f6:b4ec0f0f-8ff5-4271-91c9-1aafac42bf55"},{"type":"single","resource":"35889a75-2821-4bf7-9fa8-acabe343b5f6:b4ec0f0f-8ff5-4271-91c9-1aafac42bf55"},{"type":"single","resource":"35889a75-2821-4bf7-9fa8-acabe343b5f6:1954f6ad-8a98-4d37-9d24-4e79c063c49e"},{"type":"single","resource":"35889a75-2821-4bf7-9fa8-acabe343b5f6:1954f6ad-8a98-4d37-9d24-4e79c063c49e"},{"type":"single","resource":"35889a75-2821-4bf7-9fa8-acabe343b5f6:c5f53ec0-4247-477e-976a-550cef4c5223"},{"type":"single","resource":"35889a75-2821-4bf7-9fa8-acabe343b5f6:c5f53ec0-4247-477e-976a-550cef4c5223"},{"type":"single","resource":"35889a75-2821-4bf7-9fa8-acabe343b5f6:239a1656-7016-4a09-9384-8093f4291a24"},{"type":"single","resource":"35889a75-2821-4bf7-9fa8-acabe343b5f6:41dd29ab-5bc5-4736-a9fc-5d34b08894e8"},{"type":"single","resource":"35889a75-2821-4bf7-9fa8-acabe343b5f6:41dd29ab-5bc5-4736-a9fc-5d34b08894e8"},{"type":"single","resource":"35889a75-2821-4bf7-9fa8-acabe343b5f6:1d19193c-1ae9-425a-b6f5-48744b84b458"},{"type":"single","resource":"35889a75-2821-4bf7-9fa8-acabe343b5f6:1d19193c-1ae9-425a-b6f5-48744b84b458"},{"type":"single","resource":"35889a75-2821-4bf7-9fa8-acabe343b5f6:553fc341-9691-49de-8d46-016028e54fde"},{"type":"single","resource":"35889a75-2821-4bf7-9fa8-acabe343b5f6:553fc341-9691-49de-8d46-016028e54fde"},{"type":"single","resource":"35889a75-2821-4bf7-9fa8-acabe343b5f6:73ca957d-678f-4006-a846-0d890022de47"},{"type":"single","resource":"35889a75-2821-4bf7-9fa8-acabe343b5f6:73ca957d-678f-4006-a846-0d890022de47"},{"type":"single","resource":"35889a75-2821-4bf7-9fa8-acabe343b5f6:7dc4fe05-0719-4e10-852f-ff150a7207e3"},{"type":"single","resource":"35889a75-2821-4bf7-9fa8-acabe343b5f6:7dc4fe05-0719-4e10-852f-ff150a7207e3"},{"type":"single","resource":"35889a75-2821-4bf7-9fa8-acabe343b5f6:ecfde96c-d326-4cb3-afa3-1faaff4bb9c4"},{"type":"single","resource":"35889a75-2821-4bf7-9fa8-acabe343b5f6:ecfde96c-d326-4cb3-afa3-1faaff4bb9c4"},{"type":"single","resource":"35889a75-2821-4bf7-9fa8-acabe343b5f6:ec7a534d-5303-44c2-ba95-5eeedf890555"},{"type":"single","resource":"35889a75-2821-4bf7-9fa8-acabe343b5f6:11bf13d8-016a-47e8-9d71-b4822f35ca17"},{"type":"single","resource":"35889a75-2821-4bf7-9fa8-acabe343b5f6:11bf13d8-016a-47e8-9d71-b4822f35ca17"},{"type":"single","resource":"35889a75-2821-4bf7-9fa8-acabe343b5f6:36621b6c-e162-4609-8229-402a6567b10b"},{"type":"single","resource":"35889a75-2821-4bf7-9fa8-acabe343b5f6:36621b6c-e162-4609-8229-402a6567b10b"},{"type":"single","resource":"35889a75-2821-4bf7-9fa8-acabe343b5f6:24970f20-331d-447b-af49-e4765686d945"},{"type":"single","resource":"35889a75-2821-4bf7-9fa8-acabe343b5f6:24970f20-331d-447b-af49-e4765686d945"},{"type":"single","resource":"35889a75-2821-4bf7-9fa8-acabe343b5f6:1f8d7d5c-64b4-460d-9e69-4559fad7861e"},{"type":"single","resource":"35889a75-2821-4bf7-9fa8-acabe343b5f6:1f8d7d5c-64b4-460d-9e69-4559fad7861e"},{"type":"single","resource":"35889a75-2821-4bf7-9fa8-acabe343b5f6:0eba275d-fea6-4312-8db8-d5d8f0f75766"},{"type":"single","resource":"35889a75-2821-4bf7-9fa8-acabe343b5f6:0eba275d-fea6-4312-8db8-d5d8f0f75766"},{"type":"single","resource":"35889a75-2821-4bf7-9fa8-acabe343b5f6:4b559052-351c-4a35-b1bf-2fecf59265ac"},{"type":"single","resource":"35889a75-2821-4bf7-9fa8-acabe343b5f6:4b559052-351c-4a35-b1bf-2fecf59265ac"},{"type":"single","resource":"35889a75-2821-4bf7-9fa8-acabe343b5f6:48cf23b7-cf9c-41a7-b32d-131aed0c13c9"},{"type":"single","resource":"35889a75-2821-4bf7-9fa8-acabe343b5f6:8c54dec4-a9e7-41e0-bce0-e23899a96ab4"},{"type":"single","resource":"35889a75-2821-4bf7-9fa8-acabe343b5f6:8c54dec4-a9e7-41e0-bce0-e23899a96ab4"},{"type":"single","resource":"35889a75-2821-4bf7-9fa8-acabe343b5f6:3c75b4a6-f09a-4e4f-9db0-d1daf9eab7cf"},{"type":"single","resource":"35889a75-2821-4bf7-9fa8-acabe343b5f6:3c75b4a6-f09a-4e4f-9db0-d1daf9eab7cf"},{"type":"single","resource":"35889a75-2821-4bf7-9fa8-acabe343b5f6:1ea0b7a0-0898-4224-81c5-77c3ec3f4769"},{"type":"single","resource":"35889a75-2821-4bf7-9fa8-acabe343b5f6:1ea0b7a0-0898-4224-81c5-77c3ec3f4769"},{"type":"single","resource":"35889a75-2821-4bf7-9fa8-acabe343b5f6:cf46e6a4-4ebe-4c5a-a44b-166bad598872"},{"type":"single","resource":"35889a75-2821-4bf7-9fa8-acabe343b5f6:cf46e6a4-4ebe-4c5a-a44b-166bad598872"},{"type":"single","resource":"35889a75-2821-4bf7-9fa8-acabe343b5f6:0d1f8060-e2e4-4a8f-964f-f0cab6fef7f5"},{"type":"single","resource":"35889a75-2821-4bf7-9fa8-acabe343b5f6:0d1f8060-e2e4-4a8f-964f-f0cab6fef7f5"},{"type":"single","resource":"35889a75-2821-4bf7-9fa8-acabe343b5f6:99666c03-0c4b-4dab-9008-ed0d97c697c3"},{"type":"single","resource":"35889a75-2821-4bf7-9fa8-acabe343b5f6:99666c03-0c4b-4dab-9008-ed0d97c697c3"},{"type":"single","resource":"35889a75-2821-4bf7-9fa8-acabe343b5f6:1dd3406f-a621-4a69-b0b7-fba8751faacf"},{"type":"single","resource":"2c2a1df0-1337-445b-9c57-d348b6563263:ae5add32-ed3b-44c9-8f4e-9be39bc10b6c"},{"type":"single","resource":"item/wooden_sword"},{"type":"single","resource":"item/wooden_sword"},{"type":"single","resource":"item/wooden_sword"},{"type":"single","resource":"item/wooden_sword"},{"type":"single","resource":"item/wooden_sword"},{"type":"single","resource":"item/wooden_sword"},{"type":"single","resource":"35889a75-2821-4bf7-9fa8-acabe343b5f6:47866aa2-ad63-46d7-a75c-5281e866c4ab"},{"type":"single","resource":"35889a75-2821-4bf7-9fa8-acabe343b5f6:47866aa2-ad63-46d7-a75c-5281e866c4ab"},{"type":"single","resource":"35889a75-2821-4bf7-9fa8-acabe343b5f6:47866aa2-ad63-46d7-a75c-5281e866c4ab"},{"type":"single","resource":"35889a75-2821-4bf7-9fa8-acabe343b5f6:47866aa2-ad63-46d7-a75c-5281e866c4ab"},{"type":"single","resource":"35889a75-2821-4bf7-9fa8-acabe343b5f6:0087a391-b6f8-485d-98ce-3de1cf11b848"},{"type":"single","resource":"35889a75-2821-4bf7-9fa8-acabe343b5f6:0087a391-b6f8-485d-98ce-3de1cf11b848"},{"type":"single","resource":"35889a75-2821-4bf7-9fa8-acabe343b5f6:0087a391-b6f8-485d-98ce-3de1cf11b848"},{"type":"single","resource":"35889a75-2821-4bf7-9fa8-acabe343b5f6:0087a391-b6f8-485d-98ce-3de1cf11b848"},{"type":"single","resource":"35889a75-2821-4bf7-9fa8-acabe343b5f6:b1496e78-e5ef-4eeb-a9d6-f896fe694942"},{"type":"single","resource":"35889a75-2821-4bf7-9fa8-acabe343b5f6:b1496e78-e5ef-4eeb-a9d6-f896fe694942"},{"type":"single","resource":"35889a75-2821-4bf7-9fa8-acabe343b5f6:bcb17f78-3f09-4707-9e6c-72f26bb90aa9"},{"type":"single","resource":"35889a75-2821-4bf7-9fa8-acabe343b5f6:bcb17f78-3f09-4707-9e6c-72f26bb90aa9"}]}