{"display":{"thirdperson_righthand":{"translation":[0.0,1.75,-0.5],"scale":[0.5,0.5,0.5]},"firstperson_righthand":{"rotation":[0.0,98.0,0.0],"translation":[5.0,-2.75,5.0],"scale":[0.7,0.7,0.7]},"ground":{"translation":[0.0,0.75,0.0],"scale":[0.2,0.2,0.2]},"gui":{"rotation":[24.0,145.0,0.0],"translation":[0.0,-1.75,0.0],"scale":[0.5,0.5,0.5]},"head":{"rotation":[0.0,-180.0,0.0],"translation":[0.0,-14.75,0.0],"scale":[2.2,2.2,2.2]},"fixed":{"translation":[0.0,-1.5,-1.0],"scale":[0.5,0.5,0.5]}},"elements":[{"from":[-9.0,18.0,7.8],"to":[25.0,19.0,8.6],"faces":{"north":{"uv":[0.0,0.0,16.0,1.0],"texture":"#0"},"east":{"uv":[0.0,0.0,16.0,1.0],"texture":"#0"},"south":{"uv":[0.0,0.0,16.0,1.0],"texture":"#0"},"west":{"uv":[0.0,0.0,16.0,1.0],"texture":"#0"},"up":{"uv":[0.0,0.0,16.0,1.0],"texture":"#0"},"down":{"uv":[0.0,0.0,16.0,1.0],"texture":"#0"}}},{"from":[-9.0,5.0,7.8],"to":[25.0,6.0,8.6],"faces":{"north":{"uv":[0.0,0.0,16.0,1.0],"texture":"#0"},"east":{"uv":[0.0,0.0,16.0,1.0],"texture":"#0"},"south":{"uv":[0.0,0.0,16.0,1.0],"texture":"#0"},"west":{"uv":[0.0,0.0,16.0,1.0],"texture":"#0"},"up":{"uv":[0.0,0.0,16.0,1.0],"texture":"#0"},"down":{"uv":[0.0,0.0,16.0,1.0],"texture":"#0"}}},{"from":[24.0,6.0,7.8],"to":[25.0,18.0,8.6],"faces":{"north":{"uv":[0.0,0.0,1.0,6.0],"texture":"#0"},"east":{"uv":[0.0,0.0,1.0,6.0],"texture":"#0"},"south":{"uv":[0.0,0.0,1.0,6.0],"texture":"#0"},"west":{"uv":[0.0,0.0,1.0,6.0],"texture":"#0"},"up":{"uv":[0.0,0.0,1.0,6.0],"texture":"#0"},"down":{"uv":[0.0,0.0,1.0,6.0],"texture":"#0"}}},{"from":[-9.0,6.0,7.8],"to":[-8.0,18.0,8.6],"faces":{"north":{"uv":[0.0,0.0,1.0,6.0],"texture":"#0"},"east":{"uv":[0.0,0.0,1.0,6.0],"texture":"#0"},"south":{"uv":[0.0,0.0,1.0,6.0],"texture":"#0"},"west":{"uv":[0.0,0.0,1.0,6.0],"texture":"#0"},"up":{"uv":[0.0,0.0,1.0,6.0],"texture":"#0"},"down":{"uv":[0.0,0.0,1.0,6.0],"texture":"#0"}}},{"from":[-8.0,6.0,8.0],"to":[24.0,18.0,8.6],"faces":{"north":{"uv":[0.0,0.0,14.0,6.0],"texture":"#3"},"east":{"uv":[0.0,0.0,14.0,6.0],"texture":"#3"},"south":{"uv":[0.0,0.0,14.0,6.0],"texture":"#0"},"west":{"uv":[0.0,0.0,14.0,6.0],"texture":"#3"},"up":{"uv":[0.0,0.0,14.0,6.0],"texture":"#3"},"down":{"uv":[0.0,0.0,14.0,6.0],"texture":"#3"}}},{"from":[7.0,0.5,8.5],"to":[9.0,8.0,9.0],"faces":{"north":{"uv":[0.0,0.0,2.0,8.0],"texture":"#1"},"east":{"uv":[0.0,0.0,1.0,8.0],"texture":"#1"},"south":{"uv":[0.0,0.0,2.0,8.0],"texture":"#1"},"west":{"uv":[0.0,0.0,1.0,8.0],"texture":"#1"},"up":{"uv":[0.0,0.0,2.0,1.0],"texture":"#1"},"down":{"uv":[0.0,0.0,2.0,1.0],"texture":"#1"}}},{"from":[2.0,0.0,7.7],"to":[14.0,0.5,9.0],"faces":{"north":{"uv":[0.0,0.0,1.0,1.0],"texture":"#2"},"east":{"uv":[0.0,0.0,1.0,1.0],"texture":"#2"},"south":{"uv":[0.0,0.0,1.0,1.0],"texture":"#2"},"west":{"uv":[0.0,0.0,1.0,1.0],"texture":"#2"},"up":{"uv":[0.0,0.0,1.0,1.0],"texture":"#2"},"down":{"uv":[0.0,0.0,1.0,1.0],"texture":"#2"}}},{"from":[13.58308,0.01239,7.15907],"to":[16.33308,0.51239,8.55907],"rotation":{"origin":[14.95808,0.26239,7.85907],"axis":"y","angle":22.5},"faces":{"north":{"uv":[0.0,0.0,1.0,1.0],"texture":"#2"},"east":{"uv":[0.0,0.0,1.0,1.0],"texture":"#2"},"south":{"uv":[0.0,0.0,1.0,1.0],"texture":"#2"},"west":{"uv":[0.0,0.0,1.0,1.0],"texture":"#2"},"up":{"uv":[0.0,0.0,1.0,1.0],"texture":"#2"},"down":{"uv":[0.0,0.0,1.0,1.0],"texture":"#2"}}},{"from":[-0.45043,-0.01212,7.21763],"to":[2.29957,0.48788,8.51763],"rotation":{"origin":[1.02457,0.23788,7.96763],"axis":"y","angle":-22.5},"faces":{"north":{"uv":[0.0,0.0,1.0,1.0],"texture":"#2"},"east":{"uv":[0.0,0.0,1.0,1.0],"texture":"#2"},"south":{"uv":[0.0,0.0,1.0,1.0],"texture":"#2"},"west":{"uv":[0.0,0.0,1.0,1.0],"texture":"#2"},"up":{"uv":[0.0,0.0,1.0,1.0],"texture":"#2"},"down":{"uv":[0.0,0.0,1.0,1.0],"texture":"#2"}}}],"textures":{"particle":"block/black_wool","0":"block/black_wool","1":"block/white_concrete","2":"block/white_concrete","3":"block/black_concrete"}}