{"display":{"thirdperson_righthand":{"rotation":[75.0,45.0,0.0],"translation":[0.0,0.5,0.0],"scale":[0.2,0.2,0.2]},"thirdperson_lefthand":{"rotation":[75.0,45.0,0.0],"translation":[0.0,0.5,0.0],"scale":[0.2,0.2,0.2]},"firstperson_righthand":{"rotation":[0.0,125.0,0.0],"translation":[2.25,1.25,-0.75],"scale":[0.2,0.2,0.2]},"firstperson_lefthand":{"rotation":[0.0,125.0,0.0],"translation":[2.25,1.25,-0.75],"scale":[0.2,0.2,0.2]},"ground":{"translation":[0.0,3.0,0.0],"scale":[0.25,0.25,0.25]},"gui":{"rotation":[30.0,225.0,0.0],"translation":[0.0,-1.0,0.0],"scale":[0.4,0.4,0.4]},"fixed":{"rotation":[-90.0,0.0,0.0],"translation":[-16.0,0.0,-16.0],"scale":[2.0,2.0,2.0]}},"elements":[{"from":[-8.0,14.0,-2.0],"to":[24.0,16.03516,18.0],"faces":{"north":{"uv":[16.0,0.0,8.0,0.5],"texture":"#0"},"east":{"uv":[8.0,0.5,13.0,1.0],"texture":"#0"},"south":{"uv":[8.0,0.0,16.0,0.5],"texture":"#0"},"west":{"uv":[8.0,0.5,13.0,1.0],"texture":"#0"},"up":{"uv":[8.0,5.0,0.0,0.0],"texture":"#0"},"down":{"uv":[8.0,0.0,0.0,5.0],"texture":"#0"}}},{"from":[-6.0,0.0,14.0],"to":[-4.0,14.0,16.0],"faces":{"north":{"uv":[8.0,1.0,8.5,4.5],"texture":"#0"},"east":{"uv":[0.0,8.5,0.5,12.0],"texture":"#0"},"south":{"uv":[0.5,8.5,1.0,12.0],"texture":"#0"},"west":{"uv":[1.0,8.5,1.5,12.0],"texture":"#0"},"up":{"uv":[8.5,5.0,8.0,4.5],"texture":"#0"},"down":{"uv":[9.0,1.0,8.5,1.5],"texture":"#0"}}},{"from":[-6.0,0.0,0.0],"to":[-4.0,14.0,2.0],"rotation":{"origin":[0.0,0.0,16.0],"axis":"y","angle":0.0},"faces":{"north":{"uv":[1.0,8.5,0.5,12.0],"texture":"#0"},"east":{"uv":[0.5,8.5,0.0,12.0],"texture":"#0"},"south":{"uv":[8.5,1.0,8.0,4.5],"texture":"#0"},"west":{"uv":[1.5,8.5,1.0,12.0],"texture":"#0"},"up":{"uv":[8.5,4.5,8.0,5.0],"texture":"#0"},"down":{"uv":[9.0,1.5,8.5,1.0],"texture":"#0"}}},{"from":[20.0,0.0,0.0],"to":[22.0,14.0,2.0],"rotation":{"origin":[0.0,0.0,16.0],"axis":"y","angle":0.0},"faces":{"north":{"uv":[1.0,8.5,0.5,12.0],"texture":"#0"},"east":{"uv":[0.5,8.5,0.0,12.0],"texture":"#0"},"south":{"uv":[8.5,1.0,8.0,4.5],"texture":"#0"},"west":{"uv":[1.5,8.5,1.0,12.0],"texture":"#0"},"up":{"uv":[8.5,4.5,8.0,5.0],"texture":"#0"},"down":{"uv":[9.0,1.5,8.5,1.0],"texture":"#0"}}},{"from":[20.0,0.0,14.0],"to":[22.0,14.0,16.0],"faces":{"north":{"uv":[8.0,1.0,8.5,4.5],"texture":"#0"},"east":{"uv":[0.0,8.5,0.5,12.0],"texture":"#0"},"south":{"uv":[0.5,8.5,1.0,12.0],"texture":"#0"},"west":{"uv":[1.0,8.5,1.5,12.0],"texture":"#0"},"up":{"uv":[8.5,5.0,8.0,4.5],"texture":"#0"},"down":{"uv":[9.0,1.0,8.5,1.5],"texture":"#0"}}},{"from":[-5.0,0.0,2.0],"to":[-5.0,14.0,14.0],"rotation":{"origin":[16.0,0.0,16.0],"axis":"y","angle":0.0},"faces":{"north":{"uv":[0.0,0.0,0.0,3.5],"texture":"#0"},"east":{"uv":[6.5,5.0,9.5,8.5],"texture":"#0"},"south":{"uv":[0.0,0.0,0.0,3.5],"texture":"#0"},"west":{"uv":[6.5,5.0,9.5,8.5],"texture":"#0"},"up":{"uv":[0.0,3.0,0.0,0.0],"texture":"#0"},"down":{"uv":[0.0,0.0,0.0,3.0],"texture":"#0"}}},{"from":[21.0,0.0,2.0],"to":[21.0,14.0,14.0],"rotation":{"origin":[16.0,0.0,16.0],"axis":"y","angle":0.0},"faces":{"north":{"uv":[0.0,0.0,0.0,3.5],"texture":"#0"},"east":{"uv":[6.5,5.0,9.5,8.5],"texture":"#0"},"south":{"uv":[0.0,0.0,0.0,3.5],"texture":"#0"},"west":{"uv":[6.5,5.0,9.5,8.5],"texture":"#0"},"up":{"uv":[0.0,3.0,0.0,0.0],"texture":"#0"},"down":{"uv":[0.0,0.0,0.0,3.0],"texture":"#0"}}},{"from":[-5.0,0.0,8.0],"to":[21.0,14.0,8.0],"rotation":{"origin":[0.0,0.0,16.0],"axis":"y","angle":0.0},"faces":{"north":{"uv":[0.0,5.0,6.5,8.5],"texture":"#0"},"east":{"uv":[0.0,0.0,0.0,3.5],"texture":"#0"},"south":{"uv":[0.0,5.0,6.5,8.5],"texture":"#0"},"west":{"uv":[0.0,0.0,0.0,3.5],"texture":"#0"},"up":{"uv":[6.5,0.0,0.0,0.0],"texture":"#0"},"down":{"uv":[6.5,0.0,0.0,0.0],"texture":"#0"}}}],"textures":{"particle":"88b57acd-1d5c-4376-9893-fdf66769c3e8:104c1977-240e-48d4-9689-86d3d0d9227e","0":"88b57acd-1d5c-4376-9893-fdf66769c3e8:104c1977-240e-48d4-9689-86d3d0d9227e"}}