{"providers":[{"type":"bitmap","file":"castle/systemicons/ping.png","height":9,"ascent":8,"chars":["ꑖ"]},{"type":"bitmap","file":"castle/systemicons/right_click.png","height":9,"ascent":8,"chars":["ꑛ"]},{"type":"bitmap","file":"castle/systemicons/friend.png","height":9,"ascent":8,"chars":["ꑂ"]},{"type":"bitmap","file":"castle/systemicons/locked.png","height":9,"ascent":8,"chars":["ꑔ"]},{"type":"bitmap","file":"castle/systemicons/local_chat.png","height":9,"ascent":8,"chars":["ꑓ"]},{"type":"bitmap","file":"castle/tags/flags/transgender.png","height":9,"ascent":8,"chars":["ꕏ"]},{"type":"bitmap","file":"castle/prefix/media.png","height":9,"ascent":8,"chars":["ꐼ"]},{"type":"bitmap","file":"castle/prefix/pro.png","height":9,"ascent":8,"chars":["ꐽ"]},{"type":"bitmap","file":"castle/tags/flags/aromantic.png","height":9,"ascent":8,"chars":["ꕐ"]},{"type":"bitmap","file":"castle/systemicons/warn_gray.png","height":9,"ascent":8,"chars":["ꑥ"]},{"type":"bitmap","file":"castle/systemicons/kills.png","height":9,"ascent":8,"chars":["ꐟ"]},{"type":"bitmap","file":"castle/ui/scoreboard/castle_icon.png","height":7,"ascent":7,"chars":["ꕣ"]},{"type":"bitmap","file":"castle/tags/flags/gay.png","height":9,"ascent":8,"chars":["ꐞ"]},{"type":"bitmap","file":"castle/systemicons/chat.png","height":9,"ascent":8,"chars":["ꐒ"]},{"type":"bitmap","file":"castle/systemicons/levels.png","height":9,"ascent":8,"chars":["ꑒ"]},{"type":"bitmap","file":"castle/tags/imposters/red.png","height":9,"ascent":8,"chars":["ꕟ"]},{"type":"bitmap","file":"castle/systemicons/plot.png","height":9,"ascent":8,"chars":["ꑘ"]},{"type":"bitmap","file":"castle/systemicons/world.png","height":9,"ascent":8,"chars":["ꑪ"]},{"type":"bitmap","file":"castle/systemicons/heart.png","height":9,"ascent":8,"chars":["ꐘ"]},{"type":"bitmap","file":"castle/systemicons/voice_not_installed.png","height":9,"ascent":8,"chars":["ꐜ"]},{"type":"bitmap","file":"castle/systemicons/staff.png","height":9,"ascent":8,"chars":["ꑁ"]},{"type":"bitmap","file":"castle/systemicons/shift.png","height":9,"ascent":8,"chars":["ꑃ"]},{"type":"bitmap","file":"castle/systemicons/time.png","height":9,"ascent":8,"chars":["ꑞ"]},{"type":"bitmap","file":"970bdfee-e781-4bc9-9116-c27c0c85c46b:cad27814-f147-4a81-8c5e-685369a2d44e.png","ascent":8,"chars":["ꐏ"]},{"type":"bitmap","file":"castle/tags/imposters/green.png","height":9,"ascent":8,"chars":["ꕡ"]},{"type":"bitmap","file":"castle/ui/scoreboard/logo_frame3.png","height":38,"ascent":37,"chars":["ꕔ"]},{"type":"bitmap","file":"castle/systemicons/global_chat.png","height":9,"ascent":8,"chars":["ꐖ"]},{"type":"bitmap","file":"castle/systemicons/rank.png","height":9,"ascent":8,"chars":["ꑚ"]},{"type":"bitmap","file":"castle/systemicons/voice_installed.png","height":9,"ascent":8,"chars":["ꑡ"]},{"type":"bitmap","file":"castle/prefix/dev.png","height":9,"ascent":8,"chars":["ꐸ"]},{"type":"bitmap","file":"castle/systemicons/voice_disabled.png","height":9,"ascent":8,"chars":["ꕉ"]},{"type":"bitmap","file":"castle/tags/flags/asexual.png","height":9,"ascent":8,"chars":["ꕑ"]},{"type":"bitmap","file":"castle/ui/scoreboard/luca_header.png","height":7,"ascent":7,"chars":["ꕢ"]},{"type":"bitmap","file":"castle/tags/faces/eye_closed.png","height":9,"ascent":8,"chars":["ꕜ"]},{"type":"bitmap","file":"castle/tags/flags/genderfluid.png","height":9,"ascent":8,"chars":["ꕛ"]},{"type":"bitmap","file":"castle/ui/scoreboard/logo_frame7.png","height":38,"ascent":37,"chars":["ꕘ"]},{"type":"bitmap","file":"castle/prefix/mod.png","height":9,"ascent":8,"chars":["ꐺ"]},{"type":"bitmap","file":"castle/ui/scoreboard/logo_frame6.png","height":38,"ascent":37,"chars":["ꕗ"]},{"type":"bitmap","file":"castle/systemicons/warn_cyan.png","height":9,"ascent":8,"chars":["ꑤ"]},{"type":"bitmap","file":"castle/tags/flags/lesbian.png","height":9,"ascent":8,"chars":["ꕍ"]},{"type":"bitmap","file":"castle/systemicons/warn_red.png","height":9,"ascent":8,"chars":["ꑩ"]},{"type":"bitmap","file":"castle/prefix/discord.png","height":9,"ascent":8,"chars":["ꑀ"]},{"type":"bitmap","file":"castle/prefix/team.png","height":9,"ascent":8,"chars":["ꐹ"]},{"type":"bitmap","file":"castle/systemicons/power.png","height":9,"ascent":8,"chars":["ꑙ"]},{"type":"bitmap","file":"castle/prefix/plus.png","height":9,"ascent":8,"chars":["ꐾ"]},{"type":"bitmap","file":"castle/ui/scoreboard/logo_frame4.png","height":38,"ascent":37,"chars":["ꕕ"]},{"type":"bitmap","file":"castle/ui/scoreboard/logo_frame2.png","height":38,"ascent":37,"chars":["ꕓ"]},{"type":"bitmap","file":"castle/systemicons/coin.png","height":9,"ascent":8,"chars":["ꐔ"]},{"type":"bitmap","file":"castle/systemicons/online.png","height":9,"ascent":8,"chars":["ꑕ"]},{"type":"bitmap","file":"castle/systemicons/token.png","height":9,"ascent":8,"chars":["ꑟ"]},{"type":"bitmap","file":"castle/systemicons/afked1.png","height":9,"ascent":8,"chars":["ꐑ"]},{"type":"bitmap","file":"castle/tags/flags/aroace.png","height":9,"ascent":8,"chars":["ꕋ"]},{"type":"bitmap","file":"castle/systemicons/claims.png","height":9,"ascent":8,"chars":["ꐓ"]},{"type":"bitmap","file":"castle/ui/scoreboard/logo_frame0.png","height":38,"ascent":37,"chars":["ꕊ"]},{"type":"bitmap","file":"castle/prefix/owner.png","height":9,"ascent":8,"chars":["ꐶ"]},{"type":"bitmap","file":"castle/tags/imposters/pink.png","height":9,"ascent":8,"chars":["ꕠ"]},{"type":"bitmap","file":"castle/tags/faces/wink.png","height":9,"ascent":8,"chars":["ꕞ"]},{"type":"bitmap","file":"castle/prefix/helper.png","height":9,"ascent":8,"chars":["ꐻ"]},{"type":"bitmap","file":"castle/prefix/admin.png","height":9,"ascent":8,"chars":["ꐷ"]},{"type":"bitmap","file":"castle/tags/flags/demisexual.png","height":9,"ascent":8,"chars":["ꕌ"]},{"type":"bitmap","file":"castle/systemicons/skull.png","height":9,"ascent":8,"chars":["ꑜ"]},{"type":"bitmap","file":"castle/tags/flags/pansexual.png","height":9,"ascent":8,"chars":["ꕚ"]},{"type":"bitmap","file":"castle/systemicons/playerhead.png","height":9,"ascent":8,"chars":["ꑗ"]},{"type":"bitmap","file":"castle/tags/flags/non_binary.png","height":9,"ascent":8,"chars":["ꕎ"]},{"type":"bitmap","file":"required/ui/pause_menu.png","height":227,"ascent":133,"chars":["ꐚ"]},{"type":"bitmap","file":"castle/prefix/player.png","height":9,"ascent":8,"chars":["ꐿ"]},{"type":"bitmap","file":"castle/prefix/supporter.png","height":9,"ascent":8,"chars":["ꐝ"]},{"type":"bitmap","file":"castle/systemicons/temperature.png","height":9,"ascent":8,"chars":["ꑬ"]},{"type":"bitmap","file":"castle/tags/flags/bisexual.png","height":9,"ascent":8,"chars":["ꑉ"]},{"type":"bitmap","file":"castle/tags/faces/silly.png","height":9,"ascent":8,"chars":["ꕝ"]},{"type":"bitmap","file":"castle/systemicons/vanish.png","height":9,"ascent":8,"chars":["ꑠ"]},{"type":"bitmap","file":"required/logo.png","height":78,"ascent":78,"chars":["ꐙ"]},{"type":"bitmap","file":"castle/systemicons/game.png","height":9,"ascent":8,"chars":["ꐕ"]},{"type":"bitmap","file":"castle/systemicons/warn_aqua.png","height":9,"ascent":8,"chars":["ꑣ"]},{"type":"bitmap","file":"castle/systemicons/afked0.png","height":9,"ascent":8,"chars":["ꐐ"]},{"type":"bitmap","file":"castle/systemicons/warn_green.png","height":9,"ascent":8,"chars":["ꑦ"]},{"type":"bitmap","file":"castle/ui/scoreboard/logo_frame1.png","height":38,"ascent":37,"chars":["ꕒ"]},{"type":"bitmap","file":"castle/systemicons/warn_magenta.png","height":9,"ascent":8,"chars":["ꑧ"]},{"type":"bitmap","file":"castle/ui/scoreboard/logo_frame5.png","height":38,"ascent":37,"chars":["ꕖ"]},{"type":"bitmap","file":"castle/systemicons/info.png","height":9,"ascent":8,"chars":["ꐗ"]},{"type":"bitmap","file":"castle/systemicons/sus.png","height":9,"ascent":8,"chars":["ꑝ"]},{"type":"bitmap","file":"castle/tags/flags/straight.png","height":9,"ascent":8,"chars":["ꕙ"]},{"type":"bitmap","file":"castle/systemicons/left_click.png","height":9,"ascent":8,"chars":["ꑑ"]},{"type":"bitmap","file":"castle/systemicons/warn_orange.png","height":9,"ascent":8,"chars":["ꑨ"]},{"type":"reference","id":"nexo:shift"}]}