{"sources":[{"type":"single","resource":"block/black_concrete"},{"type":"single","resource":"block/black_concrete"},{"type":"single","resource":"block/black_wool"},{"type":"single","resource":"block/black_wool"},{"type":"single","resource":"block/black_wool"},{"type":"single","resource":"block/black_wool"},{"type":"single","resource":"block/cobblestone"},{"type":"single","resource":"block/cobblestone"},{"type":"single","resource":"block/dark_oak_planks"},{"type":"single","resource":"block/mossy_cobblestone"},{"type":"single","resource":"block/mossy_cobblestone"},{"type":"single","resource":"block/white_concrete"},{"type":"single","resource":"block/white_concrete"},{"type":"single","resource":"block/white_concrete"},{"type":"single","resource":"block/white_concrete"},{"type":"single","resource":"8ba46d95-a6ce-429b-871a-134bc3541522:77604583-b67c-42ae-933a-77afc7591adb"},{"type":"single","resource":"8ba46d95-a6ce-429b-871a-134bc3541522:77604583-b67c-42ae-933a-77afc7591adb"},{"type":"single","resource":"8ba46d95-a6ce-429b-871a-134bc3541522:203c633a-d139-4ff2-97f1-2ee4cc91c6ee"},{"type":"single","resource":"8ba46d95-a6ce-429b-871a-134bc3541522:203c633a-d139-4ff2-97f1-2ee4cc91c6ee"},{"type":"single","resource":"8ba46d95-a6ce-429b-871a-134bc3541522:e3b340de-2b30-4b10-8e9b-e3df089989c3"},{"type":"single","resource":"8ba46d95-a6ce-429b-871a-134bc3541522:e3b340de-2b30-4b10-8e9b-e3df089989c3"},{"type":"single","resource":"8ba46d95-a6ce-429b-871a-134bc3541522:b0f07f35-bf47-42a2-89b8-c30235884b97"},{"type":"single","resource":"8ba46d95-a6ce-429b-871a-134bc3541522:b0f07f35-bf47-42a2-89b8-c30235884b97"},{"type":"single","resource":"8ba46d95-a6ce-429b-871a-134bc3541522:5cbf0f38-fcb2-4d13-bafc-48bb157996ad"},{"type":"single","resource":"8ba46d95-a6ce-429b-871a-134bc3541522:5cbf0f38-fcb2-4d13-bafc-48bb157996ad"},{"type":"single","resource":"8ba46d95-a6ce-429b-871a-134bc3541522:f60af82a-18e4-4b44-a613-48390c712c3f"},{"type":"single","resource":"8ba46d95-a6ce-429b-871a-134bc3541522:f60af82a-18e4-4b44-a613-48390c712c3f"},{"type":"single","resource":"8ba46d95-a6ce-429b-871a-134bc3541522:60c4aab8-f77e-44ba-88a8-b9a89485593f"},{"type":"single","resource":"8ba46d95-a6ce-429b-871a-134bc3541522:c3b4c582-cefd-4196-bd8b-284084487de2"},{"type":"single","resource":"8ba46d95-a6ce-429b-871a-134bc3541522:804ef6ed-81b4-4c85-8954-e83dacb8ac36"},{"type":"single","resource":"8ba46d95-a6ce-429b-871a-134bc3541522:00c83a49-17b4-409e-ba14-63ec0e1f05d9"},{"type":"single","resource":"8ba46d95-a6ce-429b-871a-134bc3541522:40538500-e500-449d-a2db-63e1b9f23a6a"},{"type":"single","resource":"8ba46d95-a6ce-429b-871a-134bc3541522:13d19ff9-b16b-4310-8aa9-e0b436f0108a"},{"type":"single","resource":"8ba46d95-a6ce-429b-871a-134bc3541522:12516385-6216-490d-a134-6911cc94a527"},{"type":"single","resource":"8ba46d95-a6ce-429b-871a-134bc3541522:12516385-6216-490d-a134-6911cc94a527"},{"type":"single","resource":"8ba46d95-a6ce-429b-871a-134bc3541522:06f08b02-f946-4c22-af8d-3a0237d189d7"},{"type":"single","resource":"8ba46d95-a6ce-429b-871a-134bc3541522:e4bc1cfc-4ef6-4b61-a5b9-410c3c01072c"},{"type":"single","resource":"8ba46d95-a6ce-429b-871a-134bc3541522:e4bc1cfc-4ef6-4b61-a5b9-410c3c01072c"},{"type":"single","resource":"8ba46d95-a6ce-429b-871a-134bc3541522:138bee74-5f8d-4421-9700-54680bd80031"},{"type":"single","resource":"8ba46d95-a6ce-429b-871a-134bc3541522:189f542b-04ec-4f18-8cf0-f28346eeacb8"},{"type":"single","resource":"8ba46d95-a6ce-429b-871a-134bc3541522:107e1e55-0822-4bb4-bea7-251170bc5912"},{"type":"single","resource":"8ba46d95-a6ce-429b-871a-134bc3541522:f915d98d-6b98-42e9-b39d-bbd241db0fa6"},{"type":"single","resource":"8ba46d95-a6ce-429b-871a-134bc3541522:f915d98d-6b98-42e9-b39d-bbd241db0fa6"},{"type":"single","resource":"8ba46d95-a6ce-429b-871a-134bc3541522:84be3b88-1879-4800-b854-fb3cc72c7790"},{"type":"single","resource":"8ba46d95-a6ce-429b-871a-134bc3541522:84be3b88-1879-4800-b854-fb3cc72c7790"},{"type":"single","resource":"8ba46d95-a6ce-429b-871a-134bc3541522:d68c8a21-6e36-4072-b043-3006376e3a47"},{"type":"single","resource":"8ba46d95-a6ce-429b-871a-134bc3541522:f3328a2d-431d-4ae6-96fb-e9a9af2badcc"},{"type":"single","resource":"8ba46d95-a6ce-429b-871a-134bc3541522:beda8c62-e770-4627-85c2-5036d592fdbd"},{"type":"single","resource":"8ba46d95-a6ce-429b-871a-134bc3541522:27aaa98b-818b-4f07-97ec-3fd124e0448f"},{"type":"single","resource":"8ba46d95-a6ce-429b-871a-134bc3541522:7bd62cb1-d6fa-40e9-ae94-dfed2cfbc3f8"},{"type":"single","resource":"8ba46d95-a6ce-429b-871a-134bc3541522:4c909aef-cb24-442b-a408-55f3790d0fcf"},{"type":"single","resource":"8ba46d95-a6ce-429b-871a-134bc3541522:18dcb8e7-2e0f-48a6-a897-a8bb172c433a"},{"type":"single","resource":"8ba46d95-a6ce-429b-871a-134bc3541522:588ccad8-732d-4ec0-97dc-b2ce1362a012"},{"type":"single","resource":"8ba46d95-a6ce-429b-871a-134bc3541522:227d5b1d-e1e9-42ca-a057-e4a1a0ca385b"},{"type":"single","resource":"8ba46d95-a6ce-429b-871a-134bc3541522:d6763b3c-d2f1-4691-9671-dad2f6a1fafa"},{"type":"single","resource":"8ba46d95-a6ce-429b-871a-134bc3541522:ea4523f6-48f0-4fc8-91f4-77aaf96a6b42"},{"type":"single","resource":"8ba46d95-a6ce-429b-871a-134bc3541522:12140d0c-504a-4185-bcb5-4825824d071b"},{"type":"single","resource":"8ba46d95-a6ce-429b-871a-134bc3541522:7a746d9d-75e5-4677-8e4b-c795d259b2d8"},{"type":"single","resource":"8ba46d95-a6ce-429b-871a-134bc3541522:e203ff65-9082-48d7-80c8-e0e23e6a4e94"},{"type":"single","resource":"8ba46d95-a6ce-429b-871a-134bc3541522:d7c71acc-cefc-4a48-9851-1e13ba96cff1"},{"type":"single","resource":"8ba46d95-a6ce-429b-871a-134bc3541522:65d82da3-569e-43f4-a51f-f7aa760aa9ac"},{"type":"single","resource":"8ba46d95-a6ce-429b-871a-134bc3541522:dd43f44a-5bc6-41c0-8a6b-c58e3be33379"},{"type":"single","resource":"8ba46d95-a6ce-429b-871a-134bc3541522:4516ec8a-d943-4661-9dce-110ba45ad20a"},{"type":"single","resource":"8ba46d95-a6ce-429b-871a-134bc3541522:d2341b17-102c-444e-a0e8-f49b3acfd81b"},{"type":"single","resource":"8ba46d95-a6ce-429b-871a-134bc3541522:38fef3ee-22ed-4588-adde-cd976c30ac11"},{"type":"single","resource":"8ba46d95-a6ce-429b-871a-134bc3541522:9b76f4fe-46f9-44c1-ac6b-01a8e75d0762"},{"type":"single","resource":"8ba46d95-a6ce-429b-871a-134bc3541522:997d3b33-4a90-48e9-bff3-eac03a69a63f"},{"type":"single","resource":"8ba46d95-a6ce-429b-871a-134bc3541522:0f79f682-7b9b-423c-9f69-f9442d33af7c"},{"type":"single","resource":"0ba6d74e-0a0e-4746-903a-99b5919fa733:41b4e268-3819-442e-ab54-9b86ab89c857"},{"type":"single","resource":"item/chainmail_boots"},{"type":"single","resource":"item/chainmail_chestplate"},{"type":"single","resource":"item/chainmail_helmet"},{"type":"single","resource":"item/chainmail_leggings"},{"type":"single","resource":"0ba6d74e-0a0e-4746-903a-99b5919fa733:78bda94f-8a0d-4a61-a3bd-354cba313caf"},{"type":"single","resource":"0ba6d74e-0a0e-4746-903a-99b5919fa733:10b0bbfc-b307-4a63-84d0-9d1de12f74eb"},{"type":"single","resource":"0ba6d74e-0a0e-4746-903a-99b5919fa733:57055a9c-b09e-41eb-a0ac-442c2acd89f7"},{"type":"single","resource":"0ba6d74e-0a0e-4746-903a-99b5919fa733:97f69999-4369-4a84-a8fa-a317bb6b0b0e"},{"type":"single","resource":"8ba46d95-a6ce-429b-871a-134bc3541522:90c885a6-9d99-4b0c-8d12-1bd211f360c7"},{"type":"single","resource":"0ba6d74e-0a0e-4746-903a-99b5919fa733:3a75f096-83e8-4bb1-a4fc-9d2ea8d1d098"},{"type":"single","resource":"8ba46d95-a6ce-429b-871a-134bc3541522:1835cc62-19db-4a92-9afd-0a75f5811a19"},{"type":"single","resource":"8ba46d95-a6ce-429b-871a-134bc3541522:e7eaf571-2fcb-4510-9757-06555ec95a00"},{"type":"single","resource":"8ba46d95-a6ce-429b-871a-134bc3541522:154fbd4e-f6fe-4569-b849-61f15e163c8f"},{"type":"single","resource":"8ba46d95-a6ce-429b-871a-134bc3541522:f7663651-ac86-4780-961f-b299c1588619"},{"type":"single","resource":"8ba46d95-a6ce-429b-871a-134bc3541522:0e872c44-b532-4c0b-96ed-8ffd5c20494d"},{"type":"single","resource":"8ba46d95-a6ce-429b-871a-134bc3541522:ec771cf6-6cbf-4728-80a8-e34cc8a46cb6"},{"type":"single","resource":"8ba46d95-a6ce-429b-871a-134bc3541522:9d034b4b-afe1-427b-8ff8-a9abb26e9f1d"},{"type":"single","resource":"8ba46d95-a6ce-429b-871a-134bc3541522:86e6112e-1503-428f-a7bd-b308babf5170"},{"type":"single","resource":"8ba46d95-a6ce-429b-871a-134bc3541522:dd8f15fb-7f36-4785-87b1-e138eb9bd95e"},{"type":"single","resource":"8ba46d95-a6ce-429b-871a-134bc3541522:dfffe712-3720-4ad2-9837-687f58724317"},{"type":"single","resource":"8ba46d95-a6ce-429b-871a-134bc3541522:ae4320f9-3cec-4b2e-ab87-fc431e51d1ce"},{"type":"single","resource":"8ba46d95-a6ce-429b-871a-134bc3541522:25b9642f-2f56-499c-8a5e-a6b075fe7c2e"},{"type":"single","resource":"8ba46d95-a6ce-429b-871a-134bc3541522:e5c6525d-ffcd-44b7-8629-ed28f3e00884"},{"type":"single","resource":"8ba46d95-a6ce-429b-871a-134bc3541522:36ec39f5-a40b-4231-8c70-b3f8c6753e1b"},{"type":"single","resource":"8ba46d95-a6ce-429b-871a-134bc3541522:e33e7abc-97f6-49cb-bfa9-775b26fecd11"},{"type":"single","resource":"8ba46d95-a6ce-429b-871a-134bc3541522:a14e30e9-7b93-4e98-b9de-1899cd2a97e8"},{"type":"single","resource":"8ba46d95-a6ce-429b-871a-134bc3541522:ad82b598-2473-4a9d-8c71-70b8445fa3b1"},{"type":"single","resource":"8ba46d95-a6ce-429b-871a-134bc3541522:6108e8cf-e9c2-421e-a65c-1d811099a5ff"},{"type":"single","resource":"8ba46d95-a6ce-429b-871a-134bc3541522:6108e8cf-e9c2-421e-a65c-1d811099a5ff"},{"type":"single","resource":"8ba46d95-a6ce-429b-871a-134bc3541522:17f2a6ac-bee8-47dd-b16e-9cb38b504ebe"},{"type":"single","resource":"8ba46d95-a6ce-429b-871a-134bc3541522:23c965fc-6f8a-4c20-a660-79880b60b8da"},{"type":"single","resource":"8ba46d95-a6ce-429b-871a-134bc3541522:fe991355-e3aa-4d45-abc7-3f5172bf1ddd"},{"type":"single","resource":"8ba46d95-a6ce-429b-871a-134bc3541522:b4f8bb27-a8ad-49d8-864d-427f275a3116"},{"type":"single","resource":"8ba46d95-a6ce-429b-871a-134bc3541522:9800ff26-0689-4b4c-b62e-69b69c9833ad"},{"type":"single","resource":"8ba46d95-a6ce-429b-871a-134bc3541522:384de57b-6959-4e77-af39-485d12692692"},{"type":"single","resource":"8ba46d95-a6ce-429b-871a-134bc3541522:3552cc7e-f799-4d64-a34e-122b21957725"},{"type":"single","resource":"8ba46d95-a6ce-429b-871a-134bc3541522:b401cb12-46f1-48df-b95b-a486568a84d7"},{"type":"single","resource":"8ba46d95-a6ce-429b-871a-134bc3541522:84b2985a-894b-4c31-9f84-222cd57658fc"},{"type":"single","resource":"8ba46d95-a6ce-429b-871a-134bc3541522:cfa58863-1f36-47bb-8cee-59414e872a53"},{"type":"single","resource":"8ba46d95-a6ce-429b-871a-134bc3541522:262ed10a-7f1c-4712-b93a-0ec41fe6c2c0"},{"type":"single","resource":"8ba46d95-a6ce-429b-871a-134bc3541522:9b67c660-2612-4079-8c82-6b087d49e39f"},{"type":"single","resource":"8ba46d95-a6ce-429b-871a-134bc3541522:792a9292-28ac-493b-a111-8893405ee911"},{"type":"single","resource":"8ba46d95-a6ce-429b-871a-134bc3541522:d4632de1-0e2f-4fd7-aae8-f200a6ae5d07"},{"type":"single","resource":"8ba46d95-a6ce-429b-871a-134bc3541522:9b4d9097-ab80-41b2-8dcb-df94c2eba202"},{"type":"single","resource":"8ba46d95-a6ce-429b-871a-134bc3541522:9dffdfab-034c-47cf-be5a-c82dfb523f1b"},{"type":"single","resource":"8ba46d95-a6ce-429b-871a-134bc3541522:c7da60ee-7bcd-4523-a698-8896262e12a0"},{"type":"single","resource":"8ba46d95-a6ce-429b-871a-134bc3541522:f818ec6f-51f4-4be7-bb7b-fd4fccde4471"},{"type":"single","resource":"8ba46d95-a6ce-429b-871a-134bc3541522:05da6add-c4c0-4f6f-904c-709348aa880e"},{"type":"single","resource":"8ba46d95-a6ce-429b-871a-134bc3541522:b2f906ce-dc6e-440b-a312-f2cad083ff33"},{"type":"single","resource":"8ba46d95-a6ce-429b-871a-134bc3541522:e43a2dde-2bb9-41fa-b7e1-b41fd981ceb8"},{"type":"single","resource":"8ba46d95-a6ce-429b-871a-134bc3541522:7f924d05-ae4a-4ba4-8556-df625bc050ba"},{"type":"single","resource":"8ba46d95-a6ce-429b-871a-134bc3541522:29c6a307-b093-40a2-ace6-36b53bf7cf61"},{"type":"single","resource":"8ba46d95-a6ce-429b-871a-134bc3541522:4990c19b-571e-44c8-b60f-930f9d1da4b2"},{"type":"single","resource":"8ba46d95-a6ce-429b-871a-134bc3541522:894f000e-6863-439e-8c07-3c6a9cd2421a"},{"type":"single","resource":"8ba46d95-a6ce-429b-871a-134bc3541522:eb144b2a-a5bf-480e-8288-da61c679e61f"},{"type":"single","resource":"8ba46d95-a6ce-429b-871a-134bc3541522:5e6b9023-0b6a-4001-bcb0-fffa508d7aae"},{"type":"single","resource":"8ba46d95-a6ce-429b-871a-134bc3541522:eb524300-32bf-462d-bb85-e2b432040762"},{"type":"single","resource":"8ba46d95-a6ce-429b-871a-134bc3541522:f7da2d21-a9a6-49eb-b7a7-66fc74a0243f"},{"type":"single","resource":"8ba46d95-a6ce-429b-871a-134bc3541522:f559b0ff-562a-4747-9252-93aab02bc27f"},{"type":"single","resource":"8ba46d95-a6ce-429b-871a-134bc3541522:10107212-71b9-470a-a99d-6790de7c6eb1"},{"type":"single","resource":"8ba46d95-a6ce-429b-871a-134bc3541522:41c87e5b-ab3b-4b0b-ba3a-9fa3a4b8fd91"},{"type":"single","resource":"8ba46d95-a6ce-429b-871a-134bc3541522:d52c7bfb-5515-44a9-b31d-c026c1b23f7a"},{"type":"single","resource":"8ba46d95-a6ce-429b-871a-134bc3541522:a38a33f9-7db8-4deb-a49b-ea93645ac4b8"},{"type":"single","resource":"8ba46d95-a6ce-429b-871a-134bc3541522:c1168496-569a-438d-aeec-b978995a5283"},{"type":"single","resource":"8ba46d95-a6ce-429b-871a-134bc3541522:f2c6a135-7a96-4b72-8bb7-1f65744a623f"},{"type":"single","resource":"8ba46d95-a6ce-429b-871a-134bc3541522:0f59a44b-3511-422c-857f-06db5d2f7741"},{"type":"single","resource":"8ba46d95-a6ce-429b-871a-134bc3541522:82781553-5a62-4020-a91d-18715a41a314"},{"type":"single","resource":"8ba46d95-a6ce-429b-871a-134bc3541522:1f0ccd5a-cf25-4403-8730-044a6844503f"},{"type":"single","resource":"8ba46d95-a6ce-429b-871a-134bc3541522:117397bb-0617-4994-9a03-bafdd69e5438"},{"type":"single","resource":"8ba46d95-a6ce-429b-871a-134bc3541522:1215c869-69c4-4ec4-89d2-35453096597c"},{"type":"single","resource":"8ba46d95-a6ce-429b-871a-134bc3541522:187849b8-c99d-4dff-b3ed-a596cd7f9580"},{"type":"single","resource":"8ba46d95-a6ce-429b-871a-134bc3541522:78b65fe2-f16e-4c1e-9c7d-8114f5fe959f"},{"type":"single","resource":"8ba46d95-a6ce-429b-871a-134bc3541522:184ac8ce-8906-43d0-8847-4b36e1c1a7ef"},{"type":"single","resource":"8ba46d95-a6ce-429b-871a-134bc3541522:1cd0c3c9-f7ac-46dd-b9d1-5c5e8ff476a5"},{"type":"single","resource":"8ba46d95-a6ce-429b-871a-134bc3541522:1b3cf6e3-51ab-4e45-9f80-2fdaf4ae566c"},{"type":"single","resource":"8ba46d95-a6ce-429b-871a-134bc3541522:e6a22301-86aa-49e9-89ec-b5ee73a75f00"},{"type":"single","resource":"8ba46d95-a6ce-429b-871a-134bc3541522:41fa56a0-42dd-4aa7-b6c8-8c5613d6ac9e"},{"type":"single","resource":"8ba46d95-a6ce-429b-871a-134bc3541522:1b0648eb-ba75-4a43-87e2-fc52097802f1"},{"type":"single","resource":"8ba46d95-a6ce-429b-871a-134bc3541522:0a7bc36a-0eb4-4d1f-9354-95f6336ccfc9"},{"type":"single","resource":"8ba46d95-a6ce-429b-871a-134bc3541522:c6745414-e804-461b-b523-eb4237cba582"},{"type":"single","resource":"8ba46d95-a6ce-429b-871a-134bc3541522:c1769d3a-b952-4715-b889-059de4d85f6d"},{"type":"single","resource":"8ba46d95-a6ce-429b-871a-134bc3541522:d5fc19f1-6857-43e4-b199-089ed02e5469"},{"type":"single","resource":"8ba46d95-a6ce-429b-871a-134bc3541522:abde5e34-6ee1-45b7-bbb6-367e88f76a2e"},{"type":"single","resource":"8ba46d95-a6ce-429b-871a-134bc3541522:e80f9cd4-3ffc-4ede-81d0-bca17ee0f537"},{"type":"single","resource":"8ba46d95-a6ce-429b-871a-134bc3541522:84906b9a-c4a0-4501-8ead-bc57d3334a58"},{"type":"single","resource":"8ba46d95-a6ce-429b-871a-134bc3541522:048b3a34-83ad-4b7f-8bda-d1059378064d"},{"type":"single","resource":"8ba46d95-a6ce-429b-871a-134bc3541522:96d8cc15-e56c-4ba5-b227-5e934dc6c040"},{"type":"single","resource":"8ba46d95-a6ce-429b-871a-134bc3541522:02318481-d195-4416-877b-05f719b64c50"},{"type":"single","resource":"8ba46d95-a6ce-429b-871a-134bc3541522:faa8a02c-7212-423e-8d45-8695ffcf5529"},{"type":"single","resource":"8ba46d95-a6ce-429b-871a-134bc3541522:e309d391-de85-4672-ad49-71104ea8a251"},{"type":"single","resource":"8ba46d95-a6ce-429b-871a-134bc3541522:654d2eea-54f7-48d5-ac25-ac4f37617aa0"},{"type":"single","resource":"8ba46d95-a6ce-429b-871a-134bc3541522:3f516264-024f-4c9b-bff4-dcb6a39f484e"},{"type":"single","resource":"8ba46d95-a6ce-429b-871a-134bc3541522:0e21f072-48f8-41e4-80c5-8ff5aa1e7c04"},{"type":"single","resource":"8ba46d95-a6ce-429b-871a-134bc3541522:57c6116a-bc25-44ac-abb4-76e6634c56d7"},{"type":"single","resource":"8ba46d95-a6ce-429b-871a-134bc3541522:2ecece54-0246-4173-a131-fe192dd0a1a4"},{"type":"single","resource":"8ba46d95-a6ce-429b-871a-134bc3541522:78148206-3d60-49c4-ad8c-72bc6cc52b57"},{"type":"single","resource":"8ba46d95-a6ce-429b-871a-134bc3541522:b7dcd005-4505-4254-a40c-b9c2dbe9c5fd"},{"type":"single","resource":"8ba46d95-a6ce-429b-871a-134bc3541522:2d2bb354-75ed-4cd9-af3a-b547d7598de6"},{"type":"single","resource":"8ba46d95-a6ce-429b-871a-134bc3541522:690cf762-2064-4fa8-86e8-3ac1febf44c8"},{"type":"single","resource":"8ba46d95-a6ce-429b-871a-134bc3541522:50c4fd0f-a375-4c88-bafb-498c3800a094"},{"type":"single","resource":"8ba46d95-a6ce-429b-871a-134bc3541522:d01f24fa-e193-45ed-8483-df35715a8d84"},{"type":"single","resource":"8ba46d95-a6ce-429b-871a-134bc3541522:82445a10-4d0b-40c7-8bfe-94c66cafc072"},{"type":"single","resource":"8ba46d95-a6ce-429b-871a-134bc3541522:25597777-5330-49f2-ace2-73d9bdd9ab5b"},{"type":"single","resource":"8ba46d95-a6ce-429b-871a-134bc3541522:69469297-1cfe-407e-a385-5393e063e2f0"},{"type":"single","resource":"8ba46d95-a6ce-429b-871a-134bc3541522:8817f1f2-424e-46e5-8692-e368252212a9"},{"type":"single","resource":"8ba46d95-a6ce-429b-871a-134bc3541522:0c5ad13b-ba6e-4de1-aed5-18054670c11c"},{"type":"single","resource":"8ba46d95-a6ce-429b-871a-134bc3541522:747de6df-1e98-411e-805e-78194018a20b"},{"type":"single","resource":"8ba46d95-a6ce-429b-871a-134bc3541522:f695780f-4f36-4883-a426-2a9b39b072d6"},{"type":"single","resource":"8ba46d95-a6ce-429b-871a-134bc3541522:ee2ade2e-e5a9-4b32-99d3-a94295549b2e"},{"type":"single","resource":"8ba46d95-a6ce-429b-871a-134bc3541522:ad28f54c-3f9d-4da3-8625-8191c0a42a74"},{"type":"single","resource":"8ba46d95-a6ce-429b-871a-134bc3541522:8f5e6423-b1b0-4258-ba45-cad20f30564e"},{"type":"single","resource":"8ba46d95-a6ce-429b-871a-134bc3541522:50a47f11-deb1-42e7-b6c9-81093abbe704"},{"type":"single","resource":"8ba46d95-a6ce-429b-871a-134bc3541522:ec3db8b0-24bb-45fe-9a25-67117cff05bb"},{"type":"single","resource":"8ba46d95-a6ce-429b-871a-134bc3541522:3ba7b8b7-af04-4513-8680-b7da34325f54"},{"type":"single","resource":"8ba46d95-a6ce-429b-871a-134bc3541522:2386dbad-beed-462e-bdb0-3283ffa34f33"},{"type":"single","resource":"8ba46d95-a6ce-429b-871a-134bc3541522:6b93c477-3c30-4f37-a9cd-dfb160cbf5a9"},{"type":"single","resource":"8ba46d95-a6ce-429b-871a-134bc3541522:0d4eccb6-c4a8-4ebd-9ecd-4e01cbc8109e"},{"type":"single","resource":"8ba46d95-a6ce-429b-871a-134bc3541522:64d6b838-25d1-4b83-a5f5-fd8fe8670a87"},{"type":"single","resource":"8ba46d95-a6ce-429b-871a-134bc3541522:e0a801e4-0a5e-40c7-b342-072767cf9e19"},{"type":"single","resource":"8ba46d95-a6ce-429b-871a-134bc3541522:d3654ef1-b4d8-470d-ba14-0d3e4e3549e0"},{"type":"single","resource":"8ba46d95-a6ce-429b-871a-134bc3541522:d8d59246-1abc-45d4-a2cb-7e926e0de6f1"},{"type":"single","resource":"8ba46d95-a6ce-429b-871a-134bc3541522:0fa55311-bda1-44e6-8291-dfb8147737e6"},{"type":"single","resource":"8ba46d95-a6ce-429b-871a-134bc3541522:a6ddafde-0962-411f-9a96-0b69a4e7d87c"},{"type":"single","resource":"8ba46d95-a6ce-429b-871a-134bc3541522:10012ea0-738d-4303-b11f-746e768d5ca3"},{"type":"single","resource":"8ba46d95-a6ce-429b-871a-134bc3541522:8adc0507-d350-4519-a23a-281d835a870d"},{"type":"single","resource":"8ba46d95-a6ce-429b-871a-134bc3541522:1bff64e1-a13e-47e7-9edb-db0e01afd488"},{"type":"single","resource":"8ba46d95-a6ce-429b-871a-134bc3541522:641231eb-24ef-4028-b56f-176465483ab3"},{"type":"single","resource":"8ba46d95-a6ce-429b-871a-134bc3541522:7f1db6f5-172e-4e17-be57-96c39c0a95ea"},{"type":"single","resource":"8ba46d95-a6ce-429b-871a-134bc3541522:0e08c744-e8a5-4e39-8cfb-dd1bff60e7f4"},{"type":"single","resource":"8ba46d95-a6ce-429b-871a-134bc3541522:2647cab0-6664-407f-b71d-a50cd56ce376"},{"type":"single","resource":"0ba6d74e-0a0e-4746-903a-99b5919fa733:a32bfb30-a278-4ff3-af9c-dbecc20b7a7c"},{"type":"single","resource":"0ba6d74e-0a0e-4746-903a-99b5919fa733:547a852a-292d-421b-8b1e-16fd16827855"},{"type":"single","resource":"0ba6d74e-0a0e-4746-903a-99b5919fa733:53bcac35-8134-4fe1-aa85-0923c7b5f07a"},{"type":"single","resource":"item/leather_horse_armor"},{"type":"single","resource":"0ba6d74e-0a0e-4746-903a-99b5919fa733:995832fd-1010-4135-a7d2-22b177b9d496"},{"type":"single","resource":"8ba46d95-a6ce-429b-871a-134bc3541522:3e9d714b-3dd9-4588-a040-96d08cf889ee"},{"type":"single","resource":"8ba46d95-a6ce-429b-871a-134bc3541522:43a8308d-e1a1-4076-8c46-9fd0c97cb997"},{"type":"single","resource":"8ba46d95-a6ce-429b-871a-134bc3541522:ea4cffc6-a096-4a7b-a667-d9625f8a51da"},{"type":"single","resource":"8ba46d95-a6ce-429b-871a-134bc3541522:2132c667-fdea-47e1-a5bc-99f377801a85"},{"type":"single","resource":"8ba46d95-a6ce-429b-871a-134bc3541522:fe565862-af24-4742-a54e-97c9576edd5a"},{"type":"single","resource":"8ba46d95-a6ce-429b-871a-134bc3541522:cceb2b1b-4f8e-43b2-872c-c7363df9c83b"},{"type":"single","resource":"8ba46d95-a6ce-429b-871a-134bc3541522:108eaede-2c1d-4f4b-9efc-dccb16edfce8"},{"type":"single","resource":"8ba46d95-a6ce-429b-871a-134bc3541522:2e39e0cd-57b2-402b-9569-61aedfadaf70"},{"type":"single","resource":"8ba46d95-a6ce-429b-871a-134bc3541522:648c471c-aad6-4498-ad5f-61443113cad9"},{"type":"single","resource":"8ba46d95-a6ce-429b-871a-134bc3541522:f1a1aaab-28cb-4837-b63a-22b62afcd218"},{"type":"single","resource":"8ba46d95-a6ce-429b-871a-134bc3541522:30258d2d-dd85-46f7-8752-07076c9f8fad"},{"type":"single","resource":"8ba46d95-a6ce-429b-871a-134bc3541522:3198e877-3c96-4f43-9ed1-0b674cb43a49"},{"type":"single","resource":"8ba46d95-a6ce-429b-871a-134bc3541522:2d8b2f9c-621b-4355-be17-326bf4aac128"},{"type":"single","resource":"8ba46d95-a6ce-429b-871a-134bc3541522:7c5d09f3-627f-47e5-8ce4-21801da587c9"},{"type":"single","resource":"8ba46d95-a6ce-429b-871a-134bc3541522:66a73df2-56fb-4323-bf73-a997398db17e"},{"type":"single","resource":"8ba46d95-a6ce-429b-871a-134bc3541522:4311de5a-d712-4481-9ca3-75b35e8a8ea3"},{"type":"single","resource":"8ba46d95-a6ce-429b-871a-134bc3541522:31777051-3496-498f-8c39-13561976d17c"},{"type":"single","resource":"8ba46d95-a6ce-429b-871a-134bc3541522:d73ab3b2-3b57-48d7-8423-69f74b34506b"},{"type":"single","resource":"8ba46d95-a6ce-429b-871a-134bc3541522:65c828e8-45b7-47e9-aaf4-2730b6553b66"},{"type":"single","resource":"8ba46d95-a6ce-429b-871a-134bc3541522:5940f083-acf0-47f7-9200-55b96102f78e"},{"type":"single","resource":"8ba46d95-a6ce-429b-871a-134bc3541522:89d82e6b-9c6e-42ea-80af-78062a0da5cc"},{"type":"single","resource":"8ba46d95-a6ce-429b-871a-134bc3541522:ea281713-5ae0-4d59-bd5b-86f021f6ca60"},{"type":"single","resource":"8ba46d95-a6ce-429b-871a-134bc3541522:a79e1c2a-ffbf-45b0-b3d5-ff928a52c51d"},{"type":"single","resource":"8ba46d95-a6ce-429b-871a-134bc3541522:58c1fbe8-b99c-437f-ad1d-7db558cec877"},{"type":"single","resource":"8ba46d95-a6ce-429b-871a-134bc3541522:eca622de-8be5-4d40-9744-d2c70251b24e"},{"type":"single","resource":"8ba46d95-a6ce-429b-871a-134bc3541522:520454dc-6c35-4e64-a5a1-979f39345c88"},{"type":"single","resource":"8ba46d95-a6ce-429b-871a-134bc3541522:9327a0d4-bf04-4c46-92e9-e802a9f9557e"},{"type":"single","resource":"8ba46d95-a6ce-429b-871a-134bc3541522:4af8246b-bff6-480e-8d50-e2dedde329cc"},{"type":"single","resource":"8ba46d95-a6ce-429b-871a-134bc3541522:33d6e57c-a075-463a-8df4-09cac06d0e76"},{"type":"single","resource":"8ba46d95-a6ce-429b-871a-134bc3541522:b8ec7d53-f94b-4be6-a11e-31cf58a2cfe8"},{"type":"single","resource":"8ba46d95-a6ce-429b-871a-134bc3541522:95212a0e-74cf-4106-922e-5aa3a67151ca"},{"type":"single","resource":"8ba46d95-a6ce-429b-871a-134bc3541522:eaa31c58-6cc1-465f-83e0-73288857f23a"},{"type":"single","resource":"8ba46d95-a6ce-429b-871a-134bc3541522:68b53965-0dd9-4d84-91c3-a89587d95994"},{"type":"single","resource":"8ba46d95-a6ce-429b-871a-134bc3541522:5b61dc41-e7c8-400a-9445-bce60365f664"},{"type":"single","resource":"8ba46d95-a6ce-429b-871a-134bc3541522:e7246070-a16f-46d5-bd46-b3e65ad595c3"},{"type":"single","resource":"8ba46d95-a6ce-429b-871a-134bc3541522:a7a371d3-3da0-402e-9567-f4eebfeacc23"},{"type":"single","resource":"8ba46d95-a6ce-429b-871a-134bc3541522:ac45a821-f7f0-47d7-8e71-c73e693b0bab"},{"type":"single","resource":"8ba46d95-a6ce-429b-871a-134bc3541522:ea2e9de6-24a1-41ec-8e25-2916b670a658"},{"type":"single","resource":"8ba46d95-a6ce-429b-871a-134bc3541522:2563a01c-e542-498d-bb6b-b286b7f92e0c"},{"type":"single","resource":"8ba46d95-a6ce-429b-871a-134bc3541522:747236a6-54f0-4d85-a14d-33007d8fe8a3"},{"type":"single","resource":"8ba46d95-a6ce-429b-871a-134bc3541522:4cb1a526-a4a8-4864-94ee-b44b67f72075"},{"type":"single","resource":"8ba46d95-a6ce-429b-871a-134bc3541522:1f617660-d2e8-4133-a9a4-74d240a27996"},{"type":"single","resource":"0ba6d74e-0a0e-4746-903a-99b5919fa733:e8580b12-bb2a-4529-a9d0-b78ed051d28a"},{"type":"single","resource":"8ba46d95-a6ce-429b-871a-134bc3541522:75d873f6-5632-444b-823b-482d82773894"},{"type":"single","resource":"8ba46d95-a6ce-429b-871a-134bc3541522:c7d34f14-6c2b-4a8e-a64e-31dd60ebf816"},{"type":"single","resource":"8ba46d95-a6ce-429b-871a-134bc3541522:751ffe96-1230-4f80-abdd-a2aa61a7b1e2"},{"type":"single","resource":"8ba46d95-a6ce-429b-871a-134bc3541522:d657fa28-d06c-47f3-b0ee-78fc29cd1eef"},{"type":"single","resource":"8ba46d95-a6ce-429b-871a-134bc3541522:038aafea-9c95-450e-904a-fd60fb632ea7"},{"type":"single","resource":"8ba46d95-a6ce-429b-871a-134bc3541522:b39f56f5-d922-426b-8a2e-0b8b6855de5f"},{"type":"single","resource":"item/netherite_axe"},{"type":"single","resource":"item/netherite_hoe"},{"type":"single","resource":"item/netherite_pickaxe"},{"type":"single","resource":"item/netherite_shovel"},{"type":"single","resource":"0ba6d74e-0a0e-4746-903a-99b5919fa733:74e65afd-9c8e-4b85-95a5-9d54f8ce5932"},{"type":"single","resource":"item/netherite_sword"},{"type":"single","resource":"138c2dde-4f84-4197-945e-f52cab7498ed:4b248564-3fed-4cf8-ac1f-43b13be0646d"},{"type":"single","resource":"138c2dde-4f84-4197-945e-f52cab7498ed:4b248564-3fed-4cf8-ac1f-43b13be0646d"},{"type":"single","resource":"138c2dde-4f84-4197-945e-f52cab7498ed:bc1c9683-c2c1-4195-9f02-5e16f9eba639"},{"type":"single","resource":"138c2dde-4f84-4197-945e-f52cab7498ed:bc1c9683-c2c1-4195-9f02-5e16f9eba639"},{"type":"single","resource":"138c2dde-4f84-4197-945e-f52cab7498ed:5d93c936-e65a-4b9b-a362-99adc544bf23"},{"type":"single","resource":"138c2dde-4f84-4197-945e-f52cab7498ed:622c1ed7-d3a2-48a4-9f82-591bbf5a730c"},{"type":"single","resource":"138c2dde-4f84-4197-945e-f52cab7498ed:622c1ed7-d3a2-48a4-9f82-591bbf5a730c"},{"type":"single","resource":"138c2dde-4f84-4197-945e-f52cab7498ed:7c19d145-3359-421f-be4b-7ce629df6022"},{"type":"single","resource":"138c2dde-4f84-4197-945e-f52cab7498ed:44a3f2e2-e8c7-4b00-973e-00d1236f00ae"},{"type":"single","resource":"138c2dde-4f84-4197-945e-f52cab7498ed:6bd0e0e8-cc97-499e-865c-29fc856c1fa2"},{"type":"single","resource":"138c2dde-4f84-4197-945e-f52cab7498ed:ec8e8dbb-ff42-4672-8e4f-ebb9ee49c5c4"},{"type":"single","resource":"138c2dde-4f84-4197-945e-f52cab7498ed:fac981d7-101b-425e-92f1-868617b07b90"},{"type":"single","resource":"138c2dde-4f84-4197-945e-f52cab7498ed:fac981d7-101b-425e-92f1-868617b07b90"},{"type":"single","resource":"138c2dde-4f84-4197-945e-f52cab7498ed:1278818b-b1a2-4468-9f64-84a69f53cb84"},{"type":"single","resource":"138c2dde-4f84-4197-945e-f52cab7498ed:1278818b-b1a2-4468-9f64-84a69f53cb84"},{"type":"single","resource":"138c2dde-4f84-4197-945e-f52cab7498ed:872359e3-16d9-4cf7-97e0-e0cdfa4dd601"},{"type":"single","resource":"138c2dde-4f84-4197-945e-f52cab7498ed:ca85da1c-28a3-4e0f-aed9-6a8616a722b7"},{"type":"single","resource":"138c2dde-4f84-4197-945e-f52cab7498ed:a1ecdba5-e630-451e-858c-913ff81cdff0"},{"type":"single","resource":"138c2dde-4f84-4197-945e-f52cab7498ed:a1ecdba5-e630-451e-858c-913ff81cdff0"},{"type":"single","resource":"138c2dde-4f84-4197-945e-f52cab7498ed:aa42b5ea-e4d9-425a-9da2-2054325cf940"},{"type":"single","resource":"138c2dde-4f84-4197-945e-f52cab7498ed:aa42b5ea-e4d9-425a-9da2-2054325cf940"},{"type":"single","resource":"138c2dde-4f84-4197-945e-f52cab7498ed:aa42b5ea-e4d9-425a-9da2-2054325cf940"},{"type":"single","resource":"138c2dde-4f84-4197-945e-f52cab7498ed:24a19884-435f-46b3-aaa9-bb589872fd56"},{"type":"single","resource":"138c2dde-4f84-4197-945e-f52cab7498ed:bef7bae1-dfcc-4fd1-9900-975c038834bd"},{"type":"single","resource":"138c2dde-4f84-4197-945e-f52cab7498ed:91267b96-39c4-4506-b30e-c4581ce83e5d"},{"type":"single","resource":"138c2dde-4f84-4197-945e-f52cab7498ed:22cb9840-c2cd-4053-b9fd-555d55fb4251"},{"type":"single","resource":"138c2dde-4f84-4197-945e-f52cab7498ed:4d034648-742f-4ba9-9b96-c1af369a4a5f"},{"type":"single","resource":"138c2dde-4f84-4197-945e-f52cab7498ed:5d98645e-6448-43ba-9c2e-4265ef90a349"},{"type":"single","resource":"138c2dde-4f84-4197-945e-f52cab7498ed:f34628df-d965-44b4-9e78-cef64eb47485"},{"type":"single","resource":"138c2dde-4f84-4197-945e-f52cab7498ed:f34628df-d965-44b4-9e78-cef64eb47485"},{"type":"single","resource":"138c2dde-4f84-4197-945e-f52cab7498ed:b38fb40e-091f-467b-ad0f-f38668912368"},{"type":"single","resource":"138c2dde-4f84-4197-945e-f52cab7498ed:ab052d32-5481-4ade-b118-b187411e38e2"},{"type":"single","resource":"138c2dde-4f84-4197-945e-f52cab7498ed:3f660594-ae5d-4e93-82c8-04f4d9a1cd2c"},{"type":"single","resource":"138c2dde-4f84-4197-945e-f52cab7498ed:74ac5827-4da2-4307-8bfa-83352d1ff372"},{"type":"single","resource":"138c2dde-4f84-4197-945e-f52cab7498ed:74ac5827-4da2-4307-8bfa-83352d1ff372"},{"type":"single","resource":"138c2dde-4f84-4197-945e-f52cab7498ed:92457287-28a1-40e2-8218-9c587aef1def"},{"type":"single","resource":"138c2dde-4f84-4197-945e-f52cab7498ed:92457287-28a1-40e2-8218-9c587aef1def"},{"type":"single","resource":"138c2dde-4f84-4197-945e-f52cab7498ed:8e21619d-a0e8-44bb-9bf9-763e8c8bb7d6"},{"type":"single","resource":"138c2dde-4f84-4197-945e-f52cab7498ed:8e21619d-a0e8-44bb-9bf9-763e8c8bb7d6"},{"type":"single","resource":"138c2dde-4f84-4197-945e-f52cab7498ed:08607f67-b0ec-4c30-949d-ed90017ad7f2"},{"type":"single","resource":"138c2dde-4f84-4197-945e-f52cab7498ed:38a890ee-039d-40eb-adbd-201352ee381e"},{"type":"single","resource":"138c2dde-4f84-4197-945e-f52cab7498ed:6c8c9591-7cce-45da-b3e0-f3e7c08a37db"},{"type":"single","resource":"138c2dde-4f84-4197-945e-f52cab7498ed:6c8c9591-7cce-45da-b3e0-f3e7c08a37db"},{"type":"single","resource":"138c2dde-4f84-4197-945e-f52cab7498ed:c97d72a7-cf8f-45a3-83a4-b3e5a42fc371"},{"type":"single","resource":"138c2dde-4f84-4197-945e-f52cab7498ed:067e163f-9bb9-4b33-ae02-ed7eb87c3421"},{"type":"single","resource":"138c2dde-4f84-4197-945e-f52cab7498ed:71746d50-cdd8-444c-bbdb-7aecba1cc1a9"},{"type":"single","resource":"138c2dde-4f84-4197-945e-f52cab7498ed:71746d50-cdd8-444c-bbdb-7aecba1cc1a9"},{"type":"single","resource":"0ba6d74e-0a0e-4746-903a-99b5919fa733:e1326deb-6926-42b6-823a-eee2bfde634d"},{"type":"single","resource":"0ba6d74e-0a0e-4746-903a-99b5919fa733:4319126c-01e1-4746-9282-71e994149a46"},{"type":"single","resource":"0ba6d74e-0a0e-4746-903a-99b5919fa733:c40085b2-33c7-4fb5-be25-041a69a15a34"},{"type":"single","resource":"0ba6d74e-0a0e-4746-903a-99b5919fa733:52beba7f-ff14-4a3c-bf7b-1ec38f3db22b"},{"type":"single","resource":"0ba6d74e-0a0e-4746-903a-99b5919fa733:5868d826-0efb-4103-b5bf-0dbd72b900b9"},{"type":"single","resource":"0ba6d74e-0a0e-4746-903a-99b5919fa733:98bed1ea-7487-4c18-a57b-5d545f390aec"},{"type":"single","resource":"0ba6d74e-0a0e-4746-903a-99b5919fa733:77a7c130-8b96-4a0e-81fd-d0b583176057"},{"type":"single","resource":"0ba6d74e-0a0e-4746-903a-99b5919fa733:d6e5c06d-158d-422f-b796-5763c2a00479"},{"type":"single","resource":"0ba6d74e-0a0e-4746-903a-99b5919fa733:785f0a95-edc8-4269-b1a7-a39739878ad5"},{"type":"single","resource":"0ba6d74e-0a0e-4746-903a-99b5919fa733:2ecf82c6-4d6f-4d28-8a78-d4f7f796e57d"},{"type":"single","resource":"0ba6d74e-0a0e-4746-903a-99b5919fa733:df0a5de4-f665-43c0-a2f2-3ad21f70db22"},{"type":"single","resource":"0ba6d74e-0a0e-4746-903a-99b5919fa733:671330fd-01cd-45d3-a6ff-eb2f89eafef7"},{"type":"single","resource":"0ba6d74e-0a0e-4746-903a-99b5919fa733:aab8ce60-2937-4cd9-a04b-adf72d42f274"},{"type":"single","resource":"0ba6d74e-0a0e-4746-903a-99b5919fa733:09161803-f521-4ac3-9eb1-0839c26e5651"},{"type":"single","resource":"0ba6d74e-0a0e-4746-903a-99b5919fa733:c60e1829-06e8-42bc-b8cb-48cf09273686"},{"type":"single","resource":"0ba6d74e-0a0e-4746-903a-99b5919fa733:91e99cbb-d1ca-4bf5-96c8-b8532c321612"},{"type":"single","resource":"0ba6d74e-0a0e-4746-903a-99b5919fa733:25acdd4a-ee1e-4ca6-86d7-057bbc0ac626"},{"type":"single","resource":"0ba6d74e-0a0e-4746-903a-99b5919fa733:7981dff2-bd0c-497f-9cbb-925f376d5eba"},{"type":"single","resource":"0ba6d74e-0a0e-4746-903a-99b5919fa733:44ba915a-7a0f-4668-a363-ea68eca57037"},{"type":"single","resource":"0ba6d74e-0a0e-4746-903a-99b5919fa733:0c753976-b0e4-4e7a-97de-e0527723f77f"},{"type":"single","resource":"0ba6d74e-0a0e-4746-903a-99b5919fa733:335c6295-115a-4540-89bb-76b3b9bbdee4"},{"type":"single","resource":"0ba6d74e-0a0e-4746-903a-99b5919fa733:d5b02f55-ac4d-493f-b42c-c1df6eb144d6"},{"type":"single","resource":"0ba6d74e-0a0e-4746-903a-99b5919fa733:a4dd113b-819d-4265-a599-80e302adfc6e"},{"type":"single","resource":"0ba6d74e-0a0e-4746-903a-99b5919fa733:79cd69be-e7e7-45b7-9be3-4c2af0fa7211"},{"type":"single","resource":"0ba6d74e-0a0e-4746-903a-99b5919fa733:a1d72de0-f6a3-400f-959e-6c72e5ffae92"},{"type":"single","resource":"0ba6d74e-0a0e-4746-903a-99b5919fa733:43522587-f29e-4593-a608-ea8a259d0f5f"},{"type":"single","resource":"0ba6d74e-0a0e-4746-903a-99b5919fa733:af0891a9-dbf0-478c-8828-35615df0b040"},{"type":"single","resource":"0ba6d74e-0a0e-4746-903a-99b5919fa733:351616cf-c09a-420b-a7ab-f1a59bf06a34"},{"type":"single","resource":"0ba6d74e-0a0e-4746-903a-99b5919fa733:33ca79ed-095e-45f5-bb80-9b980c141709"},{"type":"single","resource":"0ba6d74e-0a0e-4746-903a-99b5919fa733:abb7aa2c-3251-48eb-b0ba-d5c1a43a7468"},{"type":"single","resource":"0ba6d74e-0a0e-4746-903a-99b5919fa733:24040b29-b688-4592-9fe4-ee2ecd9e55ad"},{"type":"single","resource":"0ba6d74e-0a0e-4746-903a-99b5919fa733:5c9c6ada-d4c3-42f0-9a45-7833d36537cc"},{"type":"single","resource":"item/paper"},{"type":"single","resource":"0ba6d74e-0a0e-4746-903a-99b5919fa733:5b853a58-056f-425c-a072-7877cdcd47af"},{"type":"single","resource":"0ba6d74e-0a0e-4746-903a-99b5919fa733:343ee33f-4ba8-41eb-a87d-81476d9284ac"},{"type":"single","resource":"0ba6d74e-0a0e-4746-903a-99b5919fa733:50bf237b-1568-4a6b-a3d4-7766d2a3be4e"},{"type":"single","resource":"0ba6d74e-0a0e-4746-903a-99b5919fa733:63292bec-cafe-4762-9d39-5005af4c1ef6"},{"type":"single","resource":"0ba6d74e-0a0e-4746-903a-99b5919fa733:f60b32ad-1651-47af-958f-ccce1b53d6cf"},{"type":"single","resource":"0ba6d74e-0a0e-4746-903a-99b5919fa733:716bd95f-ecd6-4135-a972-db62b44ed434"},{"type":"single","resource":"0ba6d74e-0a0e-4746-903a-99b5919fa733:d4596e85-b75e-4bd3-b802-38932a6e7906"},{"type":"single","resource":"0ba6d74e-0a0e-4746-903a-99b5919fa733:cb0d8ac3-c26e-483f-8730-51d0cc8c3cc1"},{"type":"single","resource":"0ba6d74e-0a0e-4746-903a-99b5919fa733:ca2d6ef4-711c-40d8-b6af-456f6b3cf376"},{"type":"single","resource":"8ba46d95-a6ce-429b-871a-134bc3541522:6ab6400c-8565-46c1-a706-09559e9b8cee"},{"type":"single","resource":"8ba46d95-a6ce-429b-871a-134bc3541522:6ab6400c-8565-46c1-a706-09559e9b8cee"},{"type":"single","resource":"8ba46d95-a6ce-429b-871a-134bc3541522:9e0f4163-bba6-44a3-9ea8-9d271b9d94c7"},{"type":"single","resource":"8ba46d95-a6ce-429b-871a-134bc3541522:b2128178-aae5-4336-9268-b9138bf1049f"},{"type":"single","resource":"8ba46d95-a6ce-429b-871a-134bc3541522:b2128178-aae5-4336-9268-b9138bf1049f"},{"type":"single","resource":"8ba46d95-a6ce-429b-871a-134bc3541522:909b303c-119c-4618-a06c-9b2d9483d067"},{"type":"single","resource":"8ba46d95-a6ce-429b-871a-134bc3541522:13a96ce5-e195-4dba-81eb-1c2b92319f2b"},{"type":"single","resource":"8ba46d95-a6ce-429b-871a-134bc3541522:13a96ce5-e195-4dba-81eb-1c2b92319f2b"},{"type":"single","resource":"8ba46d95-a6ce-429b-871a-134bc3541522:38a3f364-365a-463a-b2ec-b1be6b53dcca"},{"type":"single","resource":"8ba46d95-a6ce-429b-871a-134bc3541522:38a3f364-365a-463a-b2ec-b1be6b53dcca"},{"type":"single","resource":"8ba46d95-a6ce-429b-871a-134bc3541522:38a3f364-365a-463a-b2ec-b1be6b53dcca"},{"type":"single","resource":"8ba46d95-a6ce-429b-871a-134bc3541522:38a3f364-365a-463a-b2ec-b1be6b53dcca"},{"type":"single","resource":"8ba46d95-a6ce-429b-871a-134bc3541522:cef3a39c-4da9-4782-8e16-0156f70eedc4"},{"type":"single","resource":"8ba46d95-a6ce-429b-871a-134bc3541522:a8cc1362-5b78-43a5-b4fd-f3b766dff7cd"},{"type":"single","resource":"8ba46d95-a6ce-429b-871a-134bc3541522:7849e312-32d3-43ef-8c40-e283e09663a9"},{"type":"single","resource":"8ba46d95-a6ce-429b-871a-134bc3541522:5d415ac9-4721-4f00-a024-3a26f2e62b6e"},{"type":"single","resource":"8ba46d95-a6ce-429b-871a-134bc3541522:23d4431e-1b6d-4544-83db-1d5842a4dd6f"},{"type":"single","resource":"8ba46d95-a6ce-429b-871a-134bc3541522:1393ab45-7b5d-490a-a42a-ca6bd3075833"},{"type":"single","resource":"8ba46d95-a6ce-429b-871a-134bc3541522:7dd5214b-0ce3-48f4-9b4e-6a7eeccb2084"},{"type":"single","resource":"8ba46d95-a6ce-429b-871a-134bc3541522:e3f59bbe-7404-48f9-9574-4430660e85db"},{"type":"single","resource":"8ba46d95-a6ce-429b-871a-134bc3541522:03996708-14f9-4067-b9da-db6bea2b963f"},{"type":"single","resource":"8ba46d95-a6ce-429b-871a-134bc3541522:54de6f7d-abe0-46ca-8d3e-ad61e146daf9"},{"type":"single","resource":"8ba46d95-a6ce-429b-871a-134bc3541522:a86ada71-d534-4a84-846a-f8b3bd67df6f"},{"type":"single","resource":"8ba46d95-a6ce-429b-871a-134bc3541522:9fe683e5-ae9f-4b7d-bd68-1f0cec91c141"},{"type":"single","resource":"8ba46d95-a6ce-429b-871a-134bc3541522:dccdbe94-8b4d-4848-b494-78c55ad7d517"},{"type":"single","resource":"8ba46d95-a6ce-429b-871a-134bc3541522:4e756343-e223-42e2-882f-761082adb72f"},{"type":"single","resource":"8ba46d95-a6ce-429b-871a-134bc3541522:72108cf8-cddc-45d8-93e0-aa2f8c232d7a"},{"type":"single","resource":"8ba46d95-a6ce-429b-871a-134bc3541522:d97f709f-7310-4b37-94ba-7042d4103906"},{"type":"single","resource":"8ba46d95-a6ce-429b-871a-134bc3541522:2cb4230b-9601-4f0b-8d86-7f222f25c559"},{"type":"single","resource":"8ba46d95-a6ce-429b-871a-134bc3541522:0800fd10-4e2b-4ff9-b72c-57a957406649"},{"type":"single","resource":"8ba46d95-a6ce-429b-871a-134bc3541522:17d988c7-7641-4dad-8053-493d656bc245"},{"type":"single","resource":"8ba46d95-a6ce-429b-871a-134bc3541522:bb95574e-95da-4d1c-a827-cdda4ae81756"},{"type":"single","resource":"8ba46d95-a6ce-429b-871a-134bc3541522:729049e5-41b3-4789-a405-0671dd3ff3a2"},{"type":"single","resource":"8ba46d95-a6ce-429b-871a-134bc3541522:0f123b9f-2176-43b9-8c2c-2186e3cd97a5"},{"type":"single","resource":"8ba46d95-a6ce-429b-871a-134bc3541522:2284cf09-bd8d-4ab1-8aa4-513fa7f78be0"},{"type":"single","resource":"8ba46d95-a6ce-429b-871a-134bc3541522:0f64062c-a07d-492e-93dc-3c80f4251e97"},{"type":"single","resource":"8ba46d95-a6ce-429b-871a-134bc3541522:24023984-7bf8-404f-a9bf-a5275cfdaa5e"},{"type":"single","resource":"8ba46d95-a6ce-429b-871a-134bc3541522:0ddcf906-fb41-43ef-b802-63fb84af6b6f"},{"type":"single","resource":"8ba46d95-a6ce-429b-871a-134bc3541522:02b46813-79be-48ea-ac1b-24e6a31083a8"},{"type":"single","resource":"8ba46d95-a6ce-429b-871a-134bc3541522:0144634c-4ddd-4999-a89f-3b07222ee978"},{"type":"single","resource":"8ba46d95-a6ce-429b-871a-134bc3541522:aedaf9bb-5f0a-4d9a-a35c-e702852b0510"},{"type":"single","resource":"8ba46d95-a6ce-429b-871a-134bc3541522:342a1468-52a4-427a-a238-d1c307dc019a"},{"type":"single","resource":"8ba46d95-a6ce-429b-871a-134bc3541522:11621e9a-9231-454b-96e4-7317d082737b"},{"type":"single","resource":"8ba46d95-a6ce-429b-871a-134bc3541522:a4947b62-c709-42d5-8a36-1c85e13b9651"},{"type":"single","resource":"8ba46d95-a6ce-429b-871a-134bc3541522:02047237-cb6d-4be4-adf9-a42f4d6fb412"},{"type":"single","resource":"8ba46d95-a6ce-429b-871a-134bc3541522:6791243f-646a-4641-8547-6167933eb1df"},{"type":"single","resource":"8ba46d95-a6ce-429b-871a-134bc3541522:b79a10cb-716e-49e2-b65c-e86d4eec7b28"},{"type":"single","resource":"8ba46d95-a6ce-429b-871a-134bc3541522:881275f2-615e-4621-8dc1-b5180c807285"},{"type":"single","resource":"8ba46d95-a6ce-429b-871a-134bc3541522:40db1314-1f04-46d2-baa7-e5d5d6a084b3"},{"type":"single","resource":"8ba46d95-a6ce-429b-871a-134bc3541522:73826b82-f8fa-4fe3-a227-b2b149f5abf3"},{"type":"single","resource":"8ba46d95-a6ce-429b-871a-134bc3541522:a19d6b2d-1af8-41c7-9f55-25351cbecd46"},{"type":"single","resource":"8ba46d95-a6ce-429b-871a-134bc3541522:79964a97-e0da-4b32-bec4-99e6074842ed"},{"type":"single","resource":"8ba46d95-a6ce-429b-871a-134bc3541522:9a4b8cb4-5bdb-4b66-95da-ac3c25355568"},{"type":"single","resource":"8ba46d95-a6ce-429b-871a-134bc3541522:9ce4e0d1-6b11-4909-80cb-62b6aee643cc"},{"type":"single","resource":"8ba46d95-a6ce-429b-871a-134bc3541522:b8c010e8-85b9-4179-8642-09b3e8e90f79"},{"type":"single","resource":"8ba46d95-a6ce-429b-871a-134bc3541522:731c7537-7508-4f86-8d16-bcda60b686fb"},{"type":"single","resource":"8ba46d95-a6ce-429b-871a-134bc3541522:8977c11d-cf50-4820-bd2e-9966eb4dfc71"},{"type":"single","resource":"8ba46d95-a6ce-429b-871a-134bc3541522:2f7b775e-1b75-42b6-9d3c-c68f7e9757ea"},{"type":"single","resource":"8ba46d95-a6ce-429b-871a-134bc3541522:b8f7e4bc-3281-4cf7-b757-8c45ee8d7467"},{"type":"single","resource":"8ba46d95-a6ce-429b-871a-134bc3541522:59c8ba3b-b4a9-44cb-a1f8-fd1a9baf76f5"},{"type":"single","resource":"8ba46d95-a6ce-429b-871a-134bc3541522:94a6d5ba-9413-4fd8-9bdd-17265372482e"},{"type":"single","resource":"8ba46d95-a6ce-429b-871a-134bc3541522:f7aacd52-6819-47eb-a4f6-102c02846955"},{"type":"single","resource":"8ba46d95-a6ce-429b-871a-134bc3541522:b5f4a7e6-bdce-4b7f-b86d-0fbecc3f54e2"},{"type":"single","resource":"8ba46d95-a6ce-429b-871a-134bc3541522:0133b731-54de-4652-8417-cf9791ad590d"},{"type":"single","resource":"8ba46d95-a6ce-429b-871a-134bc3541522:846f63a2-b59c-466f-96b8-221a1b54a9b5"},{"type":"single","resource":"8ba46d95-a6ce-429b-871a-134bc3541522:f0d2488a-7ffd-4ef4-bfd0-e6a3b15e4d3b"},{"type":"single","resource":"8ba46d95-a6ce-429b-871a-134bc3541522:0ae1acd2-70d0-446d-a3dd-4a33a6dabbc7"},{"type":"single","resource":"8ba46d95-a6ce-429b-871a-134bc3541522:f8ac1951-4563-44e4-adb8-4258d56a5d7e"},{"type":"single","resource":"8ba46d95-a6ce-429b-871a-134bc3541522:d2a47da9-0427-4076-8b49-250e970027e5"},{"type":"single","resource":"8ba46d95-a6ce-429b-871a-134bc3541522:9f99dd67-f1d0-4987-9132-a04dfd5a2c34"},{"type":"single","resource":"8ba46d95-a6ce-429b-871a-134bc3541522:93c2b894-21ba-4c47-87a4-c48ec861a5c2"},{"type":"single","resource":"8ba46d95-a6ce-429b-871a-134bc3541522:5a9464b3-7f6f-4066-a18d-b7febc986bc8"},{"type":"single","resource":"8ba46d95-a6ce-429b-871a-134bc3541522:9be4f311-bcea-4cf3-ab67-44a36a0a0013"},{"type":"single","resource":"8ba46d95-a6ce-429b-871a-134bc3541522:dc2670f5-4afd-40da-9171-19b6cff4a6a5"},{"type":"single","resource":"8ba46d95-a6ce-429b-871a-134bc3541522:101e6680-6206-4fb9-a437-c0974fe23c6e"},{"type":"single","resource":"8ba46d95-a6ce-429b-871a-134bc3541522:2de19448-22af-49ec-915f-c58ac613d867"},{"type":"single","resource":"8ba46d95-a6ce-429b-871a-134bc3541522:50545486-deac-459a-ae45-35707665b5e8"},{"type":"single","resource":"8ba46d95-a6ce-429b-871a-134bc3541522:7a4e5a96-52b4-442b-9e3a-2375b6feb8ca"},{"type":"single","resource":"8ba46d95-a6ce-429b-871a-134bc3541522:611611ee-48e7-45b3-9458-7febd75f77de"},{"type":"single","resource":"8ba46d95-a6ce-429b-871a-134bc3541522:475c72b8-5c4e-46e7-880c-188302f3134c"},{"type":"single","resource":"8ba46d95-a6ce-429b-871a-134bc3541522:8c3f20ae-9335-47ff-97b0-67b91e8a32e6"},{"type":"single","resource":"8ba46d95-a6ce-429b-871a-134bc3541522:c6c2a76f-db76-4116-8eb8-c293506761b0"},{"type":"single","resource":"8ba46d95-a6ce-429b-871a-134bc3541522:d2c66b67-655c-408a-936a-71f618c14195"},{"type":"single","resource":"8ba46d95-a6ce-429b-871a-134bc3541522:4db8bc5a-aa9c-4ce3-b215-091f43995d1a"},{"type":"single","resource":"8ba46d95-a6ce-429b-871a-134bc3541522:19ca0a05-c9c4-450b-8a7c-73f85874ce05"},{"type":"single","resource":"8ba46d95-a6ce-429b-871a-134bc3541522:29c90e01-1138-4a4a-9999-05d08c072644"},{"type":"single","resource":"8ba46d95-a6ce-429b-871a-134bc3541522:cbf4967e-ba29-45f9-afd8-0160e24ff141"},{"type":"single","resource":"8ba46d95-a6ce-429b-871a-134bc3541522:7575bbc7-4756-48c5-b464-004b1cffd53c"},{"type":"single","resource":"8ba46d95-a6ce-429b-871a-134bc3541522:630283d4-9894-402a-94e7-af6028bfde06"},{"type":"single","resource":"8ba46d95-a6ce-429b-871a-134bc3541522:8c2d14ff-0a3b-4b85-be5b-98d854a7ca45"},{"type":"single","resource":"8ba46d95-a6ce-429b-871a-134bc3541522:967d6f67-3587-4484-96c0-ee1c1baff8e2"},{"type":"single","resource":"8ba46d95-a6ce-429b-871a-134bc3541522:491b98c1-2f65-470a-a130-1897e4f81b99"},{"type":"single","resource":"8ba46d95-a6ce-429b-871a-134bc3541522:1a55bfb5-f5fd-44ad-b735-6df8f583fd52"},{"type":"single","resource":"8ba46d95-a6ce-429b-871a-134bc3541522:2934ba83-570c-45f4-ab32-67f479fdf0e5"},{"type":"single","resource":"0ba6d74e-0a0e-4746-903a-99b5919fa733:6b9914dc-6935-4ab1-a9c2-4db6c75884a4"},{"type":"single","resource":"0ba6d74e-0a0e-4746-903a-99b5919fa733:035e6f42-7826-44b2-92c0-41a64c0411fe"},{"type":"single","resource":"8ba46d95-a6ce-429b-871a-134bc3541522:54254ee7-7ef0-4621-8071-a148cfdf9ff6"},{"type":"single","resource":"8ba46d95-a6ce-429b-871a-134bc3541522:17e4562b-2898-4d34-b439-4580c5a0a620"},{"type":"single","resource":"8ba46d95-a6ce-429b-871a-134bc3541522:729a9656-d75b-4af6-971d-3e21e79cb95e"},{"type":"single","resource":"8ba46d95-a6ce-429b-871a-134bc3541522:729a9656-d75b-4af6-971d-3e21e79cb95e"},{"type":"single","resource":"8ba46d95-a6ce-429b-871a-134bc3541522:72248fb9-eaed-4e53-bd4d-683708c38133"},{"type":"single","resource":"8ba46d95-a6ce-429b-871a-134bc3541522:89470e89-4cf7-4a20-871f-53d8e7111e77"},{"type":"single","resource":"8ba46d95-a6ce-429b-871a-134bc3541522:2f757840-8660-4565-80d6-38999b84526f"},{"type":"single","resource":"8ba46d95-a6ce-429b-871a-134bc3541522:79babafd-22ef-42fe-bc55-6a4d3447fe92"},{"type":"single","resource":"8ba46d95-a6ce-429b-871a-134bc3541522:34d99f96-52b0-4d13-979f-fe1825d2d6ee"},{"type":"single","resource":"8ba46d95-a6ce-429b-871a-134bc3541522:e68bddf7-bd66-461d-8885-2c873c86b70d"},{"type":"single","resource":"8ba46d95-a6ce-429b-871a-134bc3541522:e68bddf7-bd66-461d-8885-2c873c86b70d"},{"type":"single","resource":"8ba46d95-a6ce-429b-871a-134bc3541522:b3bb1a6b-5363-4de1-9294-d41851f2c4a8"},{"type":"single","resource":"8ba46d95-a6ce-429b-871a-134bc3541522:b3bb1a6b-5363-4de1-9294-d41851f2c4a8"},{"type":"single","resource":"8ba46d95-a6ce-429b-871a-134bc3541522:a247bad5-8b38-4e0b-b103-da92093ff173"},{"type":"single","resource":"8ba46d95-a6ce-429b-871a-134bc3541522:a247bad5-8b38-4e0b-b103-da92093ff173"},{"type":"single","resource":"8ba46d95-a6ce-429b-871a-134bc3541522:2ce0e02f-10ee-4c11-9165-33c1b72a581f"},{"type":"single","resource":"8ba46d95-a6ce-429b-871a-134bc3541522:2ce0e02f-10ee-4c11-9165-33c1b72a581f"},{"type":"single","resource":"8ba46d95-a6ce-429b-871a-134bc3541522:c95b0375-e3a6-4a09-9113-0362c669e0f9"},{"type":"single","resource":"8ba46d95-a6ce-429b-871a-134bc3541522:c95b0375-e3a6-4a09-9113-0362c669e0f9"},{"type":"single","resource":"8ba46d95-a6ce-429b-871a-134bc3541522:f3dc68e1-28bb-4f90-b6ab-a8577d5dea26"},{"type":"single","resource":"8ba46d95-a6ce-429b-871a-134bc3541522:f3dc68e1-28bb-4f90-b6ab-a8577d5dea26"},{"type":"single","resource":"8ba46d95-a6ce-429b-871a-134bc3541522:83abf6bf-8d42-42bd-b3a8-dccaab237d6a"},{"type":"single","resource":"8ba46d95-a6ce-429b-871a-134bc3541522:695c6e5c-c671-4ff5-a003-441e854607bf"},{"type":"single","resource":"8ba46d95-a6ce-429b-871a-134bc3541522:695c6e5c-c671-4ff5-a003-441e854607bf"},{"type":"single","resource":"8ba46d95-a6ce-429b-871a-134bc3541522:124094f7-a5b2-43fd-81af-adb8be01a239"},{"type":"single","resource":"8ba46d95-a6ce-429b-871a-134bc3541522:124094f7-a5b2-43fd-81af-adb8be01a239"},{"type":"single","resource":"8ba46d95-a6ce-429b-871a-134bc3541522:7df7d2a9-7b8f-4fca-8c58-bb5148685082"},{"type":"single","resource":"8ba46d95-a6ce-429b-871a-134bc3541522:7df7d2a9-7b8f-4fca-8c58-bb5148685082"},{"type":"single","resource":"8ba46d95-a6ce-429b-871a-134bc3541522:9ff73df7-2672-4cd0-9025-6102655423e1"},{"type":"single","resource":"8ba46d95-a6ce-429b-871a-134bc3541522:9ff73df7-2672-4cd0-9025-6102655423e1"},{"type":"single","resource":"8ba46d95-a6ce-429b-871a-134bc3541522:b69058fd-1176-4272-a603-991a44df0b65"},{"type":"single","resource":"8ba46d95-a6ce-429b-871a-134bc3541522:b69058fd-1176-4272-a603-991a44df0b65"},{"type":"single","resource":"8ba46d95-a6ce-429b-871a-134bc3541522:6bd5b7fc-6da0-4025-b6da-df74ca397e80"},{"type":"single","resource":"8ba46d95-a6ce-429b-871a-134bc3541522:6bd5b7fc-6da0-4025-b6da-df74ca397e80"},{"type":"single","resource":"8ba46d95-a6ce-429b-871a-134bc3541522:073d3a88-49d3-481c-90bb-53f7a1dfffa4"},{"type":"single","resource":"8ba46d95-a6ce-429b-871a-134bc3541522:7808144d-61ea-4f0b-a462-aee131326105"},{"type":"single","resource":"8ba46d95-a6ce-429b-871a-134bc3541522:7808144d-61ea-4f0b-a462-aee131326105"},{"type":"single","resource":"8ba46d95-a6ce-429b-871a-134bc3541522:4af2ec20-a258-4a14-bef2-a78b46693a5f"},{"type":"single","resource":"8ba46d95-a6ce-429b-871a-134bc3541522:4af2ec20-a258-4a14-bef2-a78b46693a5f"},{"type":"single","resource":"8ba46d95-a6ce-429b-871a-134bc3541522:3060b0a4-6cea-4e89-af39-664cba5045dd"},{"type":"single","resource":"8ba46d95-a6ce-429b-871a-134bc3541522:3060b0a4-6cea-4e89-af39-664cba5045dd"},{"type":"single","resource":"8ba46d95-a6ce-429b-871a-134bc3541522:ce8f337d-0b2d-400f-b566-282a87401db7"},{"type":"single","resource":"8ba46d95-a6ce-429b-871a-134bc3541522:ce8f337d-0b2d-400f-b566-282a87401db7"},{"type":"single","resource":"8ba46d95-a6ce-429b-871a-134bc3541522:88eada43-b0d5-43d6-aac5-f280d889a9fc"},{"type":"single","resource":"8ba46d95-a6ce-429b-871a-134bc3541522:88eada43-b0d5-43d6-aac5-f280d889a9fc"},{"type":"single","resource":"8ba46d95-a6ce-429b-871a-134bc3541522:edf73662-90f6-4e84-920a-bbe0cafb43fd"},{"type":"single","resource":"8ba46d95-a6ce-429b-871a-134bc3541522:edf73662-90f6-4e84-920a-bbe0cafb43fd"},{"type":"single","resource":"8ba46d95-a6ce-429b-871a-134bc3541522:49cbae75-325d-4b03-b346-10f84aea604a"},{"type":"single","resource":"8ba46d95-a6ce-429b-871a-134bc3541522:89b1bcca-9fc7-480b-b1b5-6addcb15007a"},{"type":"single","resource":"8ba46d95-a6ce-429b-871a-134bc3541522:89b1bcca-9fc7-480b-b1b5-6addcb15007a"},{"type":"single","resource":"8ba46d95-a6ce-429b-871a-134bc3541522:795441da-dc0f-4355-b70a-16313ec46918"},{"type":"single","resource":"8ba46d95-a6ce-429b-871a-134bc3541522:795441da-dc0f-4355-b70a-16313ec46918"},{"type":"single","resource":"8ba46d95-a6ce-429b-871a-134bc3541522:9000c0d1-b9d1-404f-bbf5-72b2ea19eee9"},{"type":"single","resource":"8ba46d95-a6ce-429b-871a-134bc3541522:9000c0d1-b9d1-404f-bbf5-72b2ea19eee9"},{"type":"single","resource":"8ba46d95-a6ce-429b-871a-134bc3541522:6e6b8574-56c0-485c-b7be-3a2b9dd73984"},{"type":"single","resource":"8ba46d95-a6ce-429b-871a-134bc3541522:6e6b8574-56c0-485c-b7be-3a2b9dd73984"},{"type":"single","resource":"8ba46d95-a6ce-429b-871a-134bc3541522:696d0f6d-c6bd-4d5f-a253-62b3d315bc2d"},{"type":"single","resource":"8ba46d95-a6ce-429b-871a-134bc3541522:696d0f6d-c6bd-4d5f-a253-62b3d315bc2d"},{"type":"single","resource":"8ba46d95-a6ce-429b-871a-134bc3541522:3c4640d9-bdf8-4ae2-a7c6-4091c917b730"},{"type":"single","resource":"8ba46d95-a6ce-429b-871a-134bc3541522:3c4640d9-bdf8-4ae2-a7c6-4091c917b730"},{"type":"single","resource":"8ba46d95-a6ce-429b-871a-134bc3541522:1e7b2e0a-9164-4c7c-a9ab-9c74de220ca1"},{"type":"single","resource":"8ba46d95-a6ce-429b-871a-134bc3541522:e514f072-963b-49ed-ad41-79178b8b7a6d"},{"type":"single","resource":"8ba46d95-a6ce-429b-871a-134bc3541522:e514f072-963b-49ed-ad41-79178b8b7a6d"},{"type":"single","resource":"8ba46d95-a6ce-429b-871a-134bc3541522:225b03e8-2d5a-4465-ac40-b771290e9f01"},{"type":"single","resource":"8ba46d95-a6ce-429b-871a-134bc3541522:225b03e8-2d5a-4465-ac40-b771290e9f01"},{"type":"single","resource":"8ba46d95-a6ce-429b-871a-134bc3541522:05c96689-29b2-49bc-9c19-8c2b23e34350"},{"type":"single","resource":"8ba46d95-a6ce-429b-871a-134bc3541522:05c96689-29b2-49bc-9c19-8c2b23e34350"},{"type":"single","resource":"8ba46d95-a6ce-429b-871a-134bc3541522:402f0ba1-d6d9-4b7c-8309-ddff475667a2"},{"type":"single","resource":"8ba46d95-a6ce-429b-871a-134bc3541522:402f0ba1-d6d9-4b7c-8309-ddff475667a2"},{"type":"single","resource":"8ba46d95-a6ce-429b-871a-134bc3541522:c290d41e-8653-4e6e-92a6-b991e0f7a64e"},{"type":"single","resource":"8ba46d95-a6ce-429b-871a-134bc3541522:c290d41e-8653-4e6e-92a6-b991e0f7a64e"},{"type":"single","resource":"8ba46d95-a6ce-429b-871a-134bc3541522:366d4775-82ce-4063-a4f9-2aac4a7ec9ba"},{"type":"single","resource":"8ba46d95-a6ce-429b-871a-134bc3541522:366d4775-82ce-4063-a4f9-2aac4a7ec9ba"},{"type":"single","resource":"8ba46d95-a6ce-429b-871a-134bc3541522:00648c41-19ae-4abc-a1fc-8ac4c2a36e70"},{"type":"single","resource":"8ba46d95-a6ce-429b-871a-134bc3541522:f8fcf0e1-6647-407e-bfa3-0351281653bd"},{"type":"single","resource":"8ba46d95-a6ce-429b-871a-134bc3541522:f8fcf0e1-6647-407e-bfa3-0351281653bd"},{"type":"single","resource":"8ba46d95-a6ce-429b-871a-134bc3541522:63343b84-3f41-4bca-bf28-23869c7bb8ca"},{"type":"single","resource":"8ba46d95-a6ce-429b-871a-134bc3541522:63343b84-3f41-4bca-bf28-23869c7bb8ca"},{"type":"single","resource":"8ba46d95-a6ce-429b-871a-134bc3541522:cfb64c1a-f178-4256-bcde-169f83cbbc98"},{"type":"single","resource":"8ba46d95-a6ce-429b-871a-134bc3541522:cfb64c1a-f178-4256-bcde-169f83cbbc98"},{"type":"single","resource":"8ba46d95-a6ce-429b-871a-134bc3541522:6b45e6e2-4718-41e7-9028-4383e47919a2"},{"type":"single","resource":"8ba46d95-a6ce-429b-871a-134bc3541522:6b45e6e2-4718-41e7-9028-4383e47919a2"},{"type":"single","resource":"8ba46d95-a6ce-429b-871a-134bc3541522:cae1f1db-413e-4cad-9e40-f66ba9193ae5"},{"type":"single","resource":"8ba46d95-a6ce-429b-871a-134bc3541522:cae1f1db-413e-4cad-9e40-f66ba9193ae5"},{"type":"single","resource":"8ba46d95-a6ce-429b-871a-134bc3541522:374ecd1c-d8ef-4845-92bd-4ad420137dbe"},{"type":"single","resource":"8ba46d95-a6ce-429b-871a-134bc3541522:374ecd1c-d8ef-4845-92bd-4ad420137dbe"},{"type":"single","resource":"8ba46d95-a6ce-429b-871a-134bc3541522:a4c231b7-d646-4aad-8ace-88c8b778aca6"},{"type":"single","resource":"0ba6d74e-0a0e-4746-903a-99b5919fa733:3a027c25-c785-4500-b652-211f7380ad42"},{"type":"single","resource":"item/wooden_sword"},{"type":"single","resource":"item/wooden_sword"},{"type":"single","resource":"item/wooden_sword"},{"type":"single","resource":"item/wooden_sword"},{"type":"single","resource":"item/wooden_sword"},{"type":"single","resource":"item/wooden_sword"},{"type":"single","resource":"8ba46d95-a6ce-429b-871a-134bc3541522:8bfe836e-0269-4fa1-ae16-7d60f71bee82"},{"type":"single","resource":"8ba46d95-a6ce-429b-871a-134bc3541522:8bfe836e-0269-4fa1-ae16-7d60f71bee82"},{"type":"single","resource":"8ba46d95-a6ce-429b-871a-134bc3541522:8bfe836e-0269-4fa1-ae16-7d60f71bee82"},{"type":"single","resource":"8ba46d95-a6ce-429b-871a-134bc3541522:8bfe836e-0269-4fa1-ae16-7d60f71bee82"},{"type":"single","resource":"8ba46d95-a6ce-429b-871a-134bc3541522:53aa6d1b-4d72-49a8-abae-dc39007b5612"},{"type":"single","resource":"8ba46d95-a6ce-429b-871a-134bc3541522:53aa6d1b-4d72-49a8-abae-dc39007b5612"},{"type":"single","resource":"8ba46d95-a6ce-429b-871a-134bc3541522:53aa6d1b-4d72-49a8-abae-dc39007b5612"},{"type":"single","resource":"8ba46d95-a6ce-429b-871a-134bc3541522:53aa6d1b-4d72-49a8-abae-dc39007b5612"},{"type":"single","resource":"8ba46d95-a6ce-429b-871a-134bc3541522:ec9fdd17-7843-4a52-88ad-9a597b19838a"},{"type":"single","resource":"8ba46d95-a6ce-429b-871a-134bc3541522:ec9fdd17-7843-4a52-88ad-9a597b19838a"},{"type":"single","resource":"8ba46d95-a6ce-429b-871a-134bc3541522:134347fb-2d18-48a4-8027-23ab83625d47"},{"type":"single","resource":"8ba46d95-a6ce-429b-871a-134bc3541522:134347fb-2d18-48a4-8027-23ab83625d47"}]}