{"parent":"item/generated","textures":{"layer0":"item/leather_horse_armor"},"overrides":[{"predicate":{"custom_model_data":1000},"model":"2a37e520-9b3d-4eae-98a9-9261ca83c5a6:aa2f8955-1154-43a7-a966-04c5c24dfb85"},{"predicate":{"custom_model_data":1001},"model":"2a37e520-9b3d-4eae-98a9-9261ca83c5a6:f2473790-973a-4e16-acbf-bf8e0c75aa8c"},{"predicate":{"custom_model_data":1002},"model":"2a37e520-9b3d-4eae-98a9-9261ca83c5a6:98f05d65-4dc3-4cb4-b499-b3b7b0bd6f25"},{"predicate":{"custom_model_data":1003},"model":"2a37e520-9b3d-4eae-98a9-9261ca83c5a6:6b207324-9bdf-44fa-aacf-3002afa61467"}]}